policy_id,primary_url,all_urls
"89942","https://www.pref.miyagi.jp/soshiki/sabomizusi/tigake.html","https://www.pref.miyagi.jp/soshiki/sabomizusi/tigake.html"
"89946","https://www.pref.miyagi.jp/soshiki/kankyo-s/kankyo-kouhukin.html","https://www.pref.miyagi.jp/soshiki/kankyo-s/kankyo-kouhukin.html"
"89948","https://www.pref.miyagi.jp/soshiki/zeimu/noutyoren-hojokin.html","https://www.pref.miyagi.jp/soshiki/zeimu/noutyoren-hojokin.html"
"89964","https://www.city.minokamo.lg.jp/soshiki/12/1624.html","https://www.city.minokamo.lg.jp/soshiki/12/1624.html"
"89965","https://www.city.minokamo.lg.jp/soshiki/12/1624.html","https://www.city.minokamo.lg.jp/soshiki/12/1624.html"
"89984","https://www.town.aizubange.fukushima.jp/soshiki/29/353.html","https://www.town.aizubange.fukushima.jp/soshiki/29/353.html"
"89980","https://www.city.noshiro.lg.jp/section/nourin-suisan/ringyo/jyouyozei/21222","https://www.city.noshiro.lg.jp/section/nourin-suisan/ringyo/jyouyozei/21222"
"89970","https://www.city.narita.chiba.jp/business/page0137_00074.html","https://www.city.narita.chiba.jp/business/page0137_00074.html"
"89986","https://www.npf.or.jp/grant/nonpublic","https://www.npf.or.jp/grant/nonpublic | https://www.npf.or.jp/contact"
"89990","https://www.city.noshiro.lg.jp/section/somu/somu/youkou/23230","https://www.city.noshiro.lg.jp/section/somu/somu/youkou/23230"
"89989","https://www.city.uruma.lg.jp/1007001000/contents/1015.html","https://www.city.uruma.lg.jp/1007001000/contents/1015.html"
"89998","https://www.city.nakano.nagano.jp/docs/2020061700020/file_contents/hojyotaisyoujigyo.pdf","https://www.city.nakano.nagano.jp/docs/2020061700020/ | https://www.city.nakano.nagano.jp/docs/2020061700020/file_contents/hojyotaisyoujigyo.pdf | https://www.city.nakano.nagano.jp/docs/2020061700020/file_contents/shinseikoufu.pdf"
"90012","https://www.city.saku.nagano.jp/bunka/sports/joseikin/gekireikinn.html","https://www.city.saku.nagano.jp/bunka/sports/joseikin/gekireikinn.html"
"90001","https://www.maff.go.jp/j/budget/pdf/r6hosei_pr1.pdf","https://www.maff.go.jp/j/budget/r6hosei.html#:~:text=%E6%96%B0%E5%9F%BA%E6%9C%AC%E8%A8%88%E7%94%BB%E5%AE%9F%E8%A3%85%E3%83%BB%E8%BE%B2%E6%A5%AD%E6%A7%8B%E9%80%A0%E8%BB%A2%E6%8F%9B%E6%94%AF%E6%8F%B4%E4%BA%8B%E6%A5%AD%EF%BC%88PDF%3A365KB%EF%BC%89 | https://www.maff.go.jp/j/budget/pdf/r6hosei_pr1.pdf"
"90034","https://www.vill.nakagawa.nagano.jp/uploaded/life/11189_22820_misc.pdf","https://www.vill.nakagawa.nagano.jp/soshiki/shinkou/11189.html | https://www.vill.nakagawa.nagano.jp/uploaded/life/11189_22820_misc.pdf"
"90018","https://www.city.shimoda.shizuoka.jp/category/020400pet/142324.html","https://www.city.shimoda.shizuoka.jp/category/020400pet/142324.html"
"90042","https://www.endo-jfe.or.jp/application/04.php","https://www.endo-jfe.or.jp/application/04.php"
"90044","https://www.city.shibushi.lg.jp/site/kigyouguide/1750.html","https://www.city.shibushi.lg.jp/site/kigyouguide/1750.html"
"90047","https://www.city.shibushi.lg.jp/uploaded/attachment/10872.pdf","https://www.city.shibushi.lg.jp/site/kigyouguide/16301.html | https://www.city.shibushi.lg.jp/uploaded/attachment/10872.pdf"
"90048","https://www.city.aichi-miyoshi.lg.jp/kurashi_tetsuzuki/juminkatsudo_community_kyodo/4904.html","https://www.city.aichi-miyoshi.lg.jp/kurashi_tetsuzuki/juminkatsudo_community_kyodo/4904.html"
"90060","https://www.town.shari.hokkaido.jp/kurashinojoho/josei_shienseido/3173.html","https://www.town.shari.hokkaido.jp/kurashinojoho/josei_shienseido/3173.html"
"90057","https://www.pref.miyagi.jp/soshiki/kentaku/taishinhojyo.html","https://www.pref.miyagi.jp/soshiki/kentaku/taishinhojyo.html"
"90052","https://www.city.muroran.lg.jp/news/detail.html?content=726","https://www.city.muroran.lg.jp/news/detail.html?content=726"
"90065","https://www.city.saikai.nagasaki.jp/soshiki/shoko/2/shoukou/12146.html","https://www.city.saikai.nagasaki.jp/soshiki/shoko/2/shoukou/12146.html"
"90071","https://www.vill.higashi.okinawa.jp/hojokin_joseikin/1939.html","https://www.vill.higashi.okinawa.jp/hojokin_joseikin/1939.html"
"90070","https://www.vill.yomitan.okinawa.jp/material/files/group/84/jyoseikin.pdf","https://www.vill.yomitan.okinawa.jp/gyosei_joho/joseikin/3797.html | https://www.vill.yomitan.okinawa.jp/material/files/group/84/jyoseikin.pdf"
"90073","https://www.marubun-zaidan.jp/sangakukan.html","https://www.marubun-zaidan.jp/sangakukan.html"
"90093","https://www.city.ohtawara.tochigi.jp/docs/2024070500022/","https://www.city.ohtawara.tochigi.jp/docs/2024070500022/"
"90091","https://www.city.higashihiroshima.lg.jp/soshiki/sangyo/5/4/20036.html","https://www.city.higashihiroshima.lg.jp/soshiki/sangyo/5/4/20036.html"
"90094","https://www.city.seki.lg.jp/bousai/0000020827.html","https://www.city.seki.lg.jp/bousai/0000020827.html"
"90103","https://www.city.takasago.lg.jp/gyoseisite/shigoto_sangyo/kaihatsu_toshikeikaku/1/1/4340.html","https://www.city.takasago.lg.jp/gyoseisite/shigoto_sangyo/kaihatsu_toshikeikaku/1/1/4340.html"
"90101","https://www.pref.nagasaki.jp/shared/uploads/2024/07/1720674477.pdf","https://www.pref.nagasaki.jp/bunrui/shigoto-sangyo/sangyoshien/santan/santanzaidan/673690.html | https://www.pref.nagasaki.jp/shared/uploads/2024/07/1720674477.pdf"
"90105","https://www.city.takasago.lg.jp/gyoseisite/shigoto_sangyo/kaihatsu_toshikeikaku/1/1/4340.html","https://www.city.takasago.lg.jp/gyoseisite/shigoto_sangyo/kaihatsu_toshikeikaku/1/1/4340.html"
"90112","https://www.town.kamiichi.toyama.jp/uploaded/attachment/1741.pdf","https://www.town.kamiichi.toyama.jp/page/1550.html | https://www.town.kamiichi.toyama.jp/uploaded/attachment/1741.pdf"
"90110","https://www.city.kamaishi.iwate.jp/docs/2022063000047/file_contents/paper.pdf","https://www.city.kamaishi.iwate.jp/docs/2022063000047/ | https://www.city.kamaishi.iwate.jp/docs/2022063000047/file_contents/paper.pdf"
"90113","https://www.town.eiheiji.lg.jp/200/212/214/p010606.html","https://www.town.eiheiji.lg.jp/200/212/214/p010606.html"
"90116","https://www.city.nikaho.akita.jp/material/files/group/10/tenzi_annai.pdf","https://www.city.nikaho.akita.jp/gyosei/shigoto_sangyo/sangyoshinko/shokogyo/2876.html | https://www.city.nikaho.akita.jp/material/files/group/10/tenzi_annai.pdf"
"90115","https://www.city.fukaya.saitama.jp/business/nougyo/nogyoshaenosien/1541138931205.html","https://www.city.fukaya.saitama.jp/business/nougyo/nogyoshaenosien/1541138931205.html"
"90117","https://www.city.nikaho.akita.jp/gyosei/shigoto_sangyo/koyo_shugyo/shien_josei/2747.html","https://www.city.nikaho.akita.jp/gyosei/shigoto_sangyo/koyo_shugyo/shien_josei/2747.html"
"90142","https://www.town.noto.lg.jp/www/service/detail.jsp?common_id=11513","https://www.town.noto.lg.jp/www/service/detail.jsp?common_id=11513 | https://www.town.noto.lg.jp/www/contact/input.jsp"
"90127","https://www.city.hiroshima.lg.jp/_res/projects/default_project/_page_/001/013/387/208117.pdf","https://www.city.hiroshima.lg.jp/saigaiinfo/bousai_machi/1021057/1013387.html | https://www.city.hiroshima.lg.jp/_res/projects/default_project/_page_/001/013/387/208117.pdf"
"90147","https://www.ikedamachi.net/cmsfiles/contents/0000000/24/110_70kakujuni.pdf","https://www.ikedamachi.net/0000000024.html | https://www.ikedamachi.net/cmsfiles/contents/0000000/24/110_70kakujuni.pdf"
"90148","https://www.city.nikaho.akita.jp/gyosei/shigoto_sangyo/koyo_shugyo/shien_josei/2674.html","https://www.city.nikaho.akita.jp/gyosei/shigoto_sangyo/koyo_shugyo/shien_josei/2674.html"
"90149","http://www.tokara.jp/2025/02/26/24356/","http://www.tokara.jp/2025/02/26/24356/ | http://www.tokara.jp/reiki_int/reiki_honbun/q719RG00000606.html"
"90150","https://www.city.nikaho.akita.jp/gyosei/shigoto_sangyo/sangyoshinko/shokogyo/2996.html","https://www.city.nikaho.akita.jp/gyosei/shigoto_sangyo/sangyoshinko/shokogyo/2996.html"
"90156","https://www.town.ujitawara.kyoto.jp/benrijoho/sangyo_tokusan/2093.html","https://www.town.ujitawara.kyoto.jp/benrijoho/sangyo_tokusan/2093.html"
"90158","https://www.city.setagaya.lg.jp/documents/21734/manual.pdf","https://www.city.setagaya.lg.jp/01004/5037.html#:~:text=%E5%8D%98%E7%8B%AC%E3%81%AE%E8%A3%9C%E5%8A%A9-,%E6%96%B0%E8%A6%8F%E3%82%A4%E3%83%99%E3%83%B3%E3%83%88%E3%83%88%E3%83%A9%E3%82%A4%E3%82%A2%E3%83%AB%E4%BA%8B%E6%A5%AD,-1/2 | https://www.city.setagaya.lg.jp/documents/21734/manual.pdf"
"90163","https://www.city.hiroshima.lg.jp/living/park-green/1021378/1006063/1026381/1003343.html","https://www.city.hiroshima.lg.jp/living/park-green/1021378/1006063/1026381/1003343.html"
"90166","https://www.mizutanifdn.or.jp/ja/grant/conference/dmprogram.html","https://www.mizutanifdn.or.jp/ja/grant/conference/dmprogram.html"
"90164","https://www.mizutanifdn.or.jp/ja/grant/conference/exprogram.html","https://www.mizutanifdn.or.jp/ja/grant/conference/exprogram.html"
"90171","https://www.town.kumiyama.lg.jp/0000004443.html","https://www.town.kumiyama.lg.jp/0000004443.html"
"90176","https://www.city.miyako.iwate.jp/gyosei/shigoto_sangyo/sangyoshinko/6/3/6203.html","https://www.city.miyako.iwate.jp/gyosei/shigoto_sangyo/sangyoshinko/6/3/6203.html"
"90173","https://www.city.meguro.tokyo.jp/documents/3520/josei_gaiyo_20190401.pdf","https://www.city.meguro.tokyo.jp/dobokukanri/kurashi/koutsuu/churin.html | https://www.city.meguro.tokyo.jp/documents/3520/josei_gaiyo_20190401.pdf"
"90180","https://www.town.kyotamba.kyoto.jp/material/files/group/6/gaiyou0604.pdf","https://www.town.kyotamba.kyoto.jp/iryo_kenko_fukushi/koreishafukushi_kaigo/kaigohoken/4094.html | https://www.town.kyotamba.kyoto.jp/material/files/group/6/gaiyou0604.pdf"
"90181","https://www.city.takasago.lg.jp/gyoseisite/shigoto_sangyo/kaihatsu_toshikeikaku/1/1/4340.html","https://www.city.takasago.lg.jp/gyoseisite/shigoto_sangyo/kaihatsu_toshikeikaku/1/1/4340.html"
"90182","https://www.city.ayabe.lg.jp/0000001648.html","https://www.city.ayabe.lg.jp/0000001648.html"
"90191","https://www.mhlw.go.jp/content/11600000/001372778.pdf","https://www.mhlw.go.jp/stf/seisakunitsuite/bunya/0000135090_00001.html | https://www.mhlw.go.jp/content/11600000/001372778.pdf | https://www.mhlw.go.jp/stf/seisakunitsuite/bunya/koyou_roudou/koyou/hellowork.html"
"90202","https://www.city.fukuoka.lg.jp/kankyo/j-suishin/hp/documents/81156/R7cn_chirashi.pdf","https://www.city.fukuoka.lg.jp/kankyo/j-suishin/hp/cn_keieisokushin.html | https://www.city.fukuoka.lg.jp/kankyo/j-suishin/hp/documents/81156/R7cn_chirashi.pdf"
"90192","https://www.mhlw.go.jp/content/11600000/001394846.pdf","https://www.mhlw.go.jp/stf/seisakunitsuite/bunya/0000135090_00001.html | https://www.mhlw.go.jp/content/11600000/001394846.pdf | https://www.mhlw.go.jp/stf/seisakunitsuite/bunya/koyou_roudou/koyou/hellowork.html"
"90205","https://www.city.fukuoka.lg.jp/kankyo/s-suishin/machi/zeb-zehm-p-hojo.html","https://www.city.fukuoka.lg.jp/kankyo/s-suishin/machi/zeb-zehm-p-hojo.html"
"90206","https://www.pref.fukuoka.lg.jp/contents/advance-consultation-h2st-support.html","https://www.pref.fukuoka.lg.jp/contents/advance-consultation-h2st-support.html"
"90212","https://www.city.fukushima-date.lg.jp/soshiki/18/34483.html","https://www.city.fukushima-date.lg.jp/soshiki/18/34483.html"
"90227","https://www.city.miyako.iwate.jp/gyosei/shigoto_sangyo/shigoto_shugyo/7330.html","https://www.city.miyako.iwate.jp/gyosei/shigoto_sangyo/shigoto_shugyo/7330.html"
"90229","https://web.pref.hyogo.lg.jp/nk13/kochikurenkei_kikaishien_r5.html","https://web.pref.hyogo.lg.jp/nk13/kochikurenkei_kikaishien_r5.html"
"90230","https://www.city.miyako.iwate.jp/gyosei/shigoto_sangyo/sangyoshinko/6/1/6242.html","https://www.city.miyako.iwate.jp/gyosei/shigoto_sangyo/sangyoshinko/6/1/6242.html"
"90279","https://www.pref.okayama.jp/uploaded/attachment/384736.pdf","https://www.pref.okayama.jp/page/831586.html | https://www.pref.okayama.jp/uploaded/attachment/384736.pdf"
"90264","https://www.city.katsushika.lg.jp/_res/projects/default_project/_page_/001/013/959/tirasi25108.pdf","https://www.city.katsushika.lg.jp/business/1000011/1034399/1031748/1013959.html | https://www.city.katsushika.lg.jp/_res/projects/default_project/_page_/001/013/959/tirasi25108.pdf"
"90238","https://crpf.jp/assistance-academic-meetings","https://crpf.jp/assistance-academic-meetings"
"90285","https://www.city.higashiosaka.lg.jp/0000040972.html","https://www.city.higashiosaka.lg.jp/0000040972.html | https://www.city.higashiosaka.lg.jp/module/shareform.php?so_cd=44-2-0-0-0"
"90287","https://www.city.higashiosaka.lg.jp/0000040969.html","https://www.city.higashiosaka.lg.jp/0000040969.html | https://www.city.higashiosaka.lg.jp/module/shareform.php?so_cd=44-2-0-0-0"
"90291","https://www.city.higashiosaka.lg.jp/0000040970.html","https://www.city.higashiosaka.lg.jp/0000040970.html | https://www.city.higashiosaka.lg.jp/module/shareform.php?so_cd=44-2-0-0-0"
"90305","https://www.town.onga.lg.jp/soshiki/11/65559.html","https://www.town.onga.lg.jp/soshiki/11/65559.html"
"90306","https://www.vill.chihayaakasaka.osaka.jp/kakuka/sonseisenryaku/kikikanri/bouhan/9509.html","https://www.vill.chihayaakasaka.osaka.jp/kakuka/sonseisenryaku/kikikanri/bouhan/9509.html"
"90326","https://www.city.higashihiroshima.lg.jp/soshiki/sangyo/5/4/42308.html","https://www.city.higashihiroshima.lg.jp/soshiki/sangyo/5/4/42308.html"
"90332","https://www.city.mihara.hiroshima.jp/soshiki/21/181176.html","https://www.city.mihara.hiroshima.jp/soshiki/21/181176.html"
"90338","https://www.hyugacity.jp/display.php?cont=250228185655","https://www.hyugacity.jp/display.php?cont=250228185655"
"90336","https://www.city.dazaifu.lg.jp/soshiki/14/40001.html","https://www.city.dazaifu.lg.jp/soshiki/14/40001.html"
"90353","https://www.city.omitama.lg.jp/manage/contents/upload/67bd5a56a7780.pdf","https://www.city.omitama.lg.jp/0880/info-0000011122-0.html | https://www.city.omitama.lg.jp/manage/contents/upload/67bd5a56a7780.pdf"
"90345","https://www.fisc.jp/development/dispatch","https://www.fisc.jp/development/dispatch"
"90373","https://www.pref.tochigi.lg.jp/f06/tochigidanseiikukyusuishinkigyoshoureikin.html","https://www.pref.tochigi.lg.jp/f06/tochigidanseiikukyusuishinkigyoshoureikin.html"
"90434","https://www.toriton.or.jp/subsidiary-aid/%e3%80%8c%e4%bb%a4%e5%92%8c%ef%bc%96%e5%b9%b4%e5%ba%a6-%e6%b5%b7%e5%a4%96%e3%83%93%e3%82%b8%e3%83%8d%e3%82%b9%e6%94%af%e6%8f%b4%e8%a3%9c%e5%8a%a9%e9%87%91%e3%80%8d%e5%85%ac%e5%8b%9f%e3%81%ae%e3%81%94/","https://www.toriton.or.jp/subsidiary-aid/%e3%80%8c%e4%bb%a4%e5%92%8c%ef%bc%96%e5%b9%b4%e5%ba%a6-%e6%b5%b7%e5%a4%96%e3%83%93%e3%82%b8%e3%83%8d%e3%82%b9%e6%94%af%e6%8f%b4%e8%a3%9c%e5%8a%a9%e9%87%91%e3%80%8d%e5%85%ac%e5%8b%9f%e3%81%ae%e3%81%94/"
"90413","https://www.levo.or.jp/wp-content/uploads/R6_koubokaishi.pdf","https://www.levo.or.jp/subsidy/hoseiyosan-6/ | https://www.levo.or.jp/wp-content/uploads/R6_koubokaishi.pdf"
"90376","https://www.city.kyoto.lg.jp/kankyo/page/0000303902.html","https://www.city.kyoto.lg.jp/kankyo/page/0000303902.html"
"90435","https://www.toriton.or.jp/subsidiary-aid/%e3%80%8c%e4%bb%a4%e5%92%8c%ef%bc%96%e5%b9%b4%e5%ba%a6-%e6%b5%b7%e5%a4%96%e5%b1%95%e9%96%8b%e5%b0%82%e9%96%80%e7%9a%84%e3%82%b5%e3%83%9d%e3%83%bc%e3%83%88%e6%94%af%e6%8f%b4%e4%ba%8b%e6%a5%ad%e8%a3%9c/","https://www.toriton.or.jp/subsidiary-aid/%e3%80%8c%e4%bb%a4%e5%92%8c%ef%bc%96%e5%b9%b4%e5%ba%a6-%e6%b5%b7%e5%a4%96%e5%b1%95%e9%96%8b%e5%b0%82%e9%96%80%e7%9a%84%e3%82%b5%e3%83%9d%e3%83%bc%e3%83%88%e6%94%af%e6%8f%b4%e4%ba%8b%e6%a5%ad%e8%a3%9c/"
"90470","https://www.pref.shiga.lg.jp/file/attachment/5481622.pdf","https://www.pref.shiga.lg.jp/ippan/shigotosangyou/kougyou/337326.html | https://www.pref.shiga.lg.jp/file/attachment/5481622.pdf"
"90447","https://www.city.chuo.lg.jp/a0037/bousaianzen/bouhan/service/sidobohantonoseibizyoseiseido.html","https://www.city.chuo.lg.jp/a0037/bousaianzen/bouhan/service/sidobohantonoseibizyoseiseido.html"
"90477","https://www.koyokankyo.shigotozaidan.or.jp/jigyo/skillup/skill-R7jigyonai.html","https://www.koyokankyo.shigotozaidan.or.jp/jigyo/skillup/skill-R7jigyonai.html"
"90480","https://www.pref.toyama.jp/documents/31445/0227chirashi.pdf","https://www.pref.toyama.jp/1303/risukiringu.html | https://www.pref.toyama.jp/documents/31445/0227chirashi.pdf"
"90479","https://www.city.takayama.lg.jp/kurashi/1000015/1005408/1021226/1021235.html","https://www.city.takayama.lg.jp/kurashi/1000015/1005408/1021226/1021235.html"
"90497","https://www.town.nagaizumi.lg.jp/soshiki/kenko/5_1/662.html","https://www.town.nagaizumi.lg.jp/soshiki/kenko/5_1/662.html"
"90488","https://www.town.hiraizumi.iwate.jp/%E5%B9%B3%E6%B3%89%E7%94%BA%E8%8B%A5%E8%80%85%E7%AD%89%E4%BA%BA%E6%9D%90%E8%82%B2%E6%88%90%E6%94%AF%E6%8F%B4%E4%BA%8B%E6%A5%AD%E8%A3%9C%E5%8A%A9%E9%87%91-24114/","https://www.town.hiraizumi.iwate.jp/%E5%B9%B3%E6%B3%89%E7%94%BA%E8%8B%A5%E8%80%85%E7%AD%89%E4%BA%BA%E6%9D%90%E8%82%B2%E6%88%90%E6%94%AF%E6%8F%B4%E4%BA%8B%E6%A5%AD%E8%A3%9C%E5%8A%A9%E9%87%91-24114/"
"90498","https://www.town.kosa.lg.jp/q/aview/130/11814.html","https://www.town.kosa.lg.jp/q/aview/130/11814.html"
"90510","https://www.city.iwanuma.miyagi.jp/kyoiku-sports/kyoiku/shakai/documents/housyoukingaiyou.pdf","https://www.city.iwanuma.miyagi.jp/kyoiku-sports/kyoiku/shakai/index.html | https://www.city.iwanuma.miyagi.jp/kyoiku-sports/kyoiku/shakai/documents/housyoukingaiyou.pdf"
"90529","http://www.town.okagaki.lg.jp/s010/20250304155024.html","http://www.town.okagaki.lg.jp/s010/20250304155024.html"
"90528","http://www.town.yakushima.kagoshima.jp/business/shinkigyogyoshugyosha-seikatushienhojyokin/","http://www.town.yakushima.kagoshima.jp/business/shinkigyogyoshugyosha-seikatushienhojyokin/"
"90559","https://www.city.chuo.lg.jp/a0042/kurashi/sumai/mansion_seido/kanrishien/adobaizazyosei.html","https://www.city.chuo.lg.jp/a0042/kurashi/sumai/mansion_seido/kanrishien/adobaizazyosei.html"
"90563","https://www.pref.okinawa.lg.jp/_res/projects/default_project/_page_/001/011/785/7riyousokusinnjigyougaiyou.pdf","https://www.pref.okinawa.lg.jp/shigoto/kankotokusan/1011671/1011783/1011785.html | https://www.pref.okinawa.lg.jp/_res/projects/default_project/_page_/001/011/785/7riyousokusinnjigyougaiyou.pdf"
"90561","https://www.pref.ibaraki.jp/somu/zeimu/fuka/jidousha/genmen/shakaifukushijigyojidoshagemmen.html","https://www.pref.ibaraki.jp/somu/zeimu/fuka/jidousha/genmen/shakaifukushijigyojidoshagemmen.html"
"90566","https://www.pref.oita.jp/uploaded/life/2287260_4432786_misc.pdf","https://www.pref.oita.jp/soshiki/15490/jikyuusiryoujigyou.html | https://www.pref.oita.jp/uploaded/life/2287260_4432786_misc.pdf"
"90582","https://www.vill.fudai.iwate.jp/docs/839.html","https://www.vill.fudai.iwate.jp/docs/839.html"
"90569","https://www.chuoku-toshiseibikosha.or.jp/support/chousahi.html","https://www.chuoku-toshiseibikosha.or.jp/support/chousahi.html"
"90593","https://www.chuokai.com/r7kensyukai/","https://www.chuokai.com/r7kensyukai/"
"90594","https://www.maff.go.jp/j/budget/pdf/r6hosei_pr17.pdf","https://www.maff.go.jp/j/budget/r6hosei.html#:~:text=%E4%BA%8B%E6%A5%AD%EF%BC%88PDF%3A395KB%EF%BC%89-,17.%E6%96%B0%E8%A6%8F%E5%B0%B1%E8%BE%B2%E8%80%85%E7%A2%BA%E4%BF%9D%E7%B7%8A%E6%80%A5%E5%86%86%E6%BB%91%E5%8C%96%E5%AF%BE%E7%AD%96,-%EF%BC%88PDF%3A580KB%EF%BC%89 | https://www.maff.go.jp/j/budget/pdf/r6hosei_pr17.pdf"
"90596","https://www.city.chuo.lg.jp/documents/16976/chirasi.pdf","https://www.city.chuo.lg.jp/a0023/kenkouiryou/shougaishafukushi/jigyousha/soudanhojo.html | https://www.city.chuo.lg.jp/documents/16976/chirasi.pdf"
"90603","https://www.city.kamisu.ibaraki.jp/business/chusho/1002793/1002794.html","https://www.city.kamisu.ibaraki.jp/business/chusho/1002793/1002794.html"
"90607","https://www.city.shobara.hiroshima.jp/main/2024/04/c868dd99a186a6bb7d7a52a66545115e.pdf","https://www.city.shobara.hiroshima.jp/main/industry/nogyo/cat03/post_69.html | https://www.city.shobara.hiroshima.jp/main/2024/04/c868dd99a186a6bb7d7a52a66545115e.pdf"
"90622","https://www.city.shizuoka.lg.jp/s4852/s012441.html","https://www.city.shizuoka.lg.jp/s4852/s012441.html"
"90623","https://www.pref.yamanashi.jp/documents/107948/r7hozyokinannai.pdf","https://www.pref.yamanashi.jp/hataraku/chinginhikiage_hojokinkaisei.html | https://www.pref.yamanashi.jp/documents/107948/r7hozyokinannai.pdf | https://www.pref.yamanashi.jp/documents/107948/r7henkouten.pdf"
"90636","https://www.city.kameyama.mie.jp/docs/2022060900036/file_contents/13jyuukihojyo.pdf","https://www.city.kameyama.mie.jp/docs/2022060900036/possible.html | https://www.city.kameyama.mie.jp/docs/2022060900036/file_contents/13jyuukihojyo.pdf"
"90631","https://www.enecho.meti.go.jp/appli/public_offer/2024/0306_01.html","https://www.enecho.meti.go.jp/appli/public_offer/2024/0306_01.html"
"90638","https://www.city.kashiwa.lg.jp/shogaifukushi/shogai/kaizouhojyokinn.html","https://www.city.kashiwa.lg.jp/shogaifukushi/shogai/kaizouhojyokinn.html"
"90643","https://www.town.shiroishi.lg.jp/chousei_machi/nousanshou/nouson_seibi/_1359/_4545.html","https://www.town.shiroishi.lg.jp/chousei_machi/nousanshou/nouson_seibi/_1359/_4545.html"
"90644","https://www.city.settsu.osaka.jp/soshiki/seikatukannkyou/sangyoushinkouka/shoukougyou/kigyoujigyoushoshien/hojokinjoseiseido/25890.html","https://www.city.settsu.osaka.jp/soshiki/seikatukannkyou/sangyoushinkouka/shoukougyou/kigyoujigyoushoshien/hojokinjoseiseido/25890.html"
"90659","https://tokyo-koudanren.or.jp/work/monotsukuri","https://tokyo-koudanren.or.jp/work/monotsukuri"
"90657","https://tokyo-koudanren.or.jp/work/iraishiken/","https://tokyo-koudanren.or.jp/work/iraishiken/"
"90655","https://www.jra-umanushi-hukushi.or.jp/reiwa-7","https://www.jra-umanushi-hukushi.or.jp/reiwa-7"
"90662","https://www.city.sasebo.lg.jp/keizai/syouko/hanrokaitaku.html","https://www.city.sasebo.lg.jp/keizai/syouko/hanrokaitaku.html"
"90665","https://www.pref.kanagawa.jp/docs/xp8/mokuzoukoukyousoudan.html","https://www.pref.kanagawa.jp/docs/xp8/mokuzoukoukyousoudan.html"
"90666","https://www.tcvb.or.jp/jp/news/r6_koikitebiki.pdf","https://www.tcvb.or.jp/jp/news/2024/0220_5503/ | https://www.tcvb.or.jp/jp/news/r6_koikitebiki.pdf"
"90668","https://toshiseibi.org/shien/missyu/machidukurishien","https://toshiseibi.org/shien/missyu/machidukurishien | https://toshiseibi.org/shien/missyu/breaker"
"90667","https://toshiseibi.org/shien/missyu/breaker","https://toshiseibi.org/shien/missyu/breaker"
"90669","https://toshiseibi.org/shien/missyu/commons","https://toshiseibi.org/shien/missyu/commons | https://toshiseibi.org/shien/missyu/breaker"
"90670","https://toshiseibi.org/shien/missyu/rinchi","https://toshiseibi.org/shien/missyu/rinchi | https://toshiseibi.org/shien/missyu/breaker"
"90672","https://toshiseibi.org/wp-content/themes/themes-toshiseibi/assets/dl/demolition-promotion_2024.5.1.pdf","https://toshiseibi.org/shien/missyu/jokyakusokushin | https://toshiseibi.org/wp-content/themes/themes-toshiseibi/assets/dl/demolition-promotion_2024.5.1.pdf | https://toshiseibi.org/shien/missyu/breaker"
"90673","https://toshiseibi.org/shien/missyu/tatekae","https://toshiseibi.org/shien/missyu/tatekae | https://toshiseibi.org/shien/missyu/breaker"
"90684","https://www.city.toshima.lg.jp/153/2402211331.html","https://www.city.toshima.lg.jp/153/2402211331.html"
"90708","https://www.town.satosho.okayama.jp/soshiki/3/10700.html","https://www.town.satosho.okayama.jp/soshiki/3/10700.html"
"90678","https://www.city.sado.niigata.jp/soshiki/2005/68708.html","https://www.city.sado.niigata.jp/soshiki/2005/68708.html"
"90709","https://www.vill.sanagochi.lg.jp/docs/2025020600014/","https://www.vill.sanagochi.lg.jp/docs/2025020600014/"
"90711","https://www.city.chofu.lg.jp/040050/p024055.html","https://www.city.chofu.lg.jp/040050/p024055.html"
"90719","https://www.city.iizuka.lg.jp/sunkusu/hojokinkouhu.html","https://www.city.iizuka.lg.jp/sunkusu/hojokinkouhu.html"
"90733","https://www.env.go.jp/press/press_04491.html","https://www.env.go.jp/press/press_04491.html"
"90740","https://www.jfa.maff.go.jp/j/kakou/ALPS_syorisui_hojokin.html","https://www.jfa.maff.go.jp/j/kakou/ALPS_syorisui_hojokin.html | http://www.fishfund.or.jp/jigyou11.html("
"90738","https://www.meti.go.jp/information/publicoffer/kobo/2025/k250228003.html","https://www.meti.go.jp/information/publicoffer/kobo/2025/k250228003.html"
"90746","https://jta.or.jp/member/shien/2025anzen_kyouiku.html","https://jta.or.jp/member/shien/2025anzen_kyouiku.html"
"90742","https://www.jfa.maff.go.jp/j/kakou/ALPS_syorisui_hojokin.html","https://www.jfa.maff.go.jp/j/kakou/ALPS_syorisui_hojokin.html"
"90762","https://www.city.ashikaga.tochigi.jp/living/000026/000157/000604/p006656.html","https://www.city.ashikaga.tochigi.jp/living/000026/000157/000604/p006656.html"
"90765","https://www.town.arita.lg.jp/kiji0032361/index.html","https://www.town.arita.lg.jp/kiji0032361/index.html"
"90769","https://www.city.saga-kashima.lg.jp/main/28770.html","https://www.city.saga-kashima.lg.jp/main/28770.html"
"90767","https://www.pref.kochi.lg.jp/doc/2024031300371/file_contents/file_20243133145810_1.pdf","https://www.pref.kochi.lg.jp/doc/2024031300371/ | https://www.pref.kochi.lg.jp/doc/2024031300371/file_contents/file_20243133145810_1.pdf"
"90770","https://www.town.genkai.lg.jp/soshiki/19/19407.html","https://www.town.genkai.lg.jp/soshiki/19/19407.html"
"90772","https://www.pronaturajapan.com/foundation/urgent.html","https://www.pronaturajapan.com/foundation/urgent.html"
"90774","https://www.tokyo-aff.or.jp/uploaded/attachment/13433.pdf","https://www.tokyo-aff.or.jp/site/business/68133.html | https://www.tokyo-aff.or.jp/uploaded/attachment/13433.pdf"
"90796","https://www.city.takeo.lg.jp/benri/shushoku/shunoshien/008472.html","https://www.city.takeo.lg.jp/benri/shushoku/shunoshien/008472.html"
"90782","https://www.town.nishikawa.yamagata.jp/soshiki/kasegu/1414.html","https://www.town.nishikawa.yamagata.jp/soshiki/kasegu/1414.html | https://www.town.nishikawa.yamagata.jp/form/detail.php?sec_sec1=7&inq=02&lif_id=1414&check"
"90797","https://www.city.kanzaki.saga.jp/main/12696.html","https://www.city.kanzaki.saga.jp/main/12696.html"
"90799","https://www.pref.fukuoka.lg.jp/contents/lumpyskin.html","https://www.pref.fukuoka.lg.jp/contents/lumpyskin.html"
"90814","https://www.city.saga-kashima.lg.jp/main/16936.html","https://www.city.saga-kashima.lg.jp/main/16936.html"
"90801","https://www.lm-foundation.or.jp/grants/siryo_teikyo.html","https://www.lm-foundation.or.jp/grants/siryo_teikyo.html | https://www.lm-foundation.or.jp/other/contact.html"
"90819","https://www.city.kyoto.lg.jp/bunshi/page/0000337898.html","https://www.city.kyoto.lg.jp/bunshi/page/0000337898.html"
"90834","https://www.joho-shimane.or.jp/purpose/market/11566","https://www.joho-shimane.or.jp/purpose/market/11566"
"90821","https://www.city.izunokuni.shizuoka.jp/kankyou/shigengomihousyoukin.html","https://www.city.izunokuni.shizuoka.jp/kankyou/shigengomihousyoukin.html"
"90836","https://iryohokenjyoho.service-now.com/csm?id=kb_article_view&sysparm_article=KB0010040&sys_kb_id=0711ac3bc3966d102914944115013106&spa=1","https://iryohokenjyoho.service-now.com/csm?id=kb_article_view&sysparm_article=KB0010040&sys_kb_id=0711ac3bc3966d102914944115013106&spa=1"
"90852","https://www.town.misasa.tottori.jp/315/319/327/1962/34703.html","https://www.town.misasa.tottori.jp/315/319/327/1962/34703.html"
"90854","https://www.pref.chiba.lg.jp/keishi/challenge.html","https://www.pref.chiba.lg.jp/keishi/challenge.html"
"90857","https://www.pref.chiba.lg.jp/keishi/shougyoushinkou/kasseikakeikaku.html","https://www.pref.chiba.lg.jp/keishi/shougyoushinkou/kasseikakeikaku.html"
"90859","https://www.pref.chiba.lg.jp/keishi/shougyoushinkou/chiikisyougyou-shinkiteki.html","https://www.pref.chiba.lg.jp/keishi/shougyoushinkou/chiikisyougyou-shinkiteki.html"
"90860","https://www.pref.chiba.lg.jp/keishi/shougyoushinkou/chiikisyougyou-shisetsuseibi.html","https://www.pref.chiba.lg.jp/keishi/shougyoushinkou/chiikisyougyou-shisetsuseibi.html"
"90862","https://www.city.kishiwada.lg.jp/page/170-syoureikin.html","https://www.city.kishiwada.lg.jp/page/170-syoureikin.html | https://www.city.kishiwada.lg.jp/form/detail.php?sec_sec1=126&inq=06&lif_id=184073&check"
"90865","http://www.town.eiheiji.lg.jp/200/212/213/p010733.html","http://www.town.eiheiji.lg.jp/200/212/213/p010733.html"
"90863","https://www.city.kishiwada.lg.jp/page/27-hojokin-kunren.html","https://www.city.kishiwada.lg.jp/page/27-hojokin-kunren.html | https://www.city.kishiwada.lg.jp/form/detail.php?sec_sec1=27&lif_id=233310&check"
"90872","https://www.city.noda.chiba.jp/kurashi/fukushi/kourei/1010691/1044092.html","https://www.city.noda.chiba.jp/kurashi/fukushi/kourei/1010691/1044092.html"
"90871","https://www.city.noda.chiba.jp/kurashi/fukushi/kourei/1010691/1044093.html","https://www.city.noda.chiba.jp/kurashi/fukushi/kourei/1010691/1044093.html"
"90881","https://www.pref.fukuoka.lg.jp/contents/shiryoukoutoutaisaku.html","https://www.pref.fukuoka.lg.jp/contents/shiryoukoutoutaisaku.html"
"90883","https://www.city.kishiwada.lg.jp/uploaded/attachment/139891.pdf","https://www.city.kishiwada.lg.jp/page/43-kishiwadasogyo.html | https://www.city.kishiwada.lg.jp/uploaded/attachment/139891.pdf"
"90885","https://www.city.kumamoto.jp/kiji00361595/index.html","https://www.city.kumamoto.jp/kiji00361595/index.html"
"90890","https://www.town.kota.lg.jp/soshiki/13/742.html","https://www.town.kota.lg.jp/soshiki/13/742.html"
"90903","https://www.city.koriyama.lg.jp/site/kosodate/7066.html","https://www.city.koriyama.lg.jp/site/kosodate/7066.html"
"90905","https://www.city.koriyama.lg.jp/site/kosodate/7066.html","https://www.city.koriyama.lg.jp/site/kosodate/7066.html"
"90910","https://www.city.kounosu.saitama.jp/uploaded/attachment/20858.pdf","https://www.city.kounosu.saitama.jp/page/30698.html | https://www.city.kounosu.saitama.jp/uploaded/attachment/20858.pdf"
"90915","https://www.city.hamada.shimane.jp/www/contents/1680229479301/index.html","https://www.city.hamada.shimane.jp/www/contents/1680229479301/index.html"
"90913","https://www.town.izumozaki.niigata.jp/chosei/shokou/cashless.html","https://www.town.izumozaki.niigata.jp/chosei/shokou/cashless.html"
"90911","https://www.town.izumozaki.niigata.jp/chosei/shokou/nigiwaihojo.html","https://www.town.izumozaki.niigata.jp/chosei/shokou/nigiwaihojo.html"
"90921","https://www.city.yawata.kyoto.jp/0000010159.html","https://www.city.yawata.kyoto.jp/0000010159.html"
"90929","https://www.city.sakai.lg.jp/sangyo/careerweb/kigyo/diversity/shokuba-hojo.files/annnai_josei_hojokinR7.pdf","https://www.city.sakai.lg.jp/sangyo/careerweb/kigyo/diversity/shokuba-hojo.html | https://www.city.sakai.lg.jp/sangyo/careerweb/kigyo/diversity/shokuba-hojo.files/annnai_josei_hojokinR7.pdf"
"90930","https://www.city.kishiwada.lg.jp/page/43-syoutengai-denkiryoukin.html","https://www.city.kishiwada.lg.jp/page/43-syoutengai-denkiryoukin.html"
"90932","https://www.city.hokuto.hokkaido.jp/docs/2202.html","https://www.city.hokuto.hokkaido.jp/docs/2202.html"
"90935","https://www.chusho.meti.go.jp/kinyu/2025/250314.html","https://www.chusho.meti.go.jp/kinyu/2025/250314.html"
"90936","https://www.chusho.meti.go.jp/kinyu/2025/250314.html#:~:text=2%EF%BC%8E%E7%B5%8C%E5%96%B6%E6%94%B9%E5%96%84%E3%82%B5%E3%83%9D%E3%83%BC%E3%83%88%E4%BF%9D%E8%A8%BC%EF%BC%88%E7%B5%8C%E5%96%B6%E6%94%B9%E5%96%84%E3%83%BB%E5%86%8D%E7%94%9F%E6%94%AF%E6%8F%B4%E5%BC%B7%E5%8C%96%E5%9E%8B%EF%BC%89","https://www.chusho.meti.go.jp/kinyu/2025/250314.html#:~:text=2%EF%BC%8E%E7%B5%8C%E5%96%B6%E6%94%B9%E5%96%84%E3%82%B5%E3%83%9D%E3%83%BC%E3%83%88%E4%BF%9D%E8%A8%BC%EF%BC%88%E7%B5%8C%E5%96%B6%E6%94%B9%E5%96%84%E3%83%BB%E5%86%8D%E7%94%9F%E6%94%AF%E6%8F%B4%E5%BC%B7%E5%8C%96%E5%9E%8B%EF%BC%89"
"90938","https://www.city.yaizu.lg.jp/business/employment/hoikushi-shien.html","https://www.city.yaizu.lg.jp/business/employment/hoikushi-shien.html"
"90937","https://www.city.yaizu.lg.jp/business/employment/hoikushi-shien.html","https://www.city.yaizu.lg.jp/business/employment/hoikushi-shien.html"
"90940","https://www.city.tsugaru.aomori.jp/material/files/group/20/tsugaru_shinkishuuno.pdf","https://www.city.tsugaru.aomori.jp/soshiki/keizai/nourin/3145.html | https://www.city.tsugaru.aomori.jp/material/files/group/20/tsugaru_shinkishuuno.pdf"
"90943","https://www.pref.fukui.lg.jp/doc/kigyo/info-tsuruga.html","https://www.pref.fukui.lg.jp/doc/kigyo/info-tsuruga.html"
"90946","https://www.town.shisui.chiba.jp/docs/2025030500014/","https://www.town.shisui.chiba.jp/docs/2025030500014/"
"90949","https://www.town.chiyoda.gunma.jp/kikakuzaisei/kikaku/post-417.html","https://www.town.chiyoda.gunma.jp/kikakuzaisei/kikaku/post-417.html"
"90989","https://www.city.hirosaki.aomori.jp/sangyo/nogyo/files/R7_koyoukannkyouseibi1.pdf","https://www.city.hirosaki.aomori.jp/sangyo/nogyo/koyoukankyouseibi.html | https://www.city.hirosaki.aomori.jp/sangyo/nogyo/files/R7_koyoukannkyouseibi1.pdf"
"90983","https://www.city.niigata.lg.jp/business/kigyo/toshi/shouryokuka.html","https://www.city.niigata.lg.jp/business/kigyo/toshi/shouryokuka.html"
"90990","https://www.city.nerima.tokyo.jp/kurashi/shigoto/kankyo/energyreduction/hojo.html","https://www.city.nerima.tokyo.jp/kurashi/shigoto/kankyo/energyreduction/hojo.html"
"91004","https://www.pref.yamaguchi.lg.jp/uploaded/attachment/211096.pdf","https://yamaguchi-syougakuhenkan.jp/ | https://www.pref.yamaguchi.lg.jp/uploaded/attachment/211096.pdf"
"91038","https://www.pref.niigata.lg.jp/site/rinsei-midorinomadoguchi/kinoko-seisannshizai2.html","https://www.pref.niigata.lg.jp/site/rinsei-midorinomadoguchi/kinoko-seisannshizai2.html"
"91035","https://www.city.ibara.okayama.jp/soshiki/25/1416.html","https://www.city.ibara.okayama.jp/soshiki/25/1416.html"
"91045","https://www.maff.go.jp/j/kanbo/kankyo/seisaku/midori/midori_kouhukin/attach/pdf/R6hosei_midori_kouhukin-6.pdf","https://www.maff.go.jp/j/kanbo/kankyo/seisaku/midori/midori_kouhukin/R6hosei_midori_kouhukin.html | https://www.maff.go.jp/j/kanbo/kankyo/seisaku/midori/midori_kouhukin/attach/pdf/R6hosei_midori_kouhukin-6.pdf"
"91042","https://www.maff.go.jp/j/kanbo/kankyo/seisaku/midori/midori_kouhukin/attach/pdf/R6hosei_midori_kouhukin-6.pdf","https://www.maff.go.jp/j/kanbo/kankyo/seisaku/midori/midori_kouhukin/R6hosei_midori_kouhukin.html | https://www.maff.go.jp/j/kanbo/kankyo/seisaku/midori/midori_kouhukin/attach/pdf/R6hosei_midori_kouhukin-6.pdf"
"91046","https://www.maff.go.jp/j/kanbo/kankyo/seisaku/midori/midori_kouhukin/attach/pdf/R6hosei_midori_kouhukin-6.pdf","https://www.maff.go.jp/j/kanbo/kankyo/seisaku/midori/midori_kouhukin/R6hosei_midori_kouhukin.html | https://www.maff.go.jp/j/kanbo/kankyo/seisaku/midori/midori_kouhukin/attach/pdf/R6hosei_midori_kouhukin-6.pdf"
"91048","https://www.maff.go.jp/j/kanbo/kankyo/seisaku/midori/midori_kouhukin/attach/pdf/R6hosei_midori_kouhukin-6.pdf","https://www.maff.go.jp/j/kanbo/kankyo/seisaku/midori/midori_kouhukin/R6hosei_midori_kouhukin.html | https://www.maff.go.jp/j/kanbo/kankyo/seisaku/midori/midori_kouhukin/attach/pdf/R6hosei_midori_kouhukin-6.pdf"
"91047","http://www.vill.yamato.lg.jp/sangyosinko/kurashi/sangyo-shigoto/nogyo/tandokujigyo.html","http://www.vill.yamato.lg.jp/sangyosinko/kurashi/sangyo-shigoto/nogyo/tandokujigyo.html"
"91049","https://www.maff.go.jp/j/kanbo/kankyo/seisaku/midori/midori_kouhukin/attach/pdf/R6hosei_midori_kouhukin-6.pdf","https://www.maff.go.jp/j/kanbo/kankyo/seisaku/midori/midori_kouhukin/R6hosei_midori_kouhukin.html | https://www.maff.go.jp/j/kanbo/kankyo/seisaku/midori/midori_kouhukin/attach/pdf/R6hosei_midori_kouhukin-6.pdf"
"91051","https://www.maff.go.jp/j/kanbo/kankyo/seisaku/midori/midori_kouhukin/attach/pdf/R6hosei_midori_kouhukin-6.pdf","https://www.maff.go.jp/j/kanbo/kankyo/seisaku/midori/midori_kouhukin/R6hosei_midori_kouhukin.html | https://www.maff.go.jp/j/kanbo/kankyo/seisaku/midori/midori_kouhukin/attach/pdf/R6hosei_midori_kouhukin-6.pdf"
"91052","https://www.maff.go.jp/j/kanbo/kankyo/seisaku/midori/midori_kouhukin/attach/pdf/R6hosei_midori_kouhukin-6.pdf","https://www.maff.go.jp/j/kanbo/kankyo/seisaku/midori/midori_kouhukin/R6hosei_midori_kouhukin.html | https://www.maff.go.jp/j/kanbo/kankyo/seisaku/midori/midori_kouhukin/attach/pdf/R6hosei_midori_kouhukin-6.pdf"
"91054","https://www.city.kobe.lg.jp/a62348/bosai/crime/31koshin_camera.html","https://www.city.kobe.lg.jp/a62348/bosai/crime/31koshin_camera.html | https://www.city.kobe.lg.jp/cgi-bin/faq/form.cgi"
"91055","https://www.maff.go.jp/j/kanbo/kankyo/seisaku/midori/midori_kouhukin/attach/pdf/R6hosei_midori_kouhukin-6.pdf","https://www.maff.go.jp/j/kanbo/kankyo/seisaku/midori/midori_kouhukin/R6hosei_midori_kouhukin.html | https://www.maff.go.jp/j/kanbo/kankyo/seisaku/midori/midori_kouhukin/attach/pdf/R6hosei_midori_kouhukin-6.pdf"
"91058","https://www.maff.go.jp/j/kanbo/kankyo/seisaku/midori/midori_kouhukin/attach/pdf/R6hosei_midori_kouhukin-6.pdf","https://www.maff.go.jp/j/kanbo/kankyo/seisaku/midori/midori_kouhukin/R6hosei_midori_kouhukin.html | https://www.maff.go.jp/j/kanbo/kankyo/seisaku/midori/midori_kouhukin/attach/pdf/R6hosei_midori_kouhukin-6.pdf"
"91056","https://www.city.shiogama.miyagi.jp/uploaded/attachment/25483.pdf","https://www.city.shiogama.miyagi.jp/soshiki/17/41333.html | https://www.city.shiogama.miyagi.jp/uploaded/attachment/25483.pdf"
"91063","https://www.pref.nagasaki.jp/shared/uploads/2024/07/1720674477.pdf","https://www.pref.nagasaki.jp/bunrui/shigoto-sangyo/sangyoshien/santan/santanzaidan/673690.html | https://www.pref.nagasaki.jp/shared/uploads/2024/07/1720674477.pdf"
"91064","https://www.city.hida.gifu.jp/uploaded/attachment/17587.pdf","https://www.city.hida.gifu.jp/soshiki/20/46651.html | https://www.city.hida.gifu.jp/uploaded/attachment/17587.pdf"
"91068","https://www.pref.akita.lg.jp/uploads/public/archive_0000087051_00/%EF%BC%91%E3%80%80%E3%82%A4%E3%83%B3%E3%83%95%E3%83%A9%EF%BC%A4%EF%BC%B8%E6%8E%A8%E9%80%B2%E4%BA%8B%E6%A5%AD%E8%B2%BB%E8%A3%9C%E5%8A%A9%E9%87%91%E6%A6%82%E8%A6%81.pdf","https://www.pref.akita.lg.jp/pages/archive/87051 | https://www.pref.akita.lg.jp/uploads/public/archive_0000087051_00/%EF%BC%91%E3%80%80%E3%82%A4%E3%83%B3%E3%83%95%E3%83%A9%EF%BC%A4%EF%BC%B8%E6%8E%A8%E9%80%B2%E4%BA%8B%E6%A5%AD%E8%B2%BB%E8%A3%9C%E5%8A%A9%E9%87%91%E6%A6%82%E8%A6%81.pdf"
"91076","https://www.city.kyoto.lg.jp/suido/page/0000336430.html","https://www.city.kyoto.lg.jp/suido/page/0000336430.html"
"91081","https://www.town.okagaki.lg.jp/s025/060/120/020/030/20250115151505.html","https://www.town.okagaki.lg.jp/s025/060/120/020/030/20250115151505.html"
"91079","https://www.city.kyoto.lg.jp/suido/page/0000336430.html","https://www.city.kyoto.lg.jp/suido/page/0000336430.html"
"91082","https://www.town.okagaki.lg.jp/s025/060/120/020/030/20250205171617.html","https://www.town.okagaki.lg.jp/s025/060/120/020/030/20250205171617.html"
"91085","https://www.city.kyoto.lg.jp/kankyo/page/0000336397.html","https://www.city.kyoto.lg.jp/kankyo/page/0000336397.html"
"91083","https://www.town.okagaki.lg.jp/s025/060/120/020/030/20250115143448.html","https://www.town.okagaki.lg.jp/s025/060/120/020/030/20250115143448.html"
"91086","https://www.town.okagaki.lg.jp/s025/060/120/020/030/20250220150820.html","https://www.town.okagaki.lg.jp/s025/060/120/020/030/20250220150820.html"
"91088","https://www.town.okagaki.lg.jp/s025/060/120/020/030/20250115134746.html","https://www.town.okagaki.lg.jp/s025/060/120/020/030/20250115134746.html"
"91087","https://www.town.okagaki.lg.jp/s025/060/120/020/030/20250225100657.html","https://www.town.okagaki.lg.jp/s025/060/120/020/030/20250225100657.html"
"91091","https://www.pref.fukuoka.lg.jp/uploaded/attachment/225303.pdf","https://www.pref.fukuoka.lg.jp/contents/denshishohousen.html | https://www.pref.fukuoka.lg.jp/uploaded/attachment/225303.pdf"
"91093","https://www.city.shizuoka.lg.jp/s4268/s000363.html","https://www.city.shizuoka.lg.jp/s4268/s000363.html"
"91089","https://www.town.okagaki.lg.jp/s025/060/120/020/030/20250225142316.html","https://www.town.okagaki.lg.jp/s025/060/120/020/030/20250225142316.html"
"91096","https://www.city.maniwa.lg.jp/uploaded/attachment/35663.pdf","https://www.city.maniwa.lg.jp/soshiki/40/98244.html | https://www.city.maniwa.lg.jp/uploaded/attachment/35663.pdf"
"91097","https://www.city.yamaguchi.lg.jp/uploaded/attachment/104997.pdf","https://www.city.yamaguchi.lg.jp/soshiki/26/172639.html | https://www.city.yamaguchi.lg.jp/uploaded/attachment/104997.pdf | https://www.city.yamaguchi.lg.jp/form/detail.php?sec_sec1=26&inq=04&lif_id=172639&check"
"91113","https://biz.mapple.com/mapple-gx/ev/pref-chiba/recruit/","https://biz.mapple.com/mapple-gx/ev/pref-chiba/recruit/ | https://biz.mapple.com/chiba_evpromotion/"
"91115","https://orzaidan.or.jp/support/index.html","https://orzaidan.or.jp/support/index.html"
"91116","https://www.pref.hiroshima.lg.jp/soshiki/68/hiroshima-hands-on.html","https://www.pref.hiroshima.lg.jp/soshiki/68/hiroshima-hands-on.html"
"91128","https://www.city.yachiyo.lg.jp/site/gomi-recycle/3812.html","https://www.city.yachiyo.lg.jp/site/gomi-recycle/3812.html"
"91141","https://www.city.okaya.lg.jp/technoplazaokaya/kogyoshinkoshisaku/jinzaiikuseisienn/18452.html","https://www.city.okaya.lg.jp/technoplazaokaya/kogyoshinkoshisaku/jinzaiikuseisienn/18452.html | https://www.city.okaya.lg.jp/material/files/group/24/zinnzaiikuseisienntokubetukateijukouhojokinn.pdf#page=20"
"91130","https://www.city.tomisato.lg.jp/0000016110.html","https://www.city.tomisato.lg.jp/0000016110.html"
"91142","https://www.city.okaya.lg.jp/technoplazaokaya/kogyoshinkoshisaku/soudannjigyou/keieigijutsusodan/18338.html","https://www.city.okaya.lg.jp/technoplazaokaya/kogyoshinkoshisaku/soudannjigyou/keieigijutsusodan/18338.html"
"91143","https://www.town.tsunan.niigata.jp/uploaded/life/25948_106651_misc.pdf","https://www.town.tsunan.niigata.jp/soshiki/nourin/shousetutaisakujigyou.html | https://www.town.tsunan.niigata.jp/uploaded/life/25948_106651_misc.pdf"
"91146","https://www.city.tottori.lg.jp/www/contents/1741850437581/index.html","https://www.city.tottori.lg.jp/www/contents/1741850437581/index.html"
"91144","https://www.town.tsuruta.lg.jp/info/post-1060.html","https://www.town.tsuruta.lg.jp/info/post-1060.html"
"91147","https://www.city.tottori.lg.jp/www/contents/1741851117348/index.html","https://www.city.tottori.lg.jp/www/contents/1741851117348/index.html"
"91166","https://www.soumu.go.jp/main_sosiki/jichi_gyousei/c-gyousei/local10000_project.html","https://www.soumu.go.jp/main_sosiki/jichi_gyousei/c-gyousei/local10000_project.html"
"91158","https://www.city.yamaguchi.lg.jp/soshiki/73/145201.html","https://www.city.yamaguchi.lg.jp/soshiki/73/145201.html"
"91170","https://www.city.miyama.lg.jp/s033/kanko/20250117104616.html","https://www.city.miyama.lg.jp/s033/kanko/20250117104616.html"
"91172","https://mp4.znote.jp/QbGvKKr/api/v1/files/zfiles/c686b28800a9b191ce1b5a162cc278e5380cbe42-1742367136657.pdf","https://www.vill.miyada.nagano.jp/life-pages/zero-hozyokin | https://mp4.znote.jp/QbGvKKr/api/v1/files/zfiles/c686b28800a9b191ce1b5a162cc278e5380cbe42-1742367136657.pdf"
"91178","https://www.city.yokkaichi.lg.jp/www/contents/1741135260847/index.html","https://www.city.yokkaichi.lg.jp/www/contents/1741135260847/index.html"
"91206","https://www.city.toyota.aichi.jp/jigyousha/kigyoyuchi/1064722/index.html","https://www.city.toyota.aichi.jp/jigyousha/kigyoyuchi/1064722/index.html"
"91185","https://www.chusho.meti.go.jp/keiei/kakushin/download/toiawase_ichiran.pdf","https://www.chusho.meti.go.jp/keiei/kakushin/index.html | https://www.chusho.meti.go.jp/keiei/kakushin/download/toiawase_ichiran.pdf"
"91192","https://www.city.imizu.toyama.jp/guide/svGuideDtl.aspx?servno=18461","https://www.city.imizu.toyama.jp/guide/svGuideDtl.aspx?servno=18461"
"91210","https://www.pref.saga.lg.jp/kiji003112414/3_112414_349455_up_rjvre1w8.pdf","https://www.pref.saga.lg.jp/kiji003112414/index.html | https://www.pref.saga.lg.jp/kiji003112414/3_112414_349455_up_rjvre1w8.pdf"
"91207","https://www.city.toyota.aichi.jp/_res/projects/default_project/_page_/001/064/587/08.pdf","https://www.city.toyota.aichi.jp/shisei/1040461/1064587.html | https://www.city.toyota.aichi.jp/_res/projects/default_project/_page_/001/064/587/08.pdf"
"91223","https://www.pref.fukui.lg.jp/doc/tihuku/saihannbousi/saihannbousi_d/fil/chirasi.pdf","https://www.pref.fukui.lg.jp/doc/tihuku/saihannbousi/saihannbousi.html | https://www.pref.fukui.lg.jp/doc/tihuku/saihannbousi/saihannbousi_d/fil/chirasi.pdf"
"91225","https://www.city.yoshinogawa.lg.jp/docs/2017051100021/file_contents/sougyou_seido_gaiyou.pdf","https://www.city.yoshinogawa.lg.jp/docs/2017051100021/ | https://www.city.yoshinogawa.lg.jp/docs/2017051100021/file_contents/sougyou_seido_gaiyou.pdf"
"91236","https://www.town.abu.lg.jp/15075","https://www.town.abu.lg.jp/15075"
"91227","https://www.pref.okayama.jp/uploaded/life/963831_9264562_misc.pdf","https://www.pref.okayama.jp/page/963831.html | https://www.pref.okayama.jp/uploaded/life/963831_9264562_misc.pdf"
"91239","https://www.pref.toyama.jp/100222/sougyo/staeco/r7ecosystem.html","https://www.pref.toyama.jp/100222/sougyo/staeco/r7ecosystem.html"
"91258","https://www.city.yachiyo.lg.jp/soshiki/22/2829.html","https://www.city.yachiyo.lg.jp/soshiki/22/2829.html"
"91266","https://www.city.suzu.lg.jp/soshiki/7/21207.html","https://www.city.suzu.lg.jp/soshiki/7/21207.html"
"91269","https://www.city.ise.mie.jp/sangyo/koyou/roudou/1018506.html","https://www.city.ise.mie.jp/sangyo/koyou/roudou/1018506.html"
"91277","https://www.city.ichinoseki.iwate.jp/index.cfm/29,167601,84,840,html","https://www.city.ichinoseki.iwate.jp/index.cfm/29,167601,84,840,html"
"91282","https://www.city.himeji.lg.jp/sangyo/cmsfiles/contents/0000030/30121/tirasi2.pdf","https://www.city.himeji.lg.jp/sangyo/0000030121.html | https://www.city.himeji.lg.jp/sangyo/cmsfiles/contents/0000030/30121/tirasi2.pdf"
"91287","https://www.town.matsuno.ehime.jp/soshiki/9/15075.html","https://www.town.matsuno.ehime.jp/soshiki/9/15075.html"
"91288","https://www.hichiso.jp/fr7so/frnourin/nourin240321/","https://www.hichiso.jp/fr7so/frnourin/nourin240321/"
"91290","https://www.hichiso.jp/fr7so/frnourin/nourin240322/","https://www.hichiso.jp/fr7so/frnourin/nourin240322/"
"91296","https://www.city.kamisu.ibaraki.jp/kodomo/youth/1001768/1001771/1001775.html","https://www.city.kamisu.ibaraki.jp/kodomo/youth/1001768/1001771/1001775.html"
"91321","https://www.city.asaka.lg.jp/soshiki/29/sisuiban.html","https://www.city.asaka.lg.jp/soshiki/29/sisuiban.html"
"91326","https://www.city.hashimoto.lg.jp/material/files/group/9/R07ECPDF.pdf","https://www.city.hashimoto.lg.jp/guide/keizaisuisinbu/sangyousinkou/sangyou_hojyokin/20102.html | https://www.city.hashimoto.lg.jp/material/files/group/9/R07ECPDF.pdf"
"91328","https://www.city.tsugaru.aomori.jp/material/files/group/52/gassyukutirasi.pdf","https://www.city.tsugaru.aomori.jp/soshiki/kyoiku/shakaikyouikusupotu/oshirase/10179.html | https://www.city.tsugaru.aomori.jp/material/files/group/52/gassyukutirasi.pdf"
"91339","https://www.pref.toyama.jp/documents/46838/r7tirashi.pdf","https://www.cev-pc.or.jp/ | https://www.pref.toyama.jp/130131/202504evhozyo.html | https://www.pref.toyama.jp/documents/46838/r7tirashi.pdf"
"91336","https://www.city.kamo.niigata.jp/docs/307083.html","https://www.city.kamo.niigata.jp/docs/307083.html"
"91342","https://www.city.namerikawa.toyama.jp/soshiki/4/1/1580.html","https://www.city.namerikawa.toyama.jp/soshiki/4/1/1580.html"
"91341","https://www.city.nagoya.jp/kodomoseishonen/page/0000184402.html","https://www.city.nagoya.jp/kodomoseishonen/page/0000184402.html"
"91347","https://www.town.tateyama.toyama.jp/material/files/group/3/33.pdf","https://www.town.tateyama.toyama.jp/benrinaservice/hojokin/kurashi/8970.html | https://www.town.tateyama.toyama.jp/material/files/group/3/33.pdf"
"91354","https://www.pref.yamaguchi.lg.jp/uploaded/attachment/206087.pdf","https://www.pref.yamaguchi.lg.jp/soshiki/94/293057.html | https://www.pref.yamaguchi.lg.jp/uploaded/attachment/206087.pdf"
"91376","https://www.city.furano.hokkaido.jp/life/docs/1083341.html","https://www.city.furano.hokkaido.jp/life/docs/1083341.html"
"91371","https://www.pref.fukushima.lg.jp/sec/21055a/wakatesyain07.html","https://www.pref.fukushima.lg.jp/sec/21055a/wakatesyain07.html"
"91382","https://www.city.noshiro.lg.jp/section/somu/sougou-bosai/sougoubosai/akiyataisaku/25448","https://www.city.noshiro.lg.jp/section/somu/sougou-bosai/sougoubosai/akiyataisaku/25448"
"91388","https://www.city.numata.gunma.jp/jigyosha/machi/toshikeikaku/1008489.html","https://www.city.numata.gunma.jp/jigyosha/machi/toshikeikaku/1008489.html"
"91386","https://itabashi-kohsha.com/wp-content/uploads/2025/03/%E4%BB%A4%E5%92%8C%EF%BC%97%E5%B9%B4%E5%BA%A6%E4%B8%AD%E5%B0%8F%E4%BC%81%E6%A5%AD%E9%AD%85%E5%8A%9B%E5%90%91%E4%B8%8A%E6%94%AF%E6%8F%B4%E5%8C%85%E6%8B%AC%E8%A3%9C%E5%8A%A9%E4%BA%8B%E6%A5%AD%E5%8A%A9%E6%88%90%E9%87%91%E5%8B%9F%E9%9B%86%E3%83%81%E3%83%A9%E3%82%B7.pdf","https://itabashi-kohsha.com/archives/26230 | https://itabashi-kohsha.com/wp-content/uploads/2025/03/%E4%BB%A4%E5%92%8C%EF%BC%97%E5%B9%B4%E5%BA%A6%E4%B8%AD%E5%B0%8F%E4%BC%81%E6%A5%AD%E9%AD%85%E5%8A%9B%E5%90%91%E4%B8%8A%E6%94%AF%E6%8F%B4%E5%8C%85%E6%8B%AC%E8%A3%9C%E5%8A%A9%E4%BA%8B%E6%A5%AD%E5%8A%A9%E6%88%90%E9%87%91%E5%8B%9F%E9%9B%86%E3%83%81%E3%83%A9%E3%82%B7.pdf"
"91390","https://www.city.numata.gunma.jp/jigyosha/machi/toshikeikaku/1008489.html","https://www.city.numata.gunma.jp/jigyosha/machi/toshikeikaku/1008489.html"
"91392","https://www.city.toyota.aichi.jp/jigyousha/kigyoyuchi/1064642.html","https://www.city.toyota.aichi.jp/jigyousha/kigyoyuchi/1064642.html"
"91394","https://hogo-zoushin-r6h.jp/download2_1.html","https://hogo-zoushin-r6h.jp/download2_1.html"
"91400","https://www.pref.kochi.lg.jp/doc/2025022100178/file_contents/file_20253241131134_2.pdf","https://joho-kochi.or.jp/center/kochisangyokikin.php | https://www.pref.kochi.lg.jp/doc/2025022100178/file_contents/file_20253241131134_2.pdf | https://www.pref.kochi.lg.jp/doc/2025022100178/"
"91404","https://www.pref.kochi.lg.jp/doc/2025042400319","https://www.pref.kochi.lg.jp/doc/2025042400319"
"91410","https://www.city.nisshin.lg.jp/department/seikatu/kankyou/6/2/5/enegy/16391.html","https://www.city.nisshin.lg.jp/department/seikatu/kankyou/6/2/5/enegy/16391.html"
"91412","https://www.kamishihoro.jp/page/00000458","https://www.kamishihoro.jp/page/00000458"
"91415","https://www.city.hamamatsu.shizuoka.jp/hk-shinko/ward/hamakitaku/chiikiryoku/r7tiikiryokubosyu_2zi.html","https://www.city.hamamatsu.shizuoka.jp/hk-shinko/ward/hamakitaku/chiikiryoku/r7tiikiryokubosyu_2zi.html"
"91420","https://www.city.ichinomiya.aichi.jp/katsuryokusouzou/sangyoushinkou/1044297/1044298/1065777.html","https://www.city.ichinomiya.aichi.jp/katsuryokusouzou/sangyoushinkou/1044297/1044298/1065777.html"
"91421","https://www.vill.yomogita.lg.jp/shigoto/nouringyogyou/shinkijigyo.html","https://www.vill.yomogita.lg.jp/shigoto/nouringyogyou/shinkijigyo.html"
"91423","https://www.vill.yomogita.lg.jp/shigoto/nouringyogyou/shinkijigyo.html","https://www.vill.yomogita.lg.jp/shigoto/nouringyogyou/shinkijigyo.html"
"91424","https://www.vill.yomogita.lg.jp/shigoto/nouringyogyou/shinkijigyo.html","https://www.vill.yomogita.lg.jp/shigoto/nouringyogyou/shinkijigyo.html"
"91430","https://www.city.ebino.lg.jp/soshiki/kikaku/17/jr_kyushu/JR_kittosen/6483.html","https://www.city.ebino.lg.jp/soshiki/kikaku/17/jr_kyushu/JR_kittosen/6483.html"
"91427","https://www.pref.akita.lg.jp/uploads/public/archive_0000087053_00/04_R7%E3%83%81%E3%83%A9%E3%82%B7%E7%BE%8E%E3%81%AE%E5%9B%BD%E6%8E%B2%E8%BC%89%E7%94%A8%EF%BC%88%EF%BC%B2%EF%BC%97%E5%B9%B4%E5%BA%A6%E5%A5%B3%E6%80%A7%E3%81%AE%E6%AD%A3%E8%A6%8F%E9%9B%87%E7%94%A8%E4%BF%83%E9%80%B2%E5%A5%A8%E5%8A%B1%E9%87%91%EF%BC%89.pdf","https://www.pref.akita.lg.jp/pages/archive/87053 | https://www.pref.akita.lg.jp/uploads/public/archive_0000087053_00/04_R7%E3%83%81%E3%83%A9%E3%82%B7%E7%BE%8E%E3%81%AE%E5%9B%BD%E6%8E%B2%E8%BC%89%E7%94%A8%EF%BC%88%EF%BC%B2%EF%BC%97%E5%B9%B4%E5%BA%A6%E5%A5%B3%E6%80%A7%E3%81%AE%E6%AD%A3%E8%A6%8F%E9%9B%87%E7%94%A8%E4%BF%83%E9%80%B2%E5%A5%A8%E5%8A%B1%E9%87%91%EF%BC%89.pdf"
"91434","https://www.city.annaka.lg.jp/page/2290.html","https://www.city.annaka.lg.jp/page/2290.html"
"91436","https://www.town.yoichi.hokkaido.jp/kurashi/kurashinojouhou/fukushi-kaigo/kaigohoken/kaigozinzaikakuho2025.html","https://www.town.yoichi.hokkaido.jp/kurashi/kurashinojouhou/fukushi-kaigo/kaigohoken/kaigozinzaikakuho2025.html"
"91448","https://www.city.hashimoto.lg.jp/material/files/group/9/R07tennzikai_tirasi.pdf","https://www.city.hashimoto.lg.jp/guide/keizaisuisinbu/sangyousinkou/sangyou_hojyokin/1428918134695.html | https://www.city.hashimoto.lg.jp/material/files/group/9/R07tennzikai_tirasi.pdf"
"91454","https://www.city.toyonaka.osaka.jp/machi/sangyoushinkou/hojokin/R7kigyoukasoushutu.html","https://www.city.toyonaka.osaka.jp/machi/sangyoushinkou/hojokin/R7kigyoukasoushutu.html"
"91457","https://www.pref.nagasaki.jp/shared/uploads/2025/03/1742867206.pdf","https://www.pref.nagasaki.jp/bunrui/shigoto-sangyo/shinrin-ringyo/keiei/keiei-ninaite/717106.html | https://www.pref.nagasaki.jp/shared/uploads/2025/03/1742867206.pdf"
"91459","https://www.city.shijonawate.lg.jp/page/16-79243.html","https://www.city.shijonawate.lg.jp/page/16-79243.html"
"91475","https://www.town.shimane-kawamoto.lg.jp/files/original/202008261717385711064c45b.pdf","https://www.town.shimane-kawamoto.lg.jp/gyosei/gyosei_industry/business_support/4107 | https://www.town.shimane-kawamoto.lg.jp/files/original/202008261717385711064c45b.pdf"
"91479","https://www.town.kijo.lg.jp/material/files/group/4/jigyousyoukeitirashi.pdf","https://www.town.kijo.lg.jp/sigoto_sangyou/sangyousinkou/2951.html | https://www.town.kijo.lg.jp/material/files/group/4/jigyousyoukeitirashi.pdf"
"91476","https://www.city.nikko.lg.jp/material/files/group/30/DXchirashi.pdf","https://www.city.nikko.lg.jp/shigoto_sangyo/kigyo-jigyosha/3/9433.html | https://www.city.nikko.lg.jp/material/files/group/30/DXchirashi.pdf | https://www.city.nikko.lg.jp/material/files/group/30/DXQA.pdf"
"91478","https://www.city.higashihiroshima.lg.jp/soshiki/seikatsukankyo/2/ondannkataisaku/hojyo/42535.html","https://www.city.higashihiroshima.lg.jp/soshiki/seikatsukankyo/2/ondannkataisaku/hojyo/42535.html"
"91482","https://www.pref.oita.jp/soshiki/12620/ninteikangosi.html","https://www.pref.oita.jp/soshiki/12620/ninteikangosi.html"
"91494","https://www.city.minamiboso.chiba.jp/0000022053.html","https://www.city.minamiboso.chiba.jp/0000022053.html"
"91495","https://www.city.daito.lg.jp/uploaded/attachment/37534.pdf","https://www.city.daito.lg.jp/soshiki/64/61004.html | https://www.city.daito.lg.jp/uploaded/attachment/37534.pdf"
"91511","https://www.city.itabashi.tokyo.jp/_res/projects/default_project/_page_/001/056/887/9664.pdf","https://www.city.itabashi.tokyo.jp/bunka/chusho/yuushi/1056887.html | https://www.city.itabashi.tokyo.jp/_res/projects/default_project/_page_/001/056/887/9664.pdf"
"91516","https://www.city.hamamatsu.shizuoka.jp/noushin/janbotanishi.html","https://www.city.hamamatsu.shizuoka.jp/noushin/janbotanishi.html"
"91518","https://www.vill.hakuba.lg.jp/material/files/group/6/beppyou.pdf","https://www.vill.hakuba.lg.jp/gyosei/nogyo_shoko_kensetsu_nyusatsu/nogyo/1985.html | https://www.vill.hakuba.lg.jp/material/files/group/6/beppyou.pdf"
"91520","https://www.city.tsurugashima.lg.jp/page/page010651.html","https://www.city.tsurugashima.lg.jp/page/page010651.html"
"91524","https://www.city.eniwa.hokkaido.jp/soshikikarasagasu/soumubu/kichi_bosaika/bosai_saigai/5/1458.html","https://www.city.eniwa.hokkaido.jp/soshikikarasagasu/soumubu/kichi_bosaika/bosai_saigai/5/1458.html"
"91521","https://www.town.karuizawa.lg.jp/page/1032.html","https://www.town.karuizawa.lg.jp/page/1032.html"
"91532","https://www.pref.ishikawa.lg.jp/ontai/pp/zehhojyo7.html","https://www.pref.ishikawa.lg.jp/ontai/pp/zehhojyo7.html"
"91535","https://www.city.mito.lg.jp/page/95909.html","https://www.city.mito.lg.jp/page/95909.html"
"91536","https://www.pref.gifu.lg.jp/uploaded/attachment/439335.pdf","https://www.pref.gifu.lg.jp/page/423157.html | https://www.pref.gifu.lg.jp/uploaded/attachment/439335.pdf"
"91537","https://www.city.hino.lg.jp/sangyo/1020464/1003515.html","https://www.city.hino.lg.jp/sangyo/1020464/1003515.html"
"91539","https://www.city.niigata.lg.jp/kurashi/danjo/worklifebalance/ikukyu/R7ikukyu.html","https://www.city.niigata.lg.jp/kurashi/danjo/worklifebalance/ikukyu/R7ikukyu.html"
"91538","https://www.city.hino.lg.jp/sangyo/1020464/1003536.html","https://www.city.hino.lg.jp/sangyo/1020464/1003536.html"
"91540","https://www.city.hino.lg.jp/sangyo/1020464/1003537.html","https://www.city.hino.lg.jp/sangyo/1020464/1003537.html"
"91547","https://www.town.fukaura.lg.jp/fixed_docs/2023051700017/","https://www.town.fukaura.lg.jp/fixed_docs/2023051700017/"
"91543","https://www.city.anan.tokushima.jp/docs/2025021300050/","https://www.city.anan.tokushima.jp/docs/2025021300050/"
"91554","http://www.town.saitama-miyoshi.lg.jp/bousai/bousai/crime-prevention-subsidy.html","http://www.town.saitama-miyoshi.lg.jp/bousai/bousai/crime-prevention-subsidy.html"
"91557","https://www.pref.ibaraki.jp/shokorodo/rosei/rodo/gyoumukaizen.html","https://www.pref.ibaraki.jp/shokorodo/rosei/rodo/gyoumukaizen.html"
"91564","https://www.city.obihiro.hokkaido.jp/_res/projects/default_project/_page_/001/019/325/siennime2.pdf","https://www.city.obihiro.hokkaido.jp/sangyo/roudou/1019126/index.html | https://www.city.obihiro.hokkaido.jp/_res/projects/default_project/_page_/001/019/325/siennime2.pdf"
"91566","https://www.city.shimabara.lg.jp/page20234.html?type=top","https://www.city.shimabara.lg.jp/page20234.html?type=top"
"91569","https://www.city.nishiwaki.lg.jp/kakukanogoannai/shichoukoushitsu/seisaku/events/20th/29142.html","https://www.city.nishiwaki.lg.jp/kakukanogoannai/shichoukoushitsu/seisaku/events/20th/29142.html"
"91574","https://www.town.itakura.gunma.jp/cont/s019000/hojokintirasi.pdf","https://www.town.itakura.gunma.jp/cont/s019000/20250313104654.html | https://www.town.itakura.gunma.jp/cont/s019000/hojokintirasi.pdf"
"91584","https://www.city.kuki.lg.jp/machizukuri/kyodo/shimin_katsudo/1002230/1006873/1004928.html","https://www.city.kuki.lg.jp/machizukuri/kyodo/shimin_katsudo/1002230/1006873/1004928.html"
"91591","https://www.city.kamakura.kanagawa.jp/gomi/jigyoukeioogatanamagomisyoriki.html","https://www.city.kamakura.kanagawa.jp/gomi/jigyoukeioogatanamagomisyoriki.html"
"91588","https://www.city.tome.miyagi.jp/nousei/shisejoho/noringyo/nogyo/shohei11111111.html","https://www.city.tome.miyagi.jp/nousei/shisejoho/noringyo/nogyo/shohei11111111.html"
"91598","https://www.pref.gunma.jp/uploaded/attachment/656881.pdf","https://www.pref.gunma.jp/site/hojokin/638775.html | https://www.pref.gunma.jp/uploaded/attachment/656881.pdf"
"91600","https://kodomo.city.fukuoka.lg.jp/info/4048/","https://kodomo.city.fukuoka.lg.jp/info/4048/"
"91601","https://www.city.ninohe.lg.jp/Info/3554","https://www.city.ninohe.lg.jp/Info/3554"
"91604","https://www.city.hekinan.lg.jp/material/files/group/7/01tirashi.pdf","https://www.city.hekinan.lg.jp/soshiki/shiminkyoudou/chiiki/social_participation/kyoudou/5965.html | https://www.city.hekinan.lg.jp/material/files/group/7/01tirashi.pdf"
"91611","https://www.city.myoko.niigata.jp/docs/67474.html","https://www.city.myoko.niigata.jp/docs/67474.html"
"91610","https://www.city.himeji.lg.jp/kurashi/cmsfiles/contents/0000030/30006/annaitirasi.pdf","https://www.city.himeji.lg.jp/kurashi/0000030006.html | https://www.city.himeji.lg.jp/kurashi/cmsfiles/contents/0000030/30006/annaitirasi.pdf"
"91614","https://www.town.kumejima.okinawa.jp/docs/2025032600019/","https://www.town.kumejima.okinawa.jp/docs/2025032600019/"
"91617","https://www.city.ueda.nagano.jp/uploaded/attachment/68554.pdf","https://www.city.ueda.nagano.jp/soshiki/seikan/110780.html | https://www.city.ueda.nagano.jp/uploaded/attachment/68554.pdf"
"91615","https://www.city.makinohara.shizuoka.jp/soshiki/16/56794.html","https://www.city.makinohara.shizuoka.jp/soshiki/16/56794.html"
"91619","https://www.city.fukuyama.hiroshima.jp/soshiki/machidukuri-suisin/361593.html","https://www.city.fukuyama.hiroshima.jp/soshiki/machidukuri-suisin/361593.html"
"91622","https://www.city.yoshikawa.saitama.jp/index.cfm/23,67542,129,735,html#%E5%89%B5%E6%A5%AD%E6%94%AF%E6%8F%B4%E8%A3%9C%E5%8A%A9%E9%87%91","https://www.city.yoshikawa.saitama.jp/index.cfm/23,67542,129,735,html#%E5%89%B5%E6%A5%AD%E6%94%AF%E6%8F%B4%E8%A3%9C%E5%8A%A9%E9%87%91"
"91624","https://www.city.yurihonjo.lg.jp/1001503/1002089/1011534.html","https://www.city.yurihonjo.lg.jp/1001503/1002089/1011534.html"
"91634","https://www.city.nagareyama.chiba.jp/life/1002704/1002705/1047609/1047616.html","https://www.city.nagareyama.chiba.jp/life/1002704/1002705/1047609/1047616.html"
"91636","https://www.city.hino.lg.jp/sangyo/1020464/1028624.html","https://www.city.hino.lg.jp/sangyo/1020464/1028624.html"
"91635","https://www.city.miyakojima.lg.jp/jigyousya/kaigo/files/shiyousyo.pdf","https://www.city.miyakojima.lg.jp/jigyousya/kaigo/2025-0327-0903-72.html | https://www.city.miyakojima.lg.jp/jigyousya/kaigo/files/shiyousyo.pdf"
"91638","https://www.city.hekinan.lg.jp/soshiki/keizai_kankyo/kankyo/subsidy/22362.html","https://www.city.hekinan.lg.jp/soshiki/keizai_kankyo/kankyo/subsidy/22362.html | https://www.city.hekinan.lg.jp/cgi-bin/inquiry.php/26?page_no=22362"
"91640","https://www.city.karatsu.lg.jp/page/1003.html","https://www.city.karatsu.lg.jp/page/1003.html | https://www.city.karatsu.lg.jp/form/detail.php?sec_sec1=30&lif_id=30609&check"
"91642","https://www.city.sakai.lg.jp/shisei/sonota/jyorei/youkou/sangyou/youkou_monochallenge.html","https://www.city.sakai.lg.jp/shisei/sonota/jyorei/youkou/sangyou/youkou_monochallenge.html"
"91645","https://www.city.machida.tokyo.jp/jigyousha/shien/yushi/shikenkikanhojo.files/kikiriyo_chirashi.pdf","https://www.city.machida.tokyo.jp/jigyousha/shien/yushi/shikenkikanhojo.html | https://www.city.machida.tokyo.jp/jigyousha/shien/yushi/shikenkikanhojo.files/kikiriyo_chirashi.pdf"
"91649","https://www.city.machida.tokyo.jp/jigyousha/shien/yushi/exhibition.html","https://www.city.machida.tokyo.jp/jigyousha/shien/yushi/exhibition.html"
"91648","https://www.city.machida.tokyo.jp/jigyousha/shien/yushi/patentetc.html","https://www.city.machida.tokyo.jp/jigyousha/shien/yushi/patentetc.html"
"91653","https://www.city.maniwa.lg.jp/uploaded/life/82922_323196_misc.pdf","https://www.city.maniwa.lg.jp/soshiki/41/82922.html | https://www.city.maniwa.lg.jp/uploaded/life/82922_323196_misc.pdf | https://www.city.maniwa.lg.jp/form/detail.php?sec_sec1=41&lif_id=82922&check"
"91658","https://www.pref.miyazaki.lg.jp/documents/97254/97254_20250321103322-1.pdf","https://www.pref.miyazaki.lg.jp/sogokotsu/press/2025/03/20250321075040.html | https://www.pref.miyazaki.lg.jp/documents/97254/97254_20250321103322-1.pdf"
"91661","https://www.tomiya-city.miyagi.jp/bunka/syougaigakusyu/b9ac5ce67d8a2bd2bfb45c2d4ee40e3515ae6a7a.html#:~:text=%E5%8F%82%E3%82%8A%E3%81%BE%E3%81%99%E3%80%82-,%E5%AF%8C%E8%B0%B7%E5%B8%82%E5%9C%B0%E5%9F%9F%E3%82%B9%E3%83%9D%E3%83%BC%E3%83%84%E3%82%AF%E3%83%A9%E3%83%96%E3%83%BB%E5%9C%B0%E5%9F%9F%E6%96%87%E5%8C%96%E8%8A%B8%E8%A1%93%E3%82%AF%E3%83%A9%E3%83%96%E8%A8%AD%E7%AB%8B%E6%94%AF%E6%8F%B4%E8%A3%9C%E5%8A%A9%E9%87%91,-%E3%80%8C%E5%9C%B0%E5%9F%9F%E3%82%B9%E3%83%9D%E3%83%BC%E3%83%84%E3%82%AF%E3%83%A9%E3%83%96","https://www.tomiya-city.miyagi.jp/bunka/syougaigakusyu/b9ac5ce67d8a2bd2bfb45c2d4ee40e3515ae6a7a.html#:~:text=%E5%8F%82%E3%82%8A%E3%81%BE%E3%81%99%E3%80%82-,%E5%AF%8C%E8%B0%B7%E5%B8%82%E5%9C%B0%E5%9F%9F%E3%82%B9%E3%83%9D%E3%83%BC%E3%83%84%E3%82%AF%E3%83%A9%E3%83%96%E3%83%BB%E5%9C%B0%E5%9F%9F%E6%96%87%E5%8C%96%E8%8A%B8%E8%A1%93%E3%82%AF%E3%83%A9%E3%83%96%E8%A8%AD%E7%AB%8B%E6%94%AF%E6%8F%B4%E8%A3%9C%E5%8A%A9%E9%87%91,-%E3%80%8C%E5%9C%B0%E5%9F%9F%E3%82%B9%E3%83%9D%E3%83%BC%E3%83%84%E3%82%AF%E3%83%A9%E3%83%96"
"91665","https://www.city.oita.oita.jp/o089/documents/r7tiikikyouseisokusinnjoseiboshuuannnai.pdf","https://www.city.oita.oita.jp/o089/r7tiiikikyouseishakai.html | https://www.city.oita.oita.jp/o089/documents/r7tiikikyouseisokusinnjoseiboshuuannnai.pdf"
"91669","https://www.city.iiyama.nagano.jp/soshiki/nourin/nougyoushinkou/shienseido/57382","https://www.city.iiyama.nagano.jp/soshiki/nourin/nougyoushinkou/shienseido/57382"
"91666","https://www.city.munakata.lg.jp/kiji0037885/3_7885_2239_up_zvt01gji.pdf","https://www.city.munakata.lg.jp/kiji0037885/index.html | https://www.city.munakata.lg.jp/kiji0037885/3_7885_2239_up_zvt01gji.pdf"
"91672","https://www.city.ichikawa.lg.jp/wel05/0000479980.html","https://www.city.ichikawa.lg.jp/wel05/0000479980.html"
"91676","http://www.city.nayoro.lg.jp/section/chiikikadai/prkeql000003ubu6.html","http://www.city.nayoro.lg.jp/section/chiikikadai/prkeql000003ubu6.html"
"91674","https://www.city.hiroshima.lg.jp/kouiki/2million/1027231/1036764.html","https://www.city.hiroshima.lg.jp/kouiki/2million/1027231/1036764.html"
"91681","https://www.city.tokai.aichi.jp/_res/projects/default_project/_page_/001/006/353/r7tirashi.pdf","https://www.city.tokai.aichi.jp/kurashi/1001699/1001774/1006353.html | https://www.city.tokai.aichi.jp/_res/projects/default_project/_page_/001/006/353/r7tirashi.pdf | https://www.city.tokai.aichi.jp/cgi-bin/contacts/G00400400"
"91678","https://www.pref.nara.jp/secure/99701/04.%E5%A5%88%E8%89%AF%E5%85%AC%E5%9C%92%E7%89%B9%E5%8C%BA%E6%94%AF%E6%8F%B4%E5%88%A9%E5%AD%90%E8%A3%9C%E7%B5%A6%E3%81%AB%E3%81%A4%E3%81%84%E3%81%A6.pdf","https://www.pref.nara.jp/31919.htm | https://www.pref.nara.jp/secure/99701/04.%E5%A5%88%E8%89%AF%E5%85%AC%E5%9C%92%E7%89%B9%E5%8C%BA%E6%94%AF%E6%8F%B4%E5%88%A9%E5%AD%90%E8%A3%9C%E7%B5%A6%E3%81%AB%E3%81%A4%E3%81%84%E3%81%A6.pdf"
"91680","https://www.city.musashino.lg.jp/kurashi_tetsuzuki/shigoto_sangyo/shoko/1050192.html","https://www.city.musashino.lg.jp/kurashi_tetsuzuki/shigoto_sangyo/shoko/1050192.html"
"91682","https://www.city.yoshikawa.saitama.jp/index.cfm/23,67542,129,735,html#%E4%BA%BA%E6%9D%90%E7%A2%BA%E4%BF%9D%E6%94%AF%E6%8F%B4%E8%A3%9C%E5%8A%A9%E9%87%91","https://www.city.yoshikawa.saitama.jp/index.cfm/23,67542,129,735,html#%E4%BA%BA%E6%9D%90%E7%A2%BA%E4%BF%9D%E6%94%AF%E6%8F%B4%E8%A3%9C%E5%8A%A9%E9%87%91"
"91685","https://www.city.yoshikawa.saitama.jp/index.cfm/23,67542,129,735,html#%E8%B2%A9%E8%B7%AF%E6%8B%A1%E5%A4%A7%E4%BA%8B%E6%A5%AD%E8%B2%BB%E8%A3%9C%E5%8A%A9%E9%87%91","https://www.city.yoshikawa.saitama.jp/index.cfm/23,67542,129,735,html#%E8%B2%A9%E8%B7%AF%E6%8B%A1%E5%A4%A7%E4%BA%8B%E6%A5%AD%E8%B2%BB%E8%A3%9C%E5%8A%A9%E9%87%91"
"91688","https://www.city.yoshikawa.saitama.jp/index.cfm/23,67542,129,735,html#%E6%96%B0%E5%95%86%E5%93%81%E4%BD%9C%E6%88%90%E8%A3%9C%E5%8A%A9%E9%87%91","https://www.city.yoshikawa.saitama.jp/index.cfm/23,67542,129,735,html#%E6%96%B0%E5%95%86%E5%93%81%E4%BD%9C%E6%88%90%E8%A3%9C%E5%8A%A9%E9%87%91"
"91691","https://www.city.yoshikawa.saitama.jp/index.cfm/23,67542,129,735,html#%E4%BA%8B%E6%A5%AD%E8%80%85%E9%80%A3%E6%90%BA%E7%99%BA%E5%B1%95%E6%94%AF%E6%8F%B4%E8%A3%9C%E5%8A%A9%E9%87%91","https://www.city.yoshikawa.saitama.jp/index.cfm/23,67542,129,735,html#%E4%BA%8B%E6%A5%AD%E8%80%85%E9%80%A3%E6%90%BA%E7%99%BA%E5%B1%95%E6%94%AF%E6%8F%B4%E8%A3%9C%E5%8A%A9%E9%87%91"
"91692","http://www.town.ikawa.akita.jp/docs/2025032700030/file_contents/Ikwminoripanf.pdf","https://www.town.ikawa.akita.jp/docs/2025032700030/ | http://www.town.ikawa.akita.jp/docs/2025032700030/file_contents/Ikwminoripanf.pdf"
"91694","https://www.city.adachi.tokyo.jp/chusho/shigoto/chushokigyo/2022ho-mupe-zisakusei-koushinhozyokin.html","https://www.city.adachi.tokyo.jp/chusho/shigoto/chushokigyo/2022ho-mupe-zisakusei-koushinhozyokin.html"
"91702","https://www.town.tadami.lg.jp/information/2025/03/27/R7PR.pdf","https://www.town.tadami.lg.jp/information/2025/03/005385.html | https://www.town.tadami.lg.jp/information/2025/03/27/R7PR.pdf"
"91701","https://www.town.tadami.lg.jp/information/2025/03/27/R7PR.pdf","https://www.town.tadami.lg.jp/information/2025/03/005385.html | https://www.town.tadami.lg.jp/information/2025/03/27/R7PR.pdf"
"91705","https://www.town.tadami.lg.jp/information/2025/03/27/R7PR.pdf","https://www.town.tadami.lg.jp/information/2025/03/005385.html | https://www.town.tadami.lg.jp/information/2025/03/27/R7PR.pdf"
"91709","https://www.city.amakusa.kumamoto.jp/kiji00313023/index.html","https://www.city.amakusa.kumamoto.jp/kiji00313023/index.html | https://www.city.amakusa.kumamoto.jp/dynamic/entry/pub/AnsForm.aspx?c_id=28&entry_ins=28"
"91706","https://www.pref.fukui.lg.jp/doc/021037/jinzaikakuho/gaikokujinzai_d/fil/tirasi.pdf","https://www.pref.fukui.lg.jp/doc/021037/jinzaikakuho/gaikokujinzai.html | https://www.pref.fukui.lg.jp/doc/021037/jinzaikakuho/gaikokujinzai_d/fil/tirasi.pdf"
"91707","https://www.town.tadami.lg.jp/information/2025/03/27/R7PR.pdf","https://www.town.tadami.lg.jp/information/2025/03/005385.html | https://www.town.tadami.lg.jp/information/2025/03/27/R7PR.pdf"
"91711","https://kyotango.kyoto-fsci.or.jp/news/p10632/","https://kyotango.kyoto-fsci.or.jp/news/p10632/"
"91722","https://www.city.yokkaichi.lg.jp/www/contents/1678774910889/index.html","https://www.city.yokkaichi.lg.jp/www/contents/1678774910889/index.html"
"91719","https://www.city.adachi.tokyo.jp/documents/71531/jigyousyoukeitirasi.pdf","https://www.city.adachi.tokyo.jp/chusho/jigyousyoukeijoseikin.html | https://www.city.adachi.tokyo.jp/documents/71531/jigyousyoukeitirasi.pdf"
"91726","https://www.sinonsen.com/cat-management/2837/","https://www.sinonsen.com/cat-management/2837/"
"91727","https://www.city.muroran.lg.jp/business/?content=7668","https://www.city.muroran.lg.jp/business/?content=7668"
"91731","https://www.town.katsuragi.wakayama.jp/040/040/020/2025-0219-1413-30.html","https://www.town.katsuragi.wakayama.jp/040/040/020/2025-0219-1413-30.html"
"91735","https://www.pref.akita.lg.jp/pages/archive/88103","https://www.pref.akita.lg.jp/pages/archive/88103"
"91738","https://www.city.nagahama.lg.jp/0000015413.html","https://www.city.nagahama.lg.jp/0000015413.html"
"91736","https://www.city.tsukumi.oita.jp/soshiki/25/29615.html","https://www.city.tsukumi.oita.jp/soshiki/25/29615.html | https://www.city.tsukumi.oita.jp/form/detail.php?sec_sec1=25&inq=03&lif_id=29615&check"
"91740","https://www.city.moka.lg.jp/kakuka/nosei/gyomu/nogyo/hojo/24591.html","https://www.city.moka.lg.jp/kakuka/nosei/gyomu/nogyo/hojo/24591.html"
"91747","https://www.murotech.or.jp/wordpress/wp-content/uploads/2025/03/CN_chirashi.pdf","https://www.murotech.or.jp/enterprise_support/%e4%b8%ad%e5%b0%8f%e4%bc%81%e6%a5%ad%e3%82%ab%e3%83%bc%e3%83%9c%e3%83%b3%e3%83%8b%e3%83%a5%e3%83%bc%e3%83%88%e3%83%a9%e3%83%ab%e4%bf%83%e9%80%b2%e6%94%af%e6%8f%b4%e4%ba%8b%e6%a5%ad-2 | https://www.murotech.or.jp/wordpress/wp-content/uploads/2025/03/CN_chirashi.pdf"
"91748","https://www.city.kyoto.lg.jp/tokei/cmsfiles/contents/0000338/338190/leaflet.pdf","https://www.city.kyoto.lg.jp/tokei/page/0000338190.html | https://www.city.kyoto.lg.jp/tokei/cmsfiles/contents/0000338/338190/leaflet.pdf"
"91757","https://www.pref.kagawa.lg.jp/documents/12224/r7ninaitesiensesakugaido.pdf#page=7","https://www.maff.go.jp/j/g_biki/hojyo/kenbetu/230421_23.html | https://www.pref.kagawa.lg.jp/documents/12224/r7ninaitesiensesakugaido.pdf#page=7"
"91760","https://www.town.oe.yamagata.jp/government/living-environment/kenchiku-shien/304","https://www.town.oe.yamagata.jp/government/living-environment/kenchiku-shien/304"
"91765","https://www.city.marugame.lg.jp/page/33375.html","https://www.city.marugame.lg.jp/page/33375.html"
"91769","https://www.nice-o.or.jp/support/support-62109/","https://www.nice-o.or.jp/support/support-62109/ | https://www.nice-o.or.jp/"
"91768","https://www.nice-o.or.jp/wp-content/uploads/2021/04/%E5%B0%82%E9%96%80%E5%AE%B6%E6%B4%BE%E9%81%A3%E4%BA%8B%E6%A5%AD_A4_%E3%83%81%E3%83%A9%E3%82%B7.pdf","https://www.nice-o.or.jp/support/support-62112/ | https://www.nice-o.or.jp/wp-content/uploads/2021/04/%E5%B0%82%E9%96%80%E5%AE%B6%E6%B4%BE%E9%81%A3%E4%BA%8B%E6%A5%AD_A4_%E3%83%81%E3%83%A9%E3%82%B7.pdf"
"91767","https://www.city.kameyama.mie.jp/docs/2025031900028/file_contents/chirashi.pdf","https://www.city.kameyama.mie.jp/docs/2025031900028/ | https://www.city.kameyama.mie.jp/docs/2025031900028/file_contents/chirashi.pdf"
"91771","https://www.nice-o.or.jp/support/support-62103/","https://www.nice-o.or.jp/support/support-62103/ | https://www.nice-o.or.jp/"
"91770","https://www.town.kunneppu.hokkaido.jp/life/norinsyoko/sinkisyunousien.html","https://www.town.kunneppu.hokkaido.jp/life/norinsyoko/sinkisyunousien.html"
"91775","https://www.pref.mie.lg.jp/UD/HP/000258501_00010.htm","https://www.pref.mie.lg.jp/UD/HP/000258501_00010.htm"
"91777","https://www.vill.tsumagoi.gunma.jp/www/contents/1742981107234/index.html","https://www.vill.tsumagoi.gunma.jp/www/contents/1742981107234/index.html"
"91782","https://www.hataraku.metro.tokyo.lg.jp/shogai/josei/%E3%83%81%E3%83%A9%E3%82%B7.pdf","https://www.hataraku.metro.tokyo.lg.jp/shogai/josei/start/ | https://www.hataraku.metro.tokyo.lg.jp/shogai/josei/%E3%83%81%E3%83%A9%E3%82%B7.pdf"
"91780","https://www.pref.nagano.lg.jp/kodomo-katei/hoiku/hoikusi-kahaisien.html","https://www.pref.nagano.lg.jp/kodomo-katei/hoiku/hoikusi-kahaisien.html"
"91784","https://www.city.toyota.aichi.jp/jigyousha/kigyoyuchi/1063650/index.html","https://www.city.toyota.aichi.jp/jigyousha/kigyoyuchi/1063650/index.html | https://www.city.toyota.aichi.jp/cgi-bin/contacts/ag11"
"91789","https://www.pref.fukushima.lg.jp/uploaded/life/817803_2365210_misc.pdf","https://www.pref.fukushima.lg.jp/sec/36035d/rakunoushiryou.html | https://www.pref.fukushima.lg.jp/uploaded/life/817803_2365210_misc.pdf | https://www.pref.fukushima.lg.jp/uploaded/life/817803_2365208_misc.pdf"
"91785","https://www.tokyo-co2down.jp/wp-content/uploads/2025/06/zeroemi_leaflet_20250609.pdf","https://www.tokyo-co2down.jp/subsidy/zeroemi-shoene | https://www.tokyo-co2down.jp/wp-content/uploads/2025/06/zeroemi_leaflet_20250609.pdf"
"91792","https://www.shigaplaza.or.jp/wp-content/uploads/2025/04/%E4%B8%AD%E5%B0%8F%E4%BC%81%E6%A5%AD%E7%89%88SBT%E8%AA%8D%E5%AE%9A%E5%8F%96%E5%BE%97%E6%94%AF%E6%8F%B4%E4%BA%8B%E6%A5%AD_%E5%AE%9F%E6%96%BD%E8%A6%81%E9%A0%98.pdf","https://www.shigaplaza.or.jp/news/hojokin_co2_sbt/ | https://www.shigaplaza.or.jp/wp-content/uploads/2025/04/%E4%B8%AD%E5%B0%8F%E4%BC%81%E6%A5%AD%E7%89%88SBT%E8%AA%8D%E5%AE%9A%E5%8F%96%E5%BE%97%E6%94%AF%E6%8F%B4%E4%BA%8B%E6%A5%AD_%E5%AE%9F%E6%96%BD%E8%A6%81%E9%A0%98.pdf"
"91800","https://www.city.toyota.aichi.jp/jigyousha/kigyoyuchi/1063649/1065037.html","https://www.city.toyota.aichi.jp/jigyousha/kigyoyuchi/1063649/1065037.html | https://www.city.toyota.aichi.jp/cgi-bin/contacts/ag11"
"91795","https://www.city.toyota.aichi.jp/jigyousha/kigyoyuchi/1026482/1063651/index.html","https://www.city.toyota.aichi.jp/jigyousha/kigyoyuchi/1026482/1063651/index.html | https://www.city.toyota.aichi.jp/cgi-bin/contacts/ag11"
"91807","https://www.city.sasebo.lg.jp/hokenhukusi/seikat/r3tiikineko.html","https://www.city.sasebo.lg.jp/hokenhukusi/seikat/r3tiikineko.html | https://www.city.sasebo.lg.jp/cgi-bin/simple_faq/form.cgi"
"91801","https://www.town.takahata.yamagata.jp/material/files/group/26/1yuusetuzai.pdf","https://www.town.takahata.yamagata.jp/soshikiichiran/norinshinkoka/hojojigyou/4299.html | https://www.town.takahata.yamagata.jp/material/files/group/26/1yuusetuzai.pdf"
"91802","https://www.city.toyota.aichi.jp/jigyousha/kigyoyuchi/1063649/1065055.html","https://www.city.toyota.aichi.jp/jigyousha/kigyoyuchi/1063649/1065055.html | https://www.city.toyota.aichi.jp/cgi-bin/contacts/ag11"
"91820","https://www.city.zentsuji.kagawa.jp/soshiki/9/kyoseishujutsu.html","https://www.city.zentsuji.kagawa.jp/soshiki/9/kyoseishujutsu.html"
"91808","https://www.pref.iwate.jp/_res/projects/default_project/_page_/001/067/114/r7shoeneleaflet.pdf","https://www.pref.iwate.jp/kurashikankyou/gx/ontai/1067114.html | https://www.pref.iwate.jp/_res/projects/default_project/_page_/001/067/114/r7shoeneleaflet.pdf"
"91825","https://www.town.hikawa.kumamoto.jp/kiji0036233/index.html","https://www.town.hikawa.kumamoto.jp/kiji0036233/index.html"
"91830","https://www.city.kitakami.iwate.jp/material/files/group/22/sapo-totirashi.pdf","https://www.city.kitakami.iwate.jp/life/soshikikarasagasu/sangyokoyoshienka/kogyokakari/3/21762.html | https://www.city.kitakami.iwate.jp/material/files/group/22/sapo-totirashi.pdf"
"91831","https://www.kuriharacity.jp/w018/030/030/yuukiJASsyutokusyourei/PAGE000000000000011961.html","https://www.kuriharacity.jp/w018/030/030/yuukiJASsyutokusyourei/PAGE000000000000011961.html"
"91834","https://www.kuriharacity.jp/w019/030/001/005/PAGE000000000000004765.html","https://www.kuriharacity.jp/w019/030/001/005/PAGE000000000000004765.html"
"91836","https://www.kuriharacity.jp/w018/030/030/008/PAGE000000000000004767.html","https://www.kuriharacity.jp/w018/030/030/008/PAGE000000000000004767.html"
"91837","https://www.town.nagaizumi.lg.jp/material/files/group/12/jinzaikakuho.pdf","https://www.town.nagaizumi.lg.jp/work_industry/for_enterprises/11348.html | https://www.town.nagaizumi.lg.jp/material/files/group/12/jinzaikakuho.pdf"
"91838","https://www.kuriharacity.jp/w018/030/030/006/PAGE000000000000004766.html","https://www.kuriharacity.jp/w018/030/030/006/PAGE000000000000004766.html"
"91839","http://www.city.ryugasaki.ibaraki.jp/shisei/machi-hito/koukousei-hojo.html","http://www.city.ryugasaki.ibaraki.jp/shisei/machi-hito/koukousei-hojo.html"
"91842","https://www.pref.kanagawa.jp/docs/jf2/r7_shoukei.html","https://www.pref.kanagawa.jp/docs/jf2/r7_shoukei.html"
"91840","https://www.kuriharacity.jp/w010/020/050/001/PAGE000000000000004750.html","https://www.kuriharacity.jp/w010/020/050/001/PAGE000000000000004750.html"
"91846","https://www.town.ogawara.miyagi.jp/5347.htm","https://www.town.ogawara.miyagi.jp/5347.htm"
"91843","https://www.town.ogawara.miyagi.jp/5398.htm","https://www.town.ogawara.miyagi.jp/5398.htm"
"91853","https://www.miraizaidan.or.jp/general_public/relief_grants/2025/01.html","https://www.miraizaidan.or.jp/general_public/relief_grants/2025/01.html | https://www.miraizaidan.or.jp/"
"91859","https://tochigi-kaigaiyukyaku-zouseisien.com/","https://tochigi-kaigaiyukyaku-zouseisien.com/"
"91867","https://www.pref.ehime.jp/page/9188.html","https://www.pref.ehime.jp/page/9188.html"
"91865","https://www.city.kyoto.lg.jp/ukyo/page/0000337880.html","https://www.city.kyoto.lg.jp/ukyo/page/0000337880.html"
"91871","https://www.pref.ehime.jp/page/9190.html","https://www.pref.ehime.jp/page/9190.html"
"91880","https://www.pref.ishikawa.lg.jp/muse/documents/noto_bunka_qa.pdf","https://www.pref.ishikawa.lg.jp/muse/noto_bunka.html | https://www.pref.ishikawa.lg.jp/muse/documents/noto_bunka_qa.pdf | https://www.pref.ishikawa.lg.jp/muse/documents/noto_bunka.pdf"
"91886","http://www.town.ohi.fukui.jp/1002/1209/100/p24853.html","http://www.town.ohi.fukui.jp/1002/1209/100/p24853.html"
"91890","https://www.pref.ehime.jp/page/106054.html","https://www.pref.ehime.jp/page/106054.html"
"91893","https://www.pref.kochi.lg.jp/doc/2025022800481/","https://www.pref.kochi.lg.jp/doc/2025022800481/"
"91897","https://www.pref.toyama.jp/130331/sangyou/roudou/roudoukoyou/ikukyuhojo.html","https://www.pref.toyama.jp/130331/sangyou/roudou/roudoukoyou/ikukyuhojo.html | https://www.pref.toyama.jp/cgi-bin/simple_faq/form.cgi"
"91901","https://www.pref.osaka.lg.jp/documents/104952/chirashi.pdf","https://www.pref.osaka.lg.jp/o110110/01jinzai_jinnzaiikuseisienhojokin.html | https://www.pref.osaka.lg.jp/documents/104952/chirashi.pdf"
"91902","https://www.kesennuma.miyagi.jp/sec/s096/57/20190426182042.html","https://www.kesennuma.miyagi.jp/sec/s096/57/20190426182042.html"
"91907","https://www.tomioka-town.jp/uploaded/attachment/6354.pdf","https://www.tomioka-town.jp/soshiki/kenkodukuri/6985.html | https://www.tomioka-town.jp/uploaded/attachment/6354.pdf"
"91908","https://www.chusho.meti.go.jp/zaimu/zeisei/syotokukakudai/chinnagesokushinzeisei2024.pdf","https://www.chusho.meti.go.jp/zaimu/zeisei/syotokukakudai.html | https://www.chusho.meti.go.jp/zaimu/zeisei/syotokukakudai/chinnagesokushinzeisei2024.pdf"
"91910","https://www.tokyo-co2down.jp/wp-content/uploads/2025/07/r7fcbus_leaflet_20250723.pdf","https://www.tokyo-co2down.jp/subsidy/fc-bus-2 | https://www.tokyo-co2down.jp/wp-content/uploads/2025/07/r7fcbus_leaflet_20250723.pdf"
"91909","https://www.city.marugame.lg.jp/uploaded/attachment/20992.pdf","https://www.city.marugame.lg.jp/page/31102.html | https://www.city.marugame.lg.jp/uploaded/attachment/20992.pdf"
"91911","https://www.city.kasai.hyogo.jp/soshiki/30/50846.html","https://www.city.kasai.hyogo.jp/soshiki/30/50846.html"
"91914","https://www.tokyo-co2down.jp/subsidy/fc_truck_fuelcost","https://www.tokyo-co2down.jp/subsidy/fc_truck_fuelcost | https://www.tokyo-co2down.jp/press/20250359204.html"
"91913","https://www.town.sera.hiroshima.jp/soshiki/4/13805.html","https://www.town.sera.hiroshima.jp/soshiki/4/13805.html | https://www.town.sera.hiroshima.jp/form/detail.php?sec_sec1=4&inq=03&lif_id=13805&check"
"91915","https://www.tokyo-co2down.jp/press/20250359204.html","https://www.tokyo-co2down.jp/press/20250359204.html | https://www.tokyo-co2down.jp/subsidy/fc-bus-2"
"91916","https://www.tokyo-co2down.jp/subsidy/fc-forklift","https://www.tokyo-co2down.jp/subsidy/fc-forklift"
"91918","https://www.city.tottori.lg.jp/www/contents/1743329780720/index.html","https://www.city.tottori.lg.jp/www/contents/1743329780720/index.html | https://www.city.tottori.lg.jp/inquiry/mailform"
"91919","https://www.town.motoyama.kochi.jp/soshikikarasagasu/seisakukikakuka/iju_teiju/2534.html","https://www.town.motoyama.kochi.jp/soshikikarasagasu/seisakukikakuka/iju_teiju/2534.html"
"91920","https://www.city.takamatsu.kagawa.jp/jigyosha/sangyou/shoukougyou/seityousokushin/jinzaiikusei.files/tirasi.pdf","https://www.city.takamatsu.kagawa.jp/jigyosha/sangyou/shoukougyou/seityousokushin/jinzaiikusei.html | https://www.city.takamatsu.kagawa.jp/jigyosha/sangyou/shoukougyou/seityousokushin/jinzaiikusei.files/tirasi.pdf"
"91921","https://www.tokyo-co2down.jp/wp-content/uploads/2025/03/r7_chisan_sokushin_press_20250331-2.pdf","https://www.tokyo-co2down.jp/subsidy/chisan-hachiken2 | https://www.tokyo-co2down.jp/wp-content/uploads/2025/03/r7_chisan_sokushin_press_20250331-2.pdf"
"91923","http://www.town.itano.tokushima.jp/docs/2017040700447/#:~:text=%E8%B3%87%E6%BA%90%E3%81%94%E3%81%BF%E5%9B%9E%E5%8F%8E%E5%9B%A3%E4%BD%93%E5%A0%B1%E5%84%9F%E9%87%91","http://www.town.itano.tokushima.jp/docs/2017040700447/#:~:text=%E8%B3%87%E6%BA%90%E3%81%94%E3%81%BF%E5%9B%9E%E5%8F%8E%E5%9B%A3%E4%BD%93%E5%A0%B1%E5%84%9F%E9%87%91"
"91930","https://www.tokyo-co2down.jp/subsidy/saiene-offsite2","https://www.tokyo-co2down.jp/subsidy/saiene-offsite2"
"91924","http://www.town.itano.tokushima.jp/docs/2017040700447/#:~:text=%E6%8E%92%E6%B0%B4%E8%B7%AF%E3%80%81%E5%81%B4%E6%BA%9D%E7%AD%89%E3%81%AE%E6%B8%85%E6%8E%83%E6%99%82%E3%81%AE%E8%A3%9C%E5%8A%A9%E9%87%91","http://www.town.itano.tokushima.jp/docs/2017040700447/#:~:text=%E6%8E%92%E6%B0%B4%E8%B7%AF%E3%80%81%E5%81%B4%E6%BA%9D%E7%AD%89%E3%81%AE%E6%B8%85%E6%8E%83%E6%99%82%E3%81%AE%E8%A3%9C%E5%8A%A9%E9%87%91"
"91931","https://www.town.suo-oshima.lg.jp/soshiki/11/2708.html","https://www.town.suo-oshima.lg.jp/soshiki/11/2708.html"
"91939","https://www.city.nagato.yamaguchi.jp/soshiki/9/58927.html","https://www.city.nagato.yamaguchi.jp/soshiki/9/58927.html"
"91936","https://www.city.nagato.yamaguchi.jp/soshiki/8/58517.html","https://www.city.nagato.yamaguchi.jp/soshiki/8/58517.html"
"91940","https://www.yurihama.jp/soshiki/10/21497.html","https://www.yurihama.jp/soshiki/10/21497.html"
"91942","https://www.town.kuzumaki.lg.jp/docs/2015110600215/","https://www.town.kuzumaki.lg.jp/docs/2015110600215/ | https://www.town.kuzumaki.lg.jp/docs/2025033100013/file_contents/R7_kuzumaki_syoukou_kannkou_hojokin.pdf#page=2"
"91943","https://www.city.nagato.yamaguchi.jp/uploaded/attachment/34342.pdf","https://www.city.nagato.yamaguchi.jp/soshiki/8/43178.html | https://www.city.nagato.yamaguchi.jp/uploaded/attachment/34342.pdf"
"91945","https://www.city.hofu.yamaguchi.jp/soshiki/24/hanrokaitaku.html","https://www.city.hofu.yamaguchi.jp/soshiki/24/hanrokaitaku.html"
"91948","https://www.city.hofu.yamaguchi.jp/uploaded/attachment/138630.pdf","https://www.city.hofu.yamaguchi.jp/soshiki/27/usuichoryuushinntoushisetu.html | https://www.city.hofu.yamaguchi.jp/uploaded/attachment/138630.pdf"
"91949","https://www.town.taka.lg.jp/information/detail/id=39465","https://www.town.taka.lg.jp/information/detail/id=39465"
"91950","https://www.city.yubari.lg.jp/uploaded/life/7008_12968_misc.pdf","https://www.city.yubari.lg.jp/soshiki/3/7008.html | https://www.city.yubari.lg.jp/uploaded/life/7008_12968_misc.pdf"
"91951","https://www.tokyo-co2down.jp/wp-content/uploads/2025/03/gsuiso_r7press.pdf","https://www.tokyo-co2down.jp/subsidy/green_hydrogen | https://www.tokyo-co2down.jp/wp-content/uploads/2025/03/gsuiso_r7press.pdf | https://www.tokyo-co2down.jp/wp-content/uploads/2025/05/gsuiso_leaflet_20250523.pdf | https://www.tokyo-co2down.jp/subsidy/modelplan"
"91953","https://www.city.aomori.aomori.jp/shisei/shiminkyoudou_jinken_heiwa/1006025/1006032/1006033.html","https://www.city.aomori.aomori.jp/shisei/shiminkyoudou_jinken_heiwa/1006025/1006032/1006033.html | https://www.city.aomori.aomori.jp/cgi-crm/CRM030/CRM030_001/G170500/1006033"
"91954","https://www.city.anjo.aichi.jp/zigyo/syoko/carbonneutral/documents/r7cnleaflet.pdf","https://www.city.anjo.aichi.jp/zigyo/syoko/carbonneutral/202441carbonneutral.html | https://www.city.anjo.aichi.jp/zigyo/syoko/carbonneutral/documents/r7cnleaflet.pdf | https://www.city.anjo.aichi.jp/cgi-bin/faq/form.cgi"
"91956","https://www.town.onga.lg.jp/soshiki/12/1365.html","https://www.town.onga.lg.jp/soshiki/12/1365.html | https://www.town.onga.lg.jp/form/detail.php?sec_sec1=12&inq=04&lif_id=67797&check"
"91958","https://www.metro.tokyo.lg.jp/information/press/2025/03/2025033159","https://www.tokyo-co2down.jp/subsidy/ev | https://www.tokyo-co2down.jp/wp-content/uploads/2025/03/ZEV_Topics_20250331_Ver3.pdf | https://www.metro.tokyo.lg.jp/information/press/2025/03/2025033159"
"91962","https://www.tokyo-co2down.jp/wp-content/uploads/2025/03/greenhydrogen_equipment_press_v2_20250331.pdf","https://www.tokyo-co2down.jp/subsidy/green-hydrogen-equipment | https://www.tokyo-co2down.jp/wp-content/uploads/2025/03/greenhydrogen_equipment_press_v2_20250331.pdf"
"91961","https://www.maoi-net.jp/files/00004300/00004350/%E9%95%B7%E6%B2%BC%E7%94%BA%E7%89%B9%E7%94%A3%E5%93%81%E3%83%97%E3%83%AD%E3%83%A2%E3%83%BC%E3%82%B7%E3%83%A7%E3%83%B3%E6%94%AF%E6%8F%B4%E4%BA%8B%E6%A5%AD%E8%A3%9C%E5%8A%A9%E9%87%91%E6%A6%82%E8%A6%81.pdf","https://www.maoi-net.jp/gyosei/machizukuri/tokusanhinpromotion.html | https://www.maoi-net.jp/files/00004300/00004350/%E9%95%B7%E6%B2%BC%E7%94%BA%E7%89%B9%E7%94%A3%E5%93%81%E3%83%97%E3%83%AD%E3%83%A2%E3%83%BC%E3%82%B7%E3%83%A7%E3%83%B3%E6%94%AF%E6%8F%B4%E4%BA%8B%E6%A5%AD%E8%A3%9C%E5%8A%A9%E9%87%91%E6%A6%82%E8%A6%81.pdf"
"91959","https://www.city.yamaguchi.lg.jp/uploaded/attachment/105757.pdf","https://www.city.yamaguchi.lg.jp/soshiki/63/173607.html | https://www.city.yamaguchi.lg.jp/uploaded/attachment/105757.pdf"
"91964","https://www.city.yamaguchi.lg.jp/uploaded/attachment/106608.pdf","https://www.city.yamaguchi.lg.jp/soshiki/63/172562.html | https://www.city.yamaguchi.lg.jp/uploaded/attachment/106608.pdf"
"91966","https://www.tokyo-co2down.jp/wp-content/uploads/2025/03/zeroemibill_press_20250331_v2.pdf","https://www.tokyo-co2down.jp/subsidy/zeroemi-building-sme | https://www.tokyo-co2down.jp/wp-content/uploads/2025/03/zeroemibill_press_20250331_v2.pdf"
"91968","https://www.town.niseko.lg.jp/information/11282","https://www.town.niseko.lg.jp/information/11282"
"91971","https://www.city.himeji.lg.jp/sangyo/cmsfiles/contents/0000030/30444/gaiyou.pdf","https://www.city.himeji.lg.jp/sangyo/0000030444.html | https://www.city.himeji.lg.jp/sangyo/cmsfiles/contents/0000030/30444/gaiyou.pdf | https://www.city.himeji.lg.jp/module/shareform.php?so_cd=7-11-3-0-0"
"91974","https://www.tokyo-co2down.jp/wp-content/uploads/2024/07/waste-heat-utilization_leaflet_20240708.pdf","https://www.tokyo-co2down.jp/subsidy/waste-heat-utilization | https://www.tokyo-co2down.jp/wp-content/uploads/2024/07/waste-heat-utilization_leaflet_20240708.pdf"
"91975","https://www.city.takasago.lg.jp/soshikikarasagasu/shogaigakushuka/bunkazai/6981.html","https://www.city.takasago.lg.jp/soshikikarasagasu/shogaigakushuka/bunkazai/6981.html | https://www.city.takasago.lg.jp/cgi-bin/inquiry.php/24?page_no=6981"
"91979","https://www.city.takasago.lg.jp/soshikikarasagasu/shogaigakushuka/bunkazai/6981.html","https://www.city.takasago.lg.jp/soshikikarasagasu/shogaigakushuka/bunkazai/6981.html | https://www.city.takasago.lg.jp/cgi-bin/inquiry.php/24?page_no=6981"
"91981","https://www.town.kumamoto-kashima.lg.jp/q/aview/131/5068.html","https://www.town.kumamoto-kashima.lg.jp/q/aview/131/5068.html"
"91982","https://www.city.amakusa.kumamoto.jp/kiji00313038/3_13038_67307_up_rh5x6doj.pdf","https://www.city.amakusa.kumamoto.jp/kiji00313038/index.html | https://www.city.amakusa.kumamoto.jp/kiji00313038/3_13038_67307_up_rh5x6doj.pdf"
"91984","https://www.town.kawagoe.mie.jp/gyousei/keikaku/1002082/1002709.html","https://www.town.kawagoe.mie.jp/gyousei/keikaku/1002082/1002709.html"
"91987","https://www.town.aichi-higashiura.lg.jp/soshiki/kankyo/kankyomana/gyomu/kakusyuhozyokin/1452566813358.html","https://www.town.aichi-higashiura.lg.jp/soshiki/kankyo/kankyomana/gyomu/kakusyuhozyokin/1452566813358.html"
"91988","https://www.town.aichi-higashiura.lg.jp/soshiki/manabi/shogaigakushu/gyomu/14634.html","https://www.town.aichi-higashiura.lg.jp/soshiki/manabi/shogaigakushu/gyomu/14634.html"
"91994","https://www.city.yatsushiro.lg.jp/kiji00319973/3_19973_136013_up_45jbd5wn.pdf","https://www.city.yatsushiro.lg.jp/kiji00319973/index.html | https://www.city.yatsushiro.lg.jp/kiji00319973/3_19973_136013_up_45jbd5wn.pdf"
"91993","https://www.city.kobe.lg.jp/documents/8147/20250326102240.pdf","https://www.city.kobe.lg.jp/a45623/business/kowanjigyo/cargoincentives.html#p2 | https://www.city.kobe.lg.jp/documents/8147/20250326102240.pdf | https://www.city.kobe.lg.jp/cgi-bin/faq/form.cgi"
"91989","https://www.pref.kochi.lg.jp/doc/2025030400277/file_contents/file_20253274155033_1.pdf","https://www.pref.kochi.lg.jp/doc/2025030400277/ | https://www.pref.kochi.lg.jp/doc/2025030400277/file_contents/file_20253274155033_1.pdf"
"91998","https://www.pref.yamaguchi.lg.jp/uploaded/attachment/207098.pdf","https://www.pref.yamaguchi.lg.jp/soshiki/105/297474.html | https://www.pref.yamaguchi.lg.jp/uploaded/attachment/207098.pdf"
"92004","https://www.city.kobe.lg.jp/documents/8147/20250325184527.pdf","https://www.city.kobe.lg.jp/a45623/business/kowanjigyo/cargoincentives.html#p7 | https://www.city.kobe.lg.jp/documents/8147/20250325184527.pdf"
"92000","https://www.pref.niigata.lg.jp/site/chiikishinko/0734201.html","https://www.pref.niigata.lg.jp/site/chiikishinko/0734201.html"
"92006","https://www.city.kobe.lg.jp/documents/8147/20250325185804.pdf","https://www.city.kobe.lg.jp/a45623/business/kowanjigyo/cargoincentives.html#p8 | https://www.city.kobe.lg.jp/documents/8147/20250325185804.pdf"
"92008","https://www.teitanso.or.jp/tf7/","https://www.teitanso.or.jp/tf7/"
"92015","https://www.city.saga.lg.jp/main/30727.html","https://www.city.saga.lg.jp/main/30727.html"
"92020","https://www.city.kami.lg.jp/soshiki/31-1/tunagumori.html","https://www.city.kami.lg.jp/soshiki/31-1/tunagumori.html"
"92021","https://www.city.ama.aichi.jp/kurashi/safety/bousai/1010147.html","https://www.city.ama.aichi.jp/kurashi/safety/bousai/1010147.html"
"92022","http://www.town.takahama.fukui.jp/page/bousai/p008279.html","http://www.town.takahama.fukui.jp/page/bousai/p008279.html"
"92026","https://www.city.ama.aichi.jp/kurashi/safety/bouhann/1010151.html","https://www.city.ama.aichi.jp/kurashi/safety/bouhann/1010151.html"
"92024","https://www.tokyo-co2down.jp/wp-content/uploads/2024/12/initial-cost0-zokyo_leaflet_2412.pdf","https://www.tokyo-co2down.jp/subsidy/initial-cost0-zokyo | https://www.tokyo-co2down.jp/wp-content/uploads/2024/12/initial-cost0-zokyo_leaflet_2412.pdf | https://www.tokyo-co2down.jp/wp-content/uploads/2025/03/initial-cost0_press_250331.pdf"
"92023","https://www.city.kochi.kochi.jp/soshiki/204/support2025.html","https://www.city.kochi.kochi.jp/soshiki/204/support2025.html"
"92028","https://www.city.ama.aichi.jp/kurashi/safety/1002299/1010152.html","https://www.city.ama.aichi.jp/kurashi/safety/1002299/1010152.html"
"92029","https://www.tokyo-co2down.jp/subsidy/kouri-saiene-2","https://www.tokyo-co2down.jp/subsidy/kouri-saiene-2"
"92030","https://www.city.matsue.lg.jp/material/files/group/26/R7_kanshinkoujou_youryou.pdf","https://www.city.matsue.lg.jp/soshikikarasagasu/sangyokeizaibu_matsuesangyoshiencenter/22480.html | https://www.city.matsue.lg.jp/material/files/group/26/R7_kanshinkoujou_youryou.pdf"
"92036","https://www.metro.tokyo.lg.jp/information/press/2025/03/2025033114","https://www.metro.tokyo.lg.jp/information/press/2025/03/2025033114 | https://www.tokyo-co2down.jp/wp-content/uploads/2025/03/01_R7_EVbattery.pdf"
"92057","https://www.tmf-zaidan.or.jp/application/application03.html","https://www.tmf-zaidan.or.jp/application/application03.html | https://www.tmf-zaidan.or.jp/"
"92056","https://www.pref.fukuoka.lg.jp/contents/nougyousien.html","https://www.pref.fukuoka.lg.jp/contents/nougyousien.html"
"92062","https://www.pref.fukuoka.lg.jp/uploaded/attachment/252157.pdf","https://www.pref.fukuoka.lg.jp/contents/greenasia-setsubitousi.html | https://www.pref.fukuoka.lg.jp/uploaded/attachment/252157.pdf"
"92068","https://www.city.takikawa.lg.jp/site/nosei01/2304.html#:~:text=%E3%82%92%E3%81%97%E3%81%BE%E3%81%99%E3%80%82-,(1,-)%E5%9C%B0%E5%9F%9F%E3%81%8A%E3%81%93%E3%81%97%E5%8D%94%E5%8A%9B%E9%9A%8A%E5%93%A1","https://www.city.takikawa.lg.jp/site/nosei01/2304.html#:~:text=%E3%82%92%E3%81%97%E3%81%BE%E3%81%99%E3%80%82-,(1,-)%E5%9C%B0%E5%9F%9F%E3%81%8A%E3%81%93%E3%81%97%E5%8D%94%E5%8A%9B%E9%9A%8A%E5%93%A1 | https://www.adhokkaido.or.jp/ninaite/_sys/wp-content/uploads/2022/01/R6%E6%BB%9D%E5%B7%9D%E5%B8%82.pdf"
"92067","https://www.city.takikawa.lg.jp/site/nosei01/2304.html","https://www.city.takikawa.lg.jp/site/nosei01/2304.html | https://www.adhokkaido.or.jp/ninaite/_sys/wp-content/uploads/2022/01/R6%E6%BB%9D%E5%B7%9D%E5%B8%82.pdf"
"92069","https://www.city.takikawa.lg.jp/site/nosei01/2304.html#:~:text=%E5%86%86%E3%81%A7%E5%8A%A9%E6%88%90-,(2,-)%E6%BB%9D%E5%B7%9D%E5%B8%82%E6%96%B0%E8%A6%8F","https://www.city.takikawa.lg.jp/site/nosei01/2304.html#:~:text=%E5%86%86%E3%81%A7%E5%8A%A9%E6%88%90-,(2,-)%E6%BB%9D%E5%B7%9D%E5%B8%82%E6%96%B0%E8%A6%8F"
"92075","https://prdurbanosichapp1.blob.core.windows.net/common-article/67e09c629ba69d6f20827cb2/01_%E4%BB%A4%E5%92%8C%EF%BC%97%E5%B9%B4%E5%BA%A6%E5%B8%82%E5%8E%9F%E5%B8%82%E4%BA%8B%E6%A5%AD%E8%80%85%E7%94%A8%E3%80%8C%E7%9C%81%E3%82%A8%E3%83%8D%E6%9C%80%E9%81%A9%E5%8C%96%E8%A8%BA%E6%96%AD%E3%80%8D%E5%8F%8A%E3%81%B3%E3%80%8C%E8%A8%AD%E5%82%99%E7%AD%89%E8%84%B1%E7%82%AD%E7%B4%A0%E5%8C%96%E4%BF%83%E9%80%B2%E3%80%8D%E8%A3%9C%E5%8A%A9%E9%87%91%E3%81%AE%E3%81%94%E6%A1%88%E5%86%85-1.pdf","https://www.city.ichihara.chiba.jp/article?articleId=67e09c629ba69d6f20827cb2 | https://prdurbanosichapp1.blob.core.windows.net/common-article/67e09c629ba69d6f20827cb2/01_%E4%BB%A4%E5%92%8C%EF%BC%97%E5%B9%B4%E5%BA%A6%E5%B8%82%E5%8E%9F%E5%B8%82%E4%BA%8B%E6%A5%AD%E8%80%85%E7%94%A8%E3%80%8C%E7%9C%81%E3%82%A8%E3%83%8D%E6%9C%80%E9%81%A9%E5%8C%96%E8%A8%BA%E6%96%AD%E3%80%8D%E5%8F%8A%E3%81%B3%E3%80%8C%E8%A8%AD%E5%82%99%E7%AD%89%E8%84%B1%E7%82%AD%E7%B4%A0%E5%8C%96%E4%BF%83%E9%80%B2%E3%80%8D%E8%A3%9C%E5%8A%A9%E9%87%91%E3%81%AE%E3%81%94%E6%A1%88%E5%86%85-1.pdf | https://prdurbanosichapp1.blob.core.windows.net/common-article/67e09c629ba69d6f20827cb2/04_FAQ.pdf"
"92074","https://www.pref.fukui.lg.jp/doc/rousei/kigyoushien/hito_toushi_d/fil/chirasi.pdf","https://www.pref.fukui.lg.jp/doc/rousei/kigyoushien/hito_toushi.html | https://www.pref.fukui.lg.jp/doc/rousei/kigyoushien/hito_toushi_d/fil/chirasi.pdf | https://forms.office.com/r/mdq1jzW4Sc"
"92078","https://www.city.ichihara.chiba.jp/article?articleId=67e09c629ba69d6f20827cb2","https://www.city.ichihara.chiba.jp/article?articleId=67e09c629ba69d6f20827cb2"
"92080","https://www.pref.fukui.lg.jp/doc/rousei/zyakunennginousya_d/fil/CHIRASHI.pdf","https://www.pref.fukui.lg.jp/doc/rousei/zyakunennginousya.html | https://www.pref.fukui.lg.jp/doc/rousei/zyakunennginousya_d/fil/CHIRASHI.pdf"
"92084","https://www.city.nakatsugawa.lg.jp/works/ci/4/33105.html","https://www.city.nakatsugawa.lg.jp/works/ci/4/33105.html"