policy_id,primary_url,all_urls
"87823","https://www.town.hasami.lg.jp/machi/kurashi/1_1/1/1/1167.html","https://www.town.hasami.lg.jp/machi/kurashi/1_1/1/1/1167.html"
"87825","https://www.city.himi.toyama.jp/gyosei/soshiki/norinchikusan/5/1805.html","https://www.city.himi.toyama.jp/gyosei/soshiki/norinchikusan/5/1805.html"
"87846","https://official.shinkamigoto.net/culturallandscapes.php?eid=00007&g=10&details=on","https://official.shinkamigoto.net/culturallandscapes.php?eid=00007&g=10&details=on"
"87835","https://www.vill.nishihara.kumamoto.jp/kiji0031551/index.html","https://www.vill.nishihara.kumamoto.jp/kiji0031551/index.html"
"87850","https://www.city.yokkaichi.lg.jp/www/contents/1712899438899/index.html","https://www.city.yokkaichi.lg.jp/www/contents/1712899438899/index.html"
"87854","https://www.city.yokkaichi.lg.jp/www/contents/1001000001359/index.html","https://www.city.yokkaichi.lg.jp/www/contents/1001000001359/index.html"
"87852","https://www.city.yokkaichi.lg.jp/www/contents/1588671535776/simple/omotenashi.pdf","https://www.city.yokkaichi.lg.jp/www/contents/1588671535776/index.html | https://www.city.yokkaichi.lg.jp/www/contents/1588671535776/simple/omotenashi.pdf"
"87856","https://www.city.himi.toyama.jp/gyosei/soshiki/norinchikusan/5/5737.html","https://www.city.himi.toyama.jp/gyosei/soshiki/norinchikusan/5/5737.html"
"87859","https://www.city.yokkaichi.lg.jp/www/contents/1001000001814/index.html","https://www.city.yokkaichi.lg.jp/www/contents/1001000001814/index.html"
"87857","https://www.city.yokkaichi.lg.jp/www/contents/1685491806115/index.html","https://www.city.yokkaichi.lg.jp/www/contents/1685491806115/index.html"
"87860","https://www.city.yokkaichi.lg.jp/www/contents/1538476680641/index.html","https://www.city.yokkaichi.lg.jp/www/contents/1538476680641/index.html"
"87861","https://www.city.yokkaichi.lg.jp/www/contents/1001000001544/index.html","https://www.city.yokkaichi.lg.jp/www/contents/1001000001544/index.html"
"87867","https://www.city.himi.toyama.jp/gyosei/soshiki/shinko/5/1/1615.html","https://www.city.himi.toyama.jp/gyosei/soshiki/shinko/5/1/1615.html"
"87878","https://www.town.samukawa.kanagawa.jp/soshiki/manabi/kosodatesienka/kodomokatei/info/teate_josei/18334.html","https://www.town.samukawa.kanagawa.jp/soshiki/manabi/kosodatesienka/kodomokatei/info/teate_josei/18334.html"
"87870","https://www.city.himi.toyama.jp/gyosei/soshiki/shinko/5/1/1637.html","https://www.city.himi.toyama.jp/gyosei/soshiki/shinko/5/1/1637.html"
"87882","https://www.city.ise.mie.jp/machi/keikan/1005049.html","https://www.city.ise.mie.jp/machi/keikan/1005049.html"
"87884","https://www.town.oiso.kanagawa.jp/soshiki/kyoiku/shogaigakushu/tanto/kodomokai/20814.html","https://www.town.oiso.kanagawa.jp/soshiki/kyoiku/shogaigakushu/tanto/kodomokai/20814.html"
"87885","https://www.city.ise.mie.jp/sangyo/nourin/nougyouhojo/1013782.html","https://www.city.ise.mie.jp/sangyo/nourin/nougyouhojo/1013782.html"
"87883","https://www.town.oiso.kanagawa.jp/soshiki/sangyokankoubu/sangyo/tanto/chushokigyo/1358491321702.html","https://www.town.oiso.kanagawa.jp/soshiki/sangyokankoubu/sangyo/tanto/chushokigyo/1358491321702.html"
"87887","https://www.city.ise.mie.jp/sangyo/syoukou/sangyoshien/1009569/1009573.html","https://www.city.ise.mie.jp/sangyo/syoukou/sangyoshien/1009569/1009573.html"
"87889","https://www.city.fukagawa.lg.jp/cms/section/kourei/ftsk200000000j21.html","https://www.city.fukagawa.lg.jp/cms/section/kourei/ftsk200000000j21.html"
"87891","https://www.city.fukagawa.lg.jp/cms/section/gakuspo/gm9h2g000000qmnw-att/gm9h2g000000r4c9.pdf","https://www.city.fukagawa.lg.jp/cms/section/gakuspo/gm9h2g000000qmnw.html | https://www.city.fukagawa.lg.jp/cms/section/gakuspo/gm9h2g000000qmnw-att/gm9h2g000000r4c9.pdf"
"87893","https://www.city.matsusaka.mie.jp/site/gomi-recycle/hojokin.html","https://www.city.matsusaka.mie.jp/site/gomi-recycle/hojokin.html"
"87895","https://www.city.matsusaka.mie.jp/soshiki/33/shinrinsagyoudou2024.html","https://www.city.matsusaka.mie.jp/soshiki/33/shinrinsagyoudou2024.html"
"87894","https://www.city.matsusaka.mie.jp/uploaded/attachment/40181.pdf","https://www.city.matsusaka.mie.jp/site/community-koutu/community-koutu-hojyokinkoufuseido.html | https://www.city.matsusaka.mie.jp/uploaded/attachment/40181.pdf"
"87896","https://www.city.fukagawa.lg.jp/cms/section/toshiken/ik75k4000000gxf9.html","https://www.city.fukagawa.lg.jp/cms/section/toshiken/ik75k4000000gxf9.html"
"87898","https://www.city.matsusaka.mie.jp/site/toshikeikaku/keikan-hojyo.html","https://www.city.matsusaka.mie.jp/site/toshikeikaku/keikan-hojyo.html"
"87899","https://www.city.namerikawa.toyama.jp/kosodate/4/1970.html","https://www.city.namerikawa.toyama.jp/kosodate/4/1970.html"
"87907","https://www.city.oita.oita.jp/o155/kazeimenzyo.html","https://www.city.oita.oita.jp/o155/kazeimenzyo.html"
"87910","https://www.city.aichi-miyoshi.lg.jp/kurashi_tetsuzuki/hojyokinmatome/kojinigai/kigyou/9398.html","https://www.city.aichi-miyoshi.lg.jp/kurashi_tetsuzuki/hojyokinmatome/kojinigai/kigyou/9398.html"
"87900","https://www.town.oiso.kanagawa.jp/soshiki/sangyokankoubu/kankyo/tanto/kankyou/seisaku/21979.html","https://www.town.oiso.kanagawa.jp/soshiki/sangyokankoubu/kankyo/tanto/kankyou/seisaku/21979.html"
"87912","https://www.city.takahashi.lg.jp/soshiki/16/syurououen.html","https://www.city.takahashi.lg.jp/soshiki/16/syurououen.html"
"87919","https://www.joho-miyagi.or.jp/business-menu/senmonkahaken","https://www.joho-miyagi.or.jp/business-menu/senmonkahaken"
"87921","https://www.city.adachi.tokyo.jp/juutaku/saftynet_koresha.html","https://www.city.adachi.tokyo.jp/juutaku/saftynet_koresha.html"
"87923","https://www.city.kawagoe.saitama.jp/sangyo/shushoku/chushokigyo/1012077.html","https://www.city.kawagoe.saitama.jp/sangyo/shushoku/chushokigyo/1012077.html"
"87930","https://www.city.kuwana.lg.jp/community/kurashi/chiikikatsudou/2-483-880-226-799.html","https://www.city.kuwana.lg.jp/community/kurashi/chiikikatsudou/2-483-880-226-799.html"
"87928","https://www.city.kuwana.lg.jp/documents/975/hozyokinnannnai.pdf","https://www.city.kuwana.lg.jp/syogai/kosodatekyouiku/seishounen/24-81250-308-717.html | https://www.city.kuwana.lg.jp/documents/975/hozyokinnannnai.pdf"
"87932","https://www.city.kuwana.lg.jp/community/kurashi/chiikikatsudou/machidukuri_kofukin.html","https://www.city.kuwana.lg.jp/community/kurashi/chiikikatsudou/machidukuri_kofukin.html"
"87931","https://www.city.namerikawa.toyama.jp/soshiki/16/3/2/688.html","https://www.city.namerikawa.toyama.jp/soshiki/16/3/2/688.html"
"87935","https://www.city.kakamigahara.lg.jp/internet/shinseisho/1004998/1023503.html","https://www.city.kakamigahara.lg.jp/internet/shinseisho/1004998/1023503.html"
"87938","https://www.city.namerikawa.toyama.jp/material/files/group/10/tirashi2.pdf","https://www.city.namerikawa.toyama.jp/soshiki/10/2/1/698.html | https://www.city.namerikawa.toyama.jp/material/files/group/10/tirashi2.pdf"
"87941","https://www.city.namerikawa.toyama.jp/soshiki/4/1/905.html","https://www.city.namerikawa.toyama.jp/soshiki/4/1/905.html"
"87942","https://www.city.suzuka.lg.jp/kurashi/safe/1001812/1001831/1001835.html","https://www.city.suzuka.lg.jp/kurashi/safe/1001812/1001831/1001835.html"
"87945","https://www.city.suzuka.lg.jp/_res/projects/default_project/_page_/001/012/863/01syobossisetutouhojyogaiyo.pdf","https://www.city.suzuka.lg.jp/kurashi/safe/1001843/1012863.html | https://www.city.suzuka.lg.jp/_res/projects/default_project/_page_/001/012/863/01syobossisetutouhojyogaiyo.pdf"
"87943","https://www.town.ninomiya.kanagawa.jp/0000000159.html","https://www.town.ninomiya.kanagawa.jp/0000000159.html"
"87944","https://www.pref.ishikawa.lg.jp/kyoiku/bunkazai/r6saigaihukkyu/documents/gaiyou.pdf","https://www.pref.ishikawa.lg.jp/kyoiku/bunkazai/r6saigaihukkyu/index.html | https://www.pref.ishikawa.lg.jp/kyoiku/bunkazai/r6saigaihukkyu/documents/gaiyou.pdf"
"87947","https://www.city.suzuka.lg.jp/sangyo/nousui/1003361/1003362.html","https://www.city.suzuka.lg.jp/sangyo/nousui/1003361/1003362.html"
"87954","https://www.city.suzuka.lg.jp/kurashi/safe/1001523/1001555/1001569.html","https://www.city.suzuka.lg.jp/kurashi/safe/1001523/1001555/1001569.html"
"87949","https://www.town.nakai.kanagawa.jp/soshiki/chiikibosaikachiikijohohan/juminkatsudo_community_kyodo/801.html","https://www.town.nakai.kanagawa.jp/soshiki/chiikibosaikachiikijohohan/juminkatsudo_community_kyodo/801.html"
"87955","https://www.city.suzuka.lg.jp/suido/1002289/1002302/1002218.html","https://www.city.suzuka.lg.jp/suido/1002289/1002302/1002218.html"
"87956","https://www.city.namerikawa.toyama.jp/soshiki/bousaikikikanri/2_1/3/jisyubousai/1000.html","https://www.city.namerikawa.toyama.jp/soshiki/bousaikikikanri/2_1/3/jisyubousai/1000.html"
"87957","https://www.city.suzuka.lg.jp/_res/projects/default_project/_page_/001/001/571/tsunami-01.pdf","https://www.city.suzuka.lg.jp/kurashi/safe/1001523/1001555/1001571.html | https://www.city.suzuka.lg.jp/_res/projects/default_project/_page_/001/001/571/tsunami-01.pdf"
"87965","https://www.city.sagae.yamagata.jp/kurashi/zei/koteishisanzei/gengakumenjyo/chiikikeizaisokushin.html","https://www.city.sagae.yamagata.jp/kurashi/zei/koteishisanzei/gengakumenjyo/chiikikeizaisokushin.html"
"87972","https://www.pref.nagano.lg.jp/shogai-shien/kenko/shogai/shuurou/ojt.html","https://www.pref.nagano.lg.jp/shogai-shien/kenko/shogai/shuurou/ojt.html"
"87976","https://www.town.tobetsu.hokkaido.jp/soshiki/syoukou/47960.html","https://www.town.tobetsu.hokkaido.jp/soshiki/syoukou/47960.html | https://www.town.tobetsu.hokkaido.jp/form/detail.php?sec_sec1=16&lif_id=48049&check"
"87991","https://www.town.kumatori.lg.jp/soshiki/kikaku_keiei/seisakukikaku/gyomu/furusato_oen/13743.html","https://www.town.kumatori.lg.jp/soshiki/kikaku_keiei/seisakukikaku/gyomu/furusato_oen/13743.html"
"87990","https://www.city.niiza.lg.jp/uploaded/attachment/63955.pdf","https://www.city.niiza.lg.jp/soshiki/33/r7shishuiban4.html | https://www.city.niiza.lg.jp/uploaded/attachment/63955.pdf"
"87981","https://www.city.furano.hokkaido.jp/life/docs/2015020100041.html","https://www.city.furano.hokkaido.jp/life/docs/2015020100041.html"
"88001","https://www.town.matsuzaki.shizuoka.jp/docs/2024122200016/","https://www.town.matsuzaki.shizuoka.jp/docs/2024122200016/"
"88020","https://www.city.fukui.lg.jp/sigoto/nourin/choujyu/p070972.html","https://www.city.fukui.lg.jp/sigoto/nourin/choujyu/p070972.html"
"88007","https://www.city.fukushima.fukushima.jp/syoukougyou-syougyou/shigoto/shogyo/shogyoshinko/documents/r7_1_flyer_machinaka.pdf","https://www.city.fukushima.fukushima.jp/syoukougyou-syougyou/shigoto/shogyo/shogyoshinko/r7_ivent_hojo.html | https://www.city.fukushima.fukushima.jp/syoukougyou-syougyou/shigoto/shogyo/shogyoshinko/documents/r7_1_flyer_machinaka.pdf | https://www.city.fukushima.fukushima.jp/syoukougyou-syougyou/shigoto/shogyo/shogyoshinko/documents/r7_2_flyer_zeniki.pdf"
"88022","https://kanazawa-hataraku.jp/employer/sinsenryoku/","https://kanazawa-hataraku.jp/employer/sinsenryoku/"
"88024","http://www.town.makubetsu.lg.jp/kenkou/fukushi/koureisyahukushi/keirougyouji.html","http://www.town.makubetsu.lg.jp/kenkou/fukushi/koureisyahukushi/keirougyouji.html"
"88025","https://www.mhlw.go.jp/content/11700000/001343864.pdf","https://www.mhlw.go.jp/stf/seisakunitsuite/bunya/sankosaigai.html | https://www.mhlw.go.jp/content/11700000/001343864.pdf | https://www.mhlw.go.jp/kouseiroudoushou/shozaiannai/roudoukyoku/index.html | https://www.mhlw.go.jp/stf/seisakunitsuite/bunya/koyou_roudou/koyou/hellowork.html | https://www.mhlw.go.jp/stf/seisakunitsuite/bunya/koyou_roudou/koyou/kyufukin/toiawase2.html"
"88053","https://www.town.shibayama.lg.jp/0000005870.html","https://www.town.shibayama.lg.jp/0000005870.html"
"88042","https://www.town.oiso.kanagawa.jp/soshiki/sangyokankoubu/sangyo/tanto/nourinsuisan/choujyuugai/choujyuuhigaitaisaku.html","https://www.town.oiso.kanagawa.jp/soshiki/sangyokankoubu/sangyo/tanto/nourinsuisan/choujyuugai/choujyuuhigaitaisaku.html"
"88050","https://www.city.kakamigahara.lg.jp/kenkofukushi/koureisha/1002457/1002465/1023496.html","https://www.city.kakamigahara.lg.jp/kenkofukushi/koureisha/1002457/1002465/1023496.html"
"88058","https://www.city.kameyama.mie.jp/docs/2017071100025/","https://www.city.kameyama.mie.jp/docs/2017071100025/"
"88060","https://www.city.kameyama.mie.jp/docs/2014112305104/possible.html","https://www.city.kameyama.mie.jp/docs/2014112305104/possible.html"
"88059","https://www.city.kameyama.mie.jp/docs/2014112305104/possible.html","https://www.city.kameyama.mie.jp/docs/2014112305104/possible.html"
"88061","https://www.city.kameyama.mie.jp/docs/2014112305104/possible.html","https://www.city.kameyama.mie.jp/docs/2014112305104/possible.html"
"88065","https://www.city.toba.mie.jp/hojokin_joseikin/6056.html","https://www.city.toba.mie.jp/hojokin_joseikin/6056.html"
"88062","https://www.city.kameyama.mie.jp/docs/2020051200028/","https://www.city.kameyama.mie.jp/docs/2020051200028/"
"88070","https://www.city.toba.mie.jp/soshiki/recycle/hojo_josei/1921.html","https://www.city.toba.mie.jp/soshiki/recycle/hojo_josei/1921.html"
"88069","https://www.city.toba.mie.jp/soshiki/recycle/hojo_josei/2563.html","https://www.city.toba.mie.jp/soshiki/recycle/hojo_josei/2563.html"
"88075","https://www.city.toba.mie.jp/soshiki/kikikanri/hojo_josei/bosai/2868.html","https://www.city.toba.mie.jp/soshiki/kikikanri/hojo_josei/bosai/2868.html"
"88078","https://www.city.toba.mie.jp/soshiki/kikikanri/hojo_josei/bosai/2449.html","https://www.city.toba.mie.jp/soshiki/kikikanri/hojo_josei/bosai/2449.html"
"88081","https://www.town.oi.kanagawa.jp/soshiki/9/kankyo3.html","https://www.town.oi.kanagawa.jp/soshiki/9/kankyo3.html"
"88080","https://www.town.oi.kanagawa.jp/soshiki/10/bougosakuhojo.html","https://www.town.oi.kanagawa.jp/soshiki/10/bougosakuhojo.html"
"88085","https://www.town.oi.kanagawa.jp/soshiki/10/kakoukikai.html","https://www.town.oi.kanagawa.jp/soshiki/10/kakoukikai.html"
"88088","https://www.city.inabe.mie.jp/kyoiku/bunka/1001737.html","https://www.city.inabe.mie.jp/kyoiku/bunka/1001737.html"
"88091","https://www.city.inabe.mie.jp/_res/projects/default_project/_page_/001/013/465/gaiyou.pdf","https://www.city.inabe.mie.jp/kurashi/1013464/1013465.html | https://www.city.inabe.mie.jp/_res/projects/default_project/_page_/001/013/465/gaiyou.pdf"
"88092","https://www.town.oi.kanagawa.jp/soshiki/9/kankyo1.html","https://www.town.oi.kanagawa.jp/soshiki/9/kankyo1.html"
"88098","https://www.city.shima.mie.jp/jigyoshamuke/gomikankyo/1458721500707.html","https://www.city.shima.mie.jp/jigyoshamuke/gomikankyo/1458721500707.html"
"88094","https://www.town.oi.kanagawa.jp/soshiki/10/nouchi-kikai-lease-jyoseikinn.html","https://www.town.oi.kanagawa.jp/soshiki/10/nouchi-kikai-lease-jyoseikinn.html"
"88103","https://town.matsuda.kanagawa.jp/soshiki/9/tokusanhin-kaihatsu.html","https://town.matsuda.kanagawa.jp/soshiki/9/tokusanhin-kaihatsu.html"
"88106","https://town.matsuda.kanagawa.jp/soshiki/9/noukigudendou.html","https://town.matsuda.kanagawa.jp/soshiki/9/noukigudendou.html"
"88107","https://town.matsuda.kanagawa.jp/soshiki/9/bear-yuinhonin.html","https://town.matsuda.kanagawa.jp/soshiki/9/bear-yuinhonin.html"
"88116","https://www.city.namerikawa.toyama.jp/material/files/group/12/tirasi3.pdf","https://www.city.namerikawa.toyama.jp/soshiki/12/1/706.html#:~:text=%E3%82%A4%E3%83%B3%E3%82%BF%E3%83%BC%E3%83%B3%E3%82%B7%E3%83%83%E3%83%97%E5%8F%97%E5%85%A5%E4%BF%83%E9%80%B2%E4%BA%8B%E6%A5%AD%E8%A3%9C%E5%8A%A9%E9%87%91 | https://www.city.namerikawa.toyama.jp/material/files/group/12/tirasi3.pdf | https://www.city.namerikawa.toyama.jp/cgi-bin/inquiry.php/41?page_no=706"
"88109","https://www.city.namerikawa.toyama.jp/material/files/group/12/douga-chirashi.pdf","https://www.city.namerikawa.toyama.jp/soshiki/12/1/706.html | https://www.city.namerikawa.toyama.jp/material/files/group/12/douga-chirashi.pdf"
"88120","https://www.city.namerikawa.toyama.jp/soshiki/12/1/706.html#:~:text=%E9%AB%98%E5%B9%B4%E9%BD%A2%E8%80%85%E9%9B%87%E7%94%A8%E5%A5%A8%E5%8A%B1%E9%87%91","https://www.city.namerikawa.toyama.jp/soshiki/12/1/706.html#:~:text=%E9%AB%98%E5%B9%B4%E9%BD%A2%E8%80%85%E9%9B%87%E7%94%A8%E5%A5%A8%E5%8A%B1%E9%87%91"
"88121","https://www.city.iga.lg.jp/0000002987.html","https://www.city.iga.lg.jp/0000002987.html"
"88122","https://www.city.namerikawa.toyama.jp/soshiki/12/1/706.html#:~:text=%E9%9A%9C%E5%AE%B3%E8%80%85%E9%9B%87%E7%94%A8%E5%A5%A8%E5%8A%B1%E9%87%91","https://www.city.namerikawa.toyama.jp/soshiki/12/1/706.html#:~:text=%E9%9A%9C%E5%AE%B3%E8%80%85%E9%9B%87%E7%94%A8%E5%A5%A8%E5%8A%B1%E9%87%91"
"88123","https://www.city.iga.lg.jp/0000000305.html","https://www.city.iga.lg.jp/0000000305.html"
"88125","https://www.town.yamakita.kanagawa.jp/0000001269.html","https://www.town.yamakita.kanagawa.jp/0000001269.html"
"88133","https://www.city.iga.lg.jp/0000000308.html","https://www.city.iga.lg.jp/0000000308.html"
"88128","https://www.city.iga.lg.jp/0000001832.html","https://www.city.iga.lg.jp/0000001832.html"
"88135","https://www.town.kisosaki.lg.jp/0000002595.html","https://www.town.kisosaki.lg.jp/0000002595.html"
"88138","https://www.town.kaisei.kanagawa.jp/Info/1237","https://www.town.kaisei.kanagawa.jp/Info/1237"
"88140","https://www.town.toin.lg.jp/material/files/group/1/zitikaisyuukaisyo-R6.pdf","https://www.town.toin.lg.jp/soshiki/tiikidukuriouenka/660.html | https://www.town.toin.lg.jp/material/files/group/1/zitikaisyuukaisyo-R6.pdf"
"88141","https://www.town.toin.lg.jp/soshiki/1017/2/540.html","https://www.town.toin.lg.jp/soshiki/1017/2/540.html"
"88143","https://www.city.kuji.iwate.jp/sangyokowankoyo/kigyo/taishokukakekin.html","https://www.city.kuji.iwate.jp/sangyokowankoyo/kigyo/taishokukakekin.html"
"88148","https://www2.town.komono.mie.jp/www/contents/1651216320819/index.html","https://www2.town.komono.mie.jp/www/contents/1651216320819/index.html"
"88152","https://www.bungo-ohno.jp/article/2025091900044/file_contents/file_20259195175238_1.pdf","https://www.bungo-ohno.jp/article/2025091900044/ | https://www.bungo-ohno.jp/article/2025091900044/file_contents/file_20259195175238_1.pdf"
"88149","https://www2.town.komono.mie.jp/www/contents/1001000000068/index.html","https://www2.town.komono.mie.jp/www/contents/1001000000068/index.html"
"88151","https://www2.town.komono.mie.jp/www/contents/1715248170450/index.html","https://www2.town.komono.mie.jp/www/contents/1715248170450/index.html"
"88158","https://www.town.taki.mie.jp/life/soshiki/norinshoko/4/1998.html","https://www.town.taki.mie.jp/life/soshiki/norinshoko/4/1998.html"
"88159","https://yokolab.jp/about-us/kigyoshiengata_yokolab/","https://yokolab.jp/about-us/kigyoshiengata_yokolab/"
"88162","https://www.town.kawamata.lg.jp/site/jigyoshamuke/sinkisyuunou.html#shien:~:text=%E8%BE%B2%E6%A5%AD%E8%80%85%E7%AD%89-,%E8%80%95%E4%BD%9C%E6%94%BE%E6%A3%84%E5%9C%B0%E8%A7%A3%E6%B6%88%E8%BE%B2%E5%9C%B0%E6%95%B4%E5%82%99%E6%94%AF%E6%8F%B4%E4%BA%8B%E6%A5%AD,-%E7%94%BA%E5%86%85%E3%81%AB%E4%BD%8F%E6%89%80","https://www.town.kawamata.lg.jp/site/jigyoshamuke/sinkisyuunou.html#shien:~:text=%E8%BE%B2%E6%A5%AD%E8%80%85%E7%AD%89-,%E8%80%95%E4%BD%9C%E6%94%BE%E6%A3%84%E5%9C%B0%E8%A7%A3%E6%B6%88%E8%BE%B2%E5%9C%B0%E6%95%B4%E5%82%99%E6%94%AF%E6%8F%B4%E4%BA%8B%E6%A5%AD,-%E7%94%BA%E5%86%85%E3%81%AB%E4%BD%8F%E6%89%80"
"88164","https://www.odaitown.jp/material/files/group/1/20240312_001.pdf","https://www.odaitown.jp/soshiki/yakuba/8/4/chiiki/443.html | https://www.odaitown.jp/material/files/group/1/20240312_001.pdf"
"88165","https://www.town.watarai.lg.jp/contents_detail.php?co=ser&frmId=2769","https://www.town.watarai.lg.jp/contents_detail.php?co=ser&frmId=2769"
"88166","https://www.town.kawamata.lg.jp/site/jigyoshamuke/tikusansinkou.html#:~:text=1%E6%97%A5%E6%9B%B4%E6%96%B0-,%E5%B7%9D%E4%BF%A3,-%E7%94%BA%E9%BB%92%E6%AF%9B%E5%92%8C","https://www.town.kawamata.lg.jp/site/jigyoshamuke/tikusansinkou.html#:~:text=1%E6%97%A5%E6%9B%B4%E6%96%B0-,%E5%B7%9D%E4%BF%A3,-%E7%94%BA%E9%BB%92%E6%AF%9B%E5%92%8C"
"88168","https://www.town.watarai.lg.jp/contents_detail.php?co=ser&frmId=2773","https://www.town.watarai.lg.jp/contents_detail.php?co=ser&frmId=2773"
"88170","https://www.town.watarai.lg.jp/contents_detail.php?co=ser&frmId=2774","https://www.town.watarai.lg.jp/contents_detail.php?co=ser&frmId=2774"
"88171","https://www.town.kawamata.lg.jp/site/jigyoshamuke/tikusansinkou.html#:~:text=%E4%BB%A5%E5%86%85%E3%81%A8%E3%81%99%E3%82%8B%E3%80%82-,%E9%85%AA%E8%BE%B2%E3%83%98%E3%83%AB%E3%83%91%E3%83%BC%E6%8E%A8%E9%80%B2%E4%BA%8B%E6%A5%AD%E8%A3%9C%E5%8A%A9%E4%BA%8B%E6%A5%AD,-%E3%80%90%E4%BA%8B%E6%A5%AD%E5%86%85%E5%AE%B9%E3%80%91","https://www.town.kawamata.lg.jp/site/jigyoshamuke/tikusansinkou.html#:~:text=%E4%BB%A5%E5%86%85%E3%81%A8%E3%81%99%E3%82%8B%E3%80%82-,%E9%85%AA%E8%BE%B2%E3%83%98%E3%83%AB%E3%83%91%E3%83%BC%E6%8E%A8%E9%80%B2%E4%BA%8B%E6%A5%AD%E8%A3%9C%E5%8A%A9%E4%BA%8B%E6%A5%AD,-%E3%80%90%E4%BA%8B%E6%A5%AD%E5%86%85%E5%AE%B9%E3%80%91"
"88172","https://www.town.kawamata.lg.jp/site/jigyoshamuke/akitenpo.html","https://www.town.kawamata.lg.jp/site/jigyoshamuke/akitenpo.html"
"88173","https://www.town.taiki.mie.jp/soshiki/somukikaku/gyomu/som_hojo-all/1252.html","https://www.town.taiki.mie.jp/soshiki/somukikaku/gyomu/som_hojo-all/1252.html"
"88174","https://www.town.taiki.mie.jp/soshiki/kankyo_suido/gyomu/kansui-kakusyuhojokin/1249.html","https://www.town.taiki.mie.jp/soshiki/kankyo_suido/gyomu/kansui-kakusyuhojokin/1249.html"
"88177","https://www.bungo-ohno.jp/article/2025091900037/file_contents/file_20259195174446_1.pdf","https://www.bungo-ohno.jp/article/2025091900037/ | https://www.bungo-ohno.jp/article/2025091900037/file_contents/file_20259195174446_1.pdf"
"88176","https://www.town.mihama.mie.jp/soshikikarasagasu/norinsuisanka/shigoto_sangyo/1/263.html","https://www.town.mihama.mie.jp/soshikikarasagasu/norinsuisanka/shigoto_sangyo/1/263.html"
"88175","https://www.town.mie-kihoku.lg.jp/kakuka/norin/rinsei/hojoshinseinado/4405.html","https://www.town.mie-kihoku.lg.jp/kakuka/norin/rinsei/hojoshinseinado/4405.html"
"88178","https://www.town.kiho.lg.jp/sinkisyunoshien/","https://www.town.kiho.lg.jp/sinkisyunoshien/"
"88183","https://www.town.kiho.lg.jp/sinkisyunoshien/","https://www.town.kiho.lg.jp/sinkisyunoshien/"
"88185","https://www.town.kiho.lg.jp/sinkisyunoshien/","https://www.town.kiho.lg.jp/sinkisyunoshien/"
"88186","https://www.town.kiho.lg.jp/wp-content/uploads/2024/04/gyoshaboshutirashi.pdf","https://www.town.kiho.lg.jp/%e3%80%8c%e8%87%aa%e5%88%86%e3%81%ae%e5%ba%97%e3%80%8d%e3%82%92%e9%96%8b%e3%81%84%e3%81%a6%e3%81%bf%e3%81%be%e3%81%9b%e3%82%93%e3%81%8b%ef%bc%9f/ | https://www.town.kiho.lg.jp/wp-content/uploads/2024/04/gyoshaboshutirashi.pdf"
"88189","https://www.city.namerikawa.toyama.jp/soshiki/10/2/2/700.html","https://www.city.namerikawa.toyama.jp/soshiki/10/2/2/700.html"
"88188","https://www.city.namerikawa.toyama.jp/soshiki/dx/dxsonota/7948.html","https://www.city.namerikawa.toyama.jp/soshiki/dx/dxsonota/7948.html"
"88190","https://www.city.nago.okinawa.jp/kurashi/2018072000413/","https://www.city.nago.okinawa.jp/kurashi/2018072000413/"
"88193","https://www.city.namerikawa.toyama.jp/soshiki/bousaikikikanri/2_1/3/jisyubousai/712.html","https://www.city.namerikawa.toyama.jp/soshiki/bousaikikikanri/2_1/3/jisyubousai/712.html"
"88192","https://www.city.naruto.tokushima.jp/kurashi/kodomo/kosodate/hoikushininaru.html#menu1","https://www.city.naruto.tokushima.jp/kurashi/kodomo/kosodate/hoikushininaru.html#menu1"
"88197","https://www.town.hakone.kanagawa.jp/www/contents/1100000000046/index.html","https://www.town.hakone.kanagawa.jp/www/contents/1100000000046/index.html | https://view.officeapps.live.com/op/view.aspx?src=https%3A%2F%2Fwww.town.hakone.kanagawa.jp%2Fwww%2Fcontents%2F1100000000046%2Fsimple%2F20210819-171358.docx&wdOrigin=BROWSELINK"
"88199","https://www.city.komatsushima.lg.jp/docs/348197.html","https://www.city.komatsushima.lg.jp/docs/348197.html"
"88200","https://www.city.namerikawa.toyama.jp/soshiki/15/2/1/997.html","https://www.city.namerikawa.toyama.jp/soshiki/15/2/1/997.html"
"88204","https://www.town.hakone.kanagawa.jp/www/contents/1100000001365/index.html#:~:text=%E7%8C%AB%E3%81%AE%E4%B8%8D%E5%A6%8A%E3%83%BB%E5%8E%BB%E5%8B%A2%E6%89%8B%E8%A1%93%E8%A3%9C%E5%8A%A9%E9%87%91","https://www.town.hakone.kanagawa.jp/www/contents/1100000001365/index.html#:~:text=%E7%8C%AB%E3%81%AE%E4%B8%8D%E5%A6%8A%E3%83%BB%E5%8E%BB%E5%8B%A2%E6%89%8B%E8%A1%93%E8%A3%9C%E5%8A%A9%E9%87%91"
"88208","https://www.town.hakone.kanagawa.jp/www/contents/1100000000126/index.html","https://www.town.hakone.kanagawa.jp/www/contents/1100000000126/index.html"
"88207","https://www.city.komatsushima.lg.jp/docs/348197.html#:~:text=%E6%96%B0%E8%A6%8F%E9%9B%87%E7%94%A8%E5%89%B5%E5%87%BA%E5%A5%A8%E5%8A%B1%E9%87%91%E5%88%B6%E5%BA%A6","https://www.city.komatsushima.lg.jp/docs/348197.html#:~:text=%E6%96%B0%E8%A6%8F%E9%9B%87%E7%94%A8%E5%89%B5%E5%87%BA%E5%A5%A8%E5%8A%B1%E9%87%91%E5%88%B6%E5%BA%A6"
"88211","https://www.city.komatsushima.lg.jp/docs/bosaimusen_hosonaiyou.html","https://www.city.komatsushima.lg.jp/docs/bosaimusen_hosonaiyou.html"
"88214","https://www.city.anan.tokushima.jp/docs/2024121600046/","https://www.city.anan.tokushima.jp/docs/2024121600046/"
"88213","https://www.town.hakone.kanagawa.jp/www/contents/1100000001212/index.html","https://www.town.hakone.kanagawa.jp/www/contents/1100000001212/index.html"
"88216","https://www.city.namerikawa.toyama.jp/soshiki/12/1/708.html","https://www.city.namerikawa.toyama.jp/soshiki/12/1/708.html"
"88217","https://www.town.hakone.kanagawa.jp/www/contents/1100000000717/index.html","https://www.town.hakone.kanagawa.jp/www/contents/1100000000717/index.html"
"88219","https://www.city.furano.hokkaido.jp/life/docs/2015021800506.html","https://www.city.furano.hokkaido.jp/life/docs/2015021800506.html"
"88234","https://www.town.yugawara.kanagawa.jp/soshiki/20/2062.html","https://www.town.yugawara.kanagawa.jp/soshiki/20/2062.html"
"88235","https://www.city.kurobe.toyama.jp/attach/EDIT/029/029203.pdf","https://www.city.kurobe.toyama.jp/category/page.aspx?servno=25203 | https://www.city.kurobe.toyama.jp/attach/EDIT/029/029203.pdf"
"88236","https://www.town.yugawara.kanagawa.jp/soshiki/17/1989.html","https://www.town.yugawara.kanagawa.jp/soshiki/17/1989.html"
"88237","https://www.town.aikawa.kanagawa.jp/material/files/group/17/tirashi2.pdf","https://www.town.aikawa.kanagawa.jp/shigoto_sangyo/kigyou_kinrousya/kigyoushien/10877.html | https://www.town.aikawa.kanagawa.jp/material/files/group/17/tirashi2.pdf"
"88241","https://www.town.aikawa.kanagawa.jp/material/files/group/17/kigyousientirasi.pdf","https://www.town.aikawa.kanagawa.jp/shigoto_sangyo/kigyou_kinrousya/kigyoushien/8546.html | https://www.town.aikawa.kanagawa.jp/material/files/group/17/kigyousientirasi.pdf"
"88238","https://www.city.kurobe.toyama.jp/category/page.aspx?servno=5349","https://www.city.kurobe.toyama.jp/category/page.aspx?servno=5349"
"88258","https://www.city.kurobe.toyama.jp/category/page.aspx?servno=29389","https://www.city.kurobe.toyama.jp/category/page.aspx?servno=29389"
"88257","https://www.city.kurobe.toyama.jp/attach/EDIT/037/037186.pdf","https://www.city.kurobe.toyama.jp/category/page.aspx?servno=4649 | https://www.city.kurobe.toyama.jp/attach/EDIT/037/037186.pdf | https://www.city.kurobe.toyama.jp/attach/EDIT/037/037191.pdf"
"88242","https://www.town.aikawa.kanagawa.jp/shigoto_sangyo/nouringyou/8653.html","https://www.town.aikawa.kanagawa.jp/shigoto_sangyo/nouringyou/8653.html"
"88259","https://www.city.yoshinogawa.lg.jp/docs/2018061400064/","https://www.city.yoshinogawa.lg.jp/docs/2018061400064/"
"88260","https://www.city.yoshinogawa.lg.jp/docs/2012090300029/","https://www.city.yoshinogawa.lg.jp/docs/2012090300029/"
"88263","https://www.city.kurobe.toyama.jp/attach/EDIT/032/032982.pdf","https://www.city.kurobe.toyama.jp/category/page.aspx?servno=9804 | https://www.city.kurobe.toyama.jp/attach/EDIT/032/032982.pdf"
"88264","https://www.city.yoshinogawa.lg.jp/docs/2018061400057/","https://www.city.yoshinogawa.lg.jp/docs/2018061400057/"
"88272","https://www.city.mima.lg.jp/gyosei/docs/29828.html","https://www.city.mima.lg.jp/gyosei/docs/29828.html"
"88273","https://www.city.mima.lg.jp/gyosei/docs/4222.html","https://www.city.mima.lg.jp/gyosei/docs/4222.html"
"88293","https://www.city.mima.lg.jp/gyosei/docs/4219.html","https://www.city.mima.lg.jp/gyosei/docs/4219.html"
"88274","http://www.town.kikai.lg.jp/nousei/enngeihojyo.html","http://www.town.kikai.lg.jp/nousei/enngeihojyo.html"
"88294","https://www.city.mima.lg.jp/gyosei/docs/29723.html","https://www.city.mima.lg.jp/gyosei/docs/29723.html"
"88301","https://www.city.mima.lg.jp/gyosei/docs/147070.html","https://www.city.mima.lg.jp/gyosei/docs/147070.html"
"88303","https://www.city.mima.lg.jp/fs/1/0/9/8/9/9/_/nouringyokaminsyuku_kaigyou.pdf","https://www.city.mima.lg.jp/gyosei/docs/29953.html | https://www.city.mima.lg.jp/fs/1/0/9/8/9/9/_/nouringyokaminsyuku_kaigyou.pdf"
"88306","https://www.city.kakamigahara.lg.jp/internet/shinseisho/1005193/1023420.html","https://www.city.kakamigahara.lg.jp/internet/shinseisho/1005193/1023420.html"
"88310","https://www.miyoshi.i-tokushima.jp/fs/5/1/6/1/9/3/_/%E4%BA%8B%E6%A5%AD%E7%B4%B9%E4%BB%8B%E3%83%91%E3%83%B3%E3%83%95%E3%83%AC%E3%83%83%E3%83%88.pdf","https://www.miyoshi.i-tokushima.jp/docs/541392.html | https://www.miyoshi.i-tokushima.jp/fs/5/1/6/1/9/3/_/%E4%BA%8B%E6%A5%AD%E7%B4%B9%E4%BB%8B%E3%83%91%E3%83%B3%E3%83%95%E3%83%AC%E3%83%83%E3%83%88.pdf | https://www.miyoshi.i-tokushima.jp/fs/1/3/7/0/3/3/_/__.pdf"
"88311","https://www.miyoshi.i-tokushima.jp/docs/4740.html","https://www.miyoshi.i-tokushima.jp/docs/4740.html"
"88308","https://www.city.sakata.lg.jp/sangyo/ringyo/oshirase/norin.files/tebiki.pdf","https://www.city.sakata.lg.jp/sangyo/ringyo/oshirase/norin.html | https://www.city.sakata.lg.jp/sangyo/ringyo/oshirase/norin.files/tebiki.pdf"
"88312","https://www.miyoshi.i-tokushima.jp/docs/4638.html","https://www.miyoshi.i-tokushima.jp/docs/4638.html"
"88315","https://www.city.kurobe.toyama.jp/attach/EDIT/016/016028.pdf","https://www.city.kurobe.toyama.jp/category/page.aspx?servno=9791 | https://www.city.kurobe.toyama.jp/attach/EDIT/016/016028.pdf"
"88316","https://www.miyoshi.i-tokushima.jp/docs/2076840.html#1","https://www.miyoshi.i-tokushima.jp/docs/2076840.html#1"
"88318","https://www.miyoshi.i-tokushima.jp/docs/2076840.html#3","https://www.miyoshi.i-tokushima.jp/docs/2076840.html#3"
"88317","https://www.vill.otama.fukushima.jp/shigoto_sangyou/sougyousien/akitenpo_sien/","https://www.vill.otama.fukushima.jp/shigoto_sangyou/sougyousien/akitenpo_sien/"
"88323","https://www.town.aikawa.kanagawa.jp/soshiki/kankyou_keizai/kankyo/kankyo/info/seikatsu_kankyou/akiya/1559817960731.html","https://www.town.aikawa.kanagawa.jp/soshiki/kankyou_keizai/kankyo/kankyo/info/seikatsu_kankyou/akiya/1559817960731.html"
"88337","https://www.miyoshi.i-tokushima.jp/docs/2076840.html#5","https://www.miyoshi.i-tokushima.jp/docs/2076840.html#5"
"88339","https://www.miyoshi.i-tokushima.jp/docs/2076840.html#7","https://www.miyoshi.i-tokushima.jp/docs/2076840.html#7"
"88340","https://www.miyoshi.i-tokushima.jp/docs/2076840.html","https://www.miyoshi.i-tokushima.jp/docs/2076840.html"
"88348","https://www.town.ishii.lg.jp/iju/support/","https://www.town.ishii.lg.jp/iju/support/"
"88354","https://www.town.tokushima-naka.lg.jp/gyosei/docs/2725993.html","https://www.town.tokushima-naka.lg.jp/gyosei/docs/2725993.html"
"88353","https://www.bunka.go.jp/seisaku/chosakuken/kaizoku/support.html","https://www.bunka.go.jp/seisaku/chosakuken/kaizoku/support.html"
"88356","https://www.town.aizumi.lg.jp/docs/2015041700022/","https://www.town.aizumi.lg.jp/docs/2015041700022/"
"88358","https://www.town.aizumi.lg.jp/docs/2014050800013/file_contents/sougyou.pdf","https://www.town.aizumi.lg.jp/docs/2014050800013/ | https://www.town.aizumi.lg.jp/docs/2014050800013/file_contents/sougyou.pdf"
"88357","https://www.town.aizumi.lg.jp/docs/2014050800013/file_contents/keieikakusin.pdf","https://www.town.aizumi.lg.jp/docs/2014050800013/ | https://www.town.aizumi.lg.jp/docs/2014050800013/file_contents/keieikakusin.pdf"
"88361","https://www.town.higashimiyoshi.lg.jp/docs/1963564.html","https://www.town.higashimiyoshi.lg.jp/docs/1963564.html"
"88362","https://www.town.higashimiyoshi.lg.jp/docs/944.html","https://www.town.higashimiyoshi.lg.jp/docs/944.html"
"88363","https://www.city.miyakonojo.miyazaki.jp/uploaded/attachment/9614.pdf","https://www.city.miyakonojo.miyazaki.jp/site/miyakonojo-pr/16302.html | https://www.city.miyakonojo.miyazaki.jp/uploaded/attachment/9614.pdf"
"88378","https://www.jra-umanushi-hukushi.or.jp/reiwa-7/reiwa-7-1","https://www.jra-umanushi-hukushi.or.jp/reiwa-7/reiwa-7-1"
"88379","https://www.city.unzen.nagasaki.jp/kiji0037404/index.html","https://www.city.unzen.nagasaki.jp/kiji0037404/index.html"
"88381","https://www.city.takasago.lg.jp/soshikikarasagasu/dorokoenka/kaihatsu_toshikeikaku/2/7169.html","https://www.city.takasago.lg.jp/soshikikarasagasu/dorokoenka/kaihatsu_toshikeikaku/2/7169.html"
"88384","https://www.city.miyakonojo.miyazaki.jp/soshiki/20/25459.html","https://www.city.miyakonojo.miyazaki.jp/soshiki/20/25459.html"
"88386","https://www.city.miyakonojo.miyazaki.jp/soshiki/30/62837.html","https://www.city.miyakonojo.miyazaki.jp/soshiki/30/62837.html"
"88385","https://www.city.miyakonojo.miyazaki.jp/soshiki/20/3945.html","https://www.city.miyakonojo.miyazaki.jp/soshiki/20/3945.html"
"88387","https://www.city.tonami.lg.jp/wp-content/uploads/%E2%96%A0R6%E5%A9%9A%E6%B4%BB%E8%A3%9C%E5%8A%A9%E9%87%91%E3%81%A1%E3%82%89%E3%81%97.pdf","https://www.city.tonami.lg.jp/info/6014p/ | https://www.city.tonami.lg.jp/wp-content/uploads/%E2%96%A0R6%E5%A9%9A%E6%B4%BB%E8%A3%9C%E5%8A%A9%E9%87%91%E3%81%A1%E3%82%89%E3%81%97.pdf"
"88390","https://www.city.kawaguchi.lg.jp/material/files/group/120/ikegakihojo1.pdf","https://www.city.kawaguchi.lg.jp/soshiki/01130/070/2/2248.html | https://www.city.kawaguchi.lg.jp/material/files/group/120/ikegakihojo1.pdf | https://www.city.kawaguchi.lg.jp/material/files/group/120/ikegakihojo2.pdf"
"88391","https://www.city.miyakonojo.miyazaki.jp/soshiki/2/45652.html","https://www.city.miyakonojo.miyazaki.jp/soshiki/2/45652.html"
"88398","https://www.city.kawaguchi.lg.jp/soshiki/01090/seikatueiseika/doubutsu/21446.html","https://www.city.kawaguchi.lg.jp/soshiki/01090/seikatueiseika/doubutsu/21446.html"
"88407","https://www.city.nobeoka.miyazaki.jp/uploaded/attachment/13540.pdf","https://www.city.nobeoka.miyazaki.jp/soshiki/45/2642.html | https://www.city.nobeoka.miyazaki.jp/uploaded/attachment/13540.pdf"
"88406","https://www.city.tonami.lg.jp/service/2244p/","https://www.city.tonami.lg.jp/service/2244p/"
"88408","https://www.city.tonami.lg.jp/service/54452p/","https://www.city.tonami.lg.jp/service/54452p/"
"88413","https://www.city.nobeoka.miyazaki.jp/uploaded/attachment/17574.pdf","https://www.city.nobeoka.miyazaki.jp/soshiki/48/3092.html | https://www.city.nobeoka.miyazaki.jp/uploaded/attachment/17574.pdf"
"88414","https://www.city.nobeoka.miyazaki.jp/soshiki/48/28932.html","https://www.city.nobeoka.miyazaki.jp/soshiki/48/28932.html"
"88418","https://www.city.nobeoka.miyazaki.jp/soshiki/39/3317.html","https://www.city.nobeoka.miyazaki.jp/soshiki/39/3317.html"
"88421","https://www.city.nobeoka.miyazaki.jp/soshiki/24/24208.html","https://www.city.nobeoka.miyazaki.jp/soshiki/24/24208.html"
"88419","https://www.city.nobeoka.miyazaki.jp/soshiki/39/3318.html","https://www.city.nobeoka.miyazaki.jp/soshiki/39/3318.html"
"88423","https://www.town.tsubata.lg.jp/division/sangyou/leaf.pdf","https://www.town.tsubata.lg.jp/division/sangyou/W064H0000172.html | https://www.town.tsubata.lg.jp/division/sangyou/leaf.pdf"
"88431","https://www.city.nobeoka.miyazaki.jp/soshiki/35/2913.html","https://www.city.nobeoka.miyazaki.jp/soshiki/35/2913.html"
"88429","https://www.city.nobeoka.miyazaki.jp/soshiki/25/23021.html","https://www.city.nobeoka.miyazaki.jp/soshiki/25/23021.html"
"88435","https://www.city.nichinan.lg.jp/shigoto_sangyo/sangyoshinko_jigyoshien/2/2511.html","https://www.city.nichinan.lg.jp/shigoto_sangyo/sangyoshinko_jigyoshien/2/2511.html"
"88437","https://www.city.nichinan.lg.jp/material/files/group/115/2e5b56825c2b21be10838d7eca1dc4a1.pdf","https://www.city.nichinan.lg.jp/soshikikarasagasu/shogaigakushuka/2/1/784.html | https://www.city.nichinan.lg.jp/material/files/group/115/2e5b56825c2b21be10838d7eca1dc4a1.pdf"
"88438","https://www.city.nichinan.lg.jp/kanko_bunka_sports/sports/9/2/2221.html","https://www.city.nichinan.lg.jp/kanko_bunka_sports/sports/9/2/2221.html"
"88443","https://www.city.nichinan.lg.jp/soshikikarasagasu/miraisoseika/2/2/5124.html","https://www.city.nichinan.lg.jp/soshikikarasagasu/miraisoseika/2/2/5124.html"
"88442","https://www.city.nichinan.lg.jp/soshikikarasagasu/noseika/3/1/901.html","https://www.city.nichinan.lg.jp/soshikikarasagasu/noseika/3/1/901.html"
"88440","https://www.city.nichinan.lg.jp/soshikikarasagasu/chiikijichika/1/2/1180.html","https://www.city.nichinan.lg.jp/soshikikarasagasu/chiikijichika/1/2/1180.html"
"88444","https://www.city.nichinan.lg.jp/soshikikarasagasu/kensetsuka/3/1/1/877.html","https://www.city.nichinan.lg.jp/soshikikarasagasu/kensetsuka/3/1/1/877.html"
"88446","https://www.maff.go.jp/j/syokuiku/torikumi/kouhukin/attach/pdf/r7-15.pdf","https://www.maff.go.jp/j/syokuiku/torikumi/kouhukin/r7.html | https://www.maff.go.jp/j/syokuiku/torikumi/kouhukin/attach/pdf/r7-15.pdf | https://www.maff.go.jp/j/syokuiku/torikumi/kouhukin/attach/pdf/r7-1.pdf | https://www.maff.go.jp/j/syokuiku/torikumi/kouhukin/attach/pdf/r7-8.pdf | https://www.maff.go.jp/j/syokuiku/torikumi/kouhukin/attach/pdf/r6-1.pdf | https://www.maff.go.jp/j/syokuiku/torikumi/kouhukin/attach/pdf/r7-10.pdf | https://www.maff.go.jp/j/syokuiku/torikumi/kouhukin/attach/pdf/r7-16.pdf"
"88447","https://www.city.nichinan.lg.jp/material/files/group/78/35593023.pdf","https://www.city.nichinan.lg.jp/soshikikarasagasu/nosonseibika/2/1/1958.html | https://www.city.nichinan.lg.jp/material/files/group/78/35593023.pdf"
"88450","https://www.city.tonami.lg.jp/service/2394p/","https://www.city.tonami.lg.jp/service/2394p/"
"88448","https://www.city.kobayashi.lg.jp/soshikikarasagasu/kyoikubusportsshinkoka/hojokin_joseikin/1258.html","https://www.city.kobayashi.lg.jp/soshikikarasagasu/kyoikubusportsshinkoka/hojokin_joseikin/1258.html"
"88453","https://www.city.imizu.toyama.jp/guide/svGuideDtl.aspx?servno=51662","https://www.city.imizu.toyama.jp/guide/svGuideDtl.aspx?servno=51662"
"88454","https://www.city.kobayashi.lg.jp/soshikikarasagasu/sogoseisakubukikakuseisakuka/hojokin_joseikin/5745.html","https://www.city.kobayashi.lg.jp/soshikikarasagasu/sogoseisakubukikakuseisakuka/hojokin_joseikin/5745.html"
"88455","https://www.city.tonami.lg.jp/info/35102p/","https://www.city.tonami.lg.jp/info/35102p/"
"88456","https://www.city.kobayashi.lg.jp/soshikikarasagasu/keizaibushokokankoka/hojokin_joseikin/1316.html","https://www.city.kobayashi.lg.jp/soshikikarasagasu/keizaibushokokankoka/hojokin_joseikin/1316.html"
"88459","https://www.city.tonami.lg.jp/wp-content/uploads/doc_1-62.pdf","https://www.city.tonami.lg.jp/service/2277p/ | https://www.city.tonami.lg.jp/wp-content/uploads/doc_1-62.pdf"
"88457","https://www.city.kobayashi.lg.jp/soshikikarasagasu/keizaibushokokankoka/hojokin_joseikin/2276.html","https://www.city.kobayashi.lg.jp/soshikikarasagasu/keizaibushokokankoka/hojokin_joseikin/2276.html"
"88460","https://www.city.kobayashi.lg.jp/material/files/group/6/20241107-11.pdf","https://www.city.kobayashi.lg.jp/soshikikarasagasu/sogoseisakubukikakuseisakuka/kenkoutosisuisinnsitu/oshirase/1993.html | https://www.city.kobayashi.lg.jp/material/files/group/6/20241107-11.pdf"
"88463","https://www.city.kawaguchi.lg.jp/soshiki/01130/070/2/2248.html","https://www.city.kawaguchi.lg.jp/soshiki/01130/070/2/2248.html"
"88461","https://www4.city.kanazawa.lg.jp/soshikikarasagasu/shisanzeika/gyomuannai/1/1/27717.html","https://www4.city.kanazawa.lg.jp/soshikikarasagasu/shisanzeika/gyomuannai/1/1/27717.html"
"88462","https://www.city.kobayashi.lg.jp/soshikikarasagasu/keizaibushokokankoka/oshirase/1792.html","https://www.city.kobayashi.lg.jp/soshikikarasagasu/keizaibushokokankoka/oshirase/1792.html"
"88465","https://www.city.kobayashi.lg.jp/soshikikarasagasu/shiminseikatsubuseikatsukankyoka/hojokin_joseikin/7118.html","https://www.city.kobayashi.lg.jp/soshikikarasagasu/shiminseikatsubuseikatsukankyoka/hojokin_joseikin/7118.html"
"88466","https://www.city.kobayashi.lg.jp/soshikikarasagasu/shiminseikatsubuseikatsukankyoka/hojokin_joseikin/7119.html","https://www.city.kobayashi.lg.jp/soshikikarasagasu/shiminseikatsubuseikatsukankyoka/hojokin_joseikin/7119.html"
"88469","https://www.hodatsushimizu.jp/gyosei/kurashi_tetsuzuki/11/4/7278.html","https://www.hodatsushimizu.jp/gyosei/kurashi_tetsuzuki/11/4/7278.html"
"88471","https://www.city.nanao.lg.jp/zeimu/hisaisyoukyakusisan.html#:~:text=%E4%BB%A4%E5%92%8C6%E5%B9%B4%E8%83%BD%E7%99%BB,%E3%81%99%E3%82%8B%E7%89%B9%E4%BE%8B%E6%8E%AA%E7%BD%AE%E3%81%8C%E3%81%82%E3%82%8A%E3%81%BE%E3%81%99%E3%80%82","https://www.city.nanao.lg.jp/zeimu/hisaisyoukyakusisan.html#:~:text=%E4%BB%A4%E5%92%8C6%E5%B9%B4%E8%83%BD%E7%99%BB,%E3%81%99%E3%82%8B%E7%89%B9%E4%BE%8B%E6%8E%AA%E7%BD%AE%E3%81%8C%E3%81%82%E3%82%8A%E3%81%BE%E3%81%99%E3%80%82"
"88472","https://www.city.imizu.toyama.jp/guide/svGuideDtl.aspx?servno=50525","https://www.city.imizu.toyama.jp/guide/svGuideDtl.aspx?servno=50525"
"88475","https://www.city.nagaoka.niigata.jp/kurashi/cate93/special-case.html","https://www.city.nagaoka.niigata.jp/kurashi/cate93/special-case.html"
"88481","https://www.city.uji.kyoto.jp/uploaded/life/82784_213301_misc.pdf","https://www.city.uji.kyoto.jp/soshiki/36/82784.html | https://www.city.uji.kyoto.jp/uploaded/life/82784_213301_misc.pdf"
"88482","https://www.city.makinohara.shizuoka.jp/soshiki/7/55904.html","https://www.city.makinohara.shizuoka.jp/soshiki/7/55904.html"
"88487","https://www.pref.nagano.lg.jp/ken-manabi/kyoiku/gakko/shiritsu/annai/youkou.html","https://www.pref.nagano.lg.jp/ken-manabi/kyoiku/gakko/shiritsu/annai/youkou.html"
"88488","https://www.pref.nagano.lg.jp/ken-manabi/shiritsujugyouryoukeigen.html","https://www.pref.nagano.lg.jp/ken-manabi/shiritsujugyouryoukeigen.html"
"88504","https://www.tokyo-co2down.jp/subsidy/kasoku-re","https://www.tokyo-co2down.jp/subsidy/kasoku-re"
"88501","https://www.town.sakuho.nagano.jp/2024/05/14/R6%E4%BD%90%E4%B9%85%E7%A9%82%E7%94%BA%EF%BC%96%E6%AC%A1%E7%94%A3%E6%A5%AD%E5%8C%96%E6%94%AF%E6%8F%B4%E4%BA%8B%E6%A5%AD%E8%A3%9C%E5%8A%A9%E9%87%91%E6%89%8B%E5%BC%95%E3%81%8D.pdf","https://www.town.sakuho.nagano.jp/todokede/todokede/hojokin/sangyoshinkoka_3096.html | https://www.town.sakuho.nagano.jp/2024/05/14/R6%E4%BD%90%E4%B9%85%E7%A9%82%E7%94%BA%EF%BC%96%E6%AC%A1%E7%94%A3%E6%A5%AD%E5%8C%96%E6%94%AF%E6%8F%B4%E4%BA%8B%E6%A5%AD%E8%A3%9C%E5%8A%A9%E9%87%91%E6%89%8B%E5%BC%95%E3%81%8D.pdf"
"88509","https://www.city.niigata.lg.jp/kurashi/zei/siraberu/koteishisan/daitaisyoukyaku.html","https://www.city.niigata.lg.jp/kurashi/zei/siraberu/koteishisan/daitaisyoukyaku.html"
"88506","https://www.town.kushimoto.wakayama.jp/sangyo/sangyou/2023-0216-1843-11.html","https://www.town.kushimoto.wakayama.jp/sangyo/sangyou/2023-0216-1843-11.html"
"88508","https://www.town.yuzawa.lg.jp/soshikikarasagasu/zeimuchomimbu/zeimuka/osirase/7130.html","https://www.town.yuzawa.lg.jp/soshikikarasagasu/zeimuchomimbu/zeimuka/osirase/7130.html"
"88516","https://www.vill.kitayama.wakayama.jp/jigyousya/2018-0424-0855-15.html","https://www.vill.kitayama.wakayama.jp/jigyousya/2018-0424-0855-15.html"
"88514","https://www.town.kushimoto.wakayama.jp/sangyo/nougyou/choujugai-hojo.html","https://www.town.kushimoto.wakayama.jp/sangyo/nougyou/choujugai-hojo.html"
"88518","https://www.pref.gifu.lg.jp/page/61530.html","https://www.pref.gifu.lg.jp/page/61530.html"
"88524","https://www.pref.gifu.lg.jp/page/182807.html","https://www.pref.gifu.lg.jp/page/182807.html"
"88522","https://www.city.hakui.lg.jp/soshiki/shiminfukushibu/zeimu/1/4/15720.html","https://www.city.hakui.lg.jp/soshiki/shiminfukushibu/zeimu/1/4/15720.html"
"88525","https://www.city.nonoichi.lg.jp/soshiki/5/55162.html","https://www.city.nonoichi.lg.jp/soshiki/5/55162.html"
"88527","https://www.town.noto.lg.jp/www/info/detail.jsp?common_id=21810","https://www.town.noto.lg.jp/www/info/detail.jsp?common_id=21810"
"88528","https://www.city.komatsu.lg.jp/soshiki/1013/shizeinotohantoujisin/koteisisan_hisai_tokurei/16685.html","https://www.city.komatsu.lg.jp/soshiki/1013/shizeinotohantoujisin/koteisisan_hisai_tokurei/16685.html"
"88529","https://www.city.toyama.lg.jp/kurashi/zei/1010215/1014647.html","https://www.city.toyama.lg.jp/kurashi/zei/1010215/1014647.html"
"88539","https://www.pref.hokkaido.lg.jp/sm/ktk/181793.html","https://www.pref.hokkaido.lg.jp/sm/ktk/181793.html"
"88532","https://www.city.takaoka.toyama.jp/soshiki/shisanzeika/2/1/1/11728.html","https://www.city.takaoka.toyama.jp/soshiki/shisanzeika/2/1/1/11728.html"
"88531","https://www.city.toyama.lg.jp/kurashi/zei/1010215/1014647.html#:~:text=%E6%9C%8831%E6%97%A5-,2,-.%E3%80%80%E8%A2%AB%E7%81%BD%E4%BB%A3%E6%9B%BF%E5%84%9F%E5%8D%B4","https://www.city.toyama.lg.jp/kurashi/zei/1010215/1014647.html#:~:text=%E6%9C%8831%E6%97%A5-,2,-.%E3%80%80%E8%A2%AB%E7%81%BD%E4%BB%A3%E6%9B%BF%E5%84%9F%E5%8D%B4"
"88545","https://www.hyugacity.jp/sp/tempimg/20231003095949.pdf","https://www.hyugacity.jp/sp/display.php?cont=220720144333 | https://www.hyugacity.jp/sp/tempimg/20231003095949.pdf"
"88558","https://www.city.ofunato.iwate.jp/soshiki/nourin/36123.html","https://www.city.ofunato.iwate.jp/soshiki/nourin/36123.html"
"88550","https://www.pref.fukushima.lg.jp/sec/21045b/kenkocyosa-kojyosen-kensakikiseibi.html","https://www.pref.fukushima.lg.jp/sec/21045b/kenkocyosa-kojyosen-kensakikiseibi.html"
"88563","https://www.city.kishiwada.osaka.jp/soshiki/36/minpaku.html","https://www.city.kishiwada.osaka.jp/soshiki/36/minpaku.html"
"88570","https://www.city.miyakonojo.miyazaki.jp/soshiki/77/3128.html","https://www.city.miyakonojo.miyazaki.jp/soshiki/77/3128.html"
"88571","https://www.city.yasugi.shimane.jp/shigoto/shokokanko/kigyoshien/shogyohojokin.html","https://www.city.yasugi.shimane.jp/shigoto/shokokanko/kigyoshien/shogyohojokin.html"
"88576","https://www.city.kushima.lg.jp/main/safety/cat1/post-699.html","https://www.city.kushima.lg.jp/main/safety/cat1/post-699.html"
"88591","http://www.town.echizen.fukui.jp/kurashi/05/01/p000709.html","http://www.town.echizen.fukui.jp/kurashi/05/01/p000709.html"
"88599","https://www.pref.hokkaido.lg.jp/ks/jss/79061.html","https://www.pref.hokkaido.lg.jp/ks/jss/79061.html"
"88608","https://www.pref.fukui.lg.jp/doc/iryou/saiyoukeihi_d/fil/chirashi.pdf","https://www.pref.fukui.lg.jp/doc/iryou/saiyoukeihi.html | https://www.pref.fukui.lg.jp/doc/iryou/saiyoukeihi_d/fil/chirashi.pdf"
"88616","https://www.city.ono.fukui.jp/kurashi/kankyo-sumai/keikan-okugai/keikankeiseikenchiku.files/0001_20220328.pdf","https://www.city.ono.fukui.jp/kurashi/kankyo-sumai/keikan-okugai/keikankeiseikenchiku.html | https://www.city.ono.fukui.jp/kurashi/kankyo-sumai/keikan-okugai/keikankeiseikenchiku.files/0001_20220328.pdf"
"88627","https://www.city.suginami.tokyo.jp/s033/1784.html","https://www.city.suginami.tokyo.jp/s033/1784.html"
"88632","https://www.city.suginami.tokyo.jp/s033/1775.html","https://www.city.suginami.tokyo.jp/s033/1775.html"
"88631","https://www.city.suginami.tokyo.jp/s033/1783.html","https://www.city.suginami.tokyo.jp/s033/1783.html"
"88644","https://www.pref.saitama.lg.jp/a0703/sprinkler/sprinkler30.html","https://www.pref.saitama.lg.jp/a0703/sprinkler/sprinkler30.html"
"88646","https://www.pref.fukui.lg.jp/doc/kigyo/info-fukui.html","https://www.pref.fukui.lg.jp/doc/kigyo/info-fukui.html"
"88650","https://www.maff.go.jp/j/nousin/tiiki/sesaku/attach/pdf/chusankan_suishin-21.pdf","https://www.maff.go.jp/j/nousin/tiiki/sesaku/chusankan_suishin.html | https://www.maff.go.jp/j/nousin/tiiki/sesaku/attach/pdf/chusankan_suishin-21.pdf"
"88647","https://www.pref.chiba.lg.jp/dantai/nourinsuisan/kumiai/kyoudouriyou-saigai.html","https://www.pref.chiba.lg.jp/dantai/nourinsuisan/kumiai/kyoudouriyou-saigai.html"
"88652","https://www.pref.kanagawa.jp/docs/xp8/cnt/f5917/","https://www.pref.kanagawa.jp/docs/xp8/cnt/f5917/"
"88654","https://www.pref.kanagawa.jp/docs/t3u/pub/kaifukuki.html","https://www.pref.kanagawa.jp/docs/t3u/pub/kaifukuki.html"
"88664","https://www.pref.okayama.jp/page/detail-67998.html","https://www.pref.okayama.jp/page/detail-67998.html"
"88679","https://www.city.naka.lg.jp/bunka-sports-shimin/kyoudou-machidukuri/page009983.html#jump1:~:text=TOP%E3%81%AB%E6%88%BB%E3%82%8B-,%E5%9B%A3%E4%BD%93%E4%BA%A4%E6%B5%81%E6%94%AF%E6%8F%B4%E4%BA%8B%E6%A5%AD,-2%E3%81%A4%E4%BB%A5%E4%B8%8A","https://www.city.naka.lg.jp/bunka-sports-shimin/kyoudou-machidukuri/page009983.html#jump1:~:text=TOP%E3%81%AB%E6%88%BB%E3%82%8B-,%E5%9B%A3%E4%BD%93%E4%BA%A4%E6%B5%81%E6%94%AF%E6%8F%B4%E4%BA%8B%E6%A5%AD,-2%E3%81%A4%E4%BB%A5%E4%B8%8A"
"88700","https://www.town.misaki.osaka.jp/soshiki/matidukuri/kikaku/yumemirai/411.html","https://www.town.misaki.osaka.jp/soshiki/matidukuri/kikaku/yumemirai/411.html"
"88702","https://www.city.ueda.nagano.jp/soshiki/shogaisien/2004.html","https://www.city.ueda.nagano.jp/soshiki/shogaisien/2004.html"
"88704","https://www.city.ueda.nagano.jp/soshiki/shogaisien/2135.html","https://www.city.ueda.nagano.jp/soshiki/shogaisien/2135.html"
"88703","https://www.city.ueda.nagano.jp/soshiki/shogaisien/2045.html","https://www.city.ueda.nagano.jp/soshiki/shogaisien/2045.html"
"88705","https://www.city.ueda.nagano.jp/soshiki/shogaisien/1644.html","https://www.city.ueda.nagano.jp/soshiki/shogaisien/1644.html"
"88710","https://www.town.kumamoto-yamato.lg.jp/kiji0039626/3_9626_22549_up_imhtxk3g.pdf","https://www.town.kumamoto-yamato.lg.jp/kiji0039626/index.html | https://www.town.kumamoto-yamato.lg.jp/kiji0039626/3_9626_22549_up_imhtxk3g.pdf"
"88713","https://www.town.kumamoto-yamato.lg.jp/kiji0039626/3_9626_22549_up_imhtxk3g.pdf","https://www.town.kumamoto-yamato.lg.jp/kiji0039626/index.html | https://www.town.kumamoto-yamato.lg.jp/kiji0039626/3_9626_22549_up_imhtxk3g.pdf"
"88715","http://www.city.ako.lg.jp/kensetsu/doboku/jitikaitou.html","http://www.city.ako.lg.jp/kensetsu/doboku/jitikaitou.html"
"88731","https://www.nishimeya.jp/material/files/group/6/chirashi.pdf","https://www.nishimeya.jp/shigoto_sangyo/nogyo/944.html | https://www.nishimeya.jp/material/files/group/6/chirashi.pdf"
"88748","https://www.city.tambasasayama.lg.jp/soshikikarasagasu/shokokankoka/hojokinntou/28194.html","https://www.city.tambasasayama.lg.jp/soshikikarasagasu/shokokankoka/hojokinntou/28194.html | https://www.city.tambasasayama.lg.jp/cgi-bin/inquiry.php/97?page_no=28194"
"88735","https://www.city.ebino.lg.jp/soshiki/kikaku/5/1/883.html","https://www.city.ebino.lg.jp/soshiki/kikaku/5/1/883.html"
"88772","https://www.town.minabe.lg.jp/bousai/04/2018051700013.html","https://www.town.minabe.lg.jp/bousai/04/2018051700013.html"
"88770","https://www.pref.tottori.lg.jp/128587.htm","https://www.pref.tottori.lg.jp/128587.htm"
"88774","https://www.town.takaharu.lg.jp/soshiki/18/5842.html","https://www.town.takaharu.lg.jp/soshiki/18/5842.html"
"88778","https://www.town.kasamatsu.gifu.jp/docs/2023031400012/","https://www.town.kasamatsu.gifu.jp/docs/2023031400012/ | https://www.town.kasamatsu.gifu.jp/formmail_list/formmail_kankyou/16/"
"88800","https://www.funenka.metro.tokyo.lg.jp/initiatives/no-utility-poles/index.html","https://www.funenka.metro.tokyo.lg.jp/initiatives/no-utility-poles/index.html"
"88784","https://www.pref.tottori.lg.jp/shitashimiyasui/","https://www.pref.tottori.lg.jp/shitashimiyasui/"
"88808","https://www.urahoro.jp/assets/images/content/content_20240303_143539.pdf","https://www.urahoro.jp/business/?content=643 | https://www.urahoro.jp/assets/images/content/content_20240303_143539.pdf"
"88807","https://www.urahoro.jp/assets/images/content/content_20240303_144219.pdf","https://www.urahoro.jp/business/?content=644 | https://www.urahoro.jp/assets/images/content/content_20240303_144219.pdf"
"88811","https://www.urahoro.jp/education/?content=565","https://www.urahoro.jp/education/?content=565"
"88812","https://kanazawa-hataraku.jp/employer/comeback/seido/?ref=employer","https://kanazawa-hataraku.jp/employer/comeback/seido/?ref=employer"
"88819","https://www.city.wako.lg.jp/kurashi/gomi/1002799/1002802/1002803.html","https://www.city.wako.lg.jp/kurashi/gomi/1002799/1002802/1002803.html"
"88816","https://www.town.hidaka.hokkaido.jp/assets/images/content/content_20241210_190508.pdf","https://www.town.hidaka.hokkaido.jp/life/?content=1055 | https://www.town.hidaka.hokkaido.jp/assets/images/content/content_20241210_190508.pdf"
"88820","https://www.city.wako.lg.jp/kurashi/shimin-katsudo/1003081/1003093/1003094/1003096.html","https://www.city.wako.lg.jp/kurashi/shimin-katsudo/1003081/1003093/1003094/1003096.html"
"88822","https://www.city.saikai.nagasaki.jp/soshiki/shoko/2/shoukou/12138.html","https://www.city.saikai.nagasaki.jp/soshiki/shoko/2/shoukou/12138.html"
"88835","https://www.city.iwanuma.miyagi.jp/bosai/bosai-bohan/bohan/documents/reaflet_bouhancamera_1.pdf","https://www.city.iwanuma.miyagi.jp/bosai/bosai-bohan/bohan/2020-0529-0943-28.html | https://www.city.iwanuma.miyagi.jp/bosai/bosai-bohan/bohan/documents/reaflet_bouhancamera_1.pdf"
"88839","https://www.town.showa.yamanashi.jp/soshiki/8/1935.html","https://www.town.showa.yamanashi.jp/soshiki/8/1935.html"
"88853","https://www.town.minakami.gunma.jp/industry/hojyokin_shienseido/2024-0125-1027-71.html","https://www.town.minakami.gunma.jp/industry/hojyokin_shienseido/2024-0125-1027-71.html"
"88857","https://www.pref.ishikawa.lg.jp/nousei/daitainouchi/top.html","https://www.pref.ishikawa.lg.jp/nousei/daitainouchi/top.html"
"88858","https://www.town.minakami.gunma.jp/industry/hojyokin_shienseido/2020-0603-1007-71.html","https://www.town.minakami.gunma.jp/industry/hojyokin_shienseido/2020-0603-1007-71.html"
"88866","https://www.town.shintomi.lg.jp/dd.aspx?itemid=6134#itemid6134","https://www.town.shintomi.lg.jp/dd.aspx?itemid=6134#itemid6134"
"88867","https://www.town.shintomi.lg.jp/item/12548.htm","https://www.town.shintomi.lg.jp/item/12548.htm"
"88873","https://www.city.akune.lg.jp/material/files/group/25/2424_2.pdf","https://www.city.akune.lg.jp/soshikikarasagasu/shokokankoka/shokoshinkogakari/2/2424.html | https://www.city.akune.lg.jp/material/files/group/25/2424_2.pdf"
"88880","https://www.city.yonezawa.yamagata.jp/material/files/group/25/HPchirashi.pdf","https://www.city.yonezawa.yamagata.jp/seikatsu_navi/hojo/anzen/7174.html | https://www.city.yonezawa.yamagata.jp/material/files/group/25/HPchirashi.pdf"
"88884","https://www.city.yonezawa.yamagata.jp/seikatsu_navi/hojo/6855.html","https://www.city.yonezawa.yamagata.jp/seikatsu_navi/hojo/6855.html"
"88889","https://www.city.daisen.lg.jp/archive/contents-8013","https://www.city.daisen.lg.jp/archive/contents-8013"
"88894","https://www.pref.shimane.lg.jp/medical/fukushi/kourei/kaigo_hoken/hojokin/#:~:text=shimane.lg.jp-,%E5%A4%96%E5%9B%BD,-%E4%BA%BA%E4%BB%8B%E8%AD%B7%E7%A6%8F%E7%A5%89","https://www.pref.shimane.lg.jp/medical/fukushi/kourei/kaigo_hoken/hojokin/#:~:text=shimane.lg.jp-,%E5%A4%96%E5%9B%BD,-%E4%BA%BA%E4%BB%8B%E8%AD%B7%E7%A6%8F%E7%A5%89"
"88896","https://web.pref.hyogo.lg.jp/kk08/hojojigyou.html","https://web.pref.hyogo.lg.jp/kk08/hojojigyou.html"
"88897","https://web.pref.hyogo.lg.jp/kk08/hojojigyou.html#:~:text=2.-,%E5%B8%82%E7%94%BA%E5%9C%B0%E5%9F%9F%E4%BC%B4%E8%B5%B0%E6%94%AF%E6%8F%B4%E4%BD%93%E5%88%B6%E6%95%B4%E5%82%99%E4%BA%8B%E6%A5%AD,-%E6%8C%81%E7%B6%9A%E5%8F%AF%E8%83%BD%E3%81%AA","https://web.pref.hyogo.lg.jp/kk08/hojojigyou.html#:~:text=2.-,%E5%B8%82%E7%94%BA%E5%9C%B0%E5%9F%9F%E4%BC%B4%E8%B5%B0%E6%94%AF%E6%8F%B4%E4%BD%93%E5%88%B6%E6%95%B4%E5%82%99%E4%BA%8B%E6%A5%AD,-%E6%8C%81%E7%B6%9A%E5%8F%AF%E8%83%BD%E3%81%AA"
"88898","https://www.pref.shizuoka.jp/kenkofukushi/iryo/chiikiiryo/1040766/1024059.html","https://www.pref.shizuoka.jp/kenkofukushi/iryo/chiikiiryo/1040766/1024059.html"
"88903","https://www.town.mamurogawa.yamagata.jp/material/files/group/9/chiikidukirigaiyou.pdf","https://www.town.mamurogawa.yamagata.jp/shigoto_sangyo/machizukuri/3658.html | https://www.town.mamurogawa.yamagata.jp/material/files/group/9/chiikidukirigaiyou.pdf"
"88906","https://www.city.munakata.lg.jp/w048/20200228141027.html","https://www.city.munakata.lg.jp/w048/20200228141027.html"
"88909","https://www.city.awara.lg.jp/mokuteki/life/jyutaku1/p001831.html","https://www.city.awara.lg.jp/mokuteki/life/jyutaku1/p001831.html"
"88912","https://www.pref.shizuoka.jp/kurashikankyo/bosaikotsh/bohanmachizukuri/1040370/1013615.html","https://www.pref.shizuoka.jp/kurashikankyo/bosaikotsh/bohanmachizukuri/1040370/1013615.html"
"88922","https://www.town.nishiaizu.fukushima.jp/uploaded/attachment/11502.pdf","https://www.town.nishiaizu.fukushima.jp/soshiki/7/10174.html | https://www.town.nishiaizu.fukushima.jp/uploaded/attachment/11502.pdf"
"88928","https://www.town.nishiaizu.fukushima.jp/uploaded/attachment/11502.pdf","https://www.town.nishiaizu.fukushima.jp/reiki/reiki_honbun/c543RG00000764.html | https://www.town.nishiaizu.fukushima.jp/uploaded/attachment/11502.pdf"
"88924","https://www.town.nishiaizu.fukushima.jp/uploaded/attachment/11502.pdf","https://www.town.nishiaizu.fukushima.jp/soshiki/7/10174.html | https://www.town.nishiaizu.fukushima.jp/uploaded/attachment/11502.pdf"
"88931","https://www.city.kawagoe.saitama.jp/kurashi/kankyo/1002540/1002546.html","https://www.city.kawagoe.saitama.jp/kurashi/kankyo/1002540/1002546.html"
"88949","https://machi-kuru.com/eventsupport","https://machi-kuru.com/eventsupport"
"88952","https://www.city.awara.lg.jp/mokuteki/life/life03/life0303/p009276.html","https://www.city.awara.lg.jp/mokuteki/life/life03/life0303/p009276.html"
"88986","https://www.city.fukuyama.hiroshima.jp/uploaded/attachment/296835.pdf","https://www.city.fukuyama.hiroshima.jp/site/kankyo/320051.html | https://www.city.fukuyama.hiroshima.jp/uploaded/attachment/296835.pdf | https://www.city.fukuyama.hiroshima.jp/uploaded/attachment/296905.pdf"
"88985","http://www.city.ako.lg.jp/shoubou/soumu/hojokinn.html","http://www.city.ako.lg.jp/shoubou/soumu/hojokinn.html"
"88958","https://www.town.kijo.lg.jp/sosikikarasagasu/sangyousinkouka/1/organic/2602.html","https://www.town.kijo.lg.jp/sosikikarasagasu/sangyousinkouka/1/organic/2602.html"
"88987","https://www.city.hirado.nagasaki.jp/kurashi/gyosei/kyodou/hojyo/hj01.html","https://www.city.hirado.nagasaki.jp/kurashi/gyosei/kyodou/hojyo/hj01.html"
"88990","https://www.pref.chiba.lg.jp/seikouan/bouhan/anzen/kamerakaisei.html","https://www.pref.chiba.lg.jp/seikouan/bouhan/anzen/kamerakaisei.html"
"88989","https://www.pref.chiba.lg.jp/seikouan/bouhan/anzen/kamerakaisei.html","https://www.pref.chiba.lg.jp/seikouan/bouhan/anzen/kamerakaisei.html"
"88993","https://www.pref.saitama.lg.jp/a0503/super-city/saitama-super-city/hojokin.html","https://www.pref.saitama.lg.jp/a0503/super-city/saitama-super-city/hojokin.html"
"88995","https://www.town.kawaminami.miyazaki.jp/soshiki/2/1182.html","https://www.town.kawaminami.miyazaki.jp/soshiki/2/1182.html"
"88996","https://www.maff.go.jp/j/g_biki/hojyo/kenbetu/22_112_003004004.html","https://www.maff.go.jp/j/g_biki/hojyo/kenbetu/22_112_003004004.html"
"88997","https://www.town.tateyama.toyama.jp/soshikikarasagasu/kenkofukushika/jidofukushikakari/hojyokin/10297.html","https://www.town.tateyama.toyama.jp/soshikikarasagasu/kenkofukushika/jidofukushikakari/hojyokin/10297.html"
"89004","https://www.city.sanjo.niigata.jp/soshiki/kensetsubu/kensetsuka/kensetukanri/3005.html","https://www.city.sanjo.niigata.jp/soshiki/kensetsubu/kensetsuka/kensetukanri/3005.html"
"89002","http://www.city.ako.lg.jp/edu/sports/sports_gekirei.html","http://www.city.ako.lg.jp/edu/sports/sports_gekirei.html"
"89006","https://www.city.imizu.toyama.jp/guide/svGuideDtl.aspx?servno=49955","https://www.city.imizu.toyama.jp/guide/svGuideDtl.aspx?servno=49955"
"89008","https://www.pref.chiba.lg.jp/seisan/kinyuu/seisanhanbai.html#satumaimo","https://www.pref.chiba.lg.jp/seisan/kinyuu/seisanhanbai.html#satumaimo"
"89007","https://www.city.imizu.toyama.jp/appupload/EDIT/079/079893.pdf","https://www.city.imizu.toyama.jp/guide/svguidedtl.aspx?servno=10175 | https://www.city.imizu.toyama.jp/appupload/EDIT/079/079893.pdf"
"89009","https://www.city.imizu.toyama.jp/guide/svGuideDtl.aspx?servno=16967","https://www.city.imizu.toyama.jp/guide/svGuideDtl.aspx?servno=16967"
"89010","https://www.town.nose.osaka.jp/soshiki/tiikisinkouka/sangyoshinko/katudoousienkyuuhuhojyo/10315.html","https://www.town.nose.osaka.jp/soshiki/tiikisinkouka/sangyoshinko/katudoousienkyuuhuhojyo/10315.html"
"89013","https://www.kobebussan.or.jp/culture.php","https://www.kobebussan.or.jp/culture.php | https://www.kobebussan.or.jp/pdf/venture_guideline.pdf?20220225"
"89016","https://www.kobebussan.or.jp/dispatch.php","https://www.kobebussan.or.jp/dispatch.php | https://www.kobebussan.or.jp/pdf/sports_newguideline.pdf?20250130-1518 | https://www.kobebussan.or.jp/pdf/art_newguideline.pdf?20250130-1518"
"89024","https://www.pref.saitama.lg.jp/documents/9805/r6junkantanka-2.pdf","https://www.pref.saitama.lg.jp/documents/9805/r6junkantanka-2.pdf | https://www.pref.saitama.lg.jp/a0905/17seibihojo.html"
"89021","https://www.town.ono.fukushima.jp/soshiki/7/denkisaku.html","https://www.town.ono.fukushima.jp/soshiki/7/denkisaku.html"
"89030","https://www.city.urayasu.lg.jp/fukushi/yobou/kenkodukuri/1025795.html","https://www.city.urayasu.lg.jp/fukushi/yobou/kenkodukuri/1025795.html"
"89034","https://www.city.shiki.lg.jp/uploaded/attachment/14610.pdf","https://www.city.shiki.lg.jp/soshiki/17/19870.html | https://www.city.shiki.lg.jp/uploaded/attachment/14610.pdf"
"89033","https://www.pref.hokkaido.lg.jp/fs/1/1/1/9/8/6/5/8/_/01_%E5%88%A5%E6%B7%BB%E3%80%8C%E9%85%AA%E8%BE%B2%E3%83%BB%E8%82%89%E7%94%A8%E7%89%9B%E7%B5%8C%E5%96%B6%E4%BD%93%E8%B3%AA%E5%BC%B7%E5%8C%96%E7%B7%8A%E6%80%A5%E6%94%AF%E6%8F%B4%E4%BA%8B%E6%A5%AD%20%E6%A6%82%E8%A6%81%E3%80%8D.pdf","https://www.pref.hokkaido.lg.jp/ns/tss/212300.html | https://www.pref.hokkaido.lg.jp/fs/1/1/1/9/8/6/5/8/_/01_%E5%88%A5%E6%B7%BB%E3%80%8C%E9%85%AA%E8%BE%B2%E3%83%BB%E8%82%89%E7%94%A8%E7%89%9B%E7%B5%8C%E5%96%B6%E4%BD%93%E8%B3%AA%E5%BC%B7%E5%8C%96%E7%B7%8A%E6%80%A5%E6%94%AF%E6%8F%B4%E4%BA%8B%E6%A5%AD%20%E6%A6%82%E8%A6%81%E3%80%8D.pdf"
"89039","https://www.pref.aichi.jp/uploaded/attachment/14189.pdf","https://www.pref.aichi.jp/soshiki/koen/0000024409.html | https://www.pref.aichi.jp/uploaded/attachment/14189.pdf"
"89035","https://www.city.shiki.lg.jp/soshiki/46/2617.html","https://www.city.shiki.lg.jp/soshiki/46/2617.html"
"89037","https://www.city.shimotsuma.lg.jp/kanko-business-sangyo/keizai-sangyo/page007708.html","https://www.city.shimotsuma.lg.jp/kanko-business-sangyo/keizai-sangyo/page007708.html"
"89040","https://www.city.toyokawa.lg.jp/material/files/group/32/chirashi.pdf","https://www.city.toyokawa.lg.jp/kanko_bunka_sports/support/11507.html | https://www.city.toyokawa.lg.jp/material/files/group/32/chirashi.pdf"
"89053","http://www.town.eiheiji.lg.jp/200/206/235/237/p011631.html","http://www.town.eiheiji.lg.jp/200/206/235/237/p011631.html"
"89042","https://www.city.karatsu.lg.jp/site/navi/3261.html","https://www.city.karatsu.lg.jp/site/navi/3261.html"
"89054","http://www.town.eiheiji.lg.jp/200/201/202/p011634.html","http://www.town.eiheiji.lg.jp/200/201/202/p011634.html"
"89055","http://www.town.eiheiji.lg.jp/200/201/202/p011635.html","http://www.town.eiheiji.lg.jp/200/201/202/p011635.html"
"89060","http://www.city.ako.lg.jp/kanko/bunka/bunkazai/bunkazai_hojo.html","http://www.city.ako.lg.jp/kanko/bunka/bunkazai/bunkazai_hojo.html"
"89064","https://www.city.nonoichi.lg.jp/soshiki/9/29929.html","https://www.city.nonoichi.lg.jp/soshiki/9/29929.html"
"89065","http://www.town.tochigi-nakagawa.lg.jp/life/kurashi/2014-0415-0909-23.html","http://www.town.tochigi-nakagawa.lg.jp/life/kurashi/2014-0415-0909-23.html"
"89062","https://www.city-yanai.jp/soshiki/31/bunkageijyutusienhojyokin.html","https://www.city-yanai.jp/soshiki/31/bunkageijyutusienhojyokin.html"
"89121","https://www.city.adachi.tokyo.jp/shogai/fukushi-kenko/shinshin/shogai-shisetu-syoubou.html","https://www.city.adachi.tokyo.jp/shogai/fukushi-kenko/shinshin/shogai-shisetu-syoubou.html"
"89069","https://www.city.nonoichi.lg.jp/uploaded/attachment/13676.pdf","https://www.city.nonoichi.lg.jp/soshiki/30/13067.html | https://www.city.nonoichi.lg.jp/uploaded/attachment/13676.pdf"
"89134","https://www.city.narita.chiba.jp/anshin/page0138_00099.html","https://www.city.narita.chiba.jp/anshin/page0138_00099.html"
"89156","http://www.city.ako.lg.jp/chiiki/keikaku/tosikeikankeiseijyoseijigyo.html","http://www.city.ako.lg.jp/chiiki/keikaku/tosikeikankeiseijyoseijigyo.html"
"89159","https://www.city.kakogawa.lg.jp/soshikikarasagasu/kikakubu/kikakubukohoka/kouikigyousei/1535500048597.html","https://www.city.kakogawa.lg.jp/soshikikarasagasu/kikakubu/kikakubukohoka/kouikigyousei/1535500048597.html"
"89158","https://www.city.ako.lg.jp/sangyoshinko/norin/documents/brochure.pdf","http://www.city.ako.lg.jp/sangyoshinko/norin/akobrand.html | https://www.city.ako.lg.jp/sangyoshinko/norin/documents/brochure.pdf"
"89161","https://www.city.toyooka.lg.jp/_res/projects/default_project/_page_/001/032/310/2025j.chirashi1.pdf","https://www.city.toyooka.lg.jp/kurashi/gomikankyo/1019255/1019260/1019262/1032310.html | https://www.city.toyooka.lg.jp/_res/projects/default_project/_page_/001/032/310/2025j.chirashi1.pdf"
"89172","https://www.city.kanoya.lg.jp/documents/3881/kensyujigyogaiyou.pdf","https://www.city.kanoya.lg.jp/aguri/shinkisyunou.html | https://www.city.kanoya.lg.jp/documents/3881/kensyujigyogaiyou.pdf"
"89163","https://www.city.narita.chiba.jp/kosodate/page141200.html","https://www.city.narita.chiba.jp/kosodate/page141200.html"
"89183","https://www.city.miyoshi.hiroshima.jp/soshiki/31/1555.html","https://www.city.miyoshi.hiroshima.jp/soshiki/31/1555.html"
"89182","https://www.city.miyoshi.hiroshima.jp/soshiki/31/25103.html","https://www.city.miyoshi.hiroshima.jp/soshiki/31/25103.html"
"89179","https://www.city.minamikyushu.lg.jp/material/files/group/6/tirashi_akiyakatuyousien.pdf","https://www.city.minamikyushu.lg.jp/soshikikarasagasu/kikakuka/kikaku/1/3/1317.html | https://www.city.minamikyushu.lg.jp/material/files/group/6/tirashi_akiyakatuyousien.pdf"
"89186","https://www.pref.chiba.lg.jp/annou/suisinjigyohojyokin.html","https://www.pref.chiba.lg.jp/annou/suisinjigyohojyokin.html"
"89222","https://www.city.shikokuchuo.ehime.jp/soshiki/58/46848.html","https://www.city.shikokuchuo.ehime.jp/soshiki/58/46848.html"
"89194","https://www.pref.chiba.lg.jp/noushin/tanbodamu/tanbodamu.html","https://www.pref.chiba.lg.jp/noushin/tanbodamu/tanbodamu.html | https://www.pref.chiba.lg.jp/forms/faq.html?item3=http%3A%2F%2Fwww.pref.chiba.lg.jp%2Fnoushin%2Ftanbodamu%2Ftanbodamu.html&item4=616193&item5=15045"
"89239","https://www.city.makurazaki.lg.jp/site/ijyu/5707.html","https://www.city.makurazaki.lg.jp/site/ijyu/5707.html"
"89243","https://www.pref.saitama.lg.jp/a0307/kenminkaigi/hojokin/kasseikahojyo.html","https://www.pref.saitama.lg.jp/a0307/kenminkaigi/hojokin/kasseikahojyo.html"
"89246","https://www.pref.chiba.lg.jp/rich/ashisuto/youchi-jouhou/ichiran/sanngyouyoutikakuhosaku.html","https://www.pref.chiba.lg.jp/rich/ashisuto/youchi-jouhou/ichiran/sanngyouyoutikakuhosaku.html | https://www.pref.chiba.lg.jp/forms/faq.html?item3=http%3A%2F%2Fwww.pref.chiba.lg.jp%2Frich%2Fashisuto%2Fyouchi-jouhou%2Fichiran%2Fsanngyouyoutikakuhosaku.html&item4=646832&item5=05190610"
"89266","https://www.maff.go.jp/j/syouan/keikaku/soukatu/250124.html","https://www.maff.go.jp/j/syouan/keikaku/soukatu/250124.html"
"89273","https://www.city.matsumoto.nagano.jp/uploaded/attachment/95663.pdf","https://www.city.matsumoto.nagano.jp/site/kyoiku/2647.html | https://www.city.matsumoto.nagano.jp/uploaded/attachment/95663.pdf"
"89276","https://www.city.hanamaki.iwate.jp/business/norinchikusan/1000249/1008454/1014527.html","https://www.city.hanamaki.iwate.jp/business/norinchikusan/1000249/1008454/1014527.html"
"89277","https://www.pref.tochigi.lg.jp/c09/kanndou.html","https://www.pref.tochigi.lg.jp/c09/kanndou.html"
"89287","https://www.city.kai.yamanashi.jp/soshikinogoannai/norinshinkoka/norinsomukakari/3/1/14927.html","https://www.city.kai.yamanashi.jp/soshikinogoannai/norinshinkoka/norinsomukakari/3/1/14927.html"
"89283","https://www.town.aga.niigata.jp/agamachi_soshiki/machizukuri_kanko/shoukougyou/1491.html","https://www.town.aga.niigata.jp/agamachi_soshiki/machizukuri_kanko/shoukougyou/1491.html | https://www.town.aga.niigata.jp/cgi-bin/inquiry.php/6?page_no=1491"
"89288","https://www.maff.go.jp/j/kobetu_ninaite/n_seido/syuurakueinou.html","https://www.maff.go.jp/j/kobetu_ninaite/n_seido/syuurakueinou.html"
"89296","https://www.fukushi.metro.tokyo.lg.jp/kiban/sodan/sougousoudann","https://www.fukushi.metro.tokyo.lg.jp/kiban/sodan/sougousoudann | https://www.fukushi.metro.tokyo.lg.jp/documents/d/fukushi/gaiyou_44"
"89295","https://www.yurihama.jp/soshiki/2/21108.html","https://www.yurihama.jp/soshiki/2/21108.html"
"89301","https://www.city.ashibetsu.hokkaido.jp/fs/9/5/1/9/5/_/________________R020401___.pdf","https://www.city.ashibetsu.hokkaido.jp/docs/4913.html | https://www.city.ashibetsu.hokkaido.jp/fs/9/5/1/9/5/_/________________R020401___.pdf"
"89302","https://www.city.ashibetsu.hokkaido.jp/docs/4811.html","https://www.city.ashibetsu.hokkaido.jp/docs/4811.html"
"89303","https://www.fukushi.metro.tokyo.lg.jp/kodomo/kosodate/kodomonoibasyosousetuzigyou","https://www.fukushi.metro.tokyo.lg.jp/kodomo/kosodate/kodomonoibasyosousetuzigyou"
"89305","https://www.city.kakuda.lg.jp/soshiki/32/42.html","https://www.city.kakuda.lg.jp/soshiki/32/42.html"
"89318","https://www.city.kanuma.tochigi.jp/manage/contents/upload/65f3ed131d7cf.pdf","https://www.city.kanuma.tochigi.jp/0252/info-0000009410-1.html | https://www.city.kanuma.tochigi.jp/manage/contents/upload/65f3ed131d7cf.pdf"
"89309","https://www.city.iga.lg.jp/cmsfiles/contents/0000012/12801/igashibukkakoutoutaisakujigyou.pdf","https://www.city.iga.lg.jp/0000012801.html | https://www.city.iga.lg.jp/cmsfiles/contents/0000012/12801/igashibukkakoutoutaisakujigyou.pdf"
"89319","https://www.city.kanuma.tochigi.jp/manage/contents/upload/65cda8a418e24.pdf","https://www.city.kanuma.tochigi.jp/0252/info-0000009414-1.html | https://www.city.kanuma.tochigi.jp/manage/contents/upload/65cda8a418e24.pdf"
"89321","https://shogakukin-henkan-shien.pref.aichi.jp/assets/file/subsidy/kigyo_flyer.pdf","https://shogakukin-henkan-shien.pref.aichi.jp/subsidy/ | https://shogakukin-henkan-shien.pref.aichi.jp/assets/file/subsidy/kigyo_flyer.pdf"
"89322","https://www.city.kanuma.tochigi.jp/0253/info-0000006404-1.html","https://www.city.kanuma.tochigi.jp/0253/info-0000006404-1.html"
"89326","https://www.city.annaka.lg.jp/page/17305.html","https://www.city.annaka.lg.jp/page/17305.html"
"89324","https://www.city.kanuma.tochigi.jp/manage/contents/upload/6330fabb70a70.pdf","https://www.city.kanuma.tochigi.jp/0254/info-0000000655-1.html | https://www.city.kanuma.tochigi.jp/manage/contents/upload/6330fabb70a70.pdf"
"89329","https://www.hokeniryo.metro.tokyo.lg.jp/iryo/jigyo/hojo/kinmu","https://www.hokeniryo.metro.tokyo.lg.jp/iryo/jigyo/hojo/kinmu"
"89330","https://www.city.echizen.lg.jp/office/070/020/kouen/ibentohojo.html","https://www.city.echizen.lg.jp/office/070/020/kouen/ibentohojo.html"
"89334","https://www.pref.fukushima.lg.jp/uploaded/attachment/669643.pdf","https://www.pref.fukushima.lg.jp/site/portal/dennsyoukann.html | https://www.pref.fukushima.lg.jp/uploaded/attachment/669643.pdf"
"89337","https://www.kousakukikai-zaidan.or.jp/essential/kokusaikaigikaisaisien/","https://www.kousakukikai-zaidan.or.jp/essential/kokusaikaigikaisaisien/"
"89339","https://www.city.yashio.lg.jp/kenko/shogaishafukushi/syougaifukusisa-bisu/iryoutekikeajisya.html","https://www.city.yashio.lg.jp/kenko/shogaishafukushi/syougaifukusisa-bisu/iryoutekikeajisya.html"
"89341","https://www.fukushi.metro.tokyo.lg.jp/kourei/shisetu/keihidaitoshi/toshigatahojojigyou","https://www.fukushi.metro.tokyo.lg.jp/kourei/shisetu/keihidaitoshi/toshigatahojojigyou"
"89342","https://www.lm-foundation.or.jp/grants/symposium.html","https://www.lm-foundation.or.jp/grants/symposium.html | https://www.lm-foundation.or.jp/other/contact.html"
"89346","https://www.city.imizu.toyama.jp/guide/svguidedtl.aspx?servno=27112","https://www.city.imizu.toyama.jp/guide/svguidedtl.aspx?servno=27112"
"89352","https://www.pref.okinawa.lg.jp/iryokenko/iryo/1005869/1032823.html","https://www.pref.okinawa.lg.jp/iryokenko/iryo/1005869/1032823.html"
"89347","https://www.lm-foundation.or.jp/grants/kaigai_hojo.html","https://www.lm-foundation.or.jp/grants/kaigai_hojo.html | https://www.lm-foundation.or.jp/other/contact.html"
"89357","https://www.fukushi.metro.tokyo.lg.jp/kourei/shisetu/service","https://www.fukushi.metro.tokyo.lg.jp/kourei/shisetu/service"
"89362","https://www.fukushi.metro.tokyo.lg.jp/kourei/shisetu/shakuchishien","https://www.fukushi.metro.tokyo.lg.jp/kourei/shisetu/shakuchishien"
"89360","https://www.fukushi.metro.tokyo.lg.jp/kourei/shisetu/mitori/syoukibo","https://www.fukushi.metro.tokyo.lg.jp/kourei/shisetu/mitori/syoukibo"
"89363","https://www.city.kasama.lg.jp/page/page013574.html","https://www.city.kasama.lg.jp/page/page013574.html"
"89369","https://www.kousakukikai-zaidan.or.jp/essential/680-2/","https://www.kousakukikai-zaidan.or.jp/essential/680-2/"
"89381","https://www.city.kiryu.lg.jp/sangyou/nougyoushinko/ringyou/1001132.html","https://www.city.kiryu.lg.jp/sangyou/nougyoushinko/ringyou/1001132.html"
"89409","https://www.city.uenohara.yamanashi.jp/page/1011598.html","https://www.city.uenohara.yamanashi.jp/page/1011598.html"
"89398","https://www.city.nirasaki.lg.jp/soshikiichiran/shoukoukankouka/shokoroseitanto/7/1235.html","https://www.city.nirasaki.lg.jp/soshikiichiran/shoukoukankouka/shokoroseitanto/7/1235.html"
"89391","https://www.city.satsumasendai.lg.jp/soshiki/1041/2/1/1/2997.html","https://www.city.satsumasendai.lg.jp/soshiki/1041/2/1/1/2997.html"
"89423","https://www.pref.fukuoka.lg.jp/contents/youkou-12.html","https://www.pref.fukuoka.lg.jp/contents/youkou-12.html"
"89422","https://www.pref.fukuoka.lg.jp/contents/youkou-12.html","https://www.pref.fukuoka.lg.jp/contents/youkou-12.html"
"89439","https://www.town.ainan.ehime.jp/kurashi/business/noringyo/yaseichoju/nosakubutsuchojugaiboshi.html","https://www.town.ainan.ehime.jp/kurashi/business/noringyo/yaseichoju/nosakubutsuchojugaiboshi.html"
"89452","https://dairihenkan.jasso.go.jp/img/kigyoushien_siryou.pdf","https://dairihenkan.jasso.go.jp/ | https://dairihenkan.jasso.go.jp/img/kigyoushien_siryou.pdf"
"89468","https://www.fukushi.metro.tokyo.lg.jp/kiban/sodan/sumai","https://www.fukushi.metro.tokyo.lg.jp/kiban/sodan/sumai"
"89454","https://www.pref.fukuoka.lg.jp/contents/kasenaigoo.html","https://www.pref.fukuoka.lg.jp/contents/kasenaigoo.html"
"89492","https://www.konicaminoltastf.or.jp/otherbusiness.html","https://www.konicaminoltastf.or.jp/otherbusiness.html | https://www.konicaminoltastf.or.jp/contact.html"
"89493","https://www.konicaminoltastf.or.jp/otherbusiness.html#:~:text=%E3%81%BE%E3%81%A7%E5%8F%97%E3%81%91%E4%BB%98%E3%81%91%E3%81%BE%E3%81%99%E3%80%82%EF%BC%89-,%E7%A7%91%E5%AD%A6%E6%8A%80%E8%A1%93%E3%81%AB%E9%96%A2%E3%81%99%E3%82%8B%E5%9B%BD%E9%9A%9B%E4%BC%9A%E8%AD%B0%E7%AD%89%E3%81%B8%E3%81%AE%E5%8A%A9%E6%88%90,-%E3%82%B3%E3%83%8B%E3%82%AB%E3%83%9F%E3%83%8E%E3%83%AB%E3%82%BF%E7%A7%91%E5%AD%A6%E6%8A%80%E8%A1%93","https://www.konicaminoltastf.or.jp/otherbusiness.html#:~:text=%E3%81%BE%E3%81%A7%E5%8F%97%E3%81%91%E4%BB%98%E3%81%91%E3%81%BE%E3%81%99%E3%80%82%EF%BC%89-,%E7%A7%91%E5%AD%A6%E6%8A%80%E8%A1%93%E3%81%AB%E9%96%A2%E3%81%99%E3%82%8B%E5%9B%BD%E9%9A%9B%E4%BC%9A%E8%AD%B0%E7%AD%89%E3%81%B8%E3%81%AE%E5%8A%A9%E6%88%90,-%E3%82%B3%E3%83%8B%E3%82%AB%E3%83%9F%E3%83%8E%E3%83%AB%E3%82%BF%E7%A7%91%E5%AD%A6%E6%8A%80%E8%A1%93 | https://www.konicaminoltastf.or.jp/contact.html"
"89497","https://www.city.awara.lg.jp/mokuteki/cityinfo/cityinfo01/3300/p014558.html","https://www.city.awara.lg.jp/mokuteki/cityinfo/cityinfo01/3300/p014558.html"
"89501","https://www.city.musashino.lg.jp/_res/projects/default_project/_page_/001/049/209/careplandata.pdf","https://www.city.musashino.lg.jp/kenko_fukushi/koureisha_fukushi/kaigohoken/jigyosya/1049209.html | https://www.city.musashino.lg.jp/_res/projects/default_project/_page_/001/049/209/careplandata.pdf"
"89516","https://www.city.nishinoomote.lg.jp/admin/sangyou/shoukougyou/1051.html","https://www.city.nishinoomote.lg.jp/admin/sangyou/shoukougyou/1051.html"
"89509","https://www.city.tonami.lg.jp/service/77463p/","https://www.city.tonami.lg.jp/service/77463p/"
"89518","https://www.pref.nara.jp/secure/311382/annnachirashii2.pdf","https://www.pref.nara.jp/66600.htm | https://www.pref.nara.jp/secure/311382/annnachirashii2.pdf"
"89532","https://www.pref.aichi.jp/soshiki/shinrin/0000005727.html","https://www.pref.aichi.jp/soshiki/shinrin/0000005727.html"
"89531","http://www.city.tendo.yamagata.jp/lifeinfo/bousai/zichikaizyosetu.html","http://www.city.tendo.yamagata.jp/lifeinfo/bousai/zichikaizyosetu.html"
"89548","https://www.hokeniryo.metro.tokyo.lg.jp/iryo/jigyo/hojo/shinjinkango.html","https://www.hokeniryo.metro.tokyo.lg.jp/iryo/jigyo/hojo/shinjinkango.html"
"89534","https://www.pref.aichi.jp/soshiki/nogyo-shinko/0000052684.html#ikuseitaisaku","https://www.pref.aichi.jp/soshiki/nogyo-shinko/0000052684.html#ikuseitaisaku"
"89550","https://www.hokeniryo.metro.tokyo.lg.jp/iryo/jigyo/hojo/jigyou.html","https://www.hokeniryo.metro.tokyo.lg.jp/iryo/jigyo/hojo/jigyou.html | https://www.hokeniryo.metro.tokyo.lg.jp/documents/d/hokeniryo/shisetsugaiyou"
"89551","https://www.hokeniryo.metro.tokyo.lg.jp/iryo/jigyo/hojo/uneihi.html","https://www.hokeniryo.metro.tokyo.lg.jp/iryo/jigyo/hojo/uneihi.html"
"89561","https://www.pref.saitama.lg.jp/a0109/dxcompact.html","https://www.pref.saitama.lg.jp/a0109/dxcompact.html"
"89555","https://www.town.kawagoe.mie.jp/kurashi/gomi/1002667/1001633.html","https://www.town.kawagoe.mie.jp/kurashi/gomi/1002667/1001633.html"
"89567","https://www.city.nanao.lg.jp/sangyou-s/documents/koyoukakuhosientirashi250210.pdf","https://www.city.nanao.lg.jp/sangyou-s/koyoukakuhosienhojyokin.html | https://www.city.nanao.lg.jp/sangyou-s/documents/koyoukakuhosientirashi250210.pdf | https://www.city.nanao.lg.jp/cgi-bin/simple_faq/form.cgi"
"89589","https://www.city.shizuoka.lg.jp/s5423/s005339.html","https://www.city.shizuoka.lg.jp/s5423/s005339.html"
"89607","https://www.city.toyokawa.lg.jp/soshiki/kyoikuiinkai/sports/1/4/228.html#:~:text=PDF%E3%83%95%E3%82%A1%E3%82%A4%E3%83%AB%3A%20209.7KB)-,%E3%82%B9%E3%83%9D%E3%83%BC%E3%83%84%E6%8C%AF%E8%88%88%E5%8A%A9%E6%88%90%E9%87%91,-%E3%82%B9%E3%83%9D%E3%83%BC%E3%83%84%E5%A4%A7%E4%BC%9A%E3%80%81%E3%82%B9%E3%83%9D%E3%83%BC%E3%83%84","https://www.city.toyokawa.lg.jp/soshiki/kyoikuiinkai/sports/1/4/228.html#:~:text=PDF%E3%83%95%E3%82%A1%E3%82%A4%E3%83%AB%3A%20209.7KB)-,%E3%82%B9%E3%83%9D%E3%83%BC%E3%83%84%E6%8C%AF%E8%88%88%E5%8A%A9%E6%88%90%E9%87%91,-%E3%82%B9%E3%83%9D%E3%83%BC%E3%83%84%E5%A4%A7%E4%BC%9A%E3%80%81%E3%82%B9%E3%83%9D%E3%83%BC%E3%83%84"
"89621","https://www.city.kawasaki.jp/templates/outline/280/0000007807.html","https://www.city.kawasaki.jp/templates/outline/280/0000007807.html"
"89630","https://www.city.toyama.lg.jp/kurashi/jichi/1010382/1011071/1007453.html","https://www.city.toyama.lg.jp/kurashi/jichi/1010382/1011071/1007453.html"
"89632","https://www.city.toyama.lg.jp/kurashi/jichi/1010386/index.html","https://www.city.toyama.lg.jp/kurashi/jichi/1010386/index.html"
"89637","https://www.city.toyama.lg.jp/kurashi/road/1010280/1006953.html","https://www.city.toyama.lg.jp/kurashi/road/1010280/1006953.html"
"89634","https://www.city.toyama.lg.jp/kurashi/sumai/1010267/1010269/1011331/1006643.html","https://www.city.toyama.lg.jp/kurashi/sumai/1010267/1010269/1011331/1006643.html | https://www.city.toyama.lg.jp/_res/projects/default_project/_page_/001/006/643/area.png"
"89635","https://www.city.toyama.lg.jp/_res/projects/default_project/_page_/001/006/632/machi-area.pdf","https://www.city.toyama.lg.jp/kurashi/sumai/1010267/1010268/1011327/1006632.html | https://www.city.toyama.lg.jp/_res/projects/default_project/_page_/001/006/632/machi-area.pdf"
"89647","https://www.city.toyama.lg.jp/kosodate/shochugakko/1010439/1007395.html","https://www.city.toyama.lg.jp/kosodate/shochugakko/1010439/1007395.html"
"89676","https://www.kuriharacity.jp/w022/020/010/010/033/PAGE000000000000010729.html","https://www.kuriharacity.jp/w022/020/010/010/033/PAGE000000000000010729.html"
"89678","https://www.kuriharacity.jp/w022/020/030/PAGE000000000000012199.html","https://www.kuriharacity.jp/w022/020/030/PAGE000000000000012199.html | https://www.kuriharacity.jp/w022/020/030/business_chirashi2.pdf?1041023"
"89690","http://www.town.nagara.chiba.jp/soshiki/5/14995.html","http://www.town.nagara.chiba.jp/soshiki/5/14995.html"
"89695","https://www.city.tamano.lg.jp/uploaded/attachment/28605.pdf","https://www.city.tamano.lg.jp/soshiki/16/46480.html | https://www.city.tamano.lg.jp/uploaded/attachment/28605.pdf"
"89693","https://www.vill.kijimadaira.lg.jp/articles/2025013100019/","https://www.vill.kijimadaira.lg.jp/articles/2025013100019/"
"89703","https://www.city.hachinohe.aomori.jp/soshikikarasagasu/saigaitaisakuka/bosai/5/1967.html","https://www.city.hachinohe.aomori.jp/soshikikarasagasu/saigaitaisakuka/bosai/5/1967.html"
"89705","https://www.city.hirosaki.aomori.jp/sangyo/nogyo/files/20240709kanshousisetsutihirashi.pdf","https://www.city.hirosaki.aomori.jp/sangyo/nogyo/kanshosisetsuseibi.html | https://www.city.hirosaki.aomori.jp/sangyo/nogyo/files/20240709kanshousisetsutihirashi.pdf"
"89716","https://www.city.saku.nagano.jp/kurashi/jutaku/jutakutou/asubesuto_hojyo.html","https://www.city.saku.nagano.jp/kurashi/jutaku/jutakutou/asubesuto_hojyo.html"
"89738","https://www.kuriharacity.jp/w018/030/030/tiikinougyoueinousien/PAGE000000000000008075.html","https://www.kuriharacity.jp/w018/030/030/tiikinougyoueinousien/PAGE000000000000008075.html"
"89739","https://www.kuriharacity.jp/w018/030/030/yuukikikaisien/PAGE000000000000008075.html","https://www.kuriharacity.jp/w018/030/030/yuukikikaisien/PAGE000000000000008075.html"
"89768","https://www.city.numata.gunma.jp/jigyosha/nourin/1004074/1015435.html","https://www.city.numata.gunma.jp/jigyosha/nourin/1004074/1015435.html"
"89769","https://www.town.yamanouchi.nagano.jp/soshiki/keikakukanri/gyomu/kaihatsu_kenchiku/848.html","https://www.town.yamanouchi.nagano.jp/soshiki/keikakukanri/gyomu/kaihatsu_kenchiku/848.html"
"89770","https://www.sanpainet.or.jp/joseikin/","https://www.sanpainet.or.jp/joseikin/"
"89773","https://www.pref.ibaraki.jp/doboku/jodo/kasen/004search/answer/004kasenaigo.html","https://www.pref.ibaraki.jp/doboku/jodo/kasen/004search/answer/004kasenaigo.html"
"89774","https://www.city.fukuoka.lg.jp/jutaku-toshi/jigyochosei/life/soudan/documents/94760/chirashi.pdf","http://www.city.fukuoka.lg.jp/jutaku-toshi/jigyochosei/life/soudan/22_m01.html | https://www.city.fukuoka.lg.jp/jutaku-toshi/jigyochosei/life/soudan/documents/94760/chirashi.pdf"
"89777","https://www.city.amakusa.kumamoto.jp/kiji00312851/index.html","https://www.city.amakusa.kumamoto.jp/kiji00312851/index.html"
"89781","https://www.city.sapporo.jp/nogyo/toretate/tyoujuuhigai/huntershien.html","https://www.city.sapporo.jp/nogyo/toretate/tyoujuuhigai/huntershien.html"
"89804","https://www.city.iizuka.lg.jp/k-sebiese/machi/kankyo/hojo/documents/chirasi.pdf","https://www.city.iizuka.lg.jp/k-sebiese/machi/kankyo/hojo/shigen.html | https://www.city.iizuka.lg.jp/k-sebiese/machi/kankyo/hojo/documents/chirasi.pdf"
"89807","https://www.city.otsu.lg.jp/soshiki/020/1426/g/hojyo_jyose/1389075747225.html","https://www.city.otsu.lg.jp/soshiki/020/1426/g/hojyo_jyose/1389075747225.html"
"89805","https://www.city.iizuka.lg.jp/k-sebisuishin/machi/kankyo/hojo/documents/gominetto_hojokinn_chirashi2.pdf","https://www.city.iizuka.lg.jp/k-sebisuishin/machi/kankyo/hojo/gominetto.html | https://www.city.iizuka.lg.jp/k-sebisuishin/machi/kankyo/hojo/documents/gominetto_hojokinn_chirashi2.pdf"
"89811","https://www.city.otsu.lg.jp/fire119/fire/bousai/m/48675.html","https://www.city.otsu.lg.jp/fire119/fire/bousai/m/48675.html"
"89815","https://www.city.omitama.lg.jp/manage/contents/upload/67a5aeafe3048.pdf","https://www.city.omitama.lg.jp/0104/info-0000011330-0.html | https://www.city.omitama.lg.jp/manage/contents/upload/67a5aeafe3048.pdf"
"89810","https://www.city.otsu.lg.jp/sc/c/h/hojo/1387860106909.html","https://www.city.otsu.lg.jp/sc/c/h/hojo/1387860106909.html | https://www.city.otsu.lg.jp/cgi-bin/inquiry.php/109"
"89818","https://web.pref.hyogo.lg.jp/nk02/documents/oftirashi.pdf","https://web.pref.hyogo.lg.jp/nk02/open-farm.html#kyouka | https://web.pref.hyogo.lg.jp/nk02/documents/oftirashi.pdf"
"89833","https://www.city.ishioka.lg.jp/data/doc/1731462830_doc_94_0.pdf","https://www.city.ishioka.lg.jp/shigoto_sangyo_machi/nouringyo/hojojigyo/page000800.html | https://www.city.ishioka.lg.jp/data/doc/1731462830_doc_94_0.pdf"
"89825","https://www.city.kato.lg.jp/kakukanogoannai/kenkoufukushibu/shakai/shougai/15747.html","https://www.city.kato.lg.jp/kakukanogoannai/kenkoufukushibu/shakai/shougai/15747.html"
"89836","https://www.town.niseko.lg.jp/kurashi/shigoto/miryoku/","https://www.town.niseko.lg.jp/kurashi/shigoto/miryoku/"
"89842","https://www.city.ishioka.lg.jp/shigoto_sangyo_machi/keikan/juminsanka_fund/","https://www.city.ishioka.lg.jp/shigoto_sangyo_machi/keikan/juminsanka_fund/"
"89841","https://www.city.hakodate.hokkaido.jp/docs/2014031300440/","https://www.city.hakodate.hokkaido.jp/docs/2014031300440/"
"89877","https://www.vill.kitanakagusuku.lg.jp/sonsei/koufukin/561.html","https://www.vill.kitanakagusuku.lg.jp/sonsei/koufukin/561.html"
"89846","https://www.town.hidakagawa.lg.jp/shigoto/ringyou/shienseido/rin_satoyama.html","https://www.town.hidakagawa.lg.jp/shigoto/ringyou/shienseido/rin_satoyama.html"
"89898","https://www.city.setagaya.lg.jp/documents/3920/pamphlet.pdf","https://www.city.setagaya.lg.jp/02039/3920.html | https://www.city.setagaya.lg.jp/documents/3920/pamphlet.pdf"
"89899","https://www.city.natori.miyagi.jp/page/27081.html","https://www.city.natori.miyagi.jp/page/27081.html"
"89901","https://www.city.natori.miyagi.jp/uploaded/life/19208_20835_misc.pdf","https://www.city.natori.miyagi.jp/page/19208.html | https://www.city.natori.miyagi.jp/uploaded/life/19208_20835_misc.pdf"
"89900","https://www.city.natori.miyagi.jp/page/5409.html","https://www.city.natori.miyagi.jp/page/5409.html"
"89902","https://ncfoundation.or.jp/subsidzed/cultural.html","https://ncfoundation.or.jp/subsidzed/cultural.html"
"89903","https://ncfoundation.or.jp/subsidzed/","https://ncfoundation.or.jp/subsidzed/"
"89919","https://www.city.ikoma.lg.jp/0000033215.html","https://www.city.ikoma.lg.jp/0000033215.html"
"89920","https://www.city.saku.nagano.jp/machizukuri/nogyo/kurashi/hojyo/yugaichoju.html","https://www.city.saku.nagano.jp/machizukuri/nogyo/kurashi/hojyo/yugaichoju.html"
"89925","https://www.pref.miyagi.jp/documents/55186/hojo_gaiyou.pdf","https://www.pref.miyagi.jp/soshiki/suikisei/kankyouhendoutaisaku/r6kankyouhendoutaisaku.html | https://www.pref.miyagi.jp/documents/55186/hojo_gaiyou.pdf"
"89924","https://www.city.nakano.nagano.jp/docs/2022061300019/","https://www.city.nakano.nagano.jp/docs/2022061300019/"
"89930","https://www.pref.miyagi.jp/soshiki/engei/nochiku-nosanbutsueikyokanwa.html","https://www.pref.miyagi.jp/soshiki/engei/nochiku-nosanbutsueikyokanwa.html"
"89928","https://www.city.nakano.nagano.jp/docs/2016021000064/","https://www.city.nakano.nagano.jp/docs/2016021000064/"
"89931","http://www.city.tendo.yamagata.jp/lifeinfo/sports/sinsei.html","http://www.city.tendo.yamagata.jp/lifeinfo/sports/sinsei.html"
"89934","https://www.pref.miyagi.jp/soshiki/kentaku/taishinhojyo.html","https://www.pref.miyagi.jp/soshiki/kentaku/taishinhojyo.html"
"89933","https://www.pref.miyagi.jp/soshiki/kentaku/taishinhojyo.html","https://www.pref.miyagi.jp/soshiki/kentaku/taishinhojyo.html"
"89936","https://www.pref.miyagi.jp/soshiki/kentaku/taishinhojyo.html","https://www.pref.miyagi.jp/soshiki/kentaku/taishinhojyo.html"
"89940","https://www.pref.miyagi.jp/soshiki/kentaku/taishinhojyo.html#:~:text=%E5%AE%AE%E5%9F%8E%E7%9C%8C%E5%B0%8F%E5%AD%A6%E6%A0%A1%E3%82%B9%E3%82%AF%E3%83%BC%E3%83%AB%E3%82%BE%E3%83%BC%E3%83%B3%E5%86%85%E3%83%96%E3%83%AD%E3%83%83%E3%82%AF%E5%A1%80%E7%AD%89%E9%99%A4%E5%8D%B4%E5%B7%A5%E4%BA%8B%E5%8A%A9%E6%88%90%E4%BA%8B%E6%A5%AD%E8%A3%9C%E5%8A%A9%E9%87%91","https://www.pref.miyagi.jp/soshiki/kentaku/taishinhojyo.html#:~:text=%E5%AE%AE%E5%9F%8E%E7%9C%8C%E5%B0%8F%E5%AD%A6%E6%A0%A1%E3%82%B9%E3%82%AF%E3%83%BC%E3%83%AB%E3%82%BE%E3%83%BC%E3%83%B3%E5%86%85%E3%83%96%E3%83%AD%E3%83%83%E3%82%AF%E5%A1%80%E7%AD%89%E9%99%A4%E5%8D%B4%E5%B7%A5%E4%BA%8B%E5%8A%A9%E6%88%90%E4%BA%8B%E6%A5%AD%E8%A3%9C%E5%8A%A9%E9%87%91"
"89939","https://www.city.nakano.nagano.jp/docs/2021061300012/","https://www.city.nakano.nagano.jp/docs/2021061300012/"
"89937","https://www.pref.miyagi.jp/soshiki/kentaku/taishinhojyo.html","https://www.pref.miyagi.jp/soshiki/kentaku/taishinhojyo.html"
"89941","https://www.city.nakano.nagano.jp/docs/2021061300029/","https://www.city.nakano.nagano.jp/docs/2021061300029/"