policy_id,primary_url,all_urls
"116302","https://www.city.iwaki.lg.jp//www/contents/1768803498553/index.html","https://www.city.iwaki.lg.jp//www/contents/1768803498553/index.html"
"116303","https://www.city.asago.hyogo.jp/soshiki/22/23994.html","https://www.city.asago.hyogo.jp/soshiki/22/23994.html"
"116306","https://www.town.minamiise.lg.jp/admin/shoshiki/machizukuri/2532.html","https://www.town.minamiise.lg.jp/admin/shoshiki/machizukuri/2532.html"
"116304","https://www.town.urausu.hokkaido.jp/kurashi/gyosei/catetemp3_kakuka/catetemp4_kikaku/matizukurihojyokin.html","https://www.town.urausu.hokkaido.jp/kurashi/gyosei/catetemp3_kakuka/catetemp4_kikaku/matizukurihojyokin.html"
"116308","https://www.city.murayama.lg.jp/kurashi/nou_syou_kou/norin/nouringyoukannkeihoj/6jihojokin.html#:~:text=%E6%9D%91%E5%B1%B1%E5%B8%826%E6%AC%A1%E7%94%A3%E6%A5%AD%E5%8C%96%E5%95%86%E5%93%81%E9%96%8B%E7%99%BA%E7%AD%89%E6%94%AF%E6%8F%B4%E4%BA%8B%E6%A5%AD%E8%B2%BB%E8%A3%9C%E5%8A%A9%E9%87%91","https://www.city.murayama.lg.jp/kurashi/nou_syou_kou/norin/nouringyoukannkeihoj/6jihojokin.html#:~:text=%E6%9D%91%E5%B1%B1%E5%B8%826%E6%AC%A1%E7%94%A3%E6%A5%AD%E5%8C%96%E5%95%86%E5%93%81%E9%96%8B%E7%99%BA%E7%AD%89%E6%94%AF%E6%8F%B4%E4%BA%8B%E6%A5%AD%E8%B2%BB%E8%A3%9C%E5%8A%A9%E9%87%91"
"116309","https://tochi-no.jp/guide/guide05/#:~:text=%E3%82%A8%E3%83%AA%E3%82%A2%EF%BC%9A%E8%8A%B3%E8%B3%80%E7%94%BA-,%E6%96%BD%E8%A8%AD%E7%94%A8%E5%9C%92%E8%8A%B8%E3%83%8F%E3%82%A6%E3%82%B9%E8%A8%AD%E7%BD%AE%E6%95%B4%E5%82%99%E4%BA%8B%E6%A5%AD,-%E5%96%B6%E8%BE%B2%E8%B2%BB%E7%94%A8%E5%8A%A9%E6%88%90","https://tochi-no.jp/guide/guide05/#:~:text=%E3%82%A8%E3%83%AA%E3%82%A2%EF%BC%9A%E8%8A%B3%E8%B3%80%E7%94%BA-,%E6%96%BD%E8%A8%AD%E7%94%A8%E5%9C%92%E8%8A%B8%E3%83%8F%E3%82%A6%E3%82%B9%E8%A8%AD%E7%BD%AE%E6%95%B4%E5%82%99%E4%BA%8B%E6%A5%AD,-%E5%96%B6%E8%BE%B2%E8%B2%BB%E7%94%A8%E5%8A%A9%E6%88%90"
"116307","https://www.city.murayama.lg.jp/kurashi/nou_syou_kou/norin/nouringyoukannkeihoj/6jihojokin.html","https://www.city.murayama.lg.jp/kurashi/nou_syou_kou/norin/nouringyoukannkeihoj/6jihojokin.html"
"116310","https://tochi-no.jp/guide/guide05/#:~:text=%E3%82%A8%E3%83%AA%E3%82%A2%EF%BC%9A%E8%8A%B3%E8%B3%80%E7%94%BA-,%E6%96%BD%E8%A8%AD%E9%87%8E%E8%8F%9C%E5%8F%8A%E3%81%B3%E9%9C%B2%E5%9C%B0%E9%87%8E%E8%8F%9C%E7%97%85%E5%AE%B3%E8%99%AB%E9%98%B2%E9%99%A4%E4%BA%8B%E6%A5%AD,-%E5%96%B6%E8%BE%B2%E8%B2%BB%E7%94%A8%E5%8A%A9%E6%88%90","https://tochi-no.jp/guide/guide05/#:~:text=%E3%82%A8%E3%83%AA%E3%82%A2%EF%BC%9A%E8%8A%B3%E8%B3%80%E7%94%BA-,%E6%96%BD%E8%A8%AD%E9%87%8E%E8%8F%9C%E5%8F%8A%E3%81%B3%E9%9C%B2%E5%9C%B0%E9%87%8E%E8%8F%9C%E7%97%85%E5%AE%B3%E8%99%AB%E9%98%B2%E9%99%A4%E4%BA%8B%E6%A5%AD,-%E5%96%B6%E8%BE%B2%E8%B2%BB%E7%94%A8%E5%8A%A9%E6%88%90"
"116313","https://www.city.nagai.yamagata.jp/soshiki/shoshin/105/202/hojyokin/14867.html","https://www.city.nagai.yamagata.jp/soshiki/shoshin/105/202/hojyokin/14867.html"
"116312","https://tochi-no.jp/guide/guide05/#:~:text=%E8%8A%B3%E8%B3%80%E7%94%BA-,%E6%A2%A8%E6%A0%BD%E5%9F%B9%E6%8B%A1%E5%A4%A7%E4%BA%8B%E6%A5%AD%E8%B2%BB%E8%A3%9C%E5%8A%A9%E9%87%91,-%E5%96%B6%E8%BE%B2%E8%B2%BB%E7%94%A8%E5%8A%A9%E6%88%90","https://tochi-no.jp/guide/guide05/#:~:text=%E8%8A%B3%E8%B3%80%E7%94%BA-,%E6%A2%A8%E6%A0%BD%E5%9F%B9%E6%8B%A1%E5%A4%A7%E4%BA%8B%E6%A5%AD%E8%B2%BB%E8%A3%9C%E5%8A%A9%E9%87%91,-%E5%96%B6%E8%BE%B2%E8%B2%BB%E7%94%A8%E5%8A%A9%E6%88%90"
"116315","https://www.city.nagai.yamagata.jp/soshiki/kankobunka/104/b2/13867.html","https://www.city.nagai.yamagata.jp/soshiki/kankobunka/104/b2/13867.html"
"116316","https://tochi-no.jp/guide/guide05/#:~:text=%E7%B5%8C%E5%96%B6%E8%B3%87%E6%BA%90%E6%9C%89%E5%8A%B9%E6%B4%BB%E7%94%A8%E3%83%AA%E3%83%95%E3%82%A9%E3%83%BC%E3%83%A0%E6%94%AF%E6%8F%B4%E4%BA%8B%E6%A5%AD%EF%BC%88%E4%B8%8A%E4%B9%97%E3%81%9B%EF%BC%89","https://tochi-no.jp/guide/guide05/#:~:text=%E7%B5%8C%E5%96%B6%E8%B3%87%E6%BA%90%E6%9C%89%E5%8A%B9%E6%B4%BB%E7%94%A8%E3%83%AA%E3%83%95%E3%82%A9%E3%83%BC%E3%83%A0%E6%94%AF%E6%8F%B4%E4%BA%8B%E6%A5%AD%EF%BC%88%E4%B8%8A%E4%B9%97%E3%81%9B%EF%BC%89"
"116314","https://www.town.mibu.tochigi.jp/docs/2016122200011/file_contents/agr.pdf","https://www.town.mibu.tochigi.jp/docs/2016122200011/#:~:text=%E2%97%8B%E5%A3%AC%E7%94%9F%E7%94%BA-,%E3%82%A2%E3%82%B0%E3%83%AA%E3%82%B5%E3%83%9D%E3%83%BC%E3%83%88%E4%BA%8B%E6%A5%AD,-%EF%BC%88%E7%94%BA%E5%8D%98%E7%8B%AC%E4%BA%8B%E6%A5%AD | https://www.town.mibu.tochigi.jp/docs/2016122200011/file_contents/agr.pdf"
"116318","https://www.town.takanezawa.tochigi.jp/biz/nogyo/nogyo/shinko/2016-0404-1715-88.html","https://www.town.takanezawa.tochigi.jp/biz/nogyo/nogyo/shinko/2016-0404-1715-88.html"
"116320","https://www.town.nasu.lg.jp/0188/info-0000000080-1.html","https://www.town.nasu.lg.jp/0188/info-0000000080-1.html"
"116325","https://www.city.nagai.yamagata.jp/soshiki/kikikanri/101/208/1/5/5201.html","https://www.city.nagai.yamagata.jp/soshiki/kikikanri/101/208/1/5/5201.html"
"116326","https://tochi-no.jp/guide/guide05/#:~:text=%E8%BE%B2%E6%A5%AD%E5%BE%8C%E7%B6%99%E8%80%85%E8%82%B2%E6%88%90%E6%94%AF%E6%8F%B4%E4%BA%8B%E6%A5%AD%20%E8%BE%B2%E6%A5%AD%E7%A0%94%E4%BF%AE%E6%94%AF%E6%8F%B4%E4%BA%A4%E4%BB%98%E9%87%91","https://tochi-no.jp/guide/guide05/#:~:text=%E8%BE%B2%E6%A5%AD%E5%BE%8C%E7%B6%99%E8%80%85%E8%82%B2%E6%88%90%E6%94%AF%E6%8F%B4%E4%BA%8B%E6%A5%AD%20%E8%BE%B2%E6%A5%AD%E7%A0%94%E4%BF%AE%E6%94%AF%E6%8F%B4%E4%BA%A4%E4%BB%98%E9%87%91"
"116328","https://tochi-no.jp/guide/guide05/#:~:text=%E8%BE%B2%E6%A5%AD%E5%BE%8C%E7%B6%99%E8%80%85%E8%82%B2%E6%88%90%E6%94%AF%E6%8F%B4%E4%BA%8B%E6%A5%AD%20%E8%BE%B2%E6%A5%AD%E5%BE%8C%E7%B6%99%E8%80%85%E6%A9%9F%E6%A2%B0%E6%95%B4%E5%82%99%E6%94%AF%E6%8F%B4%E4%BA%8B%E6%A5%AD%E8%B2%BB%E8%A3%9C%E5%8A%A9%E9%87%91","https://tochi-no.jp/guide/guide05/#:~:text=%E8%BE%B2%E6%A5%AD%E5%BE%8C%E7%B6%99%E8%80%85%E8%82%B2%E6%88%90%E6%94%AF%E6%8F%B4%E4%BA%8B%E6%A5%AD%20%E8%BE%B2%E6%A5%AD%E5%BE%8C%E7%B6%99%E8%80%85%E6%A9%9F%E6%A2%B0%E6%95%B4%E5%82%99%E6%94%AF%E6%8F%B4%E4%BA%8B%E6%A5%AD%E8%B2%BB%E8%A3%9C%E5%8A%A9%E9%87%91"
"116327","https://www.pref.tottori.lg.jp/secure/1281695/R7chirashi.pdf","https://www.pref.tottori.lg.jp/303953.htm | https://www.pref.tottori.lg.jp/secure/1281695/R7chirashi.pdf"
"116329","https://www.city.nagai.yamagata.jp/soshiki/shoshin/105/202/hojyokin/14866.html","https://www.city.nagai.yamagata.jp/soshiki/shoshin/105/202/hojyokin/14866.html"
"116332","https://tochi-no.jp/guide/guide05/#:~:text=%E3%82%A8%E3%83%AA%E3%82%A2%EF%BC%9A%E9%82%A3%E7%8F%82%E5%B7%9D%E7%94%BA-,%E8%BE%B2%E4%BD%9C%E7%89%A9%E7%AD%89%E9%B3%A5%E7%8D%A3%E8%A2%AB%E5%AE%B3%E9%98%B2%E6%AD%A2%E5%AF%BE%E7%AD%96%E4%BA%8B%E6%A5%AD,-%E5%96%B6%E8%BE%B2%E8%B2%BB%E7%94%A8%E5%8A%A9%E6%88%90","https://tochi-no.jp/guide/guide05/#:~:text=%E3%82%A8%E3%83%AA%E3%82%A2%EF%BC%9A%E9%82%A3%E7%8F%82%E5%B7%9D%E7%94%BA-,%E8%BE%B2%E4%BD%9C%E7%89%A9%E7%AD%89%E9%B3%A5%E7%8D%A3%E8%A2%AB%E5%AE%B3%E9%98%B2%E6%AD%A2%E5%AF%BE%E7%AD%96%E4%BA%8B%E6%A5%AD,-%E5%96%B6%E8%BE%B2%E8%B2%BB%E7%94%A8%E5%8A%A9%E6%88%90"
"116330","https://tochi-no.jp/guide/guide05/#:~:text=%E3%82%A8%E3%83%AA%E3%82%A2%EF%BC%9A%E9%82%A3%E7%8F%82%E5%B7%9D%E7%94%BA-,%E8%BE%B2%E4%BD%9C%E6%A5%AD%E5%8F%97%E8%A8%97%E7%B5%84%E7%B9%94%E7%AD%89%E4%BD%93%E5%88%B6%E6%95%B4%E5%82%99%E6%94%AF%E6%8F%B4%E4%BA%8B%E6%A5%AD,-%E5%96%B6%E8%BE%B2%E8%B2%BB%E7%94%A8%E5%8A%A9%E6%88%90","https://tochi-no.jp/guide/guide05/#:~:text=%E3%82%A8%E3%83%AA%E3%82%A2%EF%BC%9A%E9%82%A3%E7%8F%82%E5%B7%9D%E7%94%BA-,%E8%BE%B2%E4%BD%9C%E6%A5%AD%E5%8F%97%E8%A8%97%E7%B5%84%E7%B9%94%E7%AD%89%E4%BD%93%E5%88%B6%E6%95%B4%E5%82%99%E6%94%AF%E6%8F%B4%E4%BA%8B%E6%A5%AD,-%E5%96%B6%E8%BE%B2%E8%B2%BB%E7%94%A8%E5%8A%A9%E6%88%90"
"116336","https://www.pref.tottori.lg.jp/317571.htm","https://www.pref.tottori.lg.jp/317571.htm"
"116337","https://www.city.shimanto.lg.jp/soshiki/10/23682.html","https://www.city.shimanto.lg.jp/soshiki/10/23682.html"
"116333","https://www.pref.tottori.lg.jp/292477.htm","https://www.pref.tottori.lg.jp/292477.htm"
"116344","https://www.city.hida.gifu.jp/uploaded/attachment/32850.pdf","https://www.city.hida.gifu.jp/soshiki/14/79867.html | https://www.city.hida.gifu.jp/uploaded/attachment/32850.pdf"
"116341","https://www.town.kuriyama.hokkaido.jp/uploaded/life/34629_56328_misc.pdf","https://www.town.kuriyama.hokkaido.jp/soshiki/51/34629.html | https://www.town.kuriyama.hokkaido.jp/uploaded/life/34629_56328_misc.pdf"
"116339","https://www.city.gotemba.lg.jp/sangyou/kanri/assets/uploads/2026/01/092985d4597f28f471ffac184905bc95.pdf","https://www.city.gotemba.lg.jp/sangyou/f-3/f-3-2/7507.html | https://www.city.gotemba.lg.jp/sangyou/kanri/assets/uploads/2026/01/092985d4597f28f471ffac184905bc95.pdf"
"116346","https://www.nedo.go.jp/koubo/FF1_100451.html","https://www.nedo.go.jp/koubo/FF1_100451.html"
"116345","https://shonan.or.jp/yushi/fcsubsidy/#rishihokyu2023","https://shonan.or.jp/yushi/fcsubsidy/#rishihokyu2023"
"116347","https://www.maff.go.jp/j/nousin/tiiki/sanson/r8bosyu1.html","https://www.maff.go.jp/j/nousin/tiiki/sanson/r8bosyu1.html"
"116350","https://www.maff.go.jp/j/supply/hozyo/nousan/260127_111-1.html","https://www.maff.go.jp/j/supply/hozyo/nousan/260127_111-1.html"
"116352","https://www.enecho.meti.go.jp/appli/public_offer/2025/0127_01.html","https://www.enecho.meti.go.jp/appli/public_offer/2025/0127_01.html"
"116348","https://www.nedo.go.jp/koubo/CD2_100421.html","https://www.nedo.go.jp/koubo/CD2_100421.html"
"116353","https://www.mhlw.go.jp/stf/newpage_69485.html","https://www.mhlw.go.jp/stf/newpage_69485.html"
"116354","https://www.mhlw.go.jp/stf/seisakunitsuite/bunya/hukushi_kaigo/seikatsuhogo/jjoseishien_r7_tyousakenkyu00001_00003.html","https://www.mhlw.go.jp/stf/seisakunitsuite/bunya/hukushi_kaigo/seikatsuhogo/jjoseishien_r7_tyousakenkyu00001_00003.html"
"116355","https://www.pref.iwate.jp/sangyoukoyou/koyouroudou/oshirase/1080190.html","https://www.pref.iwate.jp/sangyoukoyou/koyouroudou/oshirase/1080190.html"
"116368","https://www.pref.iwate.jp/kyouikubunka/kyouiku/ippan/koho/1093910.html#:~:text=7-,%E5%B2%A9%E6%89%8B%E7%9C%8C%E9%AB%98%E7%AD%89%E5%AD%A6%E6%A0%A1%E4%BD%93%E8%82%B2%E9%80%A3%E7%9B%9F%E5%BC%B7%E5%8C%96%E4%BA%8B%E6%A5%AD%E8%B2%BB%E8%A3%9C%E5%8A%A9%E9%87%91,-%E5%88%B6%E5%BA%A6%E6%A6%82%E8%A6%81","https://www.pref.iwate.jp/kyouikubunka/kyouiku/ippan/koho/1093910.html#:~:text=7-,%E5%B2%A9%E6%89%8B%E7%9C%8C%E9%AB%98%E7%AD%89%E5%AD%A6%E6%A0%A1%E4%BD%93%E8%82%B2%E9%80%A3%E7%9B%9F%E5%BC%B7%E5%8C%96%E4%BA%8B%E6%A5%AD%E8%B2%BB%E8%A3%9C%E5%8A%A9%E9%87%91,-%E5%88%B6%E5%BA%A6%E6%A6%82%E8%A6%81"
"116366","https://www.pref.kumamoto.jp/uploaded/attachment/299772.pdf","https://www.pref.kumamoto.jp/site/kaigo/257087.html | https://www.pref.kumamoto.jp/uploaded/attachment/299772.pdf"
"116357","https://anata-no-mikata.mhlw.go.jp/","https://anata-no-mikata.mhlw.go.jp/ | https://www.mhlw.go.jp/stf/seisakunitsuite/bunya/hukushi_kaigo/seikatsuhogo/jyoseishien_r5_00007.html"
"116372","https://www.jra-umanushi-hukushi.or.jp/reiwa-8","https://www.jra-umanushi-hukushi.or.jp/reiwa-8"
"116370","https://www.pref.aichi.jp/uploaded/attachment/596793.pdf","https://www.pref.aichi.jp/press-release/yamazato-shien.html | https://www.pref.aichi.jp/uploaded/attachment/596793.pdf"
"116375","https://www.ecolife-meguro.com/jyosei8/","https://www.ecolife-meguro.com/jyosei8/"
"116384","https://www.city.sennan.lg.jp/kakuka/shiminseikatu/sangyoushinkou/norinsuisankakari/11821.html","https://www.city.sennan.lg.jp/kakuka/shiminseikatu/sangyoushinkou/norinsuisankakari/11821.html"
"116378","https://www.city.kochi.kochi.jp/soshiki/102/haigousiryouhojo.html","https://www.city.kochi.kochi.jp/soshiki/102/haigousiryouhojo.html"
"116379","https://www.shiribeshi.pref.hokkaido.lg.jp/fs/1/2/7/8/8/1/2/4/_/02_%E3%83%81%E3%83%A9%E3%82%B7.pdf","https://www.shiribeshi.pref.hokkaido.lg.jp/ss/srk/246166.html | https://www.shiribeshi.pref.hokkaido.lg.jp/fs/1/2/7/8/8/1/2/4/_/02_%E3%83%81%E3%83%A9%E3%82%B7.pdf"
"116396","https://www.city.ichinoseki.iwate.jp/index.cfm/7,191568,91,293,html","https://www.city.ichinoseki.iwate.jp/index.cfm/7,191568,91,293,html"
"116385","https://www.city.sennan.lg.jp/kakuka/shiminseikatu/sangyoushinkou/norinsuisankakari/11817.html","https://www.city.sennan.lg.jp/kakuka/shiminseikatu/sangyoushinkou/norinsuisankakari/11817.html"
"116397","https://www.pref.tottori.lg.jp/secure/1353515/shin-chirashi3.pdf","https://www.pref.tottori.lg.jp/316820.htm | https://www.pref.tottori.lg.jp/secure/1353515/shin-chirashi3.pdf | https://www.pref.tottori.lg.jp/secure/1393157/R071204.pdf"
"116398","https://www.city.hida.gifu.jp/uploaded/attachment/32865.pdf","https://www.city.hida.gifu.jp/soshiki/14/79893.html | https://www.city.hida.gifu.jp/uploaded/attachment/32865.pdf"
"116400","https://www.city.hida.gifu.jp/uploaded/attachment/32867.pdf","https://www.city.hida.gifu.jp/soshiki/14/79897.html | https://www.city.hida.gifu.jp/uploaded/attachment/32867.pdf"
"116401","http://www.town.shibecha.hokkaido.jp/kakuka/kikakuzaisei/news/files/kaigo_jyuuten.pdf","http://www.town.shibecha.hokkaido.jp/kakuka/kikakuzaisei/news/R7_jyutenkohukin_jigyoiichiran.html | http://www.town.shibecha.hokkaido.jp/kakuka/kikakuzaisei/news/files/kaigo_jyuuten.pdf"
"116405","https://www.pref.fukuoka.lg.jp/contents/geibunsai2026josei.html","https://www.pref.fukuoka.lg.jp/contents/geibunsai2026josei.html"
"116404","https://web.pref.hyogo.lg.jp/kf18/hw15_000000019.html","https://web.pref.hyogo.lg.jp/kf18/hw15_000000019.html"
"116407","https://www.sarabetsu.jp/shigoto/jyosei_seido/#:~:text=%E4%BB%A4%E5%92%8C7%E5%B9%B4%E5%BA%A6%E5%95%86%E5%B7%A5%E6%A5%AD%E8%80%85%E3%82%A8%E3%83%8D%E3%83%AB%E3%82%AE%E3%83%BC%E4%BE%A1%E6%A0%BC%E9%AB%98%E9%A8%B0%E5%AF%BE%E7%AD%96%E7%B5%A6%E4%BB%98%E9%87%91","https://www.sarabetsu.jp/shigoto/jyosei_seido/#:~:text=%E4%BB%A4%E5%92%8C7%E5%B9%B4%E5%BA%A6%E5%95%86%E5%B7%A5%E6%A5%AD%E8%80%85%E3%82%A8%E3%83%8D%E3%83%AB%E3%82%AE%E3%83%BC%E4%BE%A1%E6%A0%BC%E9%AB%98%E9%A8%B0%E5%AF%BE%E7%AD%96%E7%B5%A6%E4%BB%98%E9%87%91"
"116409","https://www.town.hinokage.lg.jp/docs/2026012700019/","https://www.town.hinokage.lg.jp/docs/2026012700019/"
"116417","https://www.city.kawanishi.hyogo.jp/_res/projects/default_project/_page_/001/020/631/chirashi.pdf","https://www.city.kawanishi.hyogo.jp/kurashi/shimin/jinken/danjo_kyodo/1020631/index.html | https://www.city.kawanishi.hyogo.jp/_res/projects/default_project/_page_/001/020/631/chirashi.pdf"
"116411","https://www.sarabetsu.jp/shigoto/jyosei_seido/#:~:text=%E4%BB%A4%E5%92%8C7%E5%B9%B4%E5%BA%A6%E9%81%8B%E9%80%81%E4%BA%8B%E6%A5%AD%E8%80%85%E8%87%A8%E6%99%82%E7%B5%A6%E4%BB%98%E9%87%91","https://www.sarabetsu.jp/shigoto/jyosei_seido/#:~:text=%E4%BB%A4%E5%92%8C7%E5%B9%B4%E5%BA%A6%E9%81%8B%E9%80%81%E4%BA%8B%E6%A5%AD%E8%80%85%E8%87%A8%E6%99%82%E7%B5%A6%E4%BB%98%E9%87%91"
"116421","https://www.town.kagamiishi.fukushima.jp/kurashi/gyousei/hukushi/013256.html","https://www.town.kagamiishi.fukushima.jp/kurashi/gyousei/hukushi/013256.html"
"116430","https://www.city.toyohashi.lg.jp/secure/121858/20261.pdf","https://www.city.toyohashi.lg.jp/item/121858.htm#itemid121858 | https://www.city.toyohashi.lg.jp/secure/121858/20261.pdf"
"116426","https://www.city.ebino.lg.jp/material/files/group/3/bukkkakoutouzyuutennsiennrinnzikoufukinnnzigyousuisyoumenyu-itirann.pdf","https://www.city.ebino.lg.jp/soshiki/kikaku/13/rinjikoufukin/6854.html | https://www.city.ebino.lg.jp/material/files/group/3/bukkkakoutouzyuutennsiennrinnzikoufukinnnzigyousuisyoumenyu-itirann.pdf"
"116431","https://www.city.nagakute.lg.jp/soshiki/fukushibu/chojuka/1/1/kaigohokenseido/4/25967.html","https://www.city.nagakute.lg.jp/soshiki/fukushibu/chojuka/1/1/kaigohokenseido/4/25967.html"
"116437","https://www.maff.go.jp/j/seisan/ryutu/engei/nenyu/attach/pdf/nenyu_taisaku1-41.pdf","https://jgha.com/product/nenyu2/ | https://www.maff.go.jp/j/seisan/ryutu/engei/nenyu/nenyu_taisaku1.html | https://www.maff.go.jp/j/seisan/ryutu/engei/nenyu/attach/pdf/nenyu_taisaku1-41.pdf"
"116439","https://www.pref.chiba.lg.jp/annou/co2zero.html","https://www.pref.chiba.lg.jp/annou/co2zero.html"
"116448","https://r6.jizokukahojokin.info/","https://r6.jizokukahojokin.info/ | https://www.jizokukanb.com/jizokuka_r6h/"
"116453","https://r6.jizokukahojokin.info/sogyo/","https://r6.jizokukahojokin.info/sogyo/"