policy_id,primary_url,all_urls
"65327","https://www.city.ise.mie.jp/sangyo/nourin/notice/1016361.html","https://www.city.ise.mie.jp/sangyo/nourin/notice/1016361.html"
"65337","https://www.city.ishinomaki.lg.jp/cont/10452000b/content/20231020113905.html","https://www.city.ishinomaki.lg.jp/cont/10452000b/content/20231020113905.html"
"65361","https://www.pref.miyagi.jp/soshiki/syokokin/01-syoutengai-sisetsu.html","https://www.pref.miyagi.jp/soshiki/syokokin/01-syoutengai-sisetsu.html"
"65392","https://www.town.shirataka.lg.jp/1320.htm","https://www.town.shirataka.lg.jp/1320.htm"
"65403","https://www.pref.yamanashi.jp/imuka/kango/kansenkanrininteikangoshi.html","https://www.pref.yamanashi.jp/imuka/kango/kansenkanrininteikangoshi.html"
"65407","https://www.city.kuji.iwate.jp/kurashi/saigaibosai/bosai/202310041026.html","https://www.city.kuji.iwate.jp/kurashi/saigaibosai/bosai/202310041026.html"
"65436","https://www.city.kashihara.nara.jp/material/files/group/26/5d8ab74d65909e0bcb67abed.pdf","https://www.city.kashihara.nara.jp/soshiki/1025/1/2/5/2321.html | https://www.city.kashihara.nara.jp/material/files/group/26/5d8ab74d65909e0bcb67abed.pdf"
"65439","https://www.city.nantan.kyoto.jp/www/life/113/001/000/index_1000818.html","https://www.city.nantan.kyoto.jp/www/life/113/001/000/index_1000818.html"
"65443","https://www.city.edogawa.tokyo.jp/documents/43530/ittirashi.pdf","https://www.city.edogawa.tokyo.jp/e093/shigotosangyo/jigyosha_oen/sangyo_jigyosya/jyosei/seisanseikojo/itdounyuu.html | https://www.city.edogawa.tokyo.jp/documents/43530/ittirashi.pdf"
"65437","https://www.city.koriyama.lg.jp/uploaded/attachment/69423.pdf","https://www.city.koriyama.lg.jp/soshiki/119/91135.html | https://www.city.koriyama.lg.jp/uploaded/attachment/69423.pdf"
"65444","https://www.city.azumino.nagano.jp/soshiki/23/104220.html","https://www.city.azumino.nagano.jp/soshiki/23/104220.html"
"65464","https://www.town.matsumae.hokkaido.jp/hotnews/detail/00002303.html","https://www.town.matsumae.hokkaido.jp/hotnews/detail/00002303.html"
"65448","https://www.city.edogawa.tokyo.jp/documents/23283/senmonkatirashi.pdf","https://www.city.edogawa.tokyo.jp/e093/shigotosangyo/jigyosha_oen/sangyo_jigyosya/jyosei/seisanseikojo/supporter.html | https://www.city.edogawa.tokyo.jp/documents/23283/senmonkatirashi.pdf"
"65474","https://www.city.mishima.shizuoka.jp/ipn013054.html","https://www.city.mishima.shizuoka.jp/ipn013054.html"
"65487","https://www.city.urayasu.lg.jp/fukushi/shogai/1010546/1010720.html","https://www.city.urayasu.lg.jp/fukushi/shogai/1010546/1010720.html"
"65494","https://www.city.itoman.lg.jp/uploaded/life/19415_29215_misc.pdf","https://www.city.itoman.lg.jp/soshiki/23/19415.html | https://www.city.itoman.lg.jp/uploaded/life/19415_29215_misc.pdf"
"65497","https://www.city.utsunomiya.tochigi.jp/kurashi/kotsu/1033317/1033319.html","https://www.city.utsunomiya.tochigi.jp/kurashi/kotsu/1033317/1033319.html"
"65501","https://www.city.furano.hokkaido.jp/fs/3/3/6/7/9/_/010507_chirashi2.pdf","https://www.city.furano.hokkaido.jp/life/docs/2019050700028.html | https://www.city.furano.hokkaido.jp/fs/3/3/6/7/9/_/010507_chirashi2.pdf"
"65534","https://www.city.moka.lg.jp/shigoto_sangyo/nogyo/hojo/21085.html","https://www.city.moka.lg.jp/shigoto_sangyo/nogyo/hojo/21085.html"
"65548","https://www.city.fukui-sakai.lg.jp/kikakuseisaku/kurashi/machi-zukuri/shinotorikumi/renovation.html","https://www.city.fukui-sakai.lg.jp/kikakuseisaku/kurashi/machi-zukuri/shinotorikumi/renovation.html"
"65547","https://www.city.fukui-sakai.lg.jp/syoukou/jigyosha/shokogyo/shien/ikuji.html","https://www.city.fukui-sakai.lg.jp/syoukou/jigyosha/shokogyo/shien/ikuji.html"
"65542","https://www.city.fukui-sakai.lg.jp/syoukou/jigyosha/shokogyo/shien/akiyakatuyou.html","https://www.city.fukui-sakai.lg.jp/syoukou/jigyosha/shokogyo/shien/akiyakatuyou.html"
"65559","https://www.pref.oita.jp/soshiki/13560/kakuhotaisakuzigyouhojokinn.html","https://www.pref.oita.jp/soshiki/13560/kakuhotaisakuzigyouhojokinn.html"
"65571","https://www.city.izumisano.lg.jp/kakuka/seicyou/omotenasi/menu/12109.html","https://www.city.izumisano.lg.jp/kakuka/seicyou/omotenasi/menu/12109.html"
"65550","https://www.city.fukui-sakai.lg.jp/syoukou/jigyosha/shokogyo/shinko/shotengai-shinko.html","https://www.city.fukui-sakai.lg.jp/syoukou/jigyosha/shokogyo/shinko/shotengai-shinko.html"
"65572","https://www.city.kawasaki.jp/350/cmsfiles/contents/0000101/101755/r4chiikinekochirashi.pdf","https://www.city.kawasaki.jp/350/page/0000101755.html | https://www.city.kawasaki.jp/350/cmsfiles/contents/0000101/101755/r4chiikinekochirashi.pdf"
"65574","https://www.pref.kagoshima.jp/ad06/sangyo-rodo/rinsui/zyosei/ringyo/documents/9442_20180905134116-1.pdf","https://www.pref.kagoshima.jp/ad06/sangyo-rodo/rinsui/zyosei/ringyo/mokuzousisetsuseibi.html | https://www.pref.kagoshima.jp/ad06/sangyo-rodo/rinsui/zyosei/ringyo/documents/9442_20180905134116-1.pdf"
"65639","https://www.city.miyakonojo.miyazaki.jp/soshiki/2/10104.html","https://www.city.miyakonojo.miyazaki.jp/soshiki/2/10104.html"
"65648","https://www.pref.fukushima.lg.jp/sec/36210a/zorin.html","https://www.pref.fukushima.lg.jp/sec/36210a/zorin.html"
"65650","https://www.city.sanjo.niigata.jp/sangyo_business/nogyoshien/17826.html","https://www.city.sanjo.niigata.jp/sangyo_business/nogyoshien/17826.html"
"65671","https://www.city.kitakyushu.lg.jp/san-kei/file_0149.html","https://www.city.kitakyushu.lg.jp/san-kei/file_0149.html"
"65672","https://www.city.kitakyushu.lg.jp/san-kei/file_0149.html","https://www.city.kitakyushu.lg.jp/san-kei/file_0149.html"
"65713","https://www.city.ise.mie.jp/kurashi/kankyo/hozen/1016470.html","https://www.city.ise.mie.jp/kurashi/kankyo/hozen/1016470.html"
"65710","https://www.city.imizu.toyama.jp/guide/svGuideDtl.aspx?servno=47055","https://www.city.imizu.toyama.jp/guide/svGuideDtl.aspx?servno=47055"
"65739","https://www.town.mifune.kumamoto.jp/page7913.html?type=top","https://www.town.mifune.kumamoto.jp/page7913.html?type=top"
"65747","https://www.city.nagato.yamaguchi.jp/soshiki/16/50420.html","https://www.city.nagato.yamaguchi.jp/soshiki/16/50420.html"
"65758","https://www.city.toride.ibaraki.jp/sanshin/jigyosha/shokogyo/akitenpo/akitenpohojo.html","https://www.city.toride.ibaraki.jp/sanshin/jigyosha/shokogyo/akitenpo/akitenpohojo.html"
"65759","https://www.city.urayasu.lg.jp/todokede/anzen/bousai/1032547/1030828.html","https://www.city.urayasu.lg.jp/todokede/anzen/bousai/1032547/1030828.html"
"65761","https://www.city.yamaga.kumamoto.jp/kiji0031557/index.html","https://www.city.yamaga.kumamoto.jp/kiji0031557/index.html"
"65772","https://www.kawabe-gifu.jp/wp-content/uploads/2023/04/%E3%80%8C%E5%B7%9D%E8%BE%BA%E7%94%BA%E9%87%8C%E5%9C%B0%E9%87%8C%E5%B1%B1%E6%95%B4%E5%82%99%E5%9B%A3%E4%BD%93%E8%A3%9C%E5%8A%A9%E9%87%91%E3%80%8D%E6%A1%88%E5%86%85%E3%83%81%E3%83%A9%E3%82%B7-1.pdf","https://www.kawabe-gifu.jp/?p=46748 | https://www.kawabe-gifu.jp/wp-content/uploads/2023/04/%E3%80%8C%E5%B7%9D%E8%BE%BA%E7%94%BA%E9%87%8C%E5%9C%B0%E9%87%8C%E5%B1%B1%E6%95%B4%E5%82%99%E5%9B%A3%E4%BD%93%E8%A3%9C%E5%8A%A9%E9%87%91%E3%80%8D%E6%A1%88%E5%86%85%E3%83%81%E3%83%A9%E3%82%B7-1.pdf"
"65780","https://www.nara-akaihane.com/jyosei_info_38.html","https://www.nara-akaihane.com/jyosei_info_38.html"
"65975","https://www.city.kai.yamanashi.jp/material/files/group/19/akiyajokyakupr.pdf","https://www.city.kai.yamanashi.jp/soshikinogoannai/kensetsuka/kensetsusomukakari/2/1/9305.html | https://www.city.kai.yamanashi.jp/material/files/group/19/akiyajokyakupr.pdf"
"65843","https://www.city.kashima.ibaraki.jp/soshiki/48/72966.html","https://www.city.kashima.ibaraki.jp/soshiki/48/72966.html"
"65998","https://www.town.hayakawa.yamanashi.jp/people/garbage/installation.html","https://www.town.hayakawa.yamanashi.jp/people/garbage/installation.html"
"66037","https://www.city.anjo.aichi.jp/kurasu/machidukuri/chonaikai/chonaikouminkan.html","https://www.city.anjo.aichi.jp/kurasu/machidukuri/chonaikai/chonaikouminkan.html"
"66001","https://www.town.hayakawa.yamanashi.jp/people/garbage/maintenance.html","https://www.town.hayakawa.yamanashi.jp/people/garbage/maintenance.html"
"66060","https://www.city.suita.osaka.jp/kenko/1018669/1022377/1029615.html","https://www.city.suita.osaka.jp/kenko/1018669/1022377/1029615.html"
"66059","https://www.city.suita.osaka.jp/kenko/1018669/1022377/1029615.html","https://www.city.suita.osaka.jp/kenko/1018669/1022377/1029615.html"
"66061","https://www.city.suita.osaka.jp/kenko/1018669/1022377/1029615.html","https://www.city.suita.osaka.jp/kenko/1018669/1022377/1029615.html"
"66090","https://www.city.kyotanabe.lg.jp/cmsfiles/contents/0000019/19743/chirashi.pdf","https://www.city.kyotanabe.lg.jp/0000019743.html | https://www.city.kyotanabe.lg.jp/cmsfiles/contents/0000019/19743/chirashi.pdf"
"66106","https://www.city.seki.lg.jp/0000019651.html","https://www.city.seki.lg.jp/0000019651.html"
"66126","https://www.vill.tokai.ibaraki.jp/material/files/group/8/tirasi-kojin.pdf","https://www.vill.tokai.ibaraki.jp/soshikikarasagasu/somminseikatsubu/kankyoseisakuka/1/2/2/9122.html | https://www.vill.tokai.ibaraki.jp/material/files/group/8/tirasi-kojin.pdf | https://www.vill.tokai.ibaraki.jp/material/files/group/8/tirasi-jigyousya.pdf"
"66141","http://www.city.aira.lg.jp/kigyo/sangyo/sangyo/akitenpo.html","http://www.city.aira.lg.jp/kigyo/sangyo/sangyo/akitenpo.html"
"66140","https://www.city.sumoto.lg.jp/uploaded/attachment/14159.pdf","https://www.city.sumoto.lg.jp/site/tunagarumachi/23966.html | https://www.city.sumoto.lg.jp/uploaded/attachment/14159.pdf"
"66145","https://www.city.miyazaki.miyazaki.jp/fs/7/7/6/0/2/5/_/776025.pdf","https://www.city.miyazaki.miyazaki.jp/life/juki/application/360204.html | https://www.city.miyazaki.miyazaki.jp/fs/7/7/6/0/2/5/_/776025.pdf"
"66151","https://www.pref.tottori.lg.jp/secure/948415/H31kigyou.pdf","https://www.pref.tottori.lg.jp/64664.htm#:~:text=%E4%BC%81%E6%A5%AD%E7%AD%89%E8%BE%B2%E6%A5%AD%E5%8F%82%E5%85%A5%E4%BF%83%E9%80%B2%E6%94%AF%E6%8F%B4%E4%BA%8B%E6%A5%AD | https://www.pref.tottori.lg.jp/secure/948415/H31kigyou.pdf"
"66146","https://www.vill.chosei.chiba.jp/0000002171.html","https://www.vill.chosei.chiba.jp/0000002171.html"
"66152","https://www.pref.tottori.lg.jp/193798.htm","https://www.pref.tottori.lg.jp/193798.htm"
"66189","https://www.town.shimonita.lg.jp/nourin-kensetu/m03/m02/m02/05.html","https://www.town.shimonita.lg.jp/nourin-kensetu/m03/m02/m02/05.html"
"66237","https://www.city.fuji.shizuoka.jp/sangyo/c0303/rn2ola00000328ij-att/rn2ola00000328nc.pdf","https://www.city.fuji.shizuoka.jp/sangyo/c0303/rn2ola00000328ij.html | https://www.city.fuji.shizuoka.jp/sangyo/c0303/rn2ola00000328ij-att/rn2ola00000328nc.pdf"
"66204","https://www.city.fujisawa.kanagawa.jp/hoiku/hoikushikakuho.html#:~:text=%E4%BF%9D%E8%82%B2%E5%A3%AB%E5%AE%BF%E8%88%8E%E5%80%9F%E3%82%8A%E4%B8%8A%E3%81%92%E6%94%AF%E6%8F%B4%E8%A3%9C%E5%8A%A9%E9%87%91","https://www.city.fujisawa.kanagawa.jp/hoiku/hoikushikakuho.html#:~:text=%E4%BF%9D%E8%82%B2%E5%A3%AB%E5%AE%BF%E8%88%8E%E5%80%9F%E3%82%8A%E4%B8%8A%E3%81%92%E6%94%AF%E6%8F%B4%E8%A3%9C%E5%8A%A9%E9%87%91"
"66238","https://www.town.kaneyama.fukushima.jp/uploaded/attachment/1345.pdf","https://www.town.kaneyama.fukushima.jp/soshiki/54/hojo-itiran.html | https://www.town.kaneyama.fukushima.jp/uploaded/attachment/1345.pdf"
"66239","https://www.city.yaizu.lg.jp/g05-005/akitenpo.html","https://www.city.yaizu.lg.jp/g05-005/akitenpo.html"
"66240","https://www.town.kaneyama.fukushima.jp/uploaded/attachment/1345.pdf","https://www.town.kaneyama.fukushima.jp/soshiki/54/hojo-itiran.html | https://www.town.kaneyama.fukushima.jp/uploaded/attachment/1345.pdf"
"66242","https://www.town.kaneyama.fukushima.jp/uploaded/attachment/1345.pdf","https://www.town.kaneyama.fukushima.jp/soshiki/54/hojo-itiran.html | https://www.town.kaneyama.fukushima.jp/uploaded/attachment/1345.pdf"
"66241","https://www.town.kaneyama.fukushima.jp/uploaded/attachment/1345.pdf","https://www.town.kaneyama.fukushima.jp/soshiki/54/hojo-itiran.html | https://www.town.kaneyama.fukushima.jp/uploaded/attachment/1345.pdf"
"66244","https://www.town.kaneyama.fukushima.jp/uploaded/attachment/1345.pdf","https://www.town.kaneyama.fukushima.jp/soshiki/54/hojo-itiran.html | https://www.town.kaneyama.fukushima.jp/uploaded/attachment/1345.pdf"
"66248","https://www.town.kaneyama.fukushima.jp/uploaded/attachment/1345.pdf","https://www.town.kaneyama.fukushima.jp/soshiki/54/hojo-itiran.html | https://www.town.kaneyama.fukushima.jp/uploaded/attachment/1345.pdf"
"66262","https://www.town.fukui-mihama.lg.jp/site/bousai/11262.html","https://www.town.fukui-mihama.lg.jp/site/bousai/11262.html"
"66251","https://www.town.kaneyama.fukushima.jp/uploaded/attachment/1345.pdf","https://www.town.kaneyama.fukushima.jp/soshiki/54/hojo-itiran.html | https://www.town.kaneyama.fukushima.jp/uploaded/attachment/1345.pdf"
"66302","http://www.town.nishikawa.yamagata.jp/jigyo/02/jigyo17010001.html","http://www.town.nishikawa.yamagata.jp/jigyo/02/jigyo17010001.html"
"66311","https://www.city.hakodate.hokkaido.jp/docs/2014021200187/files/aopato.pdf","https://www.city.hakodate.hokkaido.jp/docs/2014021200187/ | https://www.city.hakodate.hokkaido.jp/docs/2014021200187/files/aopato.pdf"
"66316","https://www.city.makinohara.shizuoka.jp/uploaded/attachment/35744.pdf","https://www.city.makinohara.shizuoka.jp/soshiki/23/1676.html | https://www.city.makinohara.shizuoka.jp/uploaded/attachment/35744.pdf"
"66330","http://www.town.yoshida.shizuoka.jp/item/2043.htm#itemid2043","http://www.town.yoshida.shizuoka.jp/item/2043.htm#itemid2043"
"66350","http://www.city.shinjuku.lg.jp/seikatsu/file16_11_00003.html","http://www.city.shinjuku.lg.jp/seikatsu/file16_11_00003.html"
"66347","https://www.city.sakai.lg.jp/kurashi/jutaku/shoenekaishu.html","https://www.city.sakai.lg.jp/kurashi/jutaku/shoenekaishu.html"
"66351","https://www.city.shimotsuke.lg.jp/1952/info-0000008726-3.html","https://www.city.shimotsuke.lg.jp/1952/info-0000008726-3.html"
"66370","https://www.city.koto.lg.jp/102030/shouogyou/chiikiryoku.html","https://www.city.koto.lg.jp/102030/shouogyou/chiikiryoku.html"
"66373","https://www.city.koto.lg.jp/102030/shouogyou/chiikirenkei.html","https://www.city.koto.lg.jp/102030/shouogyou/chiikirenkei.html"
"66408","https://www.town.kawazu.shizuoka.jp/jigyousha/shoubou_keigen/","https://www.town.kawazu.shizuoka.jp/jigyousha/shoubou_keigen/"
"66400","https://www.city.sagamihara.kanagawa.jp/kosodate/1026602/kosodate/1026604/1019153/1024884.html","https://www.city.sagamihara.kanagawa.jp/kosodate/1026602/kosodate/1026604/1019153/1024884.html"
"66407","https://www.nippon-foundation.or.jp/grant_application/programs/overseas","https://www.nippon-foundation.or.jp/grant_application/programs/overseas"
"66437","https://www.vill.achi.lg.jp/soshiki/33/nouzizokukahozyo.html","https://www.vill.achi.lg.jp/soshiki/33/nouzizokukahozyo.html"
"66432","https://www.city.tatsuno.lg.jp/kankyou/gomistation.html","https://www.city.tatsuno.lg.jp/kankyou/gomistation.html"
"66435","https://www.vill.achi.lg.jp/soshiki/33/zannnouyakuhozyo.html","https://www.vill.achi.lg.jp/soshiki/33/zannnouyakuhozyo.html"
"66471","https://www.city.uonuma.lg.jp/page/1361.html","https://www.city.uonuma.lg.jp/page/1361.html"
"66446","https://www.maff.go.jp/j/nousin/tikei/houkiti/attach/pdf/saitekitochiriyo-27.pdf","https://www.maff.go.jp/j/nousin/tikei/houkiti/saitekitochiriyo.html | https://www.maff.go.jp/j/nousin/tikei/houkiti/attach/pdf/saitekitochiriyo-27.pdf"
"66470","https://www.town.nagomi.lg.jp/hpkiji/pub/detail.aspx?c_id=3&type=top&id=4287","https://www.town.nagomi.lg.jp/hpkiji/pub/detail.aspx?c_id=3&type=top&id=4287 | https://www.town.nagomi.lg.jp/common/UploadFileOutput.ashx?c_id=3&id=4287&sub_id=1&flid=17393"
"66478","https://www.town.asakawa.fukushima.jp/health/kankyou/000107.html","https://www.town.asakawa.fukushima.jp/health/kankyou/000107.html"
"66519","https://www.city.suzaka.nagano.jp/contents/event/event.php?p=x&id=18586&joho=eve&event=","https://www.city.suzaka.nagano.jp/contents/event/event.php?p=x&id=18586&joho=eve&event="
"66530","https://www.town.fujisaki.lg.jp/index.cfm/7,18528,40,html","https://www.town.fujisaki.lg.jp/index.cfm/7,18528,40,html"
"66535","https://www.city.kahoku.lg.jp/001/156/159/d010772.html","https://www.city.kahoku.lg.jp/001/156/159/d010772.html"
"66537","https://www.town.kaneyama.fukushima.jp/soshiki/56/gaichu.html","https://www.town.kaneyama.fukushima.jp/soshiki/56/gaichu.html"
"66536","https://www.city.kahoku.lg.jp/001/156/159/d010771.html","https://www.city.kahoku.lg.jp/001/156/159/d010771.html"
"66571","https://www.town.takahata.yamagata.jp/kurashi/juminnokatahe/sports/834.html","https://www.town.takahata.yamagata.jp/kurashi/juminnokatahe/sports/834.html"
"66585","https://www.vill.sagara.lg.jp/q/aview/3/2059.html","https://www.vill.sagara.lg.jp/q/aview/3/2059.html"
"66583","https://www.city.fukuoka.lg.jp/jutaku-toshi/shinsa/life/020_2.html","https://www.city.fukuoka.lg.jp/jutaku-toshi/shinsa/life/020_2.html"
"66617","http://www.town.makubetsu.lg.jp/kanko_sangyo/nogyo/thikusan/idenntekinouryokuhyoukashien.html","http://www.town.makubetsu.lg.jp/kanko_sangyo/nogyo/thikusan/idenntekinouryokuhyoukashien.html"
"66620","https://www.city.nagasaki.lg.jp/jigyo/370000/378000/p041275.html","https://www.city.nagasaki.lg.jp/jigyo/370000/378000/p041275.html"
"66589","https://www.city.yawatahama.ehime.jp/doc/2022110100027/file_contents/hojoseido_202304.pdf","https://www.city.yawatahama.ehime.jp/doc/2022110100027/ | https://www.city.yawatahama.ehime.jp/doc/2022110100027/file_contents/hojoseido_202304.pdf"
"66642","https://www.pref.shimane.lg.jp/infra/energy/energy/saisei/hukyuukeihatukhaken/koushihaken.html","https://www.pref.shimane.lg.jp/infra/energy/energy/saisei/hukyuukeihatukhaken/koushihaken.html"
"66664","https://www.pref.chiba.lg.jp/ninaite/kinyuu/ninaite.html","https://www.pref.chiba.lg.jp/ninaite/kinyuu/ninaite.html"
"66675","https://www.town.saitama-ina.lg.jp/0000006144.html","https://www.town.saitama-ina.lg.jp/0000006144.html"
"66676","https://www.yurihama.jp/soshiki/10/20849.html","https://www.yurihama.jp/soshiki/10/20849.html"
"66684","https://www.pref.kochi.lg.jp/soshiki/150501/2023022200270.html","https://www.pref.kochi.lg.jp/soshiki/150501/2023022200270.html"
"66678","https://www.pref.tottori.lg.jp/305258.htm","https://www.pref.tottori.lg.jp/305258.htm"
"66717","https://www.city.yuki.lg.jp/shisei/chihousousei/ijyuu-teijyuu/page008785.html","https://www.city.yuki.lg.jp/shisei/chihousousei/ijyuu-teijyuu/page008785.html"
"66686","https://www.pref.kochi.lg.jp/soshiki/150501/2023031300374.html","https://www.pref.kochi.lg.jp/soshiki/150501/2023031300374.html"
"66689","https://www.city.shizuoka.lg.jp/526_000001_00169.html","https://www.city.shizuoka.lg.jp/526_000001_00169.html"
"66755","https://www.city.beppu.oita.jp/doc/sangyou/nourinsuisan/shoureikin/01.pdf","https://www.city.beppu.oita.jp/sangyou/nourinsuisan/shoureikin.html | https://www.city.beppu.oita.jp/doc/sangyou/nourinsuisan/shoureikin/01.pdf"
"66767","https://www.city.tajimi.lg.jp/kurashi/toshikekaku/kotsu/ainoritaxi.html","https://www.city.tajimi.lg.jp/kurashi/toshikekaku/kotsu/ainoritaxi.html"
"66784","https://www.town.tonosho.kagawa.jp/gyosei/soshiki/shoko/1/1/3310.html","https://www.town.tonosho.kagawa.jp/gyosei/soshiki/shoko/1/1/3310.html"
"66788","https://www.city.toyokawa.lg.jp/shisei/sangyo/chushokigyoshaseido/hojokinannai/chushotaishoku.html","https://www.city.toyokawa.lg.jp/shisei/sangyo/chushokigyoshaseido/hojokinannai/chushotaishoku.html"
"66787","https://www.city.toyokawa.lg.jp/shisei/sangyo/chushokigyoshaseido/hojokinannai/tyarenjitoyokawahanr.html","https://www.city.toyokawa.lg.jp/shisei/sangyo/chushokigyoshaseido/hojokinannai/tyarenjitoyokawahanr.html"
"66789","https://www.city.toyokawa.lg.jp/shisei/sangyo/chushokigyoshaseido/hojokinannai/shokokanko20160401k.html","https://www.city.toyokawa.lg.jp/shisei/sangyo/chushokigyoshaseido/hojokinannai/shokokanko20160401k.html"
"66790","https://www.city.toyokawa.lg.jp/shisei/sangyo/chushokigyoshaseido/hojokinannai/shokokanko201600401.html","https://www.city.toyokawa.lg.jp/shisei/sangyo/chushokigyoshaseido/hojokinannai/shokokanko201600401.html"
"66796","https://www.city.takahashi.lg.jp/uploaded/attachment/32243.pdf","https://www.city.takahashi.lg.jp/soshiki/22/hanrokaitaku.html | https://www.city.takahashi.lg.jp/uploaded/attachment/32243.pdf"
"66792","https://www.city.toyokawa.lg.jp/shisei/sangyo/chushokigyoshaseido/hojokinannai/license.html","https://www.city.toyokawa.lg.jp/shisei/sangyo/chushokigyoshaseido/hojokinannai/license.html"
"66810","https://www.town.haboro.lg.jp/kurashi/sangyou/nougyou/2023-1121-1035-34.html","https://www.town.haboro.lg.jp/kurashi/sangyou/nougyou/2023-1121-1035-34.html"
"66819","https://www.pref.fukushima.lg.jp/sec/36035e/youshokushiryoukakakukoutoutaisaku.html","https://www.pref.fukushima.lg.jp/sec/36035e/youshokushiryoukakakukoutoutaisaku.html"
"66821","https://www.city.tatebayashi.gunma.jp/s059/jigyousya/030/070/200/20231117102731.html","https://www.city.tatebayashi.gunma.jp/s059/jigyousya/030/070/200/20231117102731.html"
"66827","https://www.city.tajimi.lg.jp/iryo/kenko/dona-josei.html","https://www.city.tajimi.lg.jp/iryo/kenko/dona-josei.html"
"66831","https://www.town.yahaba.iwate.jp/docs/2019090300011/","https://www.town.yahaba.iwate.jp/docs/2019090300011/"
"66832","https://www.kamikatsu.jp/docs/2023112700017/","https://www.kamikatsu.jp/docs/2023112700017/ | http://www.kamikatsu.jp/inquiry/2/"
"66836","https://www.city.yamaguchi.lg.jp/soshiki/76/149231.html","https://www.city.yamaguchi.lg.jp/soshiki/76/149231.html | https://machi-yamaguchi.com/contact-opening/"
"66851","https://www.city.kawasaki.jp/nakahara/cmsfiles/contents/0000155/155089/R6chirashi02.pdf","https://www.city.kawasaki.jp/nakahara/page/0000155089.html | https://www.city.kawasaki.jp/nakahara/cmsfiles/contents/0000155/155089/R6chirashi02.pdf"
"66852","https://www.city.seiyo.ehime.jp/miryoku/seiyoshibunkazai/keikan/uwakaikarihamanodanbatatonougyosonkeikan_1/15076.html","https://www.city.seiyo.ehime.jp/miryoku/seiyoshibunkazai/keikan/uwakaikarihamanodanbatatonougyosonkeikan_1/15076.html"
"66854","https://www.city.nichinan.lg.jp/material/files/group/82/gaiyou.pdf","https://www.city.nichinan.lg.jp/soshikikarasagasu/suisanrinseika/2/2139.html | https://www.city.nichinan.lg.jp/material/files/group/82/gaiyou.pdf"
"66883","https://www.city.kurume.fukuoka.jp/1090sangyou/2070nourin/3036export/2016-0413-1624-62.html","https://www.city.kurume.fukuoka.jp/1090sangyou/2070nourin/3036export/2016-0413-1624-62.html"
"66885","http://www.city.kurume.fukuoka.jp/1090sangyou/2070nourin/3046kirari/2013-0107-0951-167.html","http://www.city.kurume.fukuoka.jp/1090sangyou/2070nourin/3046kirari/2013-0107-0951-167.html"
"66914","https://www.town.okuma.fukushima.jp/uploaded/attachment/8703.pdf","https://www.town.okuma.fukushima.jp/soshiki/kikakuchosei/26065.html | https://www.town.okuma.fukushima.jp/uploaded/attachment/8703.pdf"
"66904","https://www.city.ichikawa.lg.jp/roa05/1111000045.html","https://www.city.ichikawa.lg.jp/roa05/1111000045.html"
"66907","https://www.town.ogose.saitama.jp/material/files/group/9/kigyouchirashi.pdf","https://www.town.ogose.saitama.jp/kankou/shoukou/3392.html | https://www.town.ogose.saitama.jp/material/files/group/9/kigyouchirashi.pdf"
"66920","https://www.city.tamba.lg.jp/soshiki/douroseibi/ooyukihigai.html","https://www.city.tamba.lg.jp/soshiki/douroseibi/ooyukihigai.html"
"66959","https://www.city.katsushika.lg.jp/business/1000066/1004933/1027362/1027364.html","https://www.city.katsushika.lg.jp/business/1000066/1004933/1027362/1027364.html"
"66957","https://www.pref.kochi.lg.jp/soshiki/020701/files/2021050100012/file_20233304163239_1.pdf","https://www.pref.kochi.lg.jp/soshiki/020701/files/2021050100012/file_20233304163239_1.pdf"
"66960","https://www.city.katsushika.lg.jp/business/1000066/1004933/1027362/1027364.html","https://www.city.katsushika.lg.jp/business/1000066/1004933/1027362/1027364.html"
"66962","https://www.city.katsushika.lg.jp/business/1000066/1004933/1027362/1027364.html","https://www.city.katsushika.lg.jp/business/1000066/1004933/1027362/1027364.html"
"66976","https://www.city.usa.oita.jp/material/files/group/59/gaiyou.pdf","https://www.city.usa.oita.jp/sougo/soshiki/13/ringyosuisan/2/3/18864.html | https://www.city.usa.oita.jp/material/files/group/59/gaiyou.pdf"
"66986","https://www.town.okuma.fukushima.jp/uploaded/attachment/8695.pdf","https://www.town.okuma.fukushima.jp/soshiki/zerocarbonsuishin/27183.html | https://www.town.okuma.fukushima.jp/uploaded/attachment/8695.pdf"
"66987","https://www.city.gujo.gifu.jp/admin/info/post-1811.html","https://www.city.gujo.gifu.jp/admin/info/post-1811.html"
"66994","https://www.city.okinawa.okinawa.jp/k032-001/sangyou/shigoto/koyoutaisaku/p00005.html","https://www.city.okinawa.okinawa.jp/k032-001/sangyou/shigoto/koyoutaisaku/p00005.html"
"67001","https://www.urahoro.jp/life/?content=682","https://www.urahoro.jp/life/?content=682"
"67003","https://www.city.unzen.nagasaki.jp/kiji0032435/3_2435_2429_up_4a8xh122.pdf","https://www.city.unzen.nagasaki.jp/kiji0032435/index.html | https://www.city.unzen.nagasaki.jp/kiji0032435/3_2435_2429_up_4a8xh122.pdf"
"67002","https://www.city.unzen.nagasaki.jp/kiji0035413/3_5413_9378_up_cz3c50b6.pdf","https://www.city.unzen.nagasaki.jp/kiji0035413/index.html | https://www.city.unzen.nagasaki.jp/kiji0035413/3_5413_9378_up_cz3c50b6.pdf"
"67009","https://www.city.unzen.nagasaki.jp/kiji0031221/index.html","https://www.city.unzen.nagasaki.jp/kiji0031221/index.html"
"67007","https://www.city.unzen.nagasaki.jp/kiji0033121/3_3121_20_7847101.pdf","https://www.city.unzen.nagasaki.jp/kiji0033121/index.html | https://www.city.unzen.nagasaki.jp/kiji0033121/3_3121_20_7847101.pdf"
"67004","https://www.city.unzen.nagasaki.jp/kiji0035043/3_5043_2668_up_4ti6pdhm.pdf","https://www.city.unzen.nagasaki.jp/kiji0035043/index.html | https://www.city.unzen.nagasaki.jp/kiji0035043/3_5043_2668_up_4ti6pdhm.pdf"
"67022","https://www.pref.kyoto.jp/noson/noukaminsyuku/documents/taizaigata.pdf","https://www.pref.kyoto.jp/noson/noukaminsyuku/documents/taizaigata.pdf"
"67021","https://www.town.shodoshima.lg.jp/material/files/group/8/reafret_zizokukanou.pdf","https://www.town.shodoshima.lg.jp/kanko/news/8206.html | https://www.town.shodoshima.lg.jp/material/files/group/8/reafret_zizokukanou.pdf"
"67027","https://www.city.komagane.nagano.jp/soshikiichiran/syoukoukankouka/kogyokakari/2/1/1786.html","https://www.city.komagane.nagano.jp/soshikiichiran/syoukoukankouka/kogyokakari/2/1/1786.html"
"67028","https://www.city.komagane.nagano.jp/soshikiichiran/norinka/noseigakari/1/1/9539.html","https://www.city.komagane.nagano.jp/soshikiichiran/norinka/noseigakari/1/1/9539.html"
"67030","https://www.city.katsushika.lg.jp/business/1000066/1004933/1027362/1027364.html","https://www.city.katsushika.lg.jp/business/1000066/1004933/1027362/1027364.html | https://www.city.katsushika.lg.jp/cgi-bin2/contacts/G051403"
"67031","https://www.city.katsushika.lg.jp/business/1000066/1004933/1027362/1027364.html","https://www.city.katsushika.lg.jp/business/1000066/1004933/1027362/1027364.html | https://www.city.katsushika.lg.jp/cgi-bin2/contacts/G051403"
"67035","https://www.city.iida.lg.jp/soshiki/37/hutoukoujigyoujosei.html","https://www.city.iida.lg.jp/soshiki/37/hutoukoujigyoujosei.html"
"67038","https://www.city.noda.chiba.jp/kurashi/kenko/kansen/1015723/1015725.html","https://www.city.noda.chiba.jp/kurashi/kenko/kansen/1015723/1015725.html"
"67057","https://www.city.hagi.lg.jp/soshiki/18/2421.html","https://www.city.hagi.lg.jp/soshiki/18/2421.html"
"67062","https://www.city.fukuchiyama.lg.jp/site/bousai/1831.html","https://www.city.fukuchiyama.lg.jp/site/bousai/1831.html"
"67063","http://www.town.ikeda.fukui.jp/gyousei/gyousei/1928/p002361.html","http://www.town.ikeda.fukui.jp/gyousei/gyousei/1928/p002361.html"
"67064","http://www.town.ikeda.fukui.jp/gyousei/gyousei/1928/p002361.html","http://www.town.ikeda.fukui.jp/gyousei/gyousei/1928/p002361.html"
"67067","https://www.town.matsukawa.lg.jp/soshikikarasagasu/juminzeimuka/kankyokakari/1/3/4811.html","https://www.town.matsukawa.lg.jp/soshikikarasagasu/juminzeimuka/kankyokakari/1/3/4811.html"
"67068","https://www.town.matsukawa.lg.jp/soshikikarasagasu/sangyokankoka/shoukouroudougakari/5/1_1/888.html","https://www.town.matsukawa.lg.jp/soshikikarasagasu/sangyokankoka/shoukouroudougakari/5/1_1/888.html"
"67070","https://www.town.ohi.fukui.jp/1005/1215/p23197.html","https://www.town.ohi.fukui.jp/1005/1215/p23197.html"
"67074","https://www.town.shimosuwa.lg.jp/www/contents/1001000000981/index.html","https://www.town.shimosuwa.lg.jp/www/contents/1001000000981/index.html"
"67072","https://www.city.iizuka.lg.jp/k-sebiese/machi/kankyo/hojo/hachikuzyo.html","https://www.city.iizuka.lg.jp/k-sebiese/machi/kankyo/hojo/hachikuzyo.html"
"67077","https://www.city.nasukarasuyama.lg.jp/data/doc/1702000205_doc_122_0.pdf","https://www.city.nasukarasuyama.lg.jp/page/page004960.html | https://www.city.nasukarasuyama.lg.jp/data/doc/1702000205_doc_122_0.pdf"
"67078","https://www.city.takashima.lg.jp/soshiki/norinsuisambu/shinrinsuisanka/1165.html","https://www.city.takashima.lg.jp/soshiki/norinsuisambu/shinrinsuisanka/1165.html"
"67098","https://www.town.sakaki.nagano.jp/www/contents/1680507682064/index.html","https://www.town.sakaki.nagano.jp/www/contents/1680507682064/index.html"
"67096","https://www.town.asagiri.lg.jp/q/aview/123/11232.html","https://www.town.asagiri.lg.jp/q/aview/123/11232.html"
"67100","https://www.city.omaezaki.shizuoka.jp/soshiki/kikakuseisaku/shiminkatsudo/machidukuri.html","https://www.city.omaezaki.shizuoka.jp/soshiki/kikakuseisaku/shiminkatsudo/machidukuri.html"
"67105","https://www.city.nagahama.lg.jp/0000001767.html","https://www.city.nagahama.lg.jp/0000001767.html"
"67102","https://www.city.hachinohe.aomori.jp/soshikikarasagasu/sportsshinkoka/sports/1/14239.html","https://www.city.hachinohe.aomori.jp/soshikikarasagasu/sportsshinkoka/sports/1/14239.html"
"67109","https://www.city.ichinoseki.iwate.jp/index.cfm/31,97700,141,html","https://www.city.ichinoseki.iwate.jp/index.cfm/31,97700,141,html"
"67111","https://www.town.tateshina.nagano.jp/soshiki/kensetsu_kankyo/seikatsukankyo/1708.html","https://www.town.tateshina.nagano.jp/soshiki/kensetsu_kankyo/seikatsukankyo/1708.html"
"67112","https://www.shichigahama.com/benricho/oshirase/sanka3-100-9260.html","https://www.shichigahama.com/benricho/oshirase/sanka3-100-9260.html"
"67114","https://www.town.nyuzen.toyama.jp/material/files/group/10/genki_chirashi.pdf","https://www.town.nyuzen.toyama.jp/gyosei/soshiki/kirakira/1/6/1695.html | https://www.town.nyuzen.toyama.jp/material/files/group/10/genki_chirashi.pdf"
"67120","https://www.city.takasago.lg.jp/material/files/group/17/20220414houmonkangokaigoin.pdf","https://www.city.takasago.lg.jp/soshikikarasagasu/kaigohokenka/koreishafukushi_kaigo/1/4/1/houmonkangokaigoinanzenkakuhojigyou.html | https://www.city.takasago.lg.jp/material/files/group/17/20220414houmonkangokaigoin.pdf"
"67115","https://www.town.nyuzen.toyama.jp/gyosei/soshiki/kikaku_zaisei/1/7/1527.html","https://www.town.nyuzen.toyama.jp/gyosei/soshiki/kikaku_zaisei/1/7/1527.html"
"67132","https://www.town.niki.hokkaido.jp/section/sangyouka/immd6j0000003fne.html","https://www.town.niki.hokkaido.jp/section/sangyouka/immd6j0000003fne.html"
"67129","https://www.town.teshikaga.hokkaido.jp/kurashi/soshikiichiran/kankoshokoka/5/kigyoshinko_sokushin/employment_support.html","https://www.town.teshikaga.hokkaido.jp/kurashi/soshikiichiran/kankoshokoka/5/kigyoshinko_sokushin/employment_support.html"
"67134","https://www.town.niki.hokkaido.jp/section/sangyouka/immd6j0000003f4l-att/immd6j0000003f7r.pdf","https://www.town.niki.hokkaido.jp/section/sangyouka/immd6j0000003f4l.html | https://www.town.niki.hokkaido.jp/section/sangyouka/immd6j0000003f4l-att/immd6j0000003f7r.pdf"
"67165","https://www.city.asahikawa.hokkaido.jp/kurashi/271/283/289/p002772.html","https://www.city.asahikawa.hokkaido.jp/kurashi/271/283/289/p002772.html"
"67166","https://www.town.nasu.lg.jp/manage/contents/upload/6571589d6074d.pdf","http://www.town.nasu.lg.jp/0043/info-0000003318-1.html | https://www.town.nasu.lg.jp/manage/contents/upload/6571589d6074d.pdf"
"67198","https://www.vill.asahi.nagano.jp/material/files/group/5/02_hukyu_gaiyou.pdf","https://www.vill.asahi.nagano.jp/official/soshikikarasagasu/sangyoshinkoka/shoko_kanko/rinmu/4092.html | https://www.vill.asahi.nagano.jp/material/files/group/5/02_hukyu_gaiyou.pdf"
"67205","https://www.pref.miyazaki.lg.jp/documents/76609/76609_20230516093226-1.pdf","https://www.pref.miyazaki.lg.jp/nosonkeikaku/shigoto/nogyo/20230418114300.html | https://www.pref.miyazaki.lg.jp/documents/76609/76609_20230516093226-1.pdf"
"67208","https://www.akitakata.jp/ja/shisei/section/anzen/jishu_bousai/jisyubousai/","https://www.akitakata.jp/ja/shisei/section/anzen/jishu_bousai/jisyubousai/"
"67209","https://www.city.amami.lg.jp/shosui/koyou/documents/gaiyou.pdf","http://www.city.amami.lg.jp/shosui/koyou/sogyou.html | https://www.city.amami.lg.jp/shosui/koyou/documents/gaiyou.pdf"
"67210","https://www.town.takanabe.lg.jp/soshiki/nogyoseisaku/nourinsuisanngyoukannkeisyanokatahe/yukinougyou/4228.html","https://www.town.takanabe.lg.jp/soshiki/nogyoseisaku/nourinsuisanngyoukannkeisyanokatahe/yukinougyou/4228.html"
"67216","https://www.town.kurate.lg.jp/syouhi/syouhin_kaihatu.html","https://www.town.kurate.lg.jp/syouhi/syouhin_kaihatu.html"
"67244","https://www.city.morioka.iwate.jp/shisei/toshiseibi/toshikeikan/1010239.html","https://www.city.morioka.iwate.jp/shisei/toshiseibi/toshikeikan/1010239.html"
"67250","https://www.town.asahi.toyama.jp/soshiki/shokokanko/syoukou/1654822211737.html","https://www.town.asahi.toyama.jp/soshiki/shokokanko/syoukou/1654822211737.html"
"67251","https://www.town.asahi.toyama.jp/soshiki/kyoiku/sports/1482132488360.html","https://www.town.asahi.toyama.jp/soshiki/kyoiku/sports/1482132488360.html"
"67252","https://www.town.onagawa.miyagi.jp/05_16_06.html","https://www.town.onagawa.miyagi.jp/05_16_06.html"
"67258","https://www.city.tamura.lg.jp/soshiki/66/tenpo-barrier-free.html","https://www.city.tamura.lg.jp/soshiki/66/tenpo-barrier-free.html"
"67260","https://www.town.aizumisato.fukushima.jp/soshiki/1004/1/2/support/4516.html","https://www.town.aizumisato.fukushima.jp/soshiki/1004/1/2/support/4516.html"
"67271","https://www.city.matsuyama.ehime.jp/shisei/machizukuri/sakanoue/chiikinotakara.files/020401gaiyou.pdf","https://www.city.matsuyama.ehime.jp/shisei/machizukuri/sakanoue/chiikinotakara.html | https://www.city.matsuyama.ehime.jp/shisei/machizukuri/sakanoue/chiikinotakara.files/020401gaiyou.pdf"
"67272","https://www.town.haboro.lg.jp/kurashi/kouhou/hitozukuri.html","https://www.town.haboro.lg.jp/kurashi/kouhou/hitozukuri.html"
"67279","https://www.town.sekigahara.gifu.jp/2814.htm","https://www.town.sekigahara.gifu.jp/2814.htm"
"67276","https://www.city.sanuki.kagawa.jp/life/living/cat","https://www.city.sanuki.kagawa.jp/life/living/cat"
"67289","https://www.city.kamiamakusa.kumamoto.jp/q/aview/369/11394.html","https://www.city.kamiamakusa.kumamoto.jp/q/aview/369/11394.html"
"67292","https://www.city.yawatahama.ehime.jp/doc/2022062100014/file_contents/hojotaisyoukeihi.pdf","https://www.city.yawatahama.ehime.jp/doc/2022062100014/ | https://www.city.yawatahama.ehime.jp/doc/2022062100014/file_contents/hojotaisyoukeihi.pdf"
"67281","https://www.town.sekigahara.gifu.jp/2850.htm","https://www.town.sekigahara.gifu.jp/2850.htm"
"67300","https://www.town.minamiechizen.lg.jp/kurasi/104/131/p003719.html","https://www.town.minamiechizen.lg.jp/kurasi/104/131/p003719.html"
"67311","https://www.city.mito.lg.jp/page/5594.html","https://www.city.mito.lg.jp/page/5594.html"
"67302","https://www.city.iwata.shizuoka.jp/sangyou_business/nougyou/1008767/1008768.html","https://www.city.iwata.shizuoka.jp/sangyou_business/nougyou/1008767/1008768.html"
"67330","https://www.city.noshiro.lg.jp/up/files/www/sangyo/shogyo/hojo/00%EF%BC%BF%E6%A1%88%E5%86%85.pdf","https://www.city.noshiro.lg.jp/sangyo/shogyo/hojo/11217 | https://www.city.noshiro.lg.jp/up/files/www/sangyo/shogyo/hojo/00%EF%BC%BF%E6%A1%88%E5%86%85.pdf"
"67333","https://www.city.ryugasaki.ibaraki.jp/jigyosha/sangyo/sougyousien/ryuugasakishisougyou.html","https://www.city.ryugasaki.ibaraki.jp/jigyosha/sangyo/sougyousien/ryuugasakishisougyou.html"
"67369","https://www.city.shizuoka.lg.jp/documents/10653/yoanzenkijyungaku.pdf","https://www.city.shizuoka.lg.jp/s2574/s012533.html | https://www.city.shizuoka.lg.jp/documents/10653/yoanzenkijyungaku.pdf"
"67371","https://www.city.tono.iwate.jp/index.cfm/46,74925,294,637,html","https://www.city.tono.iwate.jp/index.cfm/46,74925,294,637,html"
"67370","https://www.city.shizuoka.lg.jp/000998751.pdf","https://www.city.shizuoka.lg.jp/000_004923_00001.html | https://www.city.shizuoka.lg.jp/000998751.pdf"
"67373","https://www.city.shizuoka.lg.jp/documents/10655/tokuteishindan.pdf","https://www.city.shizuoka.lg.jp/s2574/s012535.html | https://www.city.shizuoka.lg.jp/documents/10655/tokuteishindan.pdf"
"67381","https://www.city.asahikawa.hokkaido.jp/10013/10014/d073141.html","https://www.city.asahikawa.hokkaido.jp/10013/10014/d073141.html"
"67397","https://www.town.oarai.lg.jp/nougyousuisanngyoushoukougyou/shoukougyou/kakushuhojoseido/3368/","https://www.town.oarai.lg.jp/nougyousuisanngyoushoukougyou/shoukougyou/kakushuhojoseido/3368/"
"67386","https://www.town.bihoro.hokkaido.jp/docs/2023120500012/","https://www.town.bihoro.hokkaido.jp/docs/2023120500012/"
"67403","https://www.city.hanamaki.iwate.jp/business/sangyoshien/keieihojo/1002207.html","https://www.city.hanamaki.iwate.jp/business/sangyoshien/keieihojo/1002207.html"
"67409","https://www.pref.shiga.lg.jp/ippan/shigotosangyou/ringyou/13670.html","https://www.pref.shiga.lg.jp/ippan/shigotosangyou/ringyou/13670.html"
"67404","https://www.city.hanamaki.iwate.jp/kurashi/anshin_anzen/bousai_saigai/1000909.html","https://www.city.hanamaki.iwate.jp/kurashi/anshin_anzen/bousai_saigai/1000909.html"
"67411","https://www.city.uwajima.ehime.jp/uploaded/attachment/52112.pdf","https://www.city.uwajima.ehime.jp/soshiki/15/syokurosu-hozyo.html | https://www.city.uwajima.ehime.jp/uploaded/attachment/52112.pdf"
"67412","https://www.town.tagami.niigata.jp/docs/8579.html","https://www.town.tagami.niigata.jp/docs/8579.html"
"67415","https://www.city.nasushiobara.tochigi.jp/shigoto_sangyo/shokogyo/11580.html","https://www.city.nasushiobara.tochigi.jp/shigoto_sangyo/shokogyo/11580.html"
"67417","https://www.city.nasushiobara.tochigi.jp/shigoto_sangyo/shokogyo/15214.html","https://www.city.nasushiobara.tochigi.jp/shigoto_sangyo/shokogyo/15214.html"
"67432","https://www.city.shiki.lg.jp/soshiki/12/2335.html","https://www.city.shiki.lg.jp/soshiki/12/2335.html"
"67419","https://www.city.soo.kagoshima.jp/sangyou_business/syoukougyou/tenpo-riform.html","https://www.city.soo.kagoshima.jp/sangyou_business/syoukougyou/tenpo-riform.html"
"67433","https://www.city.nichinan.lg.jp/material/files/group/92/90bd96a3908015bc48b5ff1921802cbe_1.pdf","https://www.city.nichinan.lg.jp/shigoto_sangyo/sangyoshinko_jigyoshien/2/3602.html | https://www.city.nichinan.lg.jp/material/files/group/92/90bd96a3908015bc48b5ff1921802cbe_1.pdf"
"67437","https://www.city.suzaka.nagano.jp/contents/bunsho/search.php?search=id&id=669","https://www.city.suzaka.nagano.jp/contents/bunsho/search.php?search=id&id=669"
"67434","https://www.city.kaminoyama.yamagata.jp/uploaded/attachment/25104.pdf","https://www.city.kaminoyama.yamagata.jp/soshiki/9/renovation.html | https://www.city.kaminoyama.yamagata.jp/uploaded/attachment/25104.pdf"
"67438","https://www.city.suzaka.nagano.jp/contents/bunsho/search.php?search=id&id=244","https://www.city.suzaka.nagano.jp/contents/bunsho/search.php?search=id&id=244"
"67440","https://www.city.suzaka.nagano.jp/contents/bunsho/search.php?search=id&id=2059","https://www.city.suzaka.nagano.jp/contents/bunsho/search.php?search=id&id=2059"
"67439","https://www.city.suzaka.nagano.jp/contents/bunsho/search.php?search=id&id=1879","https://www.city.suzaka.nagano.jp/contents/bunsho/search.php?search=id&id=1879"
"67451","https://www.city.hashima.lg.jp/2265.html","https://www.city.hashima.lg.jp/2265.html"
"67442","https://www.city.nichinan.lg.jp/material/files/group/84/e49894734a4da54ee1adc9343426a13a_1.pdf","https://www.city.nichinan.lg.jp/shigoto_sangyo/sangyoshinko_jigyoshien/2/2205.html | https://www.city.nichinan.lg.jp/material/files/group/84/e49894734a4da54ee1adc9343426a13a_1.pdf"
"67449","https://www.city.kitaakita.akita.jp/archive/p16668","https://www.city.kitaakita.akita.jp/archive/p16668"
"67452","https://www.city.hashima.lg.jp/2134.html","https://www.city.hashima.lg.jp/2134.html"
"67454","https://www.city.hashima.lg.jp/2143.html","https://www.city.hashima.lg.jp/2143.html"
"67458","https://www.city.hatsukaichi.hiroshima.jp/soshiki/29/28265.html","https://www.city.hatsukaichi.hiroshima.jp/soshiki/29/28265.html"
"67460","https://www.city.hashima.lg.jp/2568.html","https://www.city.hashima.lg.jp/2568.html"
"67467","https://www.city.iwakura.aichi.jp/0000000286.html","https://www.city.iwakura.aichi.jp/0000000286.html"
"67464","https://www.city.isumi.lg.jp/soshikikarasagasu/norinka/noseihan/3/1/5295.html","https://www.city.isumi.lg.jp/soshikikarasagasu/norinka/noseihan/3/1/5295.html"
"67474","https://www.nishi.or.jp/jigyoshajoho/sangyoshinko/kobo/ho-seisaku.html","https://www.nishi.or.jp/jigyoshajoho/sangyoshinko/kobo/ho-seisaku.html"
"67479","https://www.city.shibata.lg.jp/kurashi/iza/bouhan/1000599.html","https://www.city.shibata.lg.jp/kurashi/iza/bouhan/1000599.html"
"67487","https://www.city.hida.gifu.jp/site/bousai/36328.html","https://www.city.hida.gifu.jp/site/bousai/36328.html"
"67498","https://www.city.omachi.nagano.jp/00011000/00011400/00012151.html","https://www.city.omachi.nagano.jp/00011000/00011400/00012151.html"
"67499","https://www.city.omachi.nagano.jp/00010000/doc/00010200/ringyojigyotaisien.html","https://www.city.omachi.nagano.jp/00010000/doc/00010200/ringyojigyotaisien.html"
"67513","https://www.city.suzu.lg.jp/soshiki/7/1295.html","https://www.city.suzu.lg.jp/soshiki/7/1295.html"
"67515","https://www.city.suzu.lg.jp/soshiki/2/6575.html","https://www.city.suzu.lg.jp/soshiki/2/6575.html"
"67519","https://www.city.hamamatsu.shizuoka.jp/zaisek/budget/budget03/detail/d_087.html","https://www.city.hamamatsu.shizuoka.jp/zaisek/budget/budget03/detail/d_087.html"
"67517","https://www.town.aichi-higashiura.lg.jp/soshiki/shokoshinko/shokokanko/gyomu/jigyounushi/hojokin/13409.html","https://www.town.aichi-higashiura.lg.jp/soshiki/shokoshinko/shokokanko/gyomu/jigyounushi/hojokin/13409.html"
"67520","https://www.city.seiyo.ehime.jp/kakuka/sangyo_kensetsu/nogyo_suisan/nogyou/15164.html","https://www.city.seiyo.ehime.jp/kakuka/sangyo_kensetsu/nogyo_suisan/nogyou/15164.html"
"67530","https://www.city.inzai.lg.jp/0000007654.html","https://www.city.inzai.lg.jp/0000007654.html"
"67524","https://www.city.nichinan.lg.jp/material/files/group/71/a653598a69834e51aba593baa2416073.pdf","https://www.city.nichinan.lg.jp/shigoto_sangyo/sangyoshinko_jigyoshien/2/3599.html | https://www.city.nichinan.lg.jp/material/files/group/71/a653598a69834e51aba593baa2416073.pdf"
"67532","https://www.town.otsuchi.iwate.jp/gyosei/docs/374565.html","https://www.town.otsuchi.iwate.jp/gyosei/docs/374565.html"
"67562","https://www.vill.takayama.gunma.jp/05nourin/hojo-higaitaisaku/higaitaisaku.html","https://www.vill.takayama.gunma.jp/05nourin/hojo-higaitaisaku/higaitaisaku.html"
"67545","https://www.city.toda.saitama.jp/soshiki/252/hoikuen-kariage.html","https://www.city.toda.saitama.jp/soshiki/252/hoikuen-kariage.html"
"67565","https://www.vill.takayama.gunma.jp/02chiiki/chiiki-shien/chiiki-shien.html","https://www.vill.takayama.gunma.jp/02chiiki/chiiki-shien/chiiki-shien.html"
"67572","https://www.city.oyabe.toyama.jp/kurashi/1002145/1002169/1002176.html","https://www.city.oyabe.toyama.jp/kurashi/1002145/1002169/1002176.html"
"67570","https://www.city.oyabe.toyama.jp/sangyobusiness/1002748/1002768/1002769/1002776.html","https://www.city.oyabe.toyama.jp/sangyobusiness/1002748/1002768/1002769/1002776.html"
"67581","https://www.town.okuizumo.shimane.jp/www/contents/1560819334180/index.html","https://www.town.okuizumo.shimane.jp/www/contents/1560819334180/index.html"
"67592","https://www.town.shimosuwa.lg.jp/www/contents/1001000000994/index.html","https://www.town.shimosuwa.lg.jp/www/contents/1001000000994/index.html"
"67587","https://www.city.goshogawara.lg.jp/shigoto/shigoto/files/yatinntirasi.pdf","https://www.city.goshogawara.lg.jp/shigoto/shigoto/syoko_akitenpo.html | https://www.city.goshogawara.lg.jp/shigoto/shigoto/files/yatinntirasi.pdf"
"67595","https://www.vill.takayama.gunma.jp/05nourin/hojo-kyogikai/kyogikai.html","https://www.vill.takayama.gunma.jp/05nourin/hojo-kyogikai/kyogikai.html"
"67593","https://www.vill.takayama.gunma.jp/05nourin/hojo-6sangyosuishin/sangyosuishin.html","https://www.vill.takayama.gunma.jp/05nourin/hojo-6sangyosuishin/sangyosuishin.html"
"67596","https://www.vill.takayama.gunma.jp/05nourin/nogyo-kibanseibi/syokibo-tochikairyo.html","https://www.vill.takayama.gunma.jp/05nourin/nogyo-kibanseibi/syokibo-tochikairyo.html"
"67599","https://www.city.rikuzentakata.iwate.jp/soshiki/shoseika/shokoukakari/jigyoushashien/7558.html","https://www.city.rikuzentakata.iwate.jp/soshiki/shoseika/shokoukakari/jigyoushashien/7558.html"
"67601","https://www.city.midori.gunma.jp/kenkou/1001637/1001779/1002239.html","https://www.city.midori.gunma.jp/kenkou/1001637/1001779/1002239.html"
"67602","https://www.city.kiryu.lg.jp/sangyou/1018120/hojo/1002467.html","https://www.city.kiryu.lg.jp/sangyou/1018120/hojo/1002467.html"
"67615","https://www.city.fukushima.fukushima.jp/hoken-ti/kenko/iryo/syouni/documents/annai.pdf","https://www.city.fukushima.fukushima.jp/hoken-ti/kenko/iryo/syouni/kaigyou.html | https://www.city.fukushima.fukushima.jp/hoken-ti/kenko/iryo/syouni/documents/annai.pdf"
"67618","https://www.city.saiki.oita.jp/kiji0038861/index.html","https://www.city.saiki.oita.jp/kiji0038861/index.html"
"67632","https://www.town.shimonita.lg.jp/nourin-kensetu/m03/m02/m02/02.html","https://www.town.shimonita.lg.jp/nourin-kensetu/m03/m02/m02/02.html"
"67657","https://www.city.minamisatsuma.lg.jp/business/shigoto-sangyo/suisangyo/e028119.html","https://www.city.minamisatsuma.lg.jp/business/shigoto-sangyo/suisangyo/e028119.html"
"67637","https://www.town.noto.lg.jp/www/service/detail.jsp?common_id=8965","https://www.town.noto.lg.jp/www/service/detail.jsp?common_id=8965"
"67658","https://www.city.minamisatsuma.lg.jp/business/shigoto-sangyo/suisangyo/e028120.html","https://www.city.minamisatsuma.lg.jp/business/shigoto-sangyo/suisangyo/e028120.html"
"67659","https://www.city.minamisatsuma.lg.jp/business/shigoto-sangyo/suisangyo/e028122.html","https://www.city.minamisatsuma.lg.jp/business/shigoto-sangyo/suisangyo/e028122.html"
"67660","https://www.city.minamisatsuma.lg.jp/business/shigoto-sangyo/shokogyo-kigyo/e019972.html","https://www.city.minamisatsuma.lg.jp/business/shigoto-sangyo/shokogyo-kigyo/e019972.html"
"67662","https://www.city.minamisatsuma.lg.jp/living/bosai-kotsu/jichikaimusen/e018087.html","https://www.city.minamisatsuma.lg.jp/living/bosai-kotsu/jichikaimusen/e018087.html"
"67668","https://www.minamimakimura.jp/main/gov/sanken/chikusan/656.html","https://www.minamimakimura.jp/main/gov/sanken/chikusan/656.html"
"67663","https://www.city.akune.lg.jp/soshikikarasagasu/shokokankoka/shokoshinkogakari/3/1/886.html","https://www.city.akune.lg.jp/soshikikarasagasu/shokokankoka/shokoshinkogakari/3/1/886.html"
"67670","https://www.city.kaizuka.lg.jp/kakuka/sogoseisaku/sangyo/topics/jinzaikakuhosienhojo.html","https://www.city.kaizuka.lg.jp/kakuka/sogoseisaku/sangyo/topics/jinzaikakuhosienhojo.html"
"67700","https://www.city.mitoyo.lg.jp/kakuka/soumu/kiki/3/jisyubou/8885.html","https://www.city.mitoyo.lg.jp/kakuka/soumu/kiki/3/jisyubou/8885.html"
"67701","https://www.ikedamachi.net/cmsfiles/contents/0000001/1739/sinkougaiyou.pdf","https://www.ikedamachi.net/0000001739.html | https://www.ikedamachi.net/cmsfiles/contents/0000001/1739/sinkougaiyou.pdf"
"67702","https://www.city.kamagaya.chiba.jp/jigyosha/bukkakoutoushien/youchihoikushien.html","https://www.city.kamagaya.chiba.jp/jigyosha/bukkakoutoushien/youchihoikushien.html"
"67713","https://www.vill.tsurui.lg.jp/soshikikarasagasu/sangyoshinkoka/noseigakari/1/nogyo/647.html","https://www.vill.tsurui.lg.jp/soshikikarasagasu/sangyoshinkoka/noseigakari/1/nogyo/647.html"
"67716","https://www.vill.tsurui.lg.jp/soshikikarasagasu/sangyoshinkoka/noseigakari/1/nogyo/647.html","https://www.vill.tsurui.lg.jp/soshikikarasagasu/sangyoshinkoka/noseigakari/1/nogyo/647.html"
"67717","https://www.vill.tsurui.lg.jp/soshikikarasagasu/sangyoshinkoka/noseigakari/1/nogyo/647.html","https://www.vill.tsurui.lg.jp/soshikikarasagasu/sangyoshinkoka/noseigakari/1/nogyo/647.html"
"67732","https://www.city.tono.iwate.jp/index.cfm/46,74932,294,637,html","https://www.city.tono.iwate.jp/index.cfm/46,74932,294,637,html"
"67737","https://www.kawabe-gifu.jp/?page_id=41953","https://www.kawabe-gifu.jp/?page_id=41953"
"67729","https://www.city.komagane.nagano.jp/soshikiichiran/syoukoukankouka/kogyokakari/2/1/1781.html","https://www.city.komagane.nagano.jp/soshikiichiran/syoukoukankouka/kogyokakari/2/1/1781.html"
"67755","https://www.town.meiwa.mie.jp/main/soshiki/nousui_shoukouk/nourink/6jisangyouka/1622176619647.html","https://www.town.meiwa.mie.jp/main/soshiki/nousui_shoukouk/nourink/6jisangyouka/1622176619647.html"
"67768","https://www.pref.fukui.lg.jp/doc/chisangi/r5openfactory_d/fil/bosyutirasi.pdf","https://www.pref.fukui.lg.jp/doc/chisangi/r5openfactory.html | https://www.pref.fukui.lg.jp/doc/chisangi/r5openfactory_d/fil/bosyutirasi.pdf"
"67767","https://www.pref.tottori.lg.jp/secure/1151246/tirasi1.pdf","https://www.pref.tottori.lg.jp/item/1151246.htm | https://www.pref.tottori.lg.jp/secure/1151246/tirasi1.pdf"
"67775","https://www.city.aizuwakamatsu.fukushima.jp/docs/2011042000062/","https://www.city.aizuwakamatsu.fukushima.jp/docs/2011042000062/"
"67808","https://www.city.amagasaki.hyogo.jp/_res/projects/default_project/_page_/001/033/770/tirashi.pdf","https://www.city.amagasaki.hyogo.jp/kurashi/gomi/genryou/1033770.html | https://www.city.amagasaki.hyogo.jp/_res/projects/default_project/_page_/001/033/770/tirashi.pdf"
"67787","https://www.city.tsuruga.lg.jp/smph/kurashi/gomi_risaikuru/tyougaibousi.html","https://www.city.tsuruga.lg.jp/smph/kurashi/gomi_risaikuru/tyougaibousi.html"
"67811","https://www.town.fukusaki.hyogo.jp/0000002127.html","https://www.town.fukusaki.hyogo.jp/0000002127.html"
"67816","http://chutaikyo.taisyokukin.go.jp/","https://www.city.iwakura.aichi.jp/0000002236.html | http://chutaikyo.taisyokukin.go.jp/ | http://www.iwakura.or.jp/"
"67813","https://www.town.marumori.miyagi.jp/work/detail.php?content=813","https://www.town.marumori.miyagi.jp/work/detail.php?content=813"
"67818","https://www.town.kujukuri.chiba.jp/0000004667.html","https://www.town.kujukuri.chiba.jp/0000004667.html"
"67820","https://www.city.hakusan.lg.jp/machi/ringyosuisan/1003149/1003151.html","https://www.city.hakusan.lg.jp/machi/ringyosuisan/1003149/1003151.html"
"67832","https://www.pref.shizuoka.jp/sangyoshigoto/kigyoshien/kigyoricchi/1003414/1028385.html","https://www.pref.shizuoka.jp/sangyoshigoto/kigyoshien/kigyoricchi/1003414/1028385.html"
"67844","https://www.town.karuizawa.lg.jp/www/contents/1703132544386/index.html","https://www.town.karuizawa.lg.jp/www/contents/1703132544386/index.html"
"67859","https://www.town.aichi-higashiura.lg.jp/material/files/group/41/budounettohozyokinntirasi.pdf","https://www.town.aichi-higashiura.lg.jp/soshiki/toshikeikaku/toshikeikaku/gyomu/keikan/10964.html | https://www.town.aichi-higashiura.lg.jp/material/files/group/41/budounettohozyokinntirasi.pdf"
"67848","https://www.town.uchinada.lg.jp/uploaded/attachment/4714.pdf","https://www.town.uchinada.lg.jp/soshiki/chiiki/1813.html | https://www.town.uchinada.lg.jp/uploaded/attachment/4714.pdf"
"67863","https://www.town.utazu.lg.jp/kurashi/iryoufukushi/gyouji/kotsuzuidonor_josei/","https://www.town.utazu.lg.jp/kurashi/iryoufukushi/gyouji/kotsuzuidonor_josei/"
"67869","https://www.city.kashiwazaki.lg.jp/soshikiichiran/fukushihokembu/kaigokoreika/3/2/3/7082.html","https://www.city.kashiwazaki.lg.jp/soshikiichiran/fukushihokembu/kaigokoreika/3/2/3/7082.html"
"67872","https://www.city.kashiwazaki.lg.jp/material/files/group/28/tirashi_koudogijutushaikuseisuisinnjoseikinn20230828.pdf","https://www.city.kashiwazaki.lg.jp/soshikiichiran/sangyoshinkobu/monozukurishinkoka/2/1/6974.html | https://www.city.kashiwazaki.lg.jp/material/files/group/28/tirashi_koudogijutushaikuseisuisinnjoseikinn20230828.pdf"
"67910","https://www.maff.go.jp/j/syouan/keikaku/soukatu/231201.html","https://www.maff.go.jp/j/syouan/keikaku/soukatu/231201.html"
"67873","https://www.town.noheji.aomori.jp/life/seikatsu/kankyo-eisei/gomi/1229","https://www.town.noheji.aomori.jp/life/seikatsu/kankyo-eisei/gomi/1229"
"67899","https://www.pref.niigata.lg.jp/site/chikusan/r5-12siryou-koutou.html","https://www.pref.niigata.lg.jp/site/chikusan/r5-12siryou-koutou.html"
"67915","https://www.pref.niigata.lg.jp/sec/suisan/r5-12suisanseibi.html","https://www.pref.niigata.lg.jp/sec/suisan/r5-12suisanseibi.html"
"67917","https://www.pref.niigata.lg.jp/sec/chiikinosei/r0512hosei-syouene.html","https://www.pref.niigata.lg.jp/sec/chiikinosei/r0512hosei-syouene.html"
"67925","https://www.city.imizu.toyama.jp/guide/svguidedtl.aspx?servno=21507","https://www.city.imizu.toyama.jp/guide/svguidedtl.aspx?servno=21507"
"67928","https://www.city.imizu.toyama.jp/appupload/EDIT/123/123344.pdf","https://www.city.imizu.toyama.jp/guide/svGuideDtl.aspx?servno=45836 | https://www.city.imizu.toyama.jp/appupload/EDIT/123/123344.pdf"
"67927","https://www.city.imizu.toyama.jp/appupload/EDIT/087/087229.pdf","https://www.city.imizu.toyama.jp/guide/svguidedtl.aspx?servno=9762 | https://www.city.imizu.toyama.jp/appupload/EDIT/087/087229.pdf"
"67926","https://www.city.imizu.toyama.jp/appupload/EDIT/123/123461.pdf","https://www.city.imizu.toyama.jp/guide/svGuideDtl.aspx?servno=27114 | https://www.city.imizu.toyama.jp/appupload/EDIT/123/123461.pdf"
"67931","https://www.village.ikusaka.nagano.jp/gyousei/sinkouka/koukeishasien_hojo.htm","https://www.village.ikusaka.nagano.jp/gyousei/sinkouka/koukeishasien_hojo.htm"
"67929","https://www.city.imizu.toyama.jp/guide/svGuideDtl.aspx?servno=41733","https://www.city.imizu.toyama.jp/guide/svGuideDtl.aspx?servno=41733"
"67935","https://www.town.katsuragi.wakayama.jp/010/060/010/20170331233014.html","https://www.town.katsuragi.wakayama.jp/010/060/010/20170331233014.html"
"67947","https://www.city.tsuru.yamanashi.jp/soshiki/sangyo/shoko_t/6/12244.html","https://www.city.tsuru.yamanashi.jp/soshiki/sangyo/shoko_t/6/12244.html"
"67945","https://www.city.tsuru.yamanashi.jp/shigai/furusatonozei/12436.html","https://www.city.tsuru.yamanashi.jp/shigai/furusatonozei/12436.html"
"67948","https://www.town.kannami.shizuoka.jp/soshiki/1013/2/3/1204.html","https://www.town.kannami.shizuoka.jp/soshiki/1013/2/3/1204.html"
"67958","https://www.jinsekigun.jp/town/formation/mirai/machi/kekkon/konkatsu_shien/","https://www.jinsekigun.jp/town/formation/mirai/machi/kekkon/konkatsu_shien/"
"67969","https://www.jinsekigun.jp/town/formation/sangyou1/kankou/shoukou/syokei/","https://www.jinsekigun.jp/town/formation/sangyou1/kankou/shoukou/syokei/"
"67951","https://www.city.oga.akita.jp/living_information/shigoto_sangyo/norinsuisan/6129.html","https://www.city.oga.akita.jp/living_information/shigoto_sangyo/norinsuisan/6129.html"
"67992","https://www.city.marugame.lg.jp/site/bousaiinfo/22003.html","https://www.city.marugame.lg.jp/site/bousaiinfo/22003.html"
"68011","http://www.town.echizen.fukui.jp/kurashi/04/03/p008434.html","http://www.town.echizen.fukui.jp/kurashi/04/03/p008434.html"
"67993","https://www.city.sukagawa.fukushima.jp/_res/projects/default_project/_page_/001/003/421/annnai.pdf","https://www.city.sukagawa.fukushima.jp/shigoto_sangyo/sangyoshinkou/1011304/hanrokakudai/1003421.html | https://www.city.sukagawa.fukushima.jp/_res/projects/default_project/_page_/001/003/421/annnai.pdf"
"68019","https://www.town.gifu-ikeda.lg.jp/0000003069.html","https://www.town.gifu-ikeda.lg.jp/0000003069.html"
"68020","https://www.town.gifu-ikeda.lg.jp/0000003058.html","https://www.town.gifu-ikeda.lg.jp/0000003058.html"
"68050","https://www.town.aikawa.kanagawa.jp/shigoto_sangyo/kigyou_kinrousya/kigyoushien/15275.html","https://www.town.aikawa.kanagawa.jp/shigoto_sangyo/kigyou_kinrousya/kigyoushien/15275.html | https://www.town.aikawa.kanagawa.jp/cgi-bin/inquiry.php/1?page_no=2718"
"68052","https://www.town.aikawa.kanagawa.jp/soshiki/kankyou_keizai/nousei/nousei/info/1429613445327.html","https://www.town.aikawa.kanagawa.jp/soshiki/kankyou_keizai/nousei/nousei/info/1429613445327.html | https://www.town.aikawa.kanagawa.jp/cgi-bin/inquiry.php/14?page_no=2861"
"68060","https://www.city.sodegaura.lg.jp/soshiki/nourin/taikennouen.html","https://www.city.sodegaura.lg.jp/soshiki/nourin/taikennouen.html"
"68055","https://www.town.aikawa.kanagawa.jp/soshiki/kankyou_keizai/nousei/nousei/info/1559192823284.html","https://www.town.aikawa.kanagawa.jp/soshiki/kankyou_keizai/nousei/nousei/info/1559192823284.html | https://www.town.aikawa.kanagawa.jp/cgi-bin/inquiry.php/14?page_no=2926"
"68067","https://www.town.kumano.hiroshima.jp/www/contents/1502845625977/files/panfurettor1.pdf","https://www.town.kumano.hiroshima.jp/www/contents/1502845625977/index.html | https://www.town.kumano.hiroshima.jp/www/contents/1502845625977/files/panfurettor1.pdf"
"68069","https://www.town.takahata.yamagata.jp/soshikiichiran/seikatsukankyoka/2/kekkonkonkatsu/3798.html","https://www.town.takahata.yamagata.jp/soshikiichiran/seikatsukankyoka/2/kekkonkonkatsu/3798.html | https://www.town.takahata.yamagata.jp/cgi-bin/inquiry.php/5?page_no=3798"
"68068","https://www.town.takahata.yamagata.jp/soshikiichiran/seikatsukankyoka/2/2/3730.html","https://www.town.takahata.yamagata.jp/soshikiichiran/seikatsukankyoka/2/2/3730.html | https://www.town.takahata.yamagata.jp/cgi-bin/inquiry.php/5?page_no=3730"
"68099","https://www.city.gotemba.lg.jp/sangyou/f-3/f-3-2/4298.html","https://www.city.gotemba.lg.jp/sangyou/f-3/f-3-2/4298.html"
"68105","https://www.city.kurayoshi.lg.jp/gyousei/div/kyouiku/kyouikusoumu/8/6/","https://www.city.kurayoshi.lg.jp/gyousei/div/kyouiku/kyouikusoumu/8/6/"
"68107","https://www.town.shiga-hino.lg.jp/0000004636.html","https://www.town.shiga-hino.lg.jp/0000004636.html"
"68116","https://www.city.yoshinogawa.lg.jp/docs/2019032600018/","https://www.city.yoshinogawa.lg.jp/docs/2019032600018/"
"68124","https://www.city.sodegaura.lg.jp/soshiki/nourin/noukaresutorannseibisiennjigyou.html","https://www.city.sodegaura.lg.jp/soshiki/nourin/noukaresutorannseibisiennjigyou.html"
"68122","https://www.city.kawasaki.jp/601/page/0000017691.html","https://www.city.kawasaki.jp/601/page/0000017691.html"
"68134","http://www.city.omura.nagasaki.jp/syakyo/kyoiku/kyoiku/shakai/hojokin.html","http://www.city.omura.nagasaki.jp/syakyo/kyoiku/kyoiku/shakai/hojokin.html"
"68139","https://www.city.hachimantai.lg.jp/soshiki/nourin/1168.html","https://www.city.hachimantai.lg.jp/soshiki/nourin/1168.html"
"68137","https://www.city.hachimantai.lg.jp/soshiki/nourin/1074.html","https://www.city.hachimantai.lg.jp/soshiki/nourin/1074.html"
"68142","https://www.city.hachimantai.lg.jp/soshiki/nourin/1653.html","https://www.city.hachimantai.lg.jp/soshiki/nourin/1653.html"
"68147","https://www.city.hachimantai.lg.jp/uploaded/attachment/2446.pdf","https://www.city.hachimantai.lg.jp/soshiki/shokanka/1310.html | https://www.city.hachimantai.lg.jp/uploaded/attachment/2446.pdf"
"68144","https://www.city.hachimantai.lg.jp/soshiki/nourin/19967.html","https://www.city.hachimantai.lg.jp/soshiki/nourin/19967.html"
"68151","https://www.city.makinohara.shizuoka.jp/uploaded/attachment/30667.pdf","https://www.city.makinohara.shizuoka.jp/soshiki/17/1850.html | https://www.city.makinohara.shizuoka.jp/uploaded/attachment/30667.pdf | https://www.city.makinohara.shizuoka.jp/uploaded/attachment/30666.pdf"
"68157","https://www.city.setouchi.lg.jp/soshiki/22/3208.html","https://www.city.setouchi.lg.jp/soshiki/22/3208.html"
"68155","https://www.city.makinohara.shizuoka.jp/soshiki/20/7720.html","https://www.city.makinohara.shizuoka.jp/soshiki/20/7720.html"
"68171","https://www.city.kitamoto.lg.jp/material/files/group/40/akitenpo-R2.pdf","https://www.city.kitamoto.lg.jp/jigyosha/chushojigyoshamukeshien/yushi/1586737118686.html | https://www.city.kitamoto.lg.jp/material/files/group/40/akitenpo-R2.pdf"
"68191","http://www.town.tohoku.lg.jp/chousei/info/info_yakuba_03-05.html","http://www.town.tohoku.lg.jp/chousei/info/info_yakuba_03-05.html"
"68177","https://www.city.ota.gunma.jp/page/1022252.html","https://www.city.ota.gunma.jp/page/1022252.html"
"68193","https://www.town.takko.lg.jp/_resources/content/103/20171101-132902.pdf","https://www.town.takko.lg.jp/index.cfm/12,0,94,261,html | https://www.town.takko.lg.jp/_resources/content/103/20171101-132902.pdf"
"68207","https://www.city.saitama.lg.jp/001/006/010/003/p002489.html","https://www.city.saitama.lg.jp/001/006/010/003/p002489.html"
"68195","https://www.city.suzaka.nagano.jp/contents/item.php?id=591ba02ae37de","https://www.city.suzaka.nagano.jp/contents/item.php?id=591ba02ae37de"
"68216","https://www.town.shinano.lg.jp/docs/351.html","https://www.town.shinano.lg.jp/docs/351.html"
"68222","https://www.city.ashiya.lg.jp/sankaku/jichiren/machinobika.html","https://www.city.ashiya.lg.jp/sankaku/jichiren/machinobika.html"
"68218","https://www.city.kagoshima-izumi.lg.jp/files/SpcDocumentDetail/121/SpcDocumentDetail_121020_file.pdf","https://www.city.kagoshima-izumi.lg.jp/page/page_09369.html | https://www.city.kagoshima-izumi.lg.jp/files/SpcDocumentDetail/121/SpcDocumentDetail_121020_file.pdf"
"68227","https://www.city.matsubara.lg.jp/docs/page3274.html","https://www.city.matsubara.lg.jp/docs/page3274.html"
"68270","https://www.town.moroyama.saitama.jp/material/files/group/19/nagare.pdf","https://www.town.moroyama.saitama.jp/gyoseisite/sangyo_business/sangyoshinko/2/5377.html | https://www.town.moroyama.saitama.jp/material/files/group/19/nagare.pdf"
"68269","https://www.city.muroran.lg.jp/main/org6200/images/syataku.html","https://www.city.muroran.lg.jp/main/org6200/images/syataku.html"
"68272","https://www.city.obihiro.hokkaido.jp/_res/projects/default_project/_page_/001/004/653/1gaiyo28.pdf","https://www.city.obihiro.hokkaido.jp/sangyo/kigyoshien/sangyo/1005547.html | https://www.city.obihiro.hokkaido.jp/_res/projects/default_project/_page_/001/004/653/1gaiyo28.pdf"
"68276","https://www.city.moka.lg.jp/shigoto_sangyo/hojo_shien/20150.html","https://www.city.moka.lg.jp/shigoto_sangyo/hojo_shien/20150.html"
"68284","https://www.city.shimonoseki.lg.jp/soshiki/57/105557.html","https://www.city.shimonoseki.lg.jp/soshiki/57/105557.html"
"68288","https://www.city.ise.mie.jp/kenkou_fukushi/iryou/1016655/1016656.html","https://www.city.ise.mie.jp/kenkou_fukushi/iryou/1016655/1016656.html"
"68286","https://www.city.shimonoseki.lg.jp/soshiki/57/105557.html","https://www.city.shimonoseki.lg.jp/soshiki/57/105557.html"
"68304","https://www.pref.kochi.lg.jp/soshiki/150401/files/2022021800207/akitennposyuttennsienn.pdf","https://www.pref.kochi.lg.jp/soshiki/150401/2022021800207.html | https://www.pref.kochi.lg.jp/soshiki/150401/files/2022021800207/akitennposyuttennsienn.pdf"
"68340","https://www.higashikushira.com/docs/2023122800028/","https://www.higashikushira.com/docs/2023122800028/"
"68314","https://www.pref.okinawa.lg.jp/machizukuri/dorokotsu/1012558/1012605/1019237.html","https://www.pref.okinawa.lg.jp/machizukuri/dorokotsu/1012558/1012605/1019237.html"
"68369","https://www.city.kanoya.lg.jp/furusato-pr/noukaminsyuku_hojyokin.html","https://www.city.kanoya.lg.jp/furusato-pr/noukaminsyuku_hojyokin.html"
"68373","https://www.town.satosho.okayama.jp/soshiki/3/1253.html","https://www.town.satosho.okayama.jp/soshiki/3/1253.html"
"68377","https://www.city.takahama.lg.jp/soshiki/keizai/816.html","https://www.city.takahama.lg.jp/soshiki/keizai/816.html"
"68395","https://www.city.nagato.yamaguchi.jp/soshiki/8/1236.html","https://www.city.nagato.yamaguchi.jp/soshiki/8/1236.html"
"68396","https://www.city.nagano.nagano.jp/n160500/contents/p004039.html","https://www.city.nagano.nagano.jp/n160500/contents/p004039.html"
"68402","https://www.city.matsusaka.mie.jp/soshiki/33/ringyou202101.html","https://www.city.matsusaka.mie.jp/soshiki/33/ringyou202101.html"
"68408","https://www.city.ise.mie.jp/sangyo/nourin/1003114.html","https://www.city.ise.mie.jp/sangyo/nourin/1003114.html"
"68409","https://www.city.ise.mie.jp/sangyo/syoukou/sangyoshien/1002973.html","https://www.city.ise.mie.jp/sangyo/syoukou/sangyoshien/1002973.html"
"68414","https://www.city.shingu.lg.jp/info/426","https://www.city.shingu.lg.jp/info/426"
"68415","https://www.city.kuwana.lg.jp/shoko/shigoto/kigyoushien/27-12409-280.html","https://www.city.kuwana.lg.jp/shoko/shigoto/kigyoushien/27-12409-280.html"
"68418","https://www.city.kinokawa.lg.jp/shoukou/jyoseikin_kigyo.html","https://www.city.kinokawa.lg.jp/shoukou/jyoseikin_kigyo.html"
"68419","https://www.city.ise.mie.jp/sangyo/koyou/1003032.html","https://www.city.ise.mie.jp/sangyo/koyou/1003032.html"
"68421","https://www.city.ise.mie.jp/sangyo/koyou/1012787.html","https://www.city.ise.mie.jp/sangyo/koyou/1012787.html"
"68446","https://www.town.namegawa.saitama.jp/soshikikarasagasu/sangyoshinkoka/sangyoshinko/1/2/kigyo_shien/4067.html","https://www.town.namegawa.saitama.jp/soshikikarasagasu/sangyoshinkoka/sangyoshinko/1/2/kigyo_shien/4067.html"
"68434","https://www.city.tonami.lg.jp/service/66840p/","https://www.city.tonami.lg.jp/service/66840p/"
"68452","https://www.higashikushira.com/docs/2023122800011/","https://www.higashikushira.com/docs/2023122800011/"
"68456","http://www.town.shisui.chiba.jp/docs/2019100400038/","http://www.town.shisui.chiba.jp/docs/2019100400038/"
"68494","https://www.pref.aichi.jp/soshiki/nogyo-shinko/cyoujyu-jigyou.html","https://www.pref.aichi.jp/soshiki/nogyo-shinko/cyoujyu-jigyou.html"
"68488","https://www.city.sapporo.jp/seiso/gomi/shudan_kaishu/dantai.html#A01","https://www.city.sapporo.jp/seiso/gomi/shudan_kaishu/dantai.html#A01"
"68502","https://www.city.kumano.lg.jp/life/?content=700","https://www.city.kumano.lg.jp/life/?content=700"
"68503","https://www.city.kumano.lg.jp/life/?content=698","https://www.city.kumano.lg.jp/life/?content=698"
"68506","https://www.pref.nagano.lg.jp/rodokoyo/seisanseisupport.html","https://www.pref.nagano.lg.jp/rodokoyo/seisanseisupport.html"
"68534","https://www.city.urayasu.lg.jp/shisei/kocho/public/kekka2/1039484/1041652.html","https://www.city.urayasu.lg.jp/shisei/kocho/public/kekka2/1039484/1041652.html"
"68523","https://www.city.kuwana.lg.jp/shoko/shigoto/kigyoushien/27-12409-280.html","https://www.city.kuwana.lg.jp/shoko/shigoto/kigyoushien/27-12409-280.html"
"68557","https://www.pref.aichi.jp/soshiki/nogyo-shinko/cyoujyu-jigyou.html","https://www.pref.aichi.jp/soshiki/nogyo-shinko/cyoujyu-jigyou.html | https://www.pref.aichi.jp/form/detail.php?sec_sec1=139&inq=06&lif_id=495058"
"68558","https://www.city.sunagawa.hokkaido.jp/sangyou/shoukou/files/tenposeibi2.pdf","https://www.city.sunagawa.hokkaido.jp/sangyou/shoukou/chuushoukigyou_hojokin.html#%E5%95%86%E5%BA%97%E8%A1%97%E5%BA%97%E8%88%97%E6%95%B4%E5%82%99%E4%BA%8B%E6%A5%AD%E3%81%AB%E5%AF%BE%E3%81%99%E3%82%8B%E5%8A%A9%E6%88%90 | https://www.city.sunagawa.hokkaido.jp/sangyou/shoukou/files/tenposeibi2.pdf"
"68561","https://www.city.sunagawa.hokkaido.jp/sangyou/shoukou/files/tyusyoukigyoudaigakou.pdf","https://www.city.sunagawa.hokkaido.jp/sangyou/shoukou/2023-0425-1142-45.html | https://www.city.sunagawa.hokkaido.jp/sangyou/shoukou/files/tyusyoukigyoudaigakou.pdf"
"68560","https://www.city.sunagawa.hokkaido.jp/sangyou/shoukou/files/sougyoushien.pdf","https://www.city.sunagawa.hokkaido.jp/sangyou/shoukou/chuushoukigyou_hojokin.html#%E5%89%B5%E6%A5%AD%E8%80%85%E3%81%AE%E8%B2%A9%E8%B7%AF%E6%8B%A1%E5%A4%A7%E3%81%8A%E3%82%88%E3%81%B3%E5%A3%B2%E4%B8%8A%E6%8B%A1%E5%A4%A7%E4%BA%8B%E6%A5%AD%E3%81%AB%E5%AF%BE%E3%81%99%E3%82%8B%E5%8A%A9%E6%88%90 | https://www.city.sunagawa.hokkaido.jp/sangyou/shoukou/files/sougyoushien.pdf"
"68566","https://www.town.yakumo.lg.jp/soshiki/hoken/syougairekurie-syon.html","https://www.town.yakumo.lg.jp/soshiki/hoken/syougairekurie-syon.html"
"68583","https://www.town.showa.yamanashi.jp/soshiki/8/9459.html","https://www.town.showa.yamanashi.jp/soshiki/8/9459.html"
"68572","https://www.mhlw.go.jp/file/04-Houdouhappyou-10301000-Daijinkanboukaikeika-Kaikeika/isei.pdf","https://www.mhlw.go.jp/shinsai_jouhou/iryou.html | https://www.mhlw.go.jp/file/04-Houdouhappyou-10301000-Daijinkanboukaikeika-Kaikeika/isei.pdf"
"68596","https://www.town.nakanoto.ishikawa.jp/soshiki/kenkouhoken/3/2/6976.html","https://www.town.nakanoto.ishikawa.jp/soshiki/kenkouhoken/3/2/6976.html"
"68619","https://www.city.fujieda.shizuoka.jp/material/files/group/63/annai.pdf","https://www.city.fujieda.shizuoka.jp/bunka/bunka/BU012/1461644186773.html | https://www.city.fujieda.shizuoka.jp/material/files/group/63/annai.pdf"
"68598","https://www.vill.achi.lg.jp/site/jimotoseko/jyosetsuhojyo.html","https://www.vill.achi.lg.jp/site/jimotoseko/jyosetsuhojyo.html"
"68657","https://camel3.com/cms/files/camel/fsa/media/R5%E5%9C%B0%E5%9F%9F%E9%80%A3%E6%90%BA%E4%BA%8B%E6%A5%AD%E3%83%AA%E3%83%BC%E3%83%95%E3%83%AC%E3%83%83%E3%83%88.pdf","https://www.fs-airport.com/business/ | https://camel3.com/cms/files/camel/fsa/media/R5%E5%9C%B0%E5%9F%9F%E9%80%A3%E6%90%BA%E4%BA%8B%E6%A5%AD%E3%83%AA%E3%83%BC%E3%83%95%E3%83%AC%E3%83%83%E3%83%88.pdf"
"68673","https://www.city.nonoichi.lg.jp/soshiki/9/2825.html","https://www.city.nonoichi.lg.jp/soshiki/9/2825.html"
"68671","https://www.city.nonoichi.lg.jp/soshiki/9/2825.html","https://www.city.nonoichi.lg.jp/soshiki/9/2825.html"
"68680","https://www.city.nomi.ishikawa.jp/www/contents/1559716534365/simple/internship_chirashi2022.pdf","https://www.city.nomi.ishikawa.jp/www/contents/1559716534365/index.html | https://www.city.nomi.ishikawa.jp/www/contents/1559716534365/simple/internship_chirashi2022.pdf"
"68689","https://www.city.nomi.ishikawa.jp/www/contents/1001000000159/index.html","https://www.city.nomi.ishikawa.jp/www/contents/1001000000159/index.html"
"68687","https://www.city.nomi.ishikawa.jp/www/contents/1600333083677/index.html","https://www.city.nomi.ishikawa.jp/www/contents/1600333083677/index.html"
"68694","http://www.town.tohoku.lg.jp/chousei/info/file/info_yakuba_05-40-02.pdf","http://www.town.tohoku.lg.jp/chousei/info/info_yakuba_05-40.html | http://www.town.tohoku.lg.jp/chousei/info/file/info_yakuba_05-40-02.pdf"
"68714","https://www.city.chigasaki.kanagawa.jp/machidukuri/shidou/1008196.html","https://www.city.chigasaki.kanagawa.jp/machidukuri/shidou/1008196.html"
"68698","https://www.city.hakusan.lg.jp/machi/yuchi/1003079.html","https://www.city.hakusan.lg.jp/machi/yuchi/1003079.html"
"68719","https://www.city.noda.chiba.jp/jigyousha/shoureikin/1007429.html","https://www.city.noda.chiba.jp/jigyousha/shoureikin/1007429.html"
"68721","https://www.city.noda.chiba.jp/kurashi/fukushi/kourei/1010353/1010331.html","https://www.city.noda.chiba.jp/kurashi/fukushi/kourei/1010353/1010331.html"
"68725","https://www.city.sammu.lg.jp/page/page003568.html","https://www.city.sammu.lg.jp/page/page003568.html"
"68763","https://www.city.fujieda.shizuoka.jp/mokuteki/teate_josei/bousai/22790.html","https://www.city.fujieda.shizuoka.jp/mokuteki/teate_josei/bousai/22790.html"
"68766","https://www.city.fujieda.shizuoka.jp/mokuteki/teate_josei/bousai/22789.html","https://www.city.fujieda.shizuoka.jp/mokuteki/teate_josei/bousai/22789.html"
"68797","https://www.houki-town.jp/new1/10/6/2/1/6/","https://www.houki-town.jp/new1/10/6/2/1/6/"
"68801","https://www.houki-town.jp/new1/10/6/2/1/y167s164s135e092r52/","https://www.houki-town.jp/new1/10/6/2/1/y167s164s135e092r52/"
"68799","https://www.houki-town.jp/new1/10/6/2/1/7/","https://www.houki-town.jp/new1/10/6/2/1/7/"
"68800","https://www.houki-town.jp/new1/10/6/2/1/8/","https://www.houki-town.jp/new1/10/6/2/1/8/"
"68851","https://www.city.miyoshi.hiroshima.jp/soshiki/31/1531.html","https://www.city.miyoshi.hiroshima.jp/soshiki/31/1531.html"
"68847","https://www.city.miyoshi.hiroshima.jp/soshiki/31/1556.html","https://www.city.miyoshi.hiroshima.jp/soshiki/31/1556.html"
"68861","https://www.city.kameoka.kyoto.jp/soshiki/25/3247.html","https://www.city.kameoka.kyoto.jp/soshiki/25/3247.html"
"68863","https://www.city.kameoka.kyoto.jp/soshiki/30/3644.html","https://www.city.kameoka.kyoto.jp/soshiki/30/3644.html"
"68876","https://www.city.ofunato.iwate.jp/soshiki/suisan/18438.html","https://www.city.ofunato.iwate.jp/soshiki/suisan/18438.html"
"68867","https://www.town.sakae.chiba.jp/page/page004460.html","https://www.town.sakae.chiba.jp/page/page004460.html"
"68894","https://www.fuji-oyama.jp/kenkou_202209211801346_202303291611028.html","https://www.fuji-oyama.jp/kenkou_202209211801346_202303291611028.html"
"68913","https://www.pref.gifu.lg.jp/page/11819.html","https://www.pref.gifu.lg.jp/page/11819.html"
"68912","https://www.city.fukui-sakai.lg.jp/kankyou/kurashi/gomi/sodaigomi/shigen.html","https://www.city.fukui-sakai.lg.jp/kankyou/kurashi/gomi/sodaigomi/shigen.html"
"68915","https://www.town.misaki.okayama.jp/soshiki/sangyoukankou/15440.html","https://www.town.misaki.okayama.jp/soshiki/sangyoukankou/15440.html"
"68920","https://www.city.yame.fukuoka.jp/soshiki/5/6/1/9206.html","https://www.city.yame.fukuoka.jp/soshiki/5/6/1/9206.html"
"68922","https://www.soumu.go.jp/main_content/000761789.pdf","https://www.soumu.go.jp/main_sosiki/jichi_gyousei/c-gyousei/tokutei_chiiki-dukuri-jigyou.html | https://www.soumu.go.jp/main_content/000761789.pdf"
"68927","https://www.chusho.meti.go.jp/kinyu/2024/240315.html#:~:text=10","https://www.chusho.meti.go.jp/kinyu/2024/240315.html#:~:text=10"
"68942","https://www.city.kitaakita.akita.jp/archive/p12806","https://www.city.kitaakita.akita.jp/archive/p12806"
"68943","https://www.city.iwakuni.lg.jp/soshiki/42/13355.html","https://www.city.iwakuni.lg.jp/soshiki/42/13355.html"
"68944","https://www.city.iwakuni.lg.jp/soshiki/17/80924.html","https://www.city.iwakuni.lg.jp/soshiki/17/80924.html"
"68949","https://www.city.chiba.jp/hokenfukushi/koreishogai/korei/fukushiyusho_hojokin.html","https://www.city.chiba.jp/hokenfukushi/koreishogai/korei/fukushiyusho_hojokin.html"
"68954","https://www.town.higashiagatsuma.gunma.jp/www/contents/1630908749796/index.html","https://www.town.higashiagatsuma.gunma.jp/www/contents/1630908749796/index.html"
"68962","https://www.city.nishiwaki.lg.jp/kakukanogoannai/fukushibu/fukushisoumuka/news_guide/1557877198071.html","https://www.city.nishiwaki.lg.jp/kakukanogoannai/fukushibu/fukushisoumuka/news_guide/1557877198071.html"
"68957","https://www.city.kuroishi.aomori.jp/kenkou/kenketsu/","https://www.city.kuroishi.aomori.jp/kenkou/kenketsu/"
"68965","https://www.city.togane.chiba.jp/0000001397.html","https://www.city.togane.chiba.jp/0000001397.html"
"68968","https://www.vill.tokai.ibaraki.jp/soshikikarasagasu/somminseikatsubu/sonnminkatsudousien/jitikai/6508.html","https://www.vill.tokai.ibaraki.jp/soshikikarasagasu/somminseikatsubu/sonnminkatsudousien/jitikai/6508.html"
"68966","https://www.city.zama.kanagawa.jp/sangyo/chusho/shien/1003472.html","https://www.city.zama.kanagawa.jp/sangyo/chusho/shien/1003472.html"
"68969","https://www.city.nakano.nagano.jp/docs/2018080200119/","https://www.city.nakano.nagano.jp/docs/2018080200119/"
"68993","https://www.city.iida.lg.jp/soshiki/23/iidasi-minkan.html","https://www.city.iida.lg.jp/soshiki/23/iidasi-minkan.html"
"68995","https://www.city.ichinoseki.iwate.jp/index.cfm/6,143271,c,html/143271/20220125-142205.pdf","https://www.city.ichinoseki.iwate.jp/index.cfm/6,143271,91,6,html | https://www.city.ichinoseki.iwate.jp/index.cfm/6,143271,c,html/143271/20220125-142205.pdf"
"68994","https://www.city.ichinoseki.iwate.jp/index.cfm/29,155852,243,786,html","https://www.city.ichinoseki.iwate.jp/index.cfm/29,155852,243,786,html"
"68996","https://www.city.iida.lg.jp/soshiki/23/iidasi-minkan.html","https://www.city.iida.lg.jp/soshiki/23/iidasi-minkan.html"
"68997","https://www.city.ichinoseki.iwate.jp/index.cfm/7,64853,c,html/64853/20220324-163220.pdf","https://www.city.ichinoseki.iwate.jp/index.cfm/7,64853,91,6,html | https://www.city.ichinoseki.iwate.jp/index.cfm/7,64853,c,html/64853/20220324-163220.pdf"
"69004","https://www.town.iijima.lg.jp/soshikiichiran/sangyoshinkoka/shokokakari/zigyousyoukei_koyou/2766.html","https://www.town.iijima.lg.jp/soshikiichiran/sangyoshinkoka/shokokakari/zigyousyoukei_koyou/2766.html"
"69012","https://www.city.matsumoto.nagano.jp/uploaded/attachment/85364.pdf","https://www.city.matsumoto.nagano.jp/soshiki/224/70526.html | https://www.city.matsumoto.nagano.jp/uploaded/attachment/85364.pdf"
"69008","https://www.town.iijima.lg.jp/material/files/group/5/07971857.pdf","https://www.town.iijima.lg.jp/soshikiichiran/kenkofukushika/hokeniryokakari/iryo/197.html | https://www.town.iijima.lg.jp/material/files/group/5/07971857.pdf | https://www.town.iijima.lg.jp/cgi-bin/inquiry.php/4?page_no=197"
"69019","https://www.maff.go.jp/j/seisan/tokusan/attach/pdf/r5hosei_jizokutekihatasaku-8.pdf","https://www.maff.go.jp/j/seisan/tokusan/r5hosei_jizokutekihatasaku.html | https://www.maff.go.jp/j/seisan/tokusan/attach/pdf/r5hosei_jizokutekihatasaku-8.pdf"
"69029","https://www.city.kokubunji.tokyo.jp/kurashi/1011604/1011722/1020244.html","https://www.city.kokubunji.tokyo.jp/kurashi/1011604/1011722/1020244.html"
"69028","https://www.city.nerima.tokyo.jp/hokenfukushi/shogai/jigyo/320230413131638067.html","https://www.city.nerima.tokyo.jp/hokenfukushi/shogai/jigyo/320230413131638067.html"
"69037","https://www.city.matsudo.chiba.jp/matsudodeikiiki/jigyosha/jigyousya/kaigojinzai_setsumei.html","https://www.city.matsudo.chiba.jp/matsudodeikiiki/jigyosha/jigyousya/kaigojinzai_setsumei.html"
"69040","https://www.city.mobara.chiba.jp/cmsfiles/contents/0000007/7102/flyer.pdf","https://www.city.mobara.chiba.jp/0000007102.html#link-web | https://www.city.mobara.chiba.jp/cmsfiles/contents/0000007/7102/flyer.pdf"
"69049","https://www.city.tondabayashi.lg.jp/soshiki/24/2112.html","https://www.city.tondabayashi.lg.jp/soshiki/24/2112.html"
"69046","https://www.town.kyowa.hokkaido.jp/soshiki/sangyouka/news/files/tokusanhingaiyou3.pdf","https://www.town.kyowa.hokkaido.jp/business/?content=28 | https://www.town.kyowa.hokkaido.jp/soshiki/sangyouka/news/files/tokusanhingaiyou3.pdf"
"69050","https://www.maff.go.jp/j/saigai/attach/pdf/r6notojishin-71.pdf","https://www.maff.go.jp/j/saigai/r6notojishin.html#package | https://www.maff.go.jp/j/saigai/attach/pdf/r6notojishin-71.pdf | https://www.maff.go.jp/hokuriku/guide/soudan/notojishinR6.html | https://www.contactus.maff.go.jp/j/hokuriku/form/kikaku/notojishinR6.html | https://www.rinya.maff.go.jp/j/saigai/joho/06saigainoto.html | https://www.contactus.maff.go.jp/rinya/form/rinsei/inquiry_noto_rinya.html | https://www.jfa.maff.go.jp/j/gyosei/inquiry_suisan240105.html | https://www.contactus.maff.go.jp/jfa/form/gyosei/inquiry_suisan.html"
"69058","https://www.pref.mie.lg.jp/ZKENSET/HP/41193001780.htm","https://www.pref.mie.lg.jp/ZKENSET/HP/41193001780.htm"
"69057","https://www.town.yuza.yamagata.jp/industry/business/firm_location/495fckogyoyousui_hojo.html","https://www.town.yuza.yamagata.jp/industry/business/firm_location/495fckogyoyousui_hojo.html"
"69062","https://www.city.iwade.lg.jp/sangyo/files/denkisakuhozyo_tirashi.pdf","https://www.city.iwade.lg.jp/sangyo/tyouju-higai-taisaku.html | https://www.city.iwade.lg.jp/sangyo/files/denkisakuhozyo_tirashi.pdf"
"69081","https://www.city.kamakura.kanagawa.jp/sei-fukushi/06notohantoujisinshisaitiborantiakatudousien.html","https://www.city.kamakura.kanagawa.jp/sei-fukushi/06notohantoujisinshisaitiborantiakatudousien.html"
"69078","https://www.city.iiyama.nagano.jp/soshiki/nourin/nougyoushinkou/shienseido/keihan_kanri","https://www.city.iiyama.nagano.jp/soshiki/nourin/nougyoushinkou/shienseido/keihan_kanri"
"69085","https://kimotsuki-town.jp/material/files/group/52/eizousakuhinhojokingaiyou.pdf","https://kimotsuki-town.jp/soshiki/rinsuisyou/shokokanko/3/1/771.html | https://kimotsuki-town.jp/material/files/group/52/eizousakuhinhojokingaiyou.pdf"
"69090","https://www.city.chikuma.lg.jp/soshiki/kenkosuishin/iryo_kenko/1/956.html","https://www.city.chikuma.lg.jp/soshiki/kenkosuishin/iryo_kenko/1/956.html | https://www.city.chikuma.lg.jp/cgi-bin/inquiry.php/19?page_no=956"
"69095","https://www.pref.gifu.lg.jp/uploaded/attachment/381475.pdf","https://www.pref.gifu.lg.jp/page/340823.html | https://www.pref.gifu.lg.jp/uploaded/attachment/381475.pdf"
"69099","https://www.pref.gifu.lg.jp/page/342532.html","https://www.pref.gifu.lg.jp/page/342532.html"
"69120","https://www.e-hokuei.net/11543.htm","https://www.e-hokuei.net/11543.htm"
"69119","https://www.city.yaizu.lg.jp/g05-005/sanngyou/yaidusinairicchikoujyoutoujigyoukeizokukyoukajigyouhihojyokinn.html","https://www.city.yaizu.lg.jp/g05-005/sanngyou/yaidusinairicchikoujyoutoujigyoukeizokukyoukajigyouhihojyokinn.html"
"69130","https://www.pref.shimane.lg.jp/industry/norin/ringyo/mizumori/mizumori/syuraku.data/R6syuurakusyuuhentirasi.pdf","https://www.pref.shimane.lg.jp/industry/norin/ringyo/mizumori/mizumori/syuraku.html | https://www.pref.shimane.lg.jp/industry/norin/ringyo/mizumori/mizumori/syuraku.data/R6syuurakusyuuhentirasi.pdf"
"69135","https://www.maff.go.jp/j/nousin/kanri/tamen_siharai.html#h_755005275471706246158856","https://www.maff.go.jp/j/nousin/kanri/tamen_siharai.html#h_755005275471706246158856"
"69144","https://www.city.iruma.saitama.jp/soshiki/sogocleancenter/shinsei_dl/1269.html","https://www.city.iruma.saitama.jp/soshiki/sogocleancenter/shinsei_dl/1269.html"
"69148","https://www.pref.hokkaido.lg.jp/ks/skn/higuma/177006.html","https://www.pref.hokkaido.lg.jp/ks/skn/higuma/177006.html"
"69147","https://www.city.kure.lg.jp/soshiki/38/yugaityoujyu.html","https://www.city.kure.lg.jp/soshiki/38/yugaityoujyu.html"
"69155","https://www.city.nanao.lg.jp/sangyou-s/documents/tirashi.pdf","https://www.city.nanao.lg.jp/sangyou-s/bukkakoutoukyuuhukin.html | https://www.city.nanao.lg.jp/sangyou-s/documents/tirashi.pdf"
"69159","https://www.city.nagakute.lg.jp/soshiki/tiikikyouseisuisinnka/18028.html","https://www.city.nagakute.lg.jp/soshiki/tiikikyouseisuisinnka/18028.html"
"69196","https://www.city.urayasu.lg.jp/shisei/jigyosha/1007216/chusho/1005095.html","https://www.city.urayasu.lg.jp/shisei/jigyosha/1007216/chusho/1005095.html"
"69200","https://www.city.urayasu.lg.jp/shisei/jigyosha/1007216/chusho/1005089.html","https://www.city.urayasu.lg.jp/shisei/jigyosha/1007216/chusho/1005089.html"
"69202","https://www.teshiotown.hokkaido.jp/wp-content/uploads/2023/12/b13433d3e88fd556d743a86239f3529d.pdf","https://www.teshiotown.hokkaido.jp/?page_id=14604 | https://www.teshiotown.hokkaido.jp/wp-content/uploads/2023/12/b13433d3e88fd556d743a86239f3529d.pdf"
"69207","https://www.city.hekinan.lg.jp/furusato/17302.html","https://www.city.hekinan.lg.jp/furusato/17302.html"
"69218","https://www.city.hida.gifu.jp/uploaded/attachment/1203.pdf","https://www.city.hida.gifu.jp/soshiki/15/201.html | https://www.city.hida.gifu.jp/uploaded/attachment/1203.pdf"
"69219","https://www.vill.yamagata.nagano.jp/docs/1899.html","https://www.vill.yamagata.nagano.jp/docs/1899.html"
"69221","https://www.vill.yamagata.nagano.jp/docs/kajuenseibisokusin.html","https://www.vill.yamagata.nagano.jp/docs/kajuenseibisokusin.html"
"69220","https://www.vill.yamagata.nagano.jp/docs/nougyoukeieisyasien.html","https://www.vill.yamagata.nagano.jp/docs/nougyoukeieisyasien.html"
"69251","https://www.city.sado.niigata.jp/uploaded/attachment/37162.pdf","https://www.city.sado.niigata.jp/soshiki/2015/4053.html | https://www.city.sado.niigata.jp/uploaded/attachment/37162.pdf"
"69257","https://www.city.susono.shizuoka.jp/soshiki/2/4/2/970.html","https://www.city.susono.shizuoka.jp/soshiki/2/4/2/970.html"
"69260","https://www.city.susono.shizuoka.jp/soshiki/8/3/2/1/1992.html","https://www.city.susono.shizuoka.jp/soshiki/8/3/2/1/1992.html"
"69281","https://www.city.yotsukaido.chiba.jp/smph/kurashi/gomi/kateimuke/recycle/hojyokin.html","https://www.city.yotsukaido.chiba.jp/smph/kurashi/gomi/kateimuke/recycle/hojyokin.html"
"69285","https://www.city.matsudo.chiba.jp/jigyosya/syoukougyou/shinseihin-kaihatsu.html","https://www.city.matsudo.chiba.jp/jigyosya/syoukougyou/shinseihin-kaihatsu.html"
"69283","https://www.city.matsudo.chiba.jp/kenko_fukushi/shougaifukushi/oshirase/houdei_entyou.html","https://www.city.matsudo.chiba.jp/kenko_fukushi/shougaifukushi/oshirase/houdei_entyou.html"
"69286","https://www.town.tachiarai.fukuoka.jp/page/page_01627.html","https://www.town.tachiarai.fukuoka.jp/page/page_01627.html"
"69291","https://www.town.asahi.toyama.jp/soshiki/norinsuisan/hojyo/1449208969245.html","https://www.town.asahi.toyama.jp/soshiki/norinsuisan/hojyo/1449208969245.html"
"69292","https://www.town.asahi.toyama.jp/soshiki/norinsuisan/hojyo/1449208969245.html","https://www.town.asahi.toyama.jp/soshiki/norinsuisan/hojyo/1449208969245.html"
"69314","https://www.city.ichikikushikino.lg.jp/shokan1/insyokutensyuttenjigyou.html","https://www.city.ichikikushikino.lg.jp/shokan1/insyokutensyuttenjigyou.html"
"69294","https://www.city.awara.lg.jp/mokuteki/cityinfo/jichikai010/p001725.html","https://www.city.awara.lg.jp/mokuteki/cityinfo/jichikai010/p001725.html"
"69298","https://www.town.ohi.fukui.jp/1201/lifeevent05/p14064.html","https://www.town.ohi.fukui.jp/1201/lifeevent05/p14064.html"
"69338","https://www.city.toyota.aichi.jp/kurashi/sumai/bouhan/1002351.html","https://www.city.toyota.aichi.jp/kurashi/sumai/bouhan/1002351.html"