policy_id,primary_url,all_urls
"73496","https://www.city.hachimantai.lg.jp/soshiki/shokanka/22571.html","https://www.city.hachimantai.lg.jp/soshiki/shokanka/22571.html"
"73498","https://www.town.tokushima-mugi.lg.jp/docs/2024031300012/","https://www.town.tokushima-mugi.lg.jp/docs/2024031300012/"
"73501","https://kanazawa-hataraku.jp/employer/kinkyukoyo/notohanntou/?ref=employer","https://kanazawa-hataraku.jp/employer/kinkyukoyo/notohanntou/?ref=employer"
"73526","https://www.city.aisai.lg.jp/contents_detail.php?co=cat&frmId=16237&frmCd=3-23-0-0-0","https://www.city.aisai.lg.jp/contents_detail.php?co=cat&frmId=16237&frmCd=3-23-0-0-0"
"73528","https://www.city.kasugai.lg.jp/kurashi/1033189/chonaikai/1029693/1029777/1003693.html","https://www.city.kasugai.lg.jp/kurashi/1033189/chonaikai/1029693/1029777/1003693.html"
"73541","https://www.pref.gunma.jp/uploaded/life/641017_661462_misc.pdf","https://www.pref.gunma.jp/site/hojokin/638775.html | https://www.pref.gunma.jp/uploaded/life/641017_661462_misc.pdf"
"73560","https://www.town.kota.lg.jp/soshiki/13/20617.html","https://www.town.kota.lg.jp/soshiki/13/20617.html"
"73577","https://www.pref.saitama.lg.jp/documents/249240/01shine_jissiyouryou.pdf","https://www.pref.saitama.lg.jp/a0904/kajujigyou.html | https://www.pref.saitama.lg.jp/documents/249240/01shine_jissiyouryou.pdf"
"73572","https://www.town.nankan.lg.jp/sangyo/chiikishinko/3135.html","https://www.town.nankan.lg.jp/sangyo/chiikishinko/3135.html"
"73578","https://www.town.kihoku.ehime.jp/soshiki/kikaku/26840.html","https://www.town.kihoku.ehime.jp/soshiki/kikaku/26840.html"
"73585","https://www.city.yamaguchi.lg.jp/uploaded/attachment/94555.pdf","https://www.city.yamaguchi.lg.jp/soshiki/63/146844.html | https://www.city.yamaguchi.lg.jp/uploaded/attachment/94555.pdf"
"73583","https://www.vill.samegawa.fukushima.jp/page/page002772.html","https://www.vill.samegawa.fukushima.jp/page/page002772.html"
"73600","https://www.city.saga.lg.jp/main/97780.html","https://www.city.saga.lg.jp/main/97780.html"
"73613","https://www.odaitown.jp/sangyo_machizukuri/sangyoshinko/3/2447.html","https://www.odaitown.jp/sangyo_machizukuri/sangyoshinko/3/2447.html"
"73612","https://www.city.numata.gunma.jp/jigyosha/nourin/nougyou/1014146.html","https://www.city.numata.gunma.jp/jigyosha/nourin/nougyou/1014146.html"
"73634","https://www.city.makurazaki.lg.jp/soshiki/shimin/19751.html","https://www.city.makurazaki.lg.jp/soshiki/shimin/19751.html"
"73633","https://www.city.niimi.okayama.jp/business/business_detail/index/5941.html","https://www.city.niimi.okayama.jp/business/business_detail/index/5941.html"
"73639","https://www.city.inzai.lg.jp/0000009102.html","https://www.city.inzai.lg.jp/0000009102.html"
"73642","https://www.city.numata.gunma.jp/jigyosha/chusho/yushi/1014036.html","https://www.city.numata.gunma.jp/jigyosha/chusho/yushi/1014036.html"
"73644","https://www.city.sado.niigata.jp/soshiki/2019/59018.html","https://www.city.sado.niigata.jp/soshiki/2019/59018.html"
"73641","https://www.city.shibushi.lg.jp/soshiki/37/25380.html","https://www.city.shibushi.lg.jp/soshiki/37/25380.html"
"73647","https://www.maff.go.jp/j/kobetu_ninaite/n_seido/attach/pdf/R5_hosei-1.pdf","https://www.maff.go.jp/j/kobetu_ninaite/n_seido/R5_hosei.html | https://www.maff.go.jp/j/kobetu_ninaite/n_seido/attach/pdf/R5_hosei-1.pdf"
"73648","http://www.town.kagoshima-osaki.lg.jp/so_syouboukotsu/tikubousaikeikaku.html","http://www.town.kagoshima-osaki.lg.jp/so_syouboukotsu/tikubousaikeikaku.html"
"73654","http://www.e-hokuei.net/item/19075.htm#itemid19075","http://www.e-hokuei.net/item/19075.htm#itemid19075"
"73658","https://www.city.miyakonojo.miyazaki.jp/uploaded/attachment/34194.pdf","https://www.city.miyakonojo.miyazaki.jp/site/miyakonojo-pr/62649.html | https://www.city.miyakonojo.miyazaki.jp/uploaded/attachment/34194.pdf"
"73684","https://www.city.iwakuni.lg.jp/soshiki/40/62457.html","https://www.city.iwakuni.lg.jp/soshiki/40/62457.html | https://www.city.iwakuni.lg.jp/site/keikan-keikaku/2843.html | https://www.city.iwakuni.lg.jp/site/keikan-keikaku/2850.html | https://www.city.iwakuni.lg.jp/soshiki/40/94178.html"
"73678","http://www.city.ono.fukui.jp/sangyo/noringyo/josei/norin_drone-operator.html","http://www.city.ono.fukui.jp/sangyo/noringyo/josei/norin_drone-operator.html"
"73687","https://www.city.koshigaya.saitama.jp/anzen_anshin/bosai/jishin_sonae/jisyubouhozyo.html","https://www.city.koshigaya.saitama.jp/anzen_anshin/bosai/jishin_sonae/jisyubouhozyo.html"
"73691","https://www.city.iwakuni.lg.jp/soshiki/40/62457.html","https://www.city.iwakuni.lg.jp/soshiki/40/62457.html | https://www.city.iwakuni.lg.jp/site/keikan-keikaku/2843.html | https://www.city.iwakuni.lg.jp/site/keikan-keikaku/2850.html | https://www.city.iwakuni.lg.jp/soshiki/40/94178.html"
"73688","https://www.city.iwakuni.lg.jp/soshiki/40/62457.html","https://www.city.iwakuni.lg.jp/soshiki/40/62457.html | https://www.city.iwakuni.lg.jp/site/keikan-keikaku/2843.html | https://www.city.iwakuni.lg.jp/site/keikan-keikaku/2850.html | https://www.city.iwakuni.lg.jp/soshiki/40/94178.html"
"73713","https://www.city.minamisoma.lg.jp/material/files/group/21/9993.pdf","https://www.city.minamisoma.lg.jp/portal/sections/18/1810/18101/1/1/15236.html | https://www.city.minamisoma.lg.jp/material/files/group/21/9993.pdf"
"73707","https://www.city.iizuka.lg.jp/shobobosaianzen/sisuiban.html","https://www.city.iizuka.lg.jp/shobobosaianzen/sisuiban.html"
"73710","https://www.city.kurashiki.okayama.jp/24932.htm","https://www.city.kurashiki.okayama.jp/24932.htm"
"73717","https://www.city.hachioji.tokyo.jp/kurashi/hoken/007/001/001/p033630.html","https://www.city.hachioji.tokyo.jp/kurashi/hoken/007/001/001/p033630.html"
"73731","https://www.city.suwa.lg.jp/site/kougyou/4737.html","https://www.city.suwa.lg.jp/site/kougyou/4737.html"
"73725","https://www.town.umi.lg.jp/soshiki/60/48680.html","https://www.town.umi.lg.jp/soshiki/60/48680.html"
"73741","https://www.town.taiki.mie.jp/shigoto_sangyo/norinsui/nogyo/1067.html","https://www.town.taiki.mie.jp/shigoto_sangyo/norinsui/nogyo/1067.html"
"73743","https://www.city.yoshinogawa.lg.jp/docs/2024040100030/","https://www.city.yoshinogawa.lg.jp/docs/2024040100030/"
"73749","https://www.town.haboro.lg.jp/jigyousya/yushi-jyosei/2020-0521-1359-21.html","https://www.town.haboro.lg.jp/jigyousya/yushi-jyosei/2020-0521-1359-21.html"
"73775","https://www.jinsekigun.jp/town/3/4/c699/","https://www.jinsekigun.jp/town/3/4/c699/"
"73757","https://www.city.hatsukaichi.hiroshima.jp/uploaded/attachment/73632.pdf","https://www.city.hatsukaichi.hiroshima.jp/soshiki/36/109191.html | https://www.city.hatsukaichi.hiroshima.jp/uploaded/attachment/73632.pdf"
"73758","https://www.city.toyohashi.lg.jp/item/109221.htm#itemid109221","https://www.city.toyohashi.lg.jp/item/109221.htm#itemid109221"
"73785","https://www.city.hirakawa.lg.jp/kurashi/anzen/bousai/files/rifureto.pdf","https://www.city.hirakawa.lg.jp/kurashi/anzen/bousai/2024-0226-0914-15.html | https://www.city.hirakawa.lg.jp/kurashi/anzen/bousai/files/rifureto.pdf"
"73788","http://www.town.echizen.fukui.jp/kurashi/01/06/07/p005162.html","http://www.town.echizen.fukui.jp/kurashi/01/06/07/p005162.html"
"73787","https://www.city.seki.lg.jp/0000020794.html","https://www.city.seki.lg.jp/0000020794.html"
"73790","https://www.city.shimada.shizuoka.jp/fs/7/3/1/3/2/9/_/kuikizu.pdf","https://www.city.shimada.shizuoka.jp/gyosei-docs/23502110.html | https://www.city.shimada.shizuoka.jp/fs/7/3/1/3/2/9/_/kuikizu.pdf | https://www.city.shimada.shizuoka.jp/fs/8/8/8/5/0/9/_/r6-rinobe.pdf"
"73801","https://www.city.yashio.lg.jp/kurashi/sports_rec/yukari/syoreikin.html","https://www.city.yashio.lg.jp/kurashi/sports_rec/yukari/syoreikin.html"
"73793","https://www.city.mutsu.lg.jp/kurashi/iryou/kenketsu/bone-marrow-transplant-donor-support-subsidy.html","https://www.city.mutsu.lg.jp/kurashi/iryou/kenketsu/bone-marrow-transplant-donor-support-subsidy.html"
"73802","http://www.vill.tanohata.iwate.jp/docs/2024031300012/","http://www.vill.tanohata.iwate.jp/docs/2024031300012/"
"73814","https://www.town.hirono.fukushima.jp/kosodate/1003630/1004599.html","https://www.town.hirono.fukushima.jp/kosodate/1003630/1004599.html"
"73819","https://www.pref.shimane.lg.jp/admin/region/access/bus/shimane-koutujinzaikakuhoshien.html","https://www.pref.shimane.lg.jp/admin/region/access/bus/shimane-koutujinzaikakuhoshien.html"
"73851","https://www.city.miyazaki.miyazaki.jp/fs/8/1/3/9/2/9/_/813929.pdf","https://www.city.miyazaki.miyazaki.jp/business/welfare/long_term_care_insurance/205417.html | https://www.city.miyazaki.miyazaki.jp/fs/8/1/3/9/2/9/_/813929.pdf"
"73821","https://www.town.minamiaizu.lg.jp/official/soshikikarasagasu/shokokankoka/oshirase/2301.html","https://www.town.minamiaizu.lg.jp/official/soshikikarasagasu/shokokankoka/oshirase/2301.html"
"73853","https://www.city.nobeoka.miyazaki.jp/uploaded/attachment/15654.pdf","https://www.city.nobeoka.miyazaki.jp/soshiki/28/21906.html | https://www.city.nobeoka.miyazaki.jp/uploaded/attachment/15654.pdf"
"73856","https://www.city.nichinan.lg.jp/material/files/group/60/466c344277a4d2661b8080a8a0889c43.pdf","https://www.city.nichinan.lg.jp/soshikikarasagasu/chojuka/3/1426.html | https://www.city.nichinan.lg.jp/material/files/group/60/466c344277a4d2661b8080a8a0889c43.pdf"
"73860","https://www.city.kuwana.lg.jp/documents/10375/tirasi.pdf","https://www.city.kuwana.lg.jp/toshiseibi/20230710.html | https://www.city.kuwana.lg.jp/documents/10375/tirasi.pdf"
"73859","https://www.town.kijo.lg.jp/iryou_kenkou_hukusi/koureisyahukusi_kaigo/2315.html","https://www.town.kijo.lg.jp/iryou_kenkou_hukusi/koureisyahukusi_kaigo/2315.html"
"73865","https://www.city.gojo.lg.jp/jigyousha/jigyou_hojyokin/13013.html","https://www.city.gojo.lg.jp/jigyousha/jigyou_hojyokin/13013.html | https://www.city.gojo.lg.jp/cgi-bin/inquiry.php/16?page_no=13013"
"73871","http://www.town.yakushima.kagoshima.jp/business/hanrokakudaihojokin/","http://www.town.yakushima.kagoshima.jp/business/hanrokakudaihojokin/"
"73893","https://www.pref.ibaraki.jp/somu/shichoson/zaisei/joseiseido/r6.html","https://www.pref.ibaraki.jp/somu/shichoson/zaisei/joseiseido/r6.html"
"73897","https://www.city.minamisoma.lg.jp/portal/sections/18/1820/18703/24748.html","https://www.city.minamisoma.lg.jp/portal/sections/18/1820/18703/24748.html"
"73911","https://www.city.ichinoseki.iwate.jp/index.cfm/7,166308,106,html","https://www.city.ichinoseki.iwate.jp/index.cfm/7,166308,106,html"
"73899","https://www.city.miyazu.kyoto.jp/soshiki/3/10510.html","https://www.city.miyazu.kyoto.jp/soshiki/3/10510.html"
"73913","https://www.city.kazuno.lg.jp/soshiki/nouchirinmu/nouririnmu/gyomu/1/3/11600.html","https://www.city.kazuno.lg.jp/soshiki/nouchirinmu/nouririnmu/gyomu/1/3/11600.html"
"73917","https://www.town.kahoku.yamagata.jp/material/files/group/10/shuchi.pdf","https://www.town.kahoku.yamagata.jp/soshiki/shoko/tiikisangyou/3277/5195.html | https://www.town.kahoku.yamagata.jp/material/files/group/10/shuchi.pdf | https://www.town.kahoku.yamagata.jp/material/files/group/10/taisho.pdf"
"73926","https://www.city.tambasasayama.lg.jp/soshikikarasagasu/sozoutoshika/tambasasayamasozokakari/public_transportation/25009.html","https://www.city.tambasasayama.lg.jp/soshikikarasagasu/sozoutoshika/tambasasayamasozokakari/public_transportation/25009.html"
"73930","https://www.city.tambasasayama.lg.jp/material/files/group/1/R6hojyokin.pdf","https://www.city.tambasasayama.lg.jp/soshikikarasagasu/burandosenryakuka/brndsenryakujigyou/24801.html | https://www.city.tambasasayama.lg.jp/material/files/group/1/R6hojyokin.pdf"
"73938","https://www.vill.takagi.lg.jp/doc/2024040100016/file_contents/takagimuranekotirasi.pdf","https://www.vill.takagi.lg.jp/doc/2024040100016/ | https://www.vill.takagi.lg.jp/doc/2024040100016/file_contents/takagimuranekotirasi.pdf"
"73935","https://www.city.tambasasayama.lg.jp/material/files/group/69/Environmentstartbycollaborationsubsidy_flyer.pdf","https://www.city.tambasasayama.lg.jp/soshikikarasagasu/nomiyakokankyoka/envpolicy/partnership/20929.html | https://www.city.tambasasayama.lg.jp/material/files/group/69/Environmentstartbycollaborationsubsidy_flyer.pdf"
"73947","https://www.city.tondabayashi.lg.jp/uploaded/attachment/97489.pdf","https://www.city.tondabayashi.lg.jp/soshiki/36/105334.html | https://www.city.tondabayashi.lg.jp/uploaded/attachment/97489.pdf"
"73954","https://www.city.settsu.osaka.jp/soshiki/hokenfukushibu/hokenfukushika/23915.html","https://www.city.settsu.osaka.jp/soshiki/hokenfukushibu/hokenfukushika/23915.html"
"73955","https://www.city.tambasasayama.lg.jp/soshikikarasagasu/shimineiseika/21147.html","https://www.city.tambasasayama.lg.jp/soshikikarasagasu/shimineiseika/21147.html"
"73959","https://www.city.tambasasayama.lg.jp/soshikikarasagasu/shimineiseika/21142.html","https://www.city.tambasasayama.lg.jp/soshikikarasagasu/shimineiseika/21142.html"
"73960","http://www.town.oyodo.lg.jp/contents_detail.php?frmId=1593","http://www.town.oyodo.lg.jp/contents_detail.php?frmId=1593"
"73961","https://www.city.tambasasayama.lg.jp/soshikikarasagasu/shokokankoka/senryaku/13371.html","https://www.city.tambasasayama.lg.jp/soshikikarasagasu/shokokankoka/senryaku/13371.html"
"73964","https://www.city.kobayashi.lg.jp/material/files/group/7/R6gennkitoegao.pdf","https://www.city.kobayashi.lg.jp/soshikikarasagasu/sogoseisakubuchihososeika/hojokin_joseikin/8311.html | https://www.city.kobayashi.lg.jp/material/files/group/7/R6gennkitoegao.pdf"
"73969","https://www.city.kanonji.kagawa.jp/soshiki/16/54899.html","https://www.city.kanonji.kagawa.jp/soshiki/16/54899.html"
"73971","https://www.town.itano.tokushima.jp/docs/2024022700012/","https://www.town.itano.tokushima.jp/docs/2024022700012/"
"73972","https://www.city.nagato.yamaguchi.jp/soshiki/4/31059.html","https://www.city.nagato.yamaguchi.jp/soshiki/4/31059.html"
"73982","https://www.city.hatsukaichi.hiroshima.jp/uploaded/attachment/73612.pdf","https://www.city.hatsukaichi.hiroshima.jp/soshiki/36/109189.html | https://www.city.hatsukaichi.hiroshima.jp/uploaded/attachment/73612.pdf"
"73978","https://www.city-yanai.jp/site/bousai/jisyubousaihojokin.html","https://www.city-yanai.jp/site/bousai/jisyubousaihojokin.html"
"73990","https://www.city.masuda.lg.jp/material/files/group/25/bariafureechirashi.pdf","https://www.city.masuda.lg.jp/soshikikarasagasu/fukushikankyobu/shogaishafukushika/4/9333.html | https://www.city.masuda.lg.jp/material/files/group/25/bariafureechirashi.pdf"
"73995","https://www.city.ichikikushikino.lg.jp/kodomo1/kodomonoibasyodukurisuishinnzigyouhozyokinn.html","https://www.city.ichikikushikino.lg.jp/kodomo1/kodomonoibasyodukurisuishinnzigyouhozyokinn.html"
"73999","https://www.city.fujimino.saitama.jp/soshikiichiran/sangyoshinkoka/shokoroseikakari/zigyousyanokatahe/13356.html","https://www.city.fujimino.saitama.jp/soshikiichiran/sangyoshinkoka/shokoroseikakari/zigyousyanokatahe/13356.html"
"74001","https://www.city.fujieda.shizuoka.jp/soshiki/kenkofukushi/chiikihokatsu/oshirase/yarakkajigyou.html","https://www.city.fujieda.shizuoka.jp/soshiki/kenkofukushi/chiikihokatsu/oshirase/yarakkajigyou.html"
"74004","https://www.city.fukuyama.hiroshima.jp/soshiki/shiminseikatsu/279925.html","https://www.city.fukuyama.hiroshima.jp/soshiki/shiminseikatsu/279925.html"
"74005","https://www.town.shimosuwa.lg.jp/www/contents/1710465664813/simple/shimosuwa_zerocarbonhozyo_tirashi.pdf","https://www.town.shimosuwa.lg.jp/www/contents/1710465664813/index.html | https://www.town.shimosuwa.lg.jp/www/contents/1710465664813/simple/shimosuwa_zerocarbonhozyo_tirashi.pdf"
"74006","https://www.city.iwakuni.lg.jp/soshiki/22/93779.html","https://www.city.iwakuni.lg.jp/soshiki/22/93779.html"
"74008","https://www.city.joetsu.niigata.jp/soshiki/sangyou/wlb-risihokyuu.html","https://www.city.joetsu.niigata.jp/soshiki/sangyou/wlb-risihokyuu.html"
"74009","https://www.city.arida.lg.jp/kurashi/bosai/1004736.html","https://www.city.arida.lg.jp/kurashi/bosai/1004736.html"
"74026","https://www.city.kiryu.lg.jp/_res/projects/default_project/_page_/001/023/861/chirashi_gundai.pdf","https://www.city.kiryu.lg.jp/sangyou/1018120/hojo/1023861.html | https://www.city.kiryu.lg.jp/_res/projects/default_project/_page_/001/023/861/chirashi_gundai.pdf"
"74035","https://www.city.daisen.lg.jp/docs/2024032800016/","https://www.city.daisen.lg.jp/docs/2024032800016/"
"74028","https://www.city.saito.lg.jp/kenko_kyoiku/post_1286.html","https://www.city.saito.lg.jp/kenko_kyoiku/post_1286.html"
"74045","https://www.city.nichinan.lg.jp/soshikikarasagasu/kenkozoshinka/1/1440.html","https://www.city.nichinan.lg.jp/soshikikarasagasu/kenkozoshinka/1/1440.html"
"74048","https://www.city.ichikikushikino.lg.jp/kodomo1/hoikushitousyuusyokusiennhozyokinn.html","https://www.city.ichikikushikino.lg.jp/kodomo1/hoikushitousyuusyokusiennhozyokinn.html"
"74065","https://www.city.suwa.lg.jp/site/kougyou/4740.html","https://www.city.suwa.lg.jp/site/kougyou/4740.html"
"74067","https://www.city.kurume.fukuoka.jp/1090sangyou/2050yuuchi/3020yuuguuseido/files/New_callcenter.pdf","https://www.city.kurume.fukuoka.jp/1090sangyou/2050yuuchi/3020yuuguuseido/2015-0416-1038-187.html | https://www.city.kurume.fukuoka.jp/1090sangyou/2050yuuchi/3020yuuguuseido/files/New_callcenter.pdf"
"74082","https://www.town.higashiizu.shizuoka.jp/bg/life/ent/3530.html","https://www.town.higashiizu.shizuoka.jp/bg/life/ent/3530.html"
"74068","https://www.city.suwa.lg.jp/site/kougyou/4743.html","https://www.city.suwa.lg.jp/site/kougyou/4743.html"
"74083","https://www.city.sukagawa.fukushima.jp/shigoto_sangyo/chushinshigaichhi/1011478/1015923.html","https://www.city.sukagawa.fukushima.jp/shigoto_sangyo/chushinshigaichhi/1011478/1015923.html"
"74093","https://www.city.usa.oita.jp/sougo/soshiki/13/shinko/3/18782.html","https://www.city.usa.oita.jp/sougo/soshiki/13/shinko/3/18782.html"
"74095","https://www.city.kounosu.saitama.jp/uploaded/attachment/1782.pdf","https://www.city.kounosu.saitama.jp/page/1478.html | https://www.city.kounosu.saitama.jp/uploaded/attachment/1782.pdf"
"74099","https://www.city.sennan.lg.jp/material/files/group/14/akitenpotouchirashi.pdf","https://www.city.sennan.lg.jp/shisei/matidukuri/syoukou_syurou/1458795196760.html | https://www.city.sennan.lg.jp/material/files/group/14/akitenpotouchirashi.pdf"
"74100","https://www.city.tanabe.lg.jp/shoukou/files/chuushinshigaichikuiki2.pdf","https://www.city.tanabe.lg.jp/shoukou/sougyousienn.html | https://www.city.tanabe.lg.jp/shoukou/files/chuushinshigaichikuiki2.pdf | https://www.city.tanabe.lg.jp/shoukou/files/20240401sougyou_chirashi2.pdf"
"74103","https://www.town.kushimoto.wakayama.jp/sangyo/sangyou/hosyouryou-menjo-hojokin.html","https://www.town.kushimoto.wakayama.jp/sangyo/sangyou/hosyouryou-menjo-hojokin.html"
"74106","https://www.city.sennan.lg.jp/kakuka/shiminseikatu/sangyoushinkou/shokorodokakari/town/crowdfundinggatafurusatonouzei/8621.html","https://www.city.sennan.lg.jp/kakuka/shiminseikatu/sangyoushinkou/shokorodokakari/town/crowdfundinggatafurusatonouzei/8621.html"
"74121","https://www.city.kyotango.lg.jp/top/soshiki/shiminkankyo/seikatsukankyo/3/2/20192.html","https://www.city.kyotango.lg.jp/top/soshiki/shiminkankyo/seikatsukankyo/3/2/20192.html"
"74116","http://www.e-hokuei.net/item/19296.htm#itemid19296","http://www.e-hokuei.net/item/19296.htm#itemid19296"
"74155","https://www.pref.kyoto.jp/chikusan/documents/2024kouchiku_chirashi.pdf","https://www.pref.kyoto.jp/chikusan/2024kouchikukaizen.html | https://www.pref.kyoto.jp/chikusan/documents/2024kouchiku_chirashi.pdf"
"74207","https://www.city.saga.lg.jp/site_files/file/2024/202404/p1hrnalrab9g6fnmi28tk1ths4.pdf","https://www.city.saga.lg.jp/main/98146.html | https://www.city.saga.lg.jp/site_files/file/2024/202404/p1hrnalrab9g6fnmi28tk1ths4.pdf"
"74210","https://www.city.katsushika.lg.jp/business/1000011/1000069/1005251/1035308.html","https://www.city.katsushika.lg.jp/business/1000011/1000069/1005251/1035308.html"
"74232","https://www.pref.fukui.lg.jp/doc/kenkou/gantaisaku/syokuikigannkennsin.html","https://www.pref.fukui.lg.jp/doc/kenkou/gantaisaku/syokuikigannkennsin.html"
"74228","https://www.city.usa.oita.jp/sougo/kurashi_tetsuzuki/gomi_kankyo_dobutsu_eisei/16946.html","https://www.city.usa.oita.jp/sougo/kurashi_tetsuzuki/gomi_kankyo_dobutsu_eisei/16946.html"
"74216","https://www.city.murakami.lg.jp/site/koureisya-fukushi/keirouiwai-hojyo.html","https://www.city.murakami.lg.jp/site/koureisya-fukushi/keirouiwai-hojyo.html"
"74234","https://www.town.furubira.lg.jp/construction/detail.php?id=343","https://www.town.furubira.lg.jp/construction/detail.php?id=343"
"74240","https://www.city.tsuru.yamanashi.jp/soshiki/chiikikankyou/chiikishinkou_t/2/1/1034.html","https://www.city.tsuru.yamanashi.jp/soshiki/chiikikankyou/chiikishinkou_t/2/1/1034.html"
"74249","https://www.city.toyota.aichi.jp/kurashi/nougyou/taisaku/1003924.html","https://www.city.toyota.aichi.jp/kurashi/nougyou/taisaku/1003924.html"
"74276","https://town.kotake.lg.jp/hpkiji/pub/detail.aspx?c_id=3&type=top&id=192","https://town.kotake.lg.jp/hpkiji/pub/detail.aspx?c_id=3&type=top&id=192"
"74306","https://www.town.hirono.fukushima.jp/kankousports/bunka/1001589/1004601.html","https://www.town.hirono.fukushima.jp/kankousports/bunka/1001589/1004601.html"
"74305","http://www.e-rumoi.jp//keizai/page17_00288.html","http://www.e-rumoi.jp//keizai/page17_00288.html | https://www.e-rumoi.jp//keizai/page17_00288.html"
"74326","https://www.pref.fukushima.lg.jp/sec/32021d/syougyoukannkyoudukuri.html","https://www.pref.fukushima.lg.jp/sec/32021d/syougyoukannkyoudukuri.html"
"74314","https://www.town.kihoku.ehime.jp/soshiki/kankyou/21121.html","https://www.town.kihoku.ehime.jp/soshiki/kankyou/21121.html"
"74324","https://www.samukawa-eg.jp/sienjyouhou-2/","https://www.samukawa-eg.jp/sienjyouhou-2/"
"74333","https://www.city.yasugi.shimane.jp/news/kankyou/kankyou_sintyaku.html","https://www.city.yasugi.shimane.jp/news/kankyou/kankyou_sintyaku.html"
"74338","http://www.town.ohi.fukui.jp/1001/1202/86/p24218.html","http://www.town.ohi.fukui.jp/1001/1202/86/p24218.html"
"74331","http://www.town.china.lg.jp/houkatsu/kurasu/fukushi-kaigo/koresha/shiencenter/salon.html","http://www.town.china.lg.jp/houkatsu/kurasu/fukushi-kaigo/koresha/shiencenter/salon.html"
"74341","https://www.city.minamisatsuma.lg.jp/business/docs/1pamphlet20240403yuugaichoujyuuboushi.pdf","https://www.city.minamisatsuma.lg.jp/business/shigoto-sangyo/chikusangyo/e029537.html | https://www.city.minamisatsuma.lg.jp/business/docs/1pamphlet20240403yuugaichoujyuuboushi.pdf"
"74339","http://www.town.ohi.fukui.jp/1001/1202/86/p12715.html","http://www.town.ohi.fukui.jp/1001/1202/86/p12715.html"
"74343","https://www.vill.takagi.lg.jp/doc/2024041200029/file_contents/kanmuri.pdf","https://www.vill.takagi.lg.jp/doc/2024041200029/ | https://www.vill.takagi.lg.jp/doc/2024041200029/file_contents/kanmuri.pdf"
"74346","https://www.city.iiyama.nagano.jp/soshiki/nourin/rinmu/50694/55426","https://www.city.iiyama.nagano.jp/soshiki/nourin/rinmu/50694/55426"
"74349","https://www.town.oe.yamagata.jp/files/original/202404160920468854cba5232.pdf","https://www.town.oe.yamagata.jp/news/257 | https://www.town.oe.yamagata.jp/files/original/202404160920468854cba5232.pdf"
"74351","https://www.town.kanegasaki.iwate.jp/articles/2024041700024/","https://www.town.kanegasaki.iwate.jp/articles/2024041700024/"
"74362","https://www.pref.miyazaki.lg.jp/kodomo-seisaku/kyoikukosodate/kodomo/20240402092706.html","https://www.pref.miyazaki.lg.jp/kodomo-seisaku/kyoikukosodate/kodomo/20240402092706.html"
"74365","https://www.city.uwajima.ehime.jp/uploaded/life/101105_388883_misc.pdf","https://www.city.uwajima.ehime.jp/soshiki/23/suisangyokasseika.html | https://www.city.uwajima.ehime.jp/uploaded/life/101105_388883_misc.pdf"
"74367","https://www.vill.nakagawa.nagano.jp/soshiki/shinkou/9757.html","https://www.vill.nakagawa.nagano.jp/soshiki/shinkou/9757.html"
"74374","https://www.city.uonuma.lg.jp/site/nouseika/1021008.html","https://www.city.uonuma.lg.jp/site/nouseika/1021008.html"
"74375","https://www.city.hamada.shimane.jp/www/contents/1615528799723/index.html","https://www.city.hamada.shimane.jp/www/contents/1615528799723/index.html"
"74391","https://www.city.nagakute.lg.jp/soshiki/kensetsubu/suishinka/greenhojyokin/21828.html","https://www.city.nagakute.lg.jp/soshiki/kensetsubu/suishinka/greenhojyokin/21828.html"
"74394","https://www.town.taiki.mie.jp/shigoto_sangyo/norinsui/nogyo/1063.html","https://www.town.taiki.mie.jp/shigoto_sangyo/norinsui/nogyo/1063.html"
"74403","https://www.city.azumino.nagano.jp/soshiki/29/45806.html","https://www.city.azumino.nagano.jp/soshiki/29/45806.html"
"74406","https://www.pref.fukushima.lg.jp/uploaded/attachment/574934.pdf","https://www.pref.fukushima.lg.jp/sec/32011c/kigyounaihoikusho.html | https://www.pref.fukushima.lg.jp/uploaded/attachment/574934.pdf"
"74409","https://www.city.suwa.lg.jp/site/bousai/63495.html","https://www.city.suwa.lg.jp/site/bousai/63495.html"
"74425","https://www.city.minamiawaji.hyogo.jp/soshiki/shoukou/syatakukaisyu.html","https://www.city.minamiawaji.hyogo.jp/soshiki/shoukou/syatakukaisyu.html"
"74427","https://www.town.nagomi.lg.jp/soshiki/machidukuri/nourin/3_4526/","https://www.town.nagomi.lg.jp/soshiki/machidukuri/nourin/3_4526/"
"74440","https://town.iwate.iwate.jp/town/life/iwatemachi-dona-shien/","https://town.iwate.iwate.jp/town/life/iwatemachi-dona-shien/"
"74449","https://www.city.amakusa.kumamoto.jp/kiji0039157/index.html","https://www.city.amakusa.kumamoto.jp/kiji0039157/index.html"
"74444","https://www.city.odawara.kanagawa.jp/field/envi/saiene/consideration/p36025.html","https://www.city.odawara.kanagawa.jp/field/envi/saiene/consideration/p36025.html"
"74452","https://www.city.hamada.shimane.jp/www/contents/1713400516622/index.html","https://www.city.hamada.shimane.jp/www/contents/1713400516622/index.html"
"74460","https://www.pref.gunma.jp/uploaded/attachment/55897.pdf","https://www.pref.gunma.jp/page/9879.html | https://www.pref.gunma.jp/uploaded/attachment/55897.pdf"
"74455","https://www.pref.gunma.jp/uploaded/attachment/625187.pdf","https://www.pref.gunma.jp/site/hojokin/639723.html | https://www.pref.gunma.jp/uploaded/attachment/625187.pdf"
"74466","https://www.city.uonuma.lg.jp/page/2229.html","https://www.city.uonuma.lg.jp/page/2229.html"
"74519","https://www.town.anamizu.lg.jp/kankou/anamizumiraidukuri.html","https://www.town.anamizu.lg.jp/kankou/anamizumiraidukuri.html"
"74533","https://www.e-rumoi.jp/syougaigakusyu/syo_00023.html","https://www.e-rumoi.jp/syougaigakusyu/syo_00023.html"
"74552","https://www.town.ogano.lg.jp/kurashi-tetsuzuki/sumai-sien/mirainotamenitochiuroucampaign/","https://www.town.ogano.lg.jp/kurashi-tetsuzuki/sumai-sien/mirainotamenitochiuroucampaign/"
"74611","https://www.city.kyoto.lg.jp/sankan/page/0000325292.html","https://www.city.kyoto.lg.jp/sankan/page/0000325292.html"
"74610","https://www.city.kyoto.lg.jp/sankan/page/0000325292.html","https://www.city.kyoto.lg.jp/sankan/page/0000325292.html"
"74661","https://www.town.sera.hiroshima.jp/soshiki/9/12304.html","https://www.town.sera.hiroshima.jp/soshiki/9/12304.html"
"74641","https://www.pref.aomori.lg.jp//soshiki/sangyo/chikikigyo/files/r6hojokinnchirashi.pdf","http://www.pref.aomori.lg.jp//soshiki/sangyo/chikikigyo/R2shoutengai-kouryuujinkoukakudai-hojokin.html?ref=rss | https://www.pref.aomori.lg.jp//soshiki/sangyo/chikikigyo/files/r6hojokinnchirashi.pdf"
"74612","https://www.city.kyoto.lg.jp/sankan/page/0000325292.html","https://www.city.kyoto.lg.jp/sankan/page/0000325292.html"
"74667","http://www.uken.net/kouhoutoukei/kurashi/sumai/kikakuteiannga20240422.html","http://www.uken.net/kouhoutoukei/kurashi/sumai/kikakuteiannga20240422.html"
"74671","https://www.city.fukushima.fukushima.jp/nougyou-kikaku/shigoto/noringyo/norinshinko/documents/tirashi.pdf","https://www.city.fukushima.fukushima.jp/nougyou-kikaku/shigoto/noringyo/norinshinko/datsutansosetsubi.html | https://www.city.fukushima.fukushima.jp/nougyou-kikaku/shigoto/noringyo/norinshinko/documents/tirashi.pdf"
"74673","https://kanazawa-hataraku.jp/employer/kankyouseibi/?ref=employer","https://kanazawa-hataraku.jp/employer/kankyouseibi/?ref=employer"
"74686","https://www.city.sado.niigata.jp/uploaded/attachment/44439.pdf","https://www.city.sado.niigata.jp/soshiki/2015/59352.html | https://www.city.sado.niigata.jp/uploaded/attachment/44439.pdf"
"74697","https://www.pref.chiba.lg.jp/shippei/kansenshou/kyouteihozyokinn.html","https://www.pref.chiba.lg.jp/shippei/kansenshou/kyouteihozyokinn.html"
"74687","https://www.city.yatsushiro.lg.jp/kiji00321899/3_21899_120255_up_0sxd1xam.pdf","https://www.city.yatsushiro.lg.jp/kiji00321899/index.html | https://www.city.yatsushiro.lg.jp/kiji00321899/3_21899_120255_up_0sxd1xam.pdf"
"74705","https://www.city.kawanishi.hyogo.jp/business/nouringyo/1004145/1016503.html","https://www.city.kawanishi.hyogo.jp/business/nouringyo/1004145/1016503.html"
"74720","https://www.city.fujieda.shizuoka.jp/soshiki/kodomomirai/jido/boshu/23217.html","https://www.city.fujieda.shizuoka.jp/soshiki/kodomomirai/jido/boshu/23217.html"
"74709","https://www.city.toshima.lg.jp/503/ikea/2404221517.html","https://www.city.toshima.lg.jp/503/ikea/2404221517.html"
"74721","https://www.city.higashiomi.shiga.jp/0000017366.html","https://www.city.higashiomi.shiga.jp/0000017366.html"
"74727","https://minato-sansin.com/sangyozaisan/","https://minato-sansin.com/sangyozaisan/"
"74725","https://www.city.ube.yamaguchi.jp/shisei/kouhou/kishahappyou/1008059/1021486/1021900.html","https://www.city.ube.yamaguchi.jp/shisei/kouhou/kishahappyou/1008059/1021486/1021900.html"
"74759","https://vill.higashinaruse.lg.jp/villager/village_government/jigyousya/post-1040/","https://vill.higashinaruse.lg.jp/villager/village_government/jigyousya/post-1040/"
"74753","https://www.city.uwajima.ehime.jp/uploaded/attachment/54828.pdf","https://www.city.uwajima.ehime.jp/soshiki/23/gyogyoikuseikyoka.html | https://www.city.uwajima.ehime.jp/uploaded/attachment/54828.pdf"
"74738","https://minato-sansin.com/hozyo_syokei/","https://minato-sansin.com/hozyo_syokei/"
"74763","https://www.city.sabae.fukui.jp/kanko_sangyo/sangyo/noringyoshinko/seido/NoSeisaku0120240423.html","https://www.city.sabae.fukui.jp/kanko_sangyo/sangyo/noringyoshinko/seido/NoSeisaku0120240423.html"
"74767","https://www.city.nishio.aichi.jp/kenkofukushi/kaigohoken/1009716/1009722.html","https://www.city.nishio.aichi.jp/kenkofukushi/kaigohoken/1009716/1009722.html"
"74774","https://www.pref.yamaguchi.lg.jp/soshiki/47/241248.html","https://www.pref.yamaguchi.lg.jp/soshiki/47/241248.html"
"74782","https://www.city.fukushima.fukushima.jp/material/files/group/25/zigyounonagare.pdf","https://www.city.fukushima.fukushima.jp/shigoto-sangyo/nogyo/3/8733.html | https://www.city.fukushima.fukushima.jp/material/files/group/25/zigyounonagare.pdf"
"74821","https://www.city.maibara.lg.jp/soshiki/keizai_kankyo/kensetsu/19583.html","https://www.city.maibara.lg.jp/soshiki/keizai_kankyo/kensetsu/19583.html"
"74818","https://www.city.fujisawa.kanagawa.jp/indus1/shigoto/shokogyo/sogyo/ikuseshisetsu.html","https://www.city.fujisawa.kanagawa.jp/indus1/shigoto/shokogyo/sogyo/ikuseshisetsu.html"
"74822","https://www.town.tochigi-nakagawa.lg.jp/life/kurashi/files/kankyougakusyutirasi_R6.pdf","http://www.town.tochigi-nakagawa.lg.jp/life/kurashi/2014-0425-0922-23.html | https://www.town.tochigi-nakagawa.lg.jp/life/kurashi/files/kankyougakusyutirasi_R6.pdf"
"74826","https://www.city.maibara.lg.jp/soshiki/seisaku/bosai/bousai/3942.html","https://www.city.maibara.lg.jp/soshiki/seisaku/bosai/bousai/3942.html"
"74823","https://www.city.fujisawa.kanagawa.jp/kankyo-j/kurashi/shigenkyouryokukin.html","https://www.city.fujisawa.kanagawa.jp/kankyo-j/kurashi/shigenkyouryokukin.html"
"74842","https://www.city.shiojiri.lg.jp/comment/40982.html","https://www.city.shiojiri.lg.jp/comment/40982.html"
"74840","https://www.mlit.go.jp/toshi/content/001735611.pdf","https://www.pref.ibaraki.jp/doboku/toshikei/shigai/toshikozo.html | https://www.mlit.go.jp/toshi/content/001735611.pdf"
"74836","https://www.city.maibara.lg.jp/material/files/group/11/R3_otyanoma_gaiyou.pdf","https://www.city.maibara.lg.jp/soshiki/kenko_fukushi/kurashi/tiiki_fukushi/12290.html | https://www.city.maibara.lg.jp/material/files/group/11/R3_otyanoma_gaiyou.pdf"
"74857","https://www.hiezu.jp/list/sougouseisaku/z126/a173","https://www.hiezu.jp/list/sougouseisaku/z126/a173"
"74860","https://www.hiezu.jp/list/sougouseisaku/z126/u132","https://www.hiezu.jp/list/sougouseisaku/z126/u132"
"74867","https://www.city.kyotango.lg.jp/top/iryo_kenko_fukushi/fukushi/3/jyoseihojyo/16895.html","https://www.city.kyotango.lg.jp/top/iryo_kenko_fukushi/fukushi/3/jyoseihojyo/16895.html"
"74869","https://www.city.kameoka.kyoto.jp/soshiki/13/61822.html","https://www.city.kameoka.kyoto.jp/soshiki/13/61822.html"
"74880","https://www.pref.kochi.lg.jp/doc/2024040900098/file_contents/file_2024424317229_1.pdf","https://www.pref.kochi.lg.jp/doc/2024040900098/ | https://www.pref.kochi.lg.jp/doc/2024040900098/file_contents/file_2024424317229_1.pdf"
"74879","https://www.city.sabae.fukui.jp/kanko_sangyo/sangyo/noringyoshinko/seido/NoSeisaku01202404233.html","https://www.city.sabae.fukui.jp/kanko_sangyo/sangyo/noringyoshinko/seido/NoSeisaku01202404233.html"
"74883","https://www.city.murakami.lg.jp/uploaded/attachment/63964.pdf","https://www.city.murakami.lg.jp/soshiki/123/m-shinrinseibi-2.html | https://www.city.murakami.lg.jp/uploaded/attachment/63964.pdf"
"74884","http://www.vill.sekikawa.niigata.jp/life/3289/3290/48c2d7c0ac3c/index.html","http://www.vill.sekikawa.niigata.jp/life/3289/3290/48c2d7c0ac3c/index.html"
"74886","https://www.city.odate.lg.jp/city/handbook/handbook4/p11016/p10986","https://www.city.odate.lg.jp/city/handbook/handbook4/p11016/p10986"
"74896","https://town.matsuda.kanagawa.jp/soshiki/9/bear-spray.html","https://town.matsuda.kanagawa.jp/soshiki/9/bear-spray.html"
"74897","https://www.city.ofunato.iwate.jp/soshiki/nourin/18968.html","https://www.city.ofunato.iwate.jp/soshiki/nourin/18968.html"
"74899","https://www.city.nagoya.jp/jutakutoshi/page/0000172546.html","https://www.city.nagoya.jp/jutakutoshi/page/0000172546.html"
"74902","https://www.city.hakusan.lg.jp/_res/projects/default_project/_page_/001/012/318/nekohojotirashi-2.pdf","https://www.city.hakusan.lg.jp/seikatsu/kankyo/1001753/1012318.html | https://www.city.hakusan.lg.jp/_res/projects/default_project/_page_/001/012/318/nekohojotirashi-2.pdf"
"74915","https://www.city.shimada.shizuoka.jp/fs/7/3/1/3/3/4/_/rinyukuikizu.pdf","https://www.city.shimada.shizuoka.jp/gyosei-docs/150221331.html | https://www.city.shimada.shizuoka.jp/fs/7/3/1/3/3/4/_/rinyukuikizu.pdf | https://www.city.shimada.shizuoka.jp/fs/7/3/1/3/3/3/_/chirashi.pdf"
"74914","https://www.town.kijo.lg.jp/sosikikarasagasu/tiikiseisakuka/6/2450.html","https://www.town.kijo.lg.jp/sosikikarasagasu/tiikiseisakuka/6/2450.html"
"74922","https://www.city.usa.oita.jp/sougo/soshiki/10/sogoseisaku/1/high_school/usamiraiasist/21071.html","https://www.city.usa.oita.jp/sougo/soshiki/10/sogoseisaku/1/high_school/usamiraiasist/21071.html"
"74916","https://www.city.nanto.toyama.jp/cms-sypher/www/service/detail.jsp?id=27326","https://www.city.nanto.toyama.jp/cms-sypher/www/service/detail.jsp?id=27326"
"74919","https://www.city.niigata.lg.jp/business/norinsuisan/nouringyo/rongyo/minkanmokuzousien.html","https://www.city.niigata.lg.jp/business/norinsuisan/nouringyo/rongyo/minkanmokuzousien.html"
"74924","https://www.city.minamisoma.lg.jp/material/files/group/21/7893.pdf","https://www.city.minamisoma.lg.jp/portal/sections/18/1810/18101/1_1/999/25609.html | https://www.city.minamisoma.lg.jp/material/files/group/21/7893.pdf"
"74930","https://www.city.oyabe.toyama.jp/sangyobusiness/1002809/1002810/1006281.html","https://www.city.oyabe.toyama.jp/sangyobusiness/1002809/1002810/1006281.html"
"74928","https://www.city.oyabe.toyama.jp/sangyobusiness/1002809/1002810/1006291.html","https://www.city.oyabe.toyama.jp/sangyobusiness/1002809/1002810/1006291.html"
"74941","https://www.city.sanyo-onoda.lg.jp/uploaded/attachment/62715.pdf","https://www.city.sanyo-onoda.lg.jp/soshiki/23/akitenpo-renewal.html | https://www.city.sanyo-onoda.lg.jp/uploaded/attachment/62715.pdf"
"74940","https://www.town.kijo.lg.jp/sosikikarasagasu/kyouikuiinkai_kyouikuka/5/2419.html","https://www.town.kijo.lg.jp/sosikikarasagasu/kyouikuiinkai_kyouikuka/5/2419.html"
"74945","https://www.city.koriyama.lg.jp/soshiki/121/108980.html","https://www.city.koriyama.lg.jp/soshiki/121/108980.html"
"74950","https://www.city.asahikawa.hokkaido.jp/kurashi/401/ka01/ka002/d065823_d/fil/pamphlet.pdf","https://www.city.asahikawa.hokkaido.jp/kurashi/401/ka01/ka002/d065823.html | https://www.city.asahikawa.hokkaido.jp/kurashi/401/ka01/ka002/d065823_d/fil/pamphlet.pdf"
"74962","https://www.city.maibara.lg.jp/soshiki/keizai_kankyo/shoko_kanko/ijyu/20928.html","https://www.city.maibara.lg.jp/soshiki/keizai_kankyo/shoko_kanko/ijyu/20928.html"
"74963","https://www.city.kobe.lg.jp/a92777/kyousethu.html","https://www.city.kobe.lg.jp/a92777/kyousethu.html"
"74978","https://www.odaitown.jp/sangyo_machizukuri/sangyoshinko/3/889.html","https://www.odaitown.jp/sangyo_machizukuri/sangyoshinko/3/889.html"
"74998","https://web.pref.hyogo.lg.jp/kf27/r5byousyoutenkan.html","https://web.pref.hyogo.lg.jp/kf27/r5byousyoutenkan.html"
"74993","https://www.city.wajima.ishikawa.jp/article/2024042200059/","https://www.city.wajima.ishikawa.jp/article/2024042200059/"
"75032","https://www.city.fuji.shizuoka.jp/sangyo/0313/f1e5990000008rgs-att/f1e599000000905h.pdf","https://www.city.fuji.shizuoka.jp/sangyo/0313/freehojo.html | https://www.city.fuji.shizuoka.jp/sangyo/0313/f1e5990000008rgs-att/f1e599000000905h.pdf"
"75021","https://www.city.mitaka.lg.jp/c_service/108/attached/attach_108040_2.pdf","https://www.city.mitaka.lg.jp/c_service/108/108040.html | https://www.city.mitaka.lg.jp/c_service/108/attached/attach_108040_2.pdf"
"75038","http://www.town.eiheiji.lg.jp/200/206/1002/p003015.html","http://www.town.eiheiji.lg.jp/200/206/1002/p003015.html"
"75046","https://www.city.moriyama.lg.jp/_res/projects/default_project/_page_/001/002/495/sannkaihojyo.pdf","https://www.city.moriyama.lg.jp/kenkoufukushi/kenkouiryou/1002466/1002495.html | https://www.city.moriyama.lg.jp/_res/projects/default_project/_page_/001/002/495/sannkaihojyo.pdf"
"75052","https://www.city.minamisoma.lg.jp/material/files/group/23/1.pdf","https://www.city.minamisoma.lg.jp/portal/sections/16/1620/16203/1/1957.html | https://www.city.minamisoma.lg.jp/material/files/group/23/1.pdf"
"75067","https://www.techno-media.net6.or.jp/techno/enterprise/enterprise03.php#content02","https://www.techno-media.net6.or.jp/techno/enterprise/enterprise03.php#content02"
"75078","https://www.city.kitami.lg.jp/common/img/content/content_20240422_131937.pdf","https://www.city.kitami.lg.jp/administration/work/detail.php?content=12445 | https://www.city.kitami.lg.jp/common/img/content/content_20240422_131937.pdf"
"75069","https://www.techno-media.net6.or.jp/techno/enterprise/enterprise03.php#content03","https://www.techno-media.net6.or.jp/techno/enterprise/enterprise03.php#content03"
"75079","https://www.pref.fukui.lg.jp/doc/rousei/kigyoushien/spotworker_d/fil/chirashi_R6_4.pdf","https://www.pref.fukui.lg.jp/doc/rousei/kigyoushien/spotworker.html | https://www.pref.fukui.lg.jp/doc/rousei/kigyoushien/spotworker_d/fil/chirashi_R6_4.pdf"
"75094","https://www.town.kamijima.lg.jp/soshiki/norin-suisan/24238.html","https://www.town.kamijima.lg.jp/soshiki/norin-suisan/24238.html"
"75112","https://www.city.takashima.lg.jp/shigoto_sangyo/sangyoshinko_shien_josei_yushi/2/10648.html","https://www.city.takashima.lg.jp/shigoto_sangyo/sangyoshinko_shien_josei_yushi/2/10648.html"
"75096","http://www.town.tokigawa.lg.jp/info/3029","http://www.town.tokigawa.lg.jp/info/3029"
"75127","https://www.town.tadaoka.osaka.jp/soshiki/jichi_bosai/1/11/4414.html","https://www.town.tadaoka.osaka.jp/soshiki/jichi_bosai/1/11/4414.html"
"75139","https://www.tomiya-city.miyagi.jp/information/2025/04/f1dfe08c2189e771d1b5fc196dae47b6081c574f.html","https://www.tomiya-city.miyagi.jp/information/2025/04/f1dfe08c2189e771d1b5fc196dae47b6081c574f.html"
"75128","https://www.town.shika.lg.jp/s/kankou/roudousya_syouhisya/shikamachi_nariwai.html","https://www.town.shika.lg.jp/s/kankou/roudousya_syouhisya/shikamachi_nariwai.html"
"75155","https://www.city.yatomi.lg.jp/_res/projects/default_project/_page_/001/005/995/chirashi.pdf","https://www.city.yatomi.lg.jp/jigyo/1000835/1005995.html | https://www.city.yatomi.lg.jp/_res/projects/default_project/_page_/001/005/995/chirashi.pdf"
"75141","https://www.city.chuo.lg.jp/documents/15727/chirasi.pdf","https://www.city.chuo.lg.jp/a0023/kenkouiryou/shougaishafukushi/jigyousha/houdeihojo.html | https://www.city.chuo.lg.jp/documents/15727/chirasi.pdf"
"75145","https://www.city.iida.lg.jp/soshiki/14/kensyusien20304.html","https://www.city.iida.lg.jp/soshiki/14/kensyusien20304.html"
"75160","https://www.city.kaizu.lg.jp/kurashi/0000003166.html","https://www.city.kaizu.lg.jp/kurashi/0000003166.html"
"75175","https://www.city.tajimi.lg.jp/kurashi/kaihatsu/taishinka/jose.html","https://www.city.tajimi.lg.jp/kurashi/kaihatsu/taishinka/jose.html"
"75165","https://www.pref.shiga.lg.jp/file/attachment/5468932.pdf","https://www.pref.shiga.lg.jp/ippan/shigotosangyou/kougyou/337611.html | https://www.pref.shiga.lg.jp/file/attachment/5468932.pdf"
"75182","https://www.pref.yamanashi.jp/documents/115276/hozyokinannai.pdf","https://www.pref.yamanashi.jp/seichosangyo/hojokin/iryokikikanrensagyo.html | https://www.pref.yamanashi.jp/documents/115276/hozyokinannai.pdf"
"75183","https://www.pref.yamanashi.jp/documents/115276/hozyokinannai.pdf","https://www.pref.yamanashi.jp/seichosangyo/hojokin/iryokikikanrensagyo.html | https://www.pref.yamanashi.jp/documents/115276/hozyokinannai.pdf"
"75184","https://www.pref.yamanashi.jp/documents/115276/hozyokinannai.pdf","https://www.pref.yamanashi.jp/seichosangyo/hojokin/iryokikikanrensagyo.html | https://www.pref.yamanashi.jp/documents/115276/hozyokinannai.pdf"
"75207","https://www.town.hokkaido-mori.lg.jp/docs/2024043000047/files/bunka.pdf","https://www.town.hokkaido-mori.lg.jp/docs/2024043000047/ | https://www.town.hokkaido-mori.lg.jp/docs/2024043000047/files/bunka.pdf"
"75230","https://www.city.maibara.lg.jp/soshiki/keizai_kankyo/rinmu/19642.html","https://www.city.maibara.lg.jp/soshiki/keizai_kankyo/rinmu/19642.html"
"75226","https://www.city.maibara.lg.jp/soshiki/chikishinko/mai_tiiki/chiikisin/jichikai/16275.html","https://www.city.maibara.lg.jp/soshiki/chikishinko/mai_tiiki/chiikisin/jichikai/16275.html"
"75243","https://www.city.maibara.lg.jp/sangyo/nogyo/nouhyo/8063.html","https://www.city.maibara.lg.jp/sangyo/nogyo/nouhyo/8063.html | https://www.city.maibara.lg.jp/cgi-bin/inquiry.php/25?page_no=8063"
"75263","https://www.city.tahara.aichi.jp/seisaku/1010835/1004853/1010927.html","https://www.city.tahara.aichi.jp/seisaku/1010835/1004853/1010927.html"
"75267","https://www.sazacho-nagasaki.jp/kiji0035326/3_5326_7275_up_mzqdaicr.pdf","https://www.sazacho-nagasaki.jp/kiji0035326/index.html | https://www.sazacho-nagasaki.jp/kiji0035326/3_5326_7275_up_mzqdaicr.pdf"
"75271","https://www.city.saiki.oita.jp/kiji0038090/index.html","https://www.city.saiki.oita.jp/kiji0038090/index.html"
"75273","https://www.city.beppu.oita.jp/doc/sangyou/sangyousinkou/sonota/chitekizaisan/gaiyou.pdf","https://www.city.beppu.oita.jp/sangyou/sangyousinkou/sonota/chitekizaisan.html | https://www.city.beppu.oita.jp/doc/sangyou/sangyousinkou/sonota/chitekizaisan/gaiyou.pdf"
"75272","https://www.city.fukuroi.shizuoka.jp/soshiki/11/dantaijoho/12457.html","https://www.city.fukuroi.shizuoka.jp/soshiki/11/dantaijoho/12457.html"
"75291","https://www.city.kaizuka.lg.jp/kakuka/sogoseisaku/sangyo/topics/sinnkisienn.html","https://www.city.kaizuka.lg.jp/kakuka/sogoseisaku/sangyo/topics/sinnkisienn.html"
"75294","https://www.city.saga.lg.jp/main/98464.html","https://www.city.saga.lg.jp/main/98464.html"
"75296","https://www.town.kumiyama.lg.jp/0000005690.html","https://www.town.kumiyama.lg.jp/0000005690.html"
"75297","https://www.city.ueda.nagano.jp/soshiki/ttiiki/94743.html","https://www.city.ueda.nagano.jp/soshiki/ttiiki/94743.html"
"75311","https://www.rausu-town.jp/pages/view/557/confirm","https://www.rausu-town.jp/pages/view/557/confirm"
"75302","https://www.town.kawakita.ishikawa.jp/gyosei1/soumu/entry-1242.html","https://www.town.kawakita.ishikawa.jp/gyosei1/soumu/entry-1242.html"
"75316","https://www.city.imari.lg.jp/secure/32038/%E5%88%B6%E5%BA%A6%E5%91%A8%E7%9F%A5%E3%83%81%E3%83%A9%E3%82%B7.pdf","https://www.city.imari.lg.jp/item/32038.htm#itemid32038 | https://www.city.imari.lg.jp/secure/32038/%E5%88%B6%E5%BA%A6%E5%91%A8%E7%9F%A5%E3%83%81%E3%83%A9%E3%82%B7.pdf"
"75317","https://www.town.happo.lg.jp/archive/p20240418135356","https://www.town.happo.lg.jp/archive/p20240418135356"
"75318","https://www.town.happo.lg.jp/archive/p20240418135112","https://www.town.happo.lg.jp/archive/p20240418135112"
"75356","https://www.city.koto.lg.jp/102020/sangyoshigoto/chusho/hojokin/66611.html","https://www.city.koto.lg.jp/102020/sangyoshigoto/chusho/hojokin/66611.html"
"75319","https://www.city.okaya.lg.jp/material/files/group/24/sougyou_gaido.pdf","https://www.city.okaya.lg.jp/technoplazaokaya/kogyoshinkoshisaku/sougyoujigyoushoukeijigyou/kigyousougyouwosiennsimasu/18270.html | https://www.city.okaya.lg.jp/material/files/group/24/sougyou_gaido.pdf"
"75334","https://www.city.naruto.tokushima.jp/_files/00560832/sogeisharyokatsuyohojokin_leaflet.pdf","https://www.city.naruto.tokushima.jp/kurashi/sumai/kotsu/bus/sogeisharyokatsuyohojokin.html | https://www.city.naruto.tokushima.jp/_files/00560832/sogeisharyokatsuyohojokin_leaflet.pdf"
"75389","https://www1.city.obama.fukui.jp/kanko-bunka/p006525.html","https://www1.city.obama.fukui.jp/kanko-bunka/p006525.html"
"75390","https://www.pref.shizuoka.jp/sangyoshigoto/kigyoshien/energy/1047457/1055278.html","https://www.pref.shizuoka.jp/sangyoshigoto/kigyoshien/energy/1047457/1055278.html"
"75379","https://www.chibashi-sangyo.or.jp/enterprise/kyoka-sosyutu/hanro/taigai/","https://www.chibashi-sangyo.or.jp/enterprise/kyoka-sosyutu/hanro/taigai/"
"75401","https://www.city.chuo.yamanashi.jp/soshiki/sangyou/nouseitantou/12672.html","https://www.city.chuo.yamanashi.jp/soshiki/sangyou/nouseitantou/12672.html"
"75403","https://www.city.shijonawate.lg.jp/soshiki/14/48750.html","https://www.city.shijonawate.lg.jp/soshiki/14/48750.html"
"75406","https://www.town.karumai.iwate.jp/article/.assets/%E8%BB%BD%E7%B1%B3%E7%94%BA%E8%A6%AA%E5%85%83%E5%B0%B1%E8%BE%B2%E7%B5%A6%E4%BB%98%E9%87%91%E4%BA%8B%E6%A5%AD%E3%83%91%E3%83%B3%E3%83%95.pdf","https://www.town.karumai.iwate.jp/article/gyosei/kakukaoshirase/oshirase-sangyoshinkou/entry-basename-43.html | https://www.town.karumai.iwate.jp/article/.assets/%E8%BB%BD%E7%B1%B3%E7%94%BA%E8%A6%AA%E5%85%83%E5%B0%B1%E8%BE%B2%E7%B5%A6%E4%BB%98%E9%87%91%E4%BA%8B%E6%A5%AD%E3%83%91%E3%83%B3%E3%83%95.pdf"
"75419","https://shougaisya-support.jp/bounty/","https://shougaisya-support.jp/bounty/"
"75422","https://www.pref.kanagawa.jp/documents/26123/industrialpark.pdf","https://www.pref.kanagawa.jp/docs/pw3/cnt/f531752/index.html | https://www.pref.kanagawa.jp/documents/26123/industrialpark.pdf"
"75428","https://www.city.kosai.shizuoka.jp/soshikiichiran/kankyoka/gyomuannai/hojokinkankei/14401.html","https://www.city.kosai.shizuoka.jp/soshikiichiran/kankyoka/gyomuannai/hojokinkankei/14401.html"
"75430","https://www.city.yonago.lg.jp/item/54299.htm#itemid54299","https://www.city.yonago.lg.jp/item/54299.htm#itemid54299"
"75445","https://www.city.akune.lg.jp/kurashi_tetsuzuki/gomi_kankyo/5005.html","https://www.city.akune.lg.jp/kurashi_tetsuzuki/gomi_kankyo/5005.html"
"75458","https://www.city.shiojiri.lg.jp/soshiki/26/40871.html","https://www.city.shiojiri.lg.jp/soshiki/26/40871.html"
"75460","https://www.city.iiyama.nagano.jp/assets/files/kikikanri/oshirase/jyosetuki/sinseihouhou.pdf","https://www.city.iiyama.nagano.jp/soshiki/kikikanribousai/bousaisyoubou/information/jyosetukihojyo | https://www.city.iiyama.nagano.jp/assets/files/kikikanri/oshirase/jyosetuki/sinseihouhou.pdf"
"75492","https://www.city.minami-alps.yamanashi.jp/docs/3357.html","https://www.city.minami-alps.yamanashi.jp/docs/3357.html"
"75475","https://www.pref.gunma.jp/uploaded/attachment/626372.pdf","https://www.pref.gunma.jp/site/hojokin/643955.html | https://www.pref.gunma.jp/uploaded/attachment/626372.pdf"
"75507","https://www.city.etajima.hiroshima.jp/cms/files/uploads/gannbarisuto_kigyou.pdf","https://www.city.etajima.hiroshima.jp/cms/articles/show/5351 | https://www.city.etajima.hiroshima.jp/cms/files/uploads/gannbarisuto_kigyou.pdf | https://www.city.etajima.hiroshima.jp/cms/files/uploads/gannbarisuto_tyarennjii.pdf"
"75506","https://www.city.aioi.lg.jp/soshiki/norinsuisan/tyoujuhigaibousitaisaku.html","https://www.city.aioi.lg.jp/soshiki/norinsuisan/tyoujuhigaibousitaisaku.html | https://www.city.aioi.lg.jp/form/detail.php?sec_sec1=17&inq=02&check"
"75516","https://www.city.asahikawa.hokkaido.jp/kurashi/452/459/460/d079599.html","https://www.city.asahikawa.hokkaido.jp/kurashi/452/459/460/d079599.html"
"75526","https://www.city.yonago.lg.jp/secure/24723/tipssigotonotanedukuri.pdf","https://www.city.yonago.lg.jp/item/24723.htm | https://www.city.yonago.lg.jp/secure/24723/tipssigotonotanedukuri.pdf"
"75517","https://www.town.yuza.yamagata.jp/ou/kikaku/teiju/akiyasaiseitiikikasseika.html","https://www.town.yuza.yamagata.jp/ou/kikaku/teiju/akiyasaiseitiikikasseika.html"
"75543","https://www.city.arakawa.tokyo.jp/documents/36477/chirasi.pdf","https://www.city.arakawa.tokyo.jp/a021/jigyousha/jigyouunei/hpsakusei.html | https://www.city.arakawa.tokyo.jp/documents/36477/chirasi.pdf"
"75551","https://www.city.kagoshima.lg.jp/kei-seisaku/sangyo/shokogyo/kekaku/documents/kunitirasi.pdf","https://www.city.kagoshima.lg.jp/kei-seisaku/sangyo/shokogyo/kekaku/tokubetsusochi.html | https://www.city.kagoshima.lg.jp/kei-seisaku/sangyo/shokogyo/kekaku/documents/kunitirasi.pdf | https://www.city.kagoshima.lg.jp/kei-seisaku/sangyo/shokogyo/kekaku/documents/satumahanntoubann.pdf"
"75562","https://www.city.tottori.lg.jp/www/contents/1713831610815/index.html","https://www.city.tottori.lg.jp/www/contents/1713831610815/index.html"
"75554","https://www.city.asago.hyogo.jp/uploaded/attachment/11408.pdf","https://www.city.asago.hyogo.jp/soshiki/8/2241.html | https://www.city.asago.hyogo.jp/uploaded/attachment/11408.pdf"
"75589","https://www.pref.kochi.lg.jp/doc/tosa-noki-annnai/","https://www.pref.kochi.lg.jp/doc/tosa-noki-annnai/"
"75587","https://www.town.asahi.yamagata.jp/portal/soshikinogoannai/kyoikubunkaka/shogaigakushugakari/1/5811.html","https://www.town.asahi.yamagata.jp/portal/soshikinogoannai/kyoikubunkaka/shogaigakushugakari/1/5811.html"
"75592","https://www.city.sayama.saitama.jp/kurashi/jinken/danjo/2024jyoseikin.html","https://www.city.sayama.saitama.jp/kurashi/jinken/danjo/2024jyoseikin.html"
"75610","https://www.rinya.maff.go.jp/j/seibi/zourinkikaku/attach/pdf/shinrinseibi_aramashi-39.pdf","https://www.rinya.maff.go.jp/j/seibi/zourinkikaku/shinrinseibi_aramashi.html | https://www.rinya.maff.go.jp/j/seibi/zourinkikaku/attach/pdf/shinrinseibi_aramashi-39.pdf | https://www.rinya.maff.go.jp/j/seibi/zourinkikaku/attach/pdf/shinrinseibi_aramashi-47.pdf"
"75594","https://www.pref.gifu.lg.jp/page/362747.html","https://www.pref.gifu.lg.jp/page/362747.html"
"75613","https://www.rinya.maff.go.jp/j/seibi/zourinkikaku/attach/pdf/shinrinseibi_aramashi-39.pdf","https://www.rinya.maff.go.jp/j/seibi/zourinkikaku/shinrinseibi_aramashi.html | https://www.rinya.maff.go.jp/j/seibi/zourinkikaku/attach/pdf/shinrinseibi_aramashi-39.pdf | https://www.rinya.maff.go.jp/j/seibi/zourinkikaku/attach/pdf/shinrinseibi_aramashi-47.pdf"
"75617","https://www.rinya.maff.go.jp/j/seibi/zourinkikaku/attach/pdf/shinrinseibi_aramashi-39.pdf","https://www.rinya.maff.go.jp/j/seibi/zourinkikaku/shinrinseibi_aramashi.html | https://www.rinya.maff.go.jp/j/seibi/zourinkikaku/attach/pdf/shinrinseibi_aramashi-39.pdf | https://www.rinya.maff.go.jp/j/seibi/zourinkikaku/attach/pdf/shinrinseibi_aramashi-47.pdf"
"75618","https://www.rinya.maff.go.jp/j/seibi/zourinkikaku/attach/pdf/shinrinseibi_aramashi-39.pdf","https://www.rinya.maff.go.jp/j/seibi/zourinkikaku/shinrinseibi_aramashi.html | https://www.rinya.maff.go.jp/j/seibi/zourinkikaku/attach/pdf/shinrinseibi_aramashi-39.pdf | https://www.rinya.maff.go.jp/j/seibi/zourinkikaku/attach/pdf/shinrinseibi_aramashi-47.pdf"
"75620","https://www.rinya.maff.go.jp/j/seibi/zourinkikaku/attach/pdf/shinrinseibi_aramashi-39.pdf","https://www.rinya.maff.go.jp/j/seibi/zourinkikaku/shinrinseibi_aramashi.html | https://www.rinya.maff.go.jp/j/seibi/zourinkikaku/attach/pdf/shinrinseibi_aramashi-39.pdf | https://www.rinya.maff.go.jp/j/seibi/zourinkikaku/attach/pdf/shinrinseibi_aramashi-47.pdf"
"75623","https://www.rinya.maff.go.jp/j/seibi/zourinkikaku/attach/pdf/shinrinseibi_aramashi-39.pdf","https://www.rinya.maff.go.jp/j/seibi/zourinkikaku/shinrinseibi_aramashi.html | https://www.rinya.maff.go.jp/j/seibi/zourinkikaku/attach/pdf/shinrinseibi_aramashi-39.pdf | https://www.rinya.maff.go.jp/j/seibi/zourinkikaku/attach/pdf/shinrinseibi_aramashi-48.pdf"
"75629","https://www.city.musashino.lg.jp/kurashi_tetsuzuki/shigoto_sangyo/shoko/1005802.html","https://www.city.musashino.lg.jp/kurashi_tetsuzuki/shigoto_sangyo/shoko/1005802.html"
"75624","https://www.rinya.maff.go.jp/j/seibi/zourinkikaku/attach/pdf/shinrinseibi_aramashi-39.pdf","https://www.rinya.maff.go.jp/j/seibi/zourinkikaku/shinrinseibi_aramashi.html | https://www.rinya.maff.go.jp/j/seibi/zourinkikaku/attach/pdf/shinrinseibi_aramashi-39.pdf | https://www.rinya.maff.go.jp/j/seibi/zourinkikaku/attach/pdf/shinrinseibi_aramashi-48.pdf"
"75633","https://www.city.uwajima.ehime.jp/soshiki/32/hozyokin.html","https://www.city.uwajima.ehime.jp/soshiki/32/hozyokin.html"
"75667","https://www.city.yokkaichi.lg.jp/www/contents/1714551959729/files/R6shiori.pdf","https://www.city.yokkaichi.lg.jp/www/contents/1714551959729/index.html | https://www.city.yokkaichi.lg.jp/www/contents/1714551959729/files/R6shiori.pdf"
"75669","https://www.city.yokkaichi.lg.jp/www/contents/1714551959729/files/R6shiori.pdf","https://www.city.yokkaichi.lg.jp/www/contents/1714551959729/index.html | https://www.city.yokkaichi.lg.jp/www/contents/1714551959729/files/R6shiori.pdf"
"75683","https://www.city.kasaoka.okayama.jp/uploaded/attachment/47010.pdf","https://www.city.kasaoka.okayama.jp/site/yugaichouju/2171.html | https://www.city.kasaoka.okayama.jp/uploaded/attachment/47010.pdf"
"75682","https://www.city.fukuyama.hiroshima.jp/soshiki/jutaku/328636.html","https://www.city.fukuyama.hiroshima.jp/soshiki/jutaku/328636.html"
"75684","https://www.city.aioi.lg.jp/soshiki/norinsuisan/tyoujuhigaibousitaisaku.html","https://www.city.aioi.lg.jp/soshiki/norinsuisan/tyoujuhigaibousitaisaku.html | https://www.city.aioi.lg.jp/form/detail.php?sec_sec1=17&inq=02&check"
"75685","https://www.city.yokkaichi.lg.jp/www/contents/1714551959729/files/R6shiori.pdf","https://www.city.yokkaichi.lg.jp/www/contents/1714551959729/index.html | https://www.city.yokkaichi.lg.jp/www/contents/1714551959729/files/R6shiori.pdf"
"75689","https://www.city.yoshinogawa.lg.jp/docs/2024041700024/","https://www.city.yoshinogawa.lg.jp/docs/2024041700024/"
"75688","https://www.city.yokkaichi.lg.jp/www/contents/1714551959729/files/R6shiori.pdf","https://www.city.yokkaichi.lg.jp/www/contents/1714551959729/index.html | https://www.city.yokkaichi.lg.jp/www/contents/1714551959729/files/R6shiori.pdf"
"75690","https://www.city.yokkaichi.lg.jp/www/contents/1714551959729/files/R6shiori.pdf","https://www.city.yokkaichi.lg.jp/www/contents/1714551959729/index.html | https://www.city.yokkaichi.lg.jp/www/contents/1714551959729/files/R6shiori.pdf"
"75694","https://www.city.yokkaichi.lg.jp/www/contents/1714551959729/files/R6shiori.pdf","https://www.city.yokkaichi.lg.jp/www/contents/1714551959729/index.html | https://www.city.yokkaichi.lg.jp/www/contents/1714551959729/files/R6shiori.pdf"
"75700","https://www.city.yokkaichi.lg.jp/www/contents/1714551959729/files/R6shiori.pdf","https://www.city.yokkaichi.lg.jp/www/contents/1714551959729/index.html | https://www.city.yokkaichi.lg.jp/www/contents/1714551959729/files/R6shiori.pdf"
"75702","https://famifure.pref.aichi.jp/ikumen/bounty/","https://famifure.pref.aichi.jp/ikumen/bounty/"
"75704","https://www.city.makinohara.shizuoka.jp/uploaded/attachment/44030.pdf","https://www.city.makinohara.shizuoka.jp/soshiki/39/53615.html | https://www.city.makinohara.shizuoka.jp/uploaded/attachment/44030.pdf"
"75707","https://www.city.naha.okinawa.jp/admin/cityhall/sosiki/sosiki/bukyoku/keizaikankoubu/nahamati.files/a-ke-dohojokingaiyou.pdf","https://www.city.naha.okinawa.jp/admin/cityhall/sosiki/sosiki/bukyoku/keizaikankoubu/nahamati.html | https://www.city.naha.okinawa.jp/admin/cityhall/sosiki/sosiki/bukyoku/keizaikankoubu/nahamati.files/a-ke-dohojokingaiyou.pdf"
"75708","https://www.city.yokkaichi.lg.jp/www/contents/1714551959729/files/R6shiori.pdf","https://www.city.yokkaichi.lg.jp/www/contents/1714551959729/index.html | https://www.city.yokkaichi.lg.jp/www/contents/1714551959729/files/R6shiori.pdf"
"75753","https://www.pref.niigata.lg.jp/sec/nosanengei/kouontaisakusaibaigizyutu.html","https://www.pref.niigata.lg.jp/sec/nosanengei/kouontaisakusaibaigizyutu.html"
"75737","https://www.town.ishikawa.fukushima.jp/admin/project/03/27.html","https://www.town.ishikawa.fukushima.jp/admin/project/03/27.html"
"75754","https://www.town.tonosho.kagawa.jp/gyosei/soshiki/kikaku/2/akiyabanku/3453.html","https://www.town.tonosho.kagawa.jp/gyosei/soshiki/kikaku/2/akiyabanku/3453.html"
"75766","https://www.town.hokkaido-mori.lg.jp/docs/2024042500029/","https://www.town.hokkaido-mori.lg.jp/docs/2024042500029/"
"75768","https://www.city.kawachinagano.lg.jp/soshiki/15/96411.html","https://www.city.kawachinagano.lg.jp/soshiki/15/96411.html"
"75773","https://www.city-nakatsu.jp/doc/2024050100105/","https://www.city-nakatsu.jp/doc/2024050100105/"
"75798","https://www.city.hofu.yamaguchi.jp/soshiki/24/genkihassin.html","https://www.city.hofu.yamaguchi.jp/soshiki/24/genkihassin.html"
"75780","https://www.vill.minamiminowa.lg.jp/soshiki/kankoushinrin/sin-rin-kanri.html","https://www.vill.minamiminowa.lg.jp/soshiki/kankoushinrin/sin-rin-kanri.html"
"75811","https://www.city.minamata.lg.jp/kiji0033722/index.html","https://www.city.minamata.lg.jp/kiji0033722/index.html"
"75866","https://www.mepo.or.jp/shiensaku/724.html","https://www.mepo.or.jp/shiensaku/724.html"
"75850","https://www.town.iide.yamagata.jp/001/chiikisupport.html","https://www.town.iide.yamagata.jp/001/chiikisupport.html"
"75867","https://www.town.kunneppu.hokkaido.jp/fs/1/3/0/0/4/9/_/brandingtirashi.pdf","https://www.town.kunneppu.hokkaido.jp/life/genkinamatidukuri/branding.html | https://www.town.kunneppu.hokkaido.jp/fs/1/3/0/0/4/9/_/brandingtirashi.pdf"
"75875","https://www.city-nakatsu.jp/doc/2024050900040/","https://www.city-nakatsu.jp/doc/2024050900040/"
"75874","https://www.city.abashiri.hokkaido.jp/soshiki/18/9866.html","https://www.city.abashiri.hokkaido.jp/soshiki/18/9866.html"
"75885","https://www.city.yanagawa.fukuoka.jp/kosodate/shogaigakushu/josei/7614.html","https://www.city.yanagawa.fukuoka.jp/kosodate/shogaigakushu/josei/7614.html"
"75890","https://www.town.shizukuishi.iwate.jp/docs/2024022700029/file_contents/chirashi.pdf","https://www.town.shizukuishi.iwate.jp/docs/2024022700029/ | https://www.town.shizukuishi.iwate.jp/docs/2024022700029/file_contents/chirashi.pdf"
"75937","https://www.city.matsubara.lg.jp/docs/1436203.html","https://www.city.matsubara.lg.jp/docs/1436203.html"
"75968","https://www.city.kato.lg.jp/kakukanogoannai/sangyoushinkoubu/nouchiseibika/cyojyu/15024.html","https://www.city.kato.lg.jp/kakukanogoannai/sangyoushinkoubu/nouchiseibika/cyojyu/15024.html"
"75982","http://www.town.ochi.kochi.jp/upld/files/sangyou/r6roudouryoku.pdf","https://www.town.ochi.kochi.jp/yakuba/sangyou/info/6015.htm | http://www.town.ochi.kochi.jp/upld/files/sangyou/r6roudouryoku.pdf"
"75981","https://www.city.sakurai.lg.jp/sosiki/machidukuribu/syoukoushinkouka/7809.html","https://www.city.sakurai.lg.jp/sosiki/machidukuribu/syoukoushinkouka/7809.html"
"75983","https://www.town.ochi.kochi.jp/yakuba/sangyou/info/5894.htm","https://www.town.ochi.kochi.jp/yakuba/sangyou/info/5894.htm"
"75987","https://www.city.niigata.lg.jp/shisei/gyoseiunei/hojyokin/gyoseikeihi/kodomomirai/kodomoseisaku/R6shiritukoukouseibi.files/R6shiritukoukouseibihihojo.pdf","https://www.city.niigata.lg.jp/shisei/gyoseiunei/hojyokin/gyoseikeihi/kodomomirai/kodomoseisaku/R6shiritukoukouseibi.html | https://www.city.niigata.lg.jp/shisei/gyoseiunei/hojyokin/gyoseikeihi/kodomomirai/kodomoseisaku/R6shiritukoukouseibi.files/R6shiritukoukouseibihihojo.pdf"
"75985","http://www.town.ochi.kochi.jp/upld/files/R3.11hojoseibi.pdf","https://www.town.ochi.kochi.jp/yakuba/sangyou/info/4015.htm | http://www.town.ochi.kochi.jp/upld/files/R3.11hojoseibi.pdf"
"75990","https://www.city.naha.okinawa.jp/child/education/kyouikusisupo/kengaihaken/kengaihakenhojyo.html","https://www.city.naha.okinawa.jp/child/education/kyouikusisupo/kengaihaken/kengaihakenhojyo.html"
"76000","https://www.city.atsugi.kanagawa.jp/shigoto_sangyo/sangyo/4/1/41954.html","https://www.city.atsugi.kanagawa.jp/shigoto_sangyo/sangyo/4/1/41954.html"
"76005","https://www.town-takachiho.jp/material/files/group/8/kotuzuidona.pdf","https://www.town-takachiho.jp/top/kenko_fukushi/kenko_zukuri/3877.html | https://www.town-takachiho.jp/material/files/group/8/kotuzuidona.pdf"
"76008","https://www.city.nakano.nagano.jp/docs/2024033100016/file_contents/annai.pdf","https://www.city.nakano.nagano.jp/docs/2024033100016/ | https://www.city.nakano.nagano.jp/docs/2024033100016/file_contents/annai.pdf"
"76014","https://www.jfa.maff.go.jp/j/kikaku/syotoku_hosyo/index.html","https://www.jfa.maff.go.jp/j/kikaku/syotoku_hosyo/index.html"
"76032","https://www.city.shizuoka.lg.jp/s2859/s013060.html","https://www.city.shizuoka.lg.jp/s2859/s013060.html"
"76037","https://www.pref.ishikawa.lg.jp/kankyo/documents/flyer.pdf","https://www.pref.ishikawa.lg.jp/kankyo/haikan_hojo.html | https://www.pref.ishikawa.lg.jp/kankyo/documents/flyer.pdf | https://www.pref.ishikawa.lg.jp/kankyo/documents/image.pdf"
"76052","https://www.city.hakui.lg.jp/soshiki/sangyoukensetsubu/chiikiseibika/9/9/2/15405.html","https://www.city.hakui.lg.jp/soshiki/sangyoukensetsubu/chiikiseibika/9/9/2/15405.html"
"76039","https://www.town.shonai.lg.jp/gyousei/shounai/ordinance_outline/kosodate0220240502162013547.html","https://www.town.shonai.lg.jp/gyousei/shounai/ordinance_outline/kosodate0220240502162013547.html"
"76059","https://www.pref.tokushima.lg.jp/ippannokata/sangyo/nogyo/7240188","https://www.pref.tokushima.lg.jp/ippannokata/sangyo/nogyo/7240188"
"76066","https://www.pref.miyagi.jp/soshiki/sanzin/syougakukin.html","https://www.pref.miyagi.jp/soshiki/sanzin/syougakukin.html"
"76061","https://www.maff.go.jp/j/nousin/tyusan/siharai_seido/","https://www.maff.go.jp/j/nousin/tyusan/siharai_seido/"
"76098","https://www.maff.go.jp/j/seisaku_tokatu/antei/attach/pdf/keiei_antei-198.pdf","https://www.maff.go.jp/j/syouan/keikaku/soukatu/220816.html | https://www.maff.go.jp/j/seisaku_tokatu/antei/attach/pdf/keiei_antei-198.pdf"
"76102","https://www.city.urayasu.lg.jp/_res/projects/default_project/_page_/001/026/973/urayasucity2.pdf","https://www.city.urayasu.lg.jp/kodomo/hoiku/1039570/1026973.html | https://www.city.urayasu.lg.jp/_res/projects/default_project/_page_/001/026/973/urayasucity2.pdf"
"76094","https://www.city.tamana.lg.jp/q/aview/244/13026.html","https://www.city.tamana.lg.jp/q/aview/244/13026.html"
"76106","https://www.town.godo.gifu.jp/business/business35.html","https://www.town.godo.gifu.jp/business/business35.html"
"76109","https://www.town.osakikamijima.hiroshima.jp/soshiki/fukushi/3/7220.html","https://www.town.osakikamijima.hiroshima.jp/soshiki/fukushi/3/7220.html"
"76115","https://www.city.tachikawa.lg.jp/bosai/bosai/jishubosai/bousaishi.html","https://www.city.tachikawa.lg.jp/bosai/bosai/jishubosai/bousaishi.html"
"76117","https://www.city.matsuyama.ehime.jp/kurashi/kurashi/hojokin/usuiriyousokusinn.html","https://www.city.matsuyama.ehime.jp/kurashi/kurashi/hojokin/usuiriyousokusinn.html"
"76137","https://www.city.shima.mie.jp/material/files/group/76/chirashi.pdf","https://www.city.shima.mie.jp/kakuka/sangyoshinkobu/shoko/koyou/6313.html | https://www.city.shima.mie.jp/material/files/group/76/chirashi.pdf"
"76120","https://www.city.matsuyama.ehime.jp/kurashi/sangyo/chusyoukigyou/event-r6.html","https://www.city.matsuyama.ehime.jp/kurashi/sangyo/chusyoukigyou/event-r6.html"
"76139","https://www.city.tambasasayama.lg.jp/soshikikarasagasu/shiminkyodouka/soudan/13281.html","https://www.city.tambasasayama.lg.jp/soshikikarasagasu/shiminkyodouka/soudan/13281.html"
"76156","https://www.city.katano.osaka.jp/docs/2024051300078/file_contents/R0605_.pdf","https://www.city.katano.osaka.jp/docs/2024051300078/ | https://www.city.katano.osaka.jp/docs/2024051300078/file_contents/R0605_.pdf"
"76155","https://www.shinchi-town.jp/soshiki/2/kyodonomachi2024.html","https://www.shinchi-town.jp/soshiki/2/kyodonomachi2024.html"
"76159","https://www.town.nakanojo.gunma.jp/soshiki/7/8622.html","https://www.town.nakanojo.gunma.jp/soshiki/7/8622.html"
"76172","https://www.pref.okayama.jp/page/904700.html","https://www.pref.okayama.jp/page/904700.html"
"76160","https://www.chisou.go.jp/sousei/about/kouhukin/pdf/denenkohukin_2024_gaiyou.pdf","https://www.chisou.go.jp/sousei/about/mirai/policy/policy1.html | https://www.chisou.go.jp/sousei/about/kouhukin/pdf/denenkohukin_2024_gaiyou.pdf"
"76185","https://www.city.takasaki.gunma.jp/uploaded/attachment/18943.pdf","https://www.city.takasaki.gunma.jp/page/39054.html | https://www.city.takasaki.gunma.jp/uploaded/attachment/18943.pdf"
"76186","https://www.city.gujo.gifu.jp/admin/info/post-1926.html","https://www.city.gujo.gifu.jp/admin/info/post-1926.html"
"76199","https://www.town.shintomi.lg.jp/item/20496.htm#itemid20496","https://www.town.shintomi.lg.jp/item/20496.htm#itemid20496"
"76210","https://www.hyugacity.jp/display.php?cont=240502111626","https://www.hyugacity.jp/display.php?cont=240502111626"
"76201","http://www.town.eiheiji.lg.jp/950/p011519.html","http://www.town.eiheiji.lg.jp/950/p011519.html"
"76205","https://www.city.matsuyama.ehime.jp/kurashi/sangyo/chusyoukigyou/coworking_r6.files/co-working_matsuyama_R6chirashi.pdf","https://www.city.matsuyama.ehime.jp/kurashi/sangyo/chusyoukigyou/coworking_r6.html | https://www.city.matsuyama.ehime.jp/kurashi/sangyo/chusyoukigyou/coworking_r6.files/co-working_matsuyama_R6chirashi.pdf"
"76211","https://www.city.yoshinogawa.lg.jp/docs/2014090400013/","https://www.city.yoshinogawa.lg.jp/docs/2014090400013/"
"76217","https://www.chibashi-sangyo.or.jp/enterprise/kyoka-sosyutu/keiei/haken/","https://www.chibashi-sangyo.or.jp/enterprise/kyoka-sosyutu/keiei/haken/"
"76216","https://www.city.funabashi.lg.jp/bousai/003/jijo_kyoujo/p044599.html","https://www.city.funabashi.lg.jp/bousai/003/jijo_kyoujo/p044599.html"
"76241","https://www.town.sumita.iwate.jp/docs/2024051500010/","https://www.town.sumita.iwate.jp/docs/2024051500010/"
"76244","https://www.maff.go.jp/j/seisan/tyozyu/higai/yosan/attach/pdf/yosan-171.pdf","https://www.maff.go.jp/j/seisan/tyozyu/higai/yosan/yosan.html | https://www.maff.go.jp/j/seisan/tyozyu/higai/yosan/attach/pdf/yosan-171.pdf"
"76254","https://www.maff.go.jp/j/nousin/inobe/attach/pdf/shien-23.pdf","https://www.maff.go.jp/j/nousin/inobe/shien.html | https://www.maff.go.jp/j/nousin/inobe/attach/pdf/shien-23.pdf"
"76263","https://yuchi-100plan.pref.kagawa.lg.jp/plan/pillar4/","https://yuchi-100plan.pref.kagawa.lg.jp/plan/pillar4/"
"76273","https://www.town.shiwa.iwate.jp/soshiki/2/2_5/171144753719399","https://www.town.shiwa.iwate.jp/soshiki/2/2_5/171144753719399"
"76281","https://www.city.tomioka.lg.jp/www/contents/1707807325461/index.html","https://www.city.tomioka.lg.jp/www/contents/1707807325461/index.html"
"76301","https://www.city.meguro.tokyo.jp/documents/14713/hunenkakasoku_pamph_202404.pdf","https://www.city.meguro.tokyo.jp/mokumitsu/shigoto/machidukuri/funenkakasoku.html | https://www.city.meguro.tokyo.jp/documents/14713/hunenkakasoku_pamph_202404.pdf"
"76303","https://www.city.hanamaki.iwate.jp/business/sangyoshien/keieihojo/1002198.html","https://www.city.hanamaki.iwate.jp/business/sangyoshien/keieihojo/1002198.html"
"76307","https://www.city.hanamaki.iwate.jp/business/norinchikusan/1000249/1008454/1014525.html","https://www.city.hanamaki.iwate.jp/business/norinchikusan/1000249/1008454/1014525.html"
"76309","https://www.city.saga.lg.jp/main/79304","https://www.city.saga.lg.jp/main/79304"
"76310","https://www.city.kawachinagano.lg.jp/uploaded/attachment/33677.pdf","https://www.city.kawachinagano.lg.jp/soshiki/16/2020.html | https://www.city.kawachinagano.lg.jp/uploaded/attachment/33677.pdf"
"76312","https://www.city.hanamaki.iwate.jp/business/kigyoricchi/1019902/1016755.html","https://www.city.hanamaki.iwate.jp/business/kigyoricchi/1019902/1016755.html"
"76325","http://www.ypoint.jp/r06el202405/R06-000-an-240516.pdf","http://www.ypoint.jp/r06el202405/240516.htm | http://www.ypoint.jp/r06el202405/R06-000-an-240516.pdf | http://www.ynet.or.jp/"
"76328","http://www.ypoint.jp/r06el202405/R06-000-an-240516.pdf","http://www.ypoint.jp/r06el202405/240516.htm | http://www.ypoint.jp/r06el202405/R06-000-an-240516.pdf | http://www.ynet.or.jp/"
"76329","https://www.mhlw.go.jp/content/001245754.pdf","https://www.mhlw.go.jp/stf/seisakunitsuite/bunya/koyou_roudou/koyou/jigyounushi/page10_00005.html | https://www.mhlw.go.jp/content/001245754.pdf | https://www.jeed.go.jp/location/shibu/index.html"
"76336","https://www.maff.go.jp/j/new_farmer/n_syunou/attach/pdf/hatten-28.pdf","https://www.maff.go.jp/j/new_farmer/n_syunou/hatten.html | https://www.maff.go.jp/j/new_farmer/n_syunou/attach/pdf/hatten-28.pdf | https://www.maff.go.jp/j/new_farmer/n_syunou/jisedai_madoghichi.html"
"76369","https://www.city.onomichi.hiroshima.jp/soshiki/33/48251.html","https://www.city.onomichi.hiroshima.jp/soshiki/33/48251.html"
"76348","https://www.town.taiki.mie.jp/shigoto_sangyo/norinsui/nogyo/1287.html","https://www.town.taiki.mie.jp/shigoto_sangyo/norinsui/nogyo/1287.html"
"76372","https://www.city.karatsu.lg.jp/uploaded/attachment/3556.pdf","https://www.city.karatsu.lg.jp/page/2055.html | https://www.city.karatsu.lg.jp/uploaded/attachment/3556.pdf"
"76376","https://www.vill.chikuhoku.lg.jp/archives/17215","https://www.vill.chikuhoku.lg.jp/archives/17215"
"76379","https://www.city.rikuzentakata.iwate.jp/kurashinojoho/chiikikatsudo/community/4627.html","https://www.city.rikuzentakata.iwate.jp/kurashinojoho/chiikikatsudo/community/4627.html"
"76384","https://www.vill.itsuki.lg.jp/kiji0031813/3_1813_2404_up_ybjzn6s8.pdf","https://www.vill.itsuki.lg.jp/kiji0031813/index.html | https://www.vill.itsuki.lg.jp/kiji0031813/3_1813_2404_up_ybjzn6s8.pdf"
"76381","https://www.city.nasushiobara.tochigi.jp/soshikikarasagasu/cn/simin/17905.html","https://www.city.nasushiobara.tochigi.jp/soshikikarasagasu/cn/simin/17905.html"
"76388","https://www.city.akune.lg.jp/kurashi_tetsuzuki/iju_teiju/5047.html","https://www.city.akune.lg.jp/kurashi_tetsuzuki/iju_teiju/5047.html"
"76390","https://www.city.hamada.shimane.jp/www/contents/1713922960089/simple/tirasi.pdf","https://www.city.hamada.shimane.jp/www/contents/1713922960089/index.html | https://www.city.hamada.shimane.jp/www/contents/1713922960089/simple/tirasi.pdf"
"76399","https://www.nakashibetsu.jp/kyouiku_iinkai/syakaikyouiku/enseihi","https://www.nakashibetsu.jp/kyouiku_iinkai/syakaikyouiku/enseihi"
"76396","https://www.mlit.go.jp/sogoseisaku/transport/content/001632628.pdf","https://www.mlit.go.jp/page/kanbo05_hy_000213.html | https://www.mlit.go.jp/sogoseisaku/transport/content/001632628.pdf"
"76401","https://www.city.hikone.lg.jp/benri/teate/5/23686.html","https://www.city.hikone.lg.jp/benri/teate/5/23686.html"
"76400","https://www.pref.gunma.jp/site/hojokin/641371.html","https://www.pref.gunma.jp/site/hojokin/641371.html"
"76404","https://www.town.koge.lg.jp/ijyu_teiju/4876.html","https://www.town.koge.lg.jp/ijyu_teiju/4876.html"
"76423","https://www.town.shimosuwa.lg.jp/www/contents/1716189637959/index.html","https://www.town.shimosuwa.lg.jp/www/contents/1716189637959/index.html"
"76449","https://www.alic.go.jp/c-kanri/shinko01_001255.html","https://www.alic.go.jp/c-kanri/shinko01_001255.html"
"76447","https://www.city.obu.aichi.jp/_res/projects/default_project/_page_/001/031/157/seidoannai.pdf","https://www.city.obu.aichi.jp/kenko/shogai_shien/1013740/1031157.html | https://www.city.obu.aichi.jp/_res/projects/default_project/_page_/001/031/157/seidoannai.pdf"
"76470","https://www.maff.go.jp/j/g_biki/hojyo/kenbetu/22_140_000000013.html","https://www.maff.go.jp/j/g_biki/hojyo/kenbetu/22_140_000000013.html"
"76473","https://www.city.yonago.lg.jp/11711.htm","https://www.city.yonago.lg.jp/11711.htm"
"76476","https://www.city.yonago.lg.jp/11711.htm","https://www.city.yonago.lg.jp/11711.htm"
"76501","https://www.pref.aichi.jp/soshiki/nogyo-shinko/0000052684.html#kikousyuseki","https://www.pref.aichi.jp/soshiki/nogyo-shinko/0000052684.html#kikousyuseki"
"76506","https://www.city.gojo.lg.jp/kurashi/hojokin/15629.html","https://www.city.gojo.lg.jp/kurashi/hojokin/15629.html"
"76526","https://www.mhlw.go.jp/content/001580651.pdf","https://www.mhlw.go.jp/stf/seisakunitsuite/bunya/kodomo/shokuba_kosodate/ryouritsu01/ | https://www.mhlw.go.jp/content/001580651.pdf | https://www.mhlw.go.jp/content/001580664.pdf"
"76537","https://kouseikyoku.mhlw.go.jp/kantoshinetsu/kenko_fukushi/20130618-2.html","https://kouseikyoku.mhlw.go.jp/kantoshinetsu/kenko_fukushi/20130618-2.html"
"76539","https://official.shinkamigoto.net/cmd/data/entry/benri/benri.06642.00000017.pdf","https://official.shinkamigoto.net/goto_business_full.php?eid=06642&bn=2&r=3&wcid=k00006 | https://official.shinkamigoto.net/cmd/data/entry/benri/benri.06642.00000017.pdf"
"76532","https://www.city.yabu.hyogo.jp/soshiki/sangyokankyo/kankyo/1/11544.html","https://www.city.yabu.hyogo.jp/soshiki/sangyokankyo/kankyo/1/11544.html"
"76544","https://www.city.isehara.kanagawa.jp/docs/2024051400044/file_contents/tirashi.pdf","https://www.city.isehara.kanagawa.jp/docs/2024051400044/ | https://www.city.isehara.kanagawa.jp/docs/2024051400044/file_contents/tirashi.pdf"
"76540","https://www.jfa.maff.go.jp/j/bousai/gyoson/ritoukoufukin/attach/pdf/index-9.pdf","https://www.jfa.maff.go.jp/j/bousai/gyoson/ritoukoufukin/index.html#%E5%9F%BA%E6%9C%AC%E4%BA%A4%E4%BB%98%E9%87%91 | https://www.jfa.maff.go.jp/j/bousai/gyoson/ritoukoufukin/attach/pdf/index-9.pdf"
"76547","https://www.city.settsu.osaka.jp/soshiki/kodomokateibu/hoikukyouikuka/oshirase/24283.html","https://www.city.settsu.osaka.jp/soshiki/kodomokateibu/hoikukyouikuka/oshirase/24283.html"
"76573","https://www.pref.shizuoka.jp/kenkofukushi/iryo/chiikiiryo/1040766/1024127.html","https://www.pref.shizuoka.jp/kenkofukushi/iryo/chiikiiryo/1040766/1024127.html"
"76557","https://www.pref.shizuoka.jp/kenkofukushi/iryo/chiikiiryo/1040766/1024058.html","https://www.pref.shizuoka.jp/kenkofukushi/iryo/chiikiiryo/1040766/1024058.html"
"76575","https://www.pref.shizuoka.jp/kenkofukushi/iryo/chiikiiryo/1040766/1024127.html","https://www.pref.shizuoka.jp/kenkofukushi/iryo/chiikiiryo/1040766/1024127.html"
"76576","https://www.nishi.or.jp/jigyoshajoho/kaigojigyo/koyo-kyuhukin.files/kyufukin-chirashi1.pdf","https://www.nishi.or.jp/jigyoshajoho/kaigojigyo/koyo-kyuhukin.html | https://www.nishi.or.jp/jigyoshajoho/kaigojigyo/koyo-kyuhukin.files/kyufukin-chirashi1.pdf"
"76580","https://www.pref.shizuoka.jp/kenkofukushi/iryo/chiikiiryo/1040766/1024127.html","https://www.pref.shizuoka.jp/kenkofukushi/iryo/chiikiiryo/1040766/1024127.html"
"76577","https://www.pref.shizuoka.jp/kenkofukushi/iryo/chiikiiryo/1040766/1024127.html","https://www.pref.shizuoka.jp/kenkofukushi/iryo/chiikiiryo/1040766/1024127.html"
"76581","https://www.pref.shizuoka.jp/kenkofukushi/iryo/chiikiiryo/1040766/1024127.html","https://www.pref.shizuoka.jp/kenkofukushi/iryo/chiikiiryo/1040766/1024127.html"
"76585","https://www.pref.shizuoka.jp/kenkofukushi/iryo/chiikiiryo/1040766/1024127.html","https://www.pref.shizuoka.jp/kenkofukushi/iryo/chiikiiryo/1040766/1024127.html"
"76583","https://www.pref.shizuoka.jp/kenkofukushi/iryo/chiikiiryo/1040766/1024127.html","https://www.pref.shizuoka.jp/kenkofukushi/iryo/chiikiiryo/1040766/1024127.html"
"76587","https://www.pref.shizuoka.jp/kenkofukushi/iryo/chiikiiryo/1040766/1024127.html","https://www.pref.shizuoka.jp/kenkofukushi/iryo/chiikiiryo/1040766/1024127.html"
"76589","https://www.pref.shizuoka.jp/kenkofukushi/iryo/chiikiiryo/1040766/1024127.html","https://www.pref.shizuoka.jp/kenkofukushi/iryo/chiikiiryo/1040766/1024127.html"
"76590","https://www.tfd.metro.tokyo.lg.jp/hp-suirika/suiri/index.html","https://www.tfd.metro.tokyo.lg.jp/hp-suirika/suiri/index.html"
"76591","https://www.pref.shizuoka.jp/kenkofukushi/iryo/chiikiiryo/1040766/1024127.html","https://www.pref.shizuoka.jp/kenkofukushi/iryo/chiikiiryo/1040766/1024127.html"
"76592","https://www.pref.shizuoka.jp/kenkofukushi/iryo/chiikiiryo/1040766/1024127.html","https://www.pref.shizuoka.jp/kenkofukushi/iryo/chiikiiryo/1040766/1024127.html"
"76593","https://www.pref.shizuoka.jp/kenkofukushi/iryo/chiikiiryo/1040766/1024127.html","https://www.pref.shizuoka.jp/kenkofukushi/iryo/chiikiiryo/1040766/1024127.html"
"76596","https://www.sangyo-rodo.metro.tokyo.lg.jp/nourin/nougyou/hozen/mirai/","https://www.sangyo-rodo.metro.tokyo.lg.jp/nourin/nougyou/hozen/mirai/"
"76598","https://www.sangyo-rodo.metro.tokyo.lg.jp/nourin/nougyou/shinkou/keieiryoku_2021/","https://www.sangyo-rodo.metro.tokyo.lg.jp/nourin/nougyou/shinkou/keieiryoku_2021/"
"76600","https://www.sangyo-rodo.metro.tokyo.lg.jp/nourin/nougyou/other/kokusansosiryou_2023/","https://www.sangyo-rodo.metro.tokyo.lg.jp/nourin/nougyou/other/kokusansosiryou_2023/"
"76607","https://tokyo-green.jp/boys_girls/#grants","https://tokyo-green.jp/boys_girls/#grants"
"76618","https://www.city.iizuka.lg.jp/norinfurikoshi/yuugaityouzyuuhigaibousitaisakuzigyouhihozyokin.html","https://www.city.iizuka.lg.jp/norinfurikoshi/yuugaityouzyuuhigaibousitaisakuzigyouhihozyokin.html"
"76629","https://www.pref.nagano.lg.jp/kyogi/naganokenkyougiryokukoujoutaisakuhonbu/download/topcoach.html","https://www.pref.nagano.lg.jp/kyogi/naganokenkyougiryokukoujoutaisakuhonbu/download/topcoach.html"
"76667","https://www.town.saitama-misato.lg.jp/0000000036.html","https://www.town.saitama-misato.lg.jp/0000000036.html"
"76646","https://www.city.mutsu.lg.jp/kurashi/fukushi/shougai/2024-0520-1031-45.html","https://www.city.mutsu.lg.jp/kurashi/fukushi/shougai/2024-0520-1031-45.html"
"76665","https://www.city.adachi.tokyo.jp/chusho/shigoto/chushokigyo/28sogyoplan.html","https://www.city.adachi.tokyo.jp/chusho/shigoto/chushokigyo/28sogyoplan.html"
"76675","https://www.pref.nagano.lg.jp/chiiki-fukushi/ikeakobetsu.html","https://www.pref.nagano.lg.jp/chiiki-fukushi/ikeakobetsu.html"
"76687","https://www.maff.go.jp/j/budget/pdf/r5hosei_pr66.pdf","https://www.maff.go.jp/j/seisan/ryutu/engei/sisetsu/saigaitaisaku.html | https://www.maff.go.jp/j/budget/pdf/r5hosei_pr66.pdf"
"76678","https://www.shakyo-sendai.or.jp/use/subsidy/","https://www.shakyo-sendai.or.jp/use/subsidy/"
"76698","https://www.pref.aomori.lg.jp/soshiki/kenko/koreihoken/files/leaflet62.pdf","https://www.mhlw.go.jp/shogu-kaizen/index.html | https://www.pref.aomori.lg.jp/soshiki/kenko/koreihoken/files/leaflet62.pdf | https://www.mhlw.go.jp/content/12404000/001197900.pdf"
"76713","https://www.city.uda.nara.jp/s-suishin/shienmenu/documents/15.pdf","https://www.city.uda.nara.jp/s-suishin/shienmenu/documents/15.pdf"
"76737","https://www.city.minamiawaji.hyogo.jp/soshiki/nourin/kouakuhouki.html","https://www.city.minamiawaji.hyogo.jp/soshiki/nourin/kouakuhouki.html"
"76739","https://www.city.tsuruga.lg.jp/about_city/news_from_division/sangyoukeizai_bu/syokoboeki_ka/miryoku-up.html","https://www.city.tsuruga.lg.jp/about_city/news_from_division/sangyoukeizai_bu/syokoboeki_ka/miryoku-up.html"
"76742","https://www.city.tsuruga.lg.jp/about_city/news_from_division/sangyoukeizai_bu/syokoboeki_ka/syutten-1.html","https://www.city.tsuruga.lg.jp/about_city/news_from_division/sangyoukeizai_bu/syokoboeki_ka/syutten-1.html"
"76741","https://www.city.tsuruga.lg.jp/about_city/news_from_division/sangyoukeizai_bu/syokoboeki_ka/miryoku-hassin.html","https://www.city.tsuruga.lg.jp/about_city/news_from_division/sangyoukeizai_bu/syokoboeki_ka/miryoku-hassin.html"
"76749","https://www.town.abu.lg.jp/13727","https://www.town.abu.lg.jp/13727"
"76760","https://www.city.mizunami.lg.jp/_res/projects/default_project/_page_/001/006/177/tiikikasseika_zuijitirashi.pdf","https://www.city.mizunami.lg.jp/kankou_bunka/spot/1001290/1006177.html | https://www.city.mizunami.lg.jp/_res/projects/default_project/_page_/001/006/177/tiikikasseika_zuijitirashi.pdf"
"76771","https://www.city.niigata.lg.jp/kurashi/gomi/recycle/plastic_genryo/reuse_dish.files/R6reuse_tirasi.pdf","https://www.city.niigata.lg.jp/kurashi/gomi/recycle/plastic_genryo/reuse_dish.html | https://www.city.niigata.lg.jp/kurashi/gomi/recycle/plastic_genryo/reuse_dish.files/R6reuse_tirasi.pdf"
"76780","https://www.sangyo-rodo.metro.tokyo.lg.jp/nourin/ringyou/promotion/zourin/","https://www.sangyo-rodo.metro.tokyo.lg.jp/nourin/ringyou/promotion/zourin/"
"76799","https://taito-sangyo.jp/2024/04/01/2024tutaya_joseikin/#shinsei","https://taito-sangyo.jp/2024/04/01/2024tutaya_joseikin/#shinsei"
"76798","https://www.pref.chiba.lg.jp/bousaik/sougouhojokin/sougouhojokin.html","https://www.pref.chiba.lg.jp/bousaik/sougouhojokin/sougouhojokin.html"
"76806","https://www.pref.kumamoto.jp/soshiki/45/204.html","https://www.pref.kumamoto.jp/soshiki/45/204.html"
"76802","https://www.city.bunkyo.lg.jp/documents/4942/202436131856.pdf","https://www.city.bunkyo.lg.jp/b012/p005129.html | https://www.city.bunkyo.lg.jp/documents/4942/202436131856.pdf"
"76814","https://www.pref.gunma.jp/page/644564.html","https://www.pref.gunma.jp/page/644564.html"
"76815","https://www.city.nagakute.lg.jp/soshiki/kodomobu/kodomokateika/1/1/21979.html","https://www.city.nagakute.lg.jp/soshiki/kodomobu/kodomokateika/1/1/21979.html"
"76823","https://www.city.kaminoyama.yamagata.jp/soshiki/6/neko-huninhozyo.html","https://www.city.kaminoyama.yamagata.jp/soshiki/6/neko-huninhozyo.html"
"76836","https://www.city.hino.lg.jp/sangyo/1020464/1003523.html","https://www.city.hino.lg.jp/sangyo/1020464/1003523.html"
"76855","https://www.jfa.maff.go.jp/j/gyoko_gyozyo/g_thema/sub391.html","https://www.jfa.maff.go.jp/j/gyoko_gyozyo/g_thema/sub391.html"
"76857","https://www.city.komaki.aichi.jp/admin/soshiki/kenkouikigai/kenkouikigai/kenkouseisaku/kenkoukeieisuisin/44939.html","https://www.city.komaki.aichi.jp/admin/soshiki/kenkouikigai/kenkouikigai/kenkouseisaku/kenkoukeieisuisin/44939.html"
"76858","https://www.town.ochi.kochi.jp/yakuba/sangyou/info/5894.htm","https://www.town.ochi.kochi.jp/yakuba/sangyou/info/5894.htm"
"76872","https://www.city.tsuruga.lg.jp/about_city/news_from_division/machizukurikankou_bu/kankouyuukyaku_ka/taikenkanko.html","https://www.city.tsuruga.lg.jp/about_city/news_from_division/machizukurikankou_bu/kankouyuukyaku_ka/taikenkanko.html"
"76904","https://www.pref.chiba.lg.jp/kenfuku/seisaku/documents/r6-chirashi-jigyousya.pdf","https://www.pref.chiba.lg.jp/kenfuku/seisaku/hatarakidurasa.html | https://www.pref.chiba.lg.jp/kenfuku/seisaku/documents/r6-chirashi-jigyousya.pdf"
"76887","https://www.pref.fukuoka.lg.jp/contents/donajosei.html","https://www.pref.fukuoka.lg.jp/contents/donajosei.html"
"76916","https://www.pref.chiba.lg.jp/ninaite/shinkishunousha/index.html","https://www.pref.chiba.lg.jp/ninaite/shinkishunousha/index.html"
"76963","https://www.city.hakui.lg.jp/material/files/group/6/tirashikazaishobunn.pdf","https://www.city.hakui.lg.jp/soshiki/soumubu/machizukuri/3/1/15378.html | https://www.city.hakui.lg.jp/material/files/group/6/tirashikazaishobunn.pdf"
"76920","https://www.city.shinagawa.tokyo.jp/PC/kenkou/kenkou-koureisya/hpg000033415.html","https://www.city.shinagawa.tokyo.jp/PC/kenkou/kenkou-koureisya/hpg000033415.html"
"76967","https://www.city.nichinan.lg.jp/soshikikarasagasu/kenkozoshinka/2/4/4981.html","https://www.city.nichinan.lg.jp/soshikikarasagasu/kenkozoshinka/2/4/4981.html"
"76969","https://www.city.saiki.oita.jp/kiji0038090/index.html","https://www.city.saiki.oita.jp/kiji0038090/index.html"
"76972","https://www.city.kamiamakusa.kumamoto.jp/q/aview/36/19491.html","https://www.city.kamiamakusa.kumamoto.jp/q/aview/36/19491.html"
"76980","https://www.pref.fukushima.lg.jp/sec/36021d/yuuki-hitodukuri-01.html","https://www.pref.fukushima.lg.jp/sec/36021d/yuuki-hitodukuri-01.html"
"76985","https://www.city.fukushima-date.lg.jp/soshiki/17/72524.html","https://www.city.fukushima-date.lg.jp/soshiki/17/72524.html"
"76995","https://www.pref.chiba.lg.jp/ninaite/kinyuu/ninaite.html","https://www.pref.chiba.lg.jp/ninaite/kinyuu/ninaite.html"
"76997","https://www.pref.gifu.lg.jp/page/16512.html","https://www.pref.gifu.lg.jp/page/16512.html"
"76999","https://www.pref.gifu.lg.jp/page/16512.html","https://www.pref.gifu.lg.jp/page/16512.html"
"76996","https://www.pref.gifu.lg.jp/page/16512.html","https://www.pref.gifu.lg.jp/page/16512.html"
"77005","https://www.city.setagaya.lg.jp/mokuji/shigoto/008/001/d00199491.html","https://www.city.setagaya.lg.jp/mokuji/shigoto/008/001/d00199491.html"
"77006","https://www.city.setagaya.lg.jp/mokuji/shigoto/008/001/d00199491.html","https://www.city.setagaya.lg.jp/mokuji/shigoto/008/001/d00199491.html"
"77008","https://www.city.setagaya.lg.jp/mokuji/shigoto/008/001/d00199491.html","https://www.city.setagaya.lg.jp/mokuji/shigoto/008/001/d00199491.html"
"77042","https://www.pref.osaka.lg.jp/o100050/iryo/osakakansensho/nyuiniryokikan.html","https://www.pref.osaka.lg.jp/o100050/iryo/osakakansensho/nyuiniryokikan.html"
"77010","https://www.city.setagaya.lg.jp/mokuji/shigoto/008/001/d00199491.html","https://www.city.setagaya.lg.jp/mokuji/shigoto/008/001/d00199491.html"
"77050","http://www.city.kusatsu.shiga.jp/kurashi/jinken/danjosankaku/keihatsu/jwc2018.html","http://www.city.kusatsu.shiga.jp/kurashi/jinken/danjosankaku/keihatsu/jwc2018.html"
"77073","https://www.town.gifu-ikeda.lg.jp/0000000283.html","https://www.town.gifu-ikeda.lg.jp/0000000283.html"
"77069","https://www.soumu.go.jp/denshijiti/index_00003.html","https://www.soumu.go.jp/denshijiti/index_00003.html"
"77056","https://www.city.futtsu.lg.jp/0000007882.html","https://www.city.futtsu.lg.jp/0000007882.html"
"77076","https://www.town.kasamatsu.gifu.jp/docs/2012122500038/","https://www.town.kasamatsu.gifu.jp/docs/2012122500038/"
"77085","https://www.city.setagaya.lg.jp/mokuji/fukushi/004/004/d00209293.html","https://www.city.setagaya.lg.jp/mokuji/fukushi/004/004/d00209293.html"
"77079","https://www.pref.gifu.lg.jp/page/24171.html","https://www.pref.gifu.lg.jp/page/24171.html"
"77086","https://www.pref.gifu.lg.jp/site/gap/231197.html","https://www.pref.gifu.lg.jp/site/gap/231197.html"
"77109","https://www.city.arakawa.tokyo.jp/documents/7678/r06fy_shoukeihojochirashi.pdf","https://www.city.arakawa.tokyo.jp/a021/jigyousha/jigyouunei/jigyosyokei.html | https://www.city.arakawa.tokyo.jp/documents/7678/r06fy_shoukeihojochirashi.pdf"
"77104","https://www.city.atsugi.kanagawa.jp/shigoto_sangyo/sangyo/4/1/41946.html","https://www.city.atsugi.kanagawa.jp/shigoto_sangyo/sangyo/4/1/41946.html"
"77114","https://www.city.arakawa.tokyo.jp/a021/jigyousha/jigyouunei/syoukibohojyo.html","https://www.city.arakawa.tokyo.jp/a021/jigyousha/jigyouunei/syoukibohojyo.html"
"77129","https://www.city.arakawa.tokyo.jp/a021/akiyarikatuyou.html","https://www.city.arakawa.tokyo.jp/a021/akiyarikatuyou.html"
"77125","https://www.city.arakawa.tokyo.jp/documents/7680/sangakurenkei_materials.pdf","https://www.city.arakawa.tokyo.jp/a021/jigyousha/jigyouunei/sangaku.html | https://www.city.arakawa.tokyo.jp/documents/7680/sangakurenkei_materials.pdf"
"77131","https://www.fukushi.metro.tokyo.lg.jp/shougai/jigyo/seikatukibanseibi/shakuchi_katsuyou","https://www.fukushi.metro.tokyo.lg.jp/shougai/jigyo/seikatukibanseibi/shakuchi_katsuyou"
"77132","https://www.city.arakawa.tokyo.jp/documents/32944/rikatsu.pdf","https://www.city.arakawa.tokyo.jp/a041/akiya/akiya-rikatsuhozyo.html | https://www.city.arakawa.tokyo.jp/documents/32944/rikatsu.pdf"