policy_id,primary_url,all_urls
"86528","https://www.town.ozu.kumamoto.jp/uploaded/attachment/3972.pdf","https://www.town.ozu.kumamoto.jp/page/1751.html | https://www.town.ozu.kumamoto.jp/uploaded/attachment/3972.pdf"
"86529","https://www.town.ozu.kumamoto.jp/page/1936.html","https://www.town.ozu.kumamoto.jp/page/1936.html"
"86534","https://www.town.ozu.kumamoto.jp/uploaded/attachment/3481.pdf","https://www.town.ozu.kumamoto.jp/page/1571.html | https://www.town.ozu.kumamoto.jp/uploaded/attachment/3481.pdf"
"86535","https://www.town.ozu.kumamoto.jp/page/1874.html","https://www.town.ozu.kumamoto.jp/page/1874.html"
"86538","https://www.city.minamiuonuma.niigata.jp/docs/30592.html","https://www.city.minamiuonuma.niigata.jp/docs/30592.html"
"86536","https://www.city.minamiuonuma.niigata.jp/docs/30592.html","https://www.city.minamiuonuma.niigata.jp/docs/30592.html"
"86541","https://www.town.kikuyo.lg.jp/kiji0034256/index.html","https://www.town.kikuyo.lg.jp/kiji0034256/index.html"
"86540","https://www.city.minamiuonuma.niigata.jp/docs/33312.html","https://www.city.minamiuonuma.niigata.jp/docs/33312.html"
"86539","https://www.town.kikuyo.lg.jp/kiji0034061/index.html","https://www.town.kikuyo.lg.jp/kiji0034061/index.html"
"86545","https://www.town.minamioguni.lg.jp/news/2022/1830.html","https://sii.or.jp/zeh/battery/search) | https://www.town.minamioguni.lg.jp/news/2022/1830.html"
"86546","https://www.town.minamioguni.lg.jp/gyousei/%E6%9C%89%E5%AE%B3%E9%B3%A5%E7%8D%A3%E5%AF%BE%E7%AD%96%E8%A3%9C%E5%8A%A9%E9%87%91%E3%81%AB%E3%81%A4%E3%81%84%E3%81%A6.pdf","https://www.town.minamioguni.lg.jp/gyousei/nougyo/chouju-higai_hojokin.html | https://www.town.minamioguni.lg.jp/gyousei/%E6%9C%89%E5%AE%B3%E9%B3%A5%E7%8D%A3%E5%AF%BE%E7%AD%96%E8%A3%9C%E5%8A%A9%E9%87%91%E3%81%AB%E3%81%A4%E3%81%84%E3%81%A6.pdf"
"86547","https://www2.city.mine.lg.jp/soshiki/somubu/somuka/anshin/saigai/bosai/1810.html","https://www2.city.mine.lg.jp/soshiki/somubu/somuka/anshin/saigai/bosai/1810.html"
"86551","https://www.city.ebina.kanagawa.jp/shisei/seisaku/machidukuri/shigaichi/1003885.html","https://www.city.ebina.kanagawa.jp/shisei/seisaku/machidukuri/shigaichi/1003885.html"
"86554","https://www.city.ebina.kanagawa.jp/guide/kurashi/yasei/1003409.html","https://www.city.ebina.kanagawa.jp/guide/kurashi/yasei/1003409.html"
"86562","https://www.city.matsudo.chiba.jp/jigyosya/nougyou/houjinhojo.html","https://www.city.matsudo.chiba.jp/jigyosya/nougyou/houjinhojo.html"
"86563","https://www.city.matsudo.chiba.jp/jigyosya/nougyou/noukanominasamahe.html","https://www.city.matsudo.chiba.jp/jigyosya/nougyou/noukanominasamahe.html"
"86567","https://www.city.matsudo.chiba.jp/jigyosya/syoukougyou/nigiwai.html","https://www.city.matsudo.chiba.jp/jigyosya/syoukougyou/nigiwai.html"
"86573","https://www.city.hagi.lg.jp/soshiki/49/h31121.html","https://www.city.hagi.lg.jp/soshiki/49/h31121.html"
"86581","https://hanshinport.co.jp/wp/wp-content/uploads/%E3%80%90Press%E3%80%91Hanshinport%EF%BC%88Kobe-port%EF%BC%89%E3%80%8CCONPAS%E3%80%8Dintroduction-promotion_ver3.pdf","https://hanshinport.co.jp/ | https://hanshinport.co.jp/wp/wp-content/uploads/%E3%80%90Press%E3%80%91Hanshinport%EF%BC%88Kobe-port%EF%BC%89%E3%80%8CCONPAS%E3%80%8Dintroduction-promotion_ver3.pdf"
"86582","https://www.vill.minamiaso.lg.jp/kiji0032041/index.html","https://www.vill.minamiaso.lg.jp/kiji0032041/index.html"
"86579","https://www.city.matsudo.chiba.jp/jigyosya/syoukougyou/syotenkai-hojyo/01-01.html","https://www.city.matsudo.chiba.jp/jigyosya/syoukougyou/syotenkai-hojyo/01-01.html"
"86589","https://www.city.hagi.lg.jp/soshiki/49/h30142.html","https://www.city.hagi.lg.jp/soshiki/49/h30142.html"
"86593","https://www.town.mashiki.lg.jp/kiji0032349/index.html","https://www.town.mashiki.lg.jp/kiji0032349/index.html"
"86596","https://www.town.mashiki.lg.jp/kiji003701/index.html","https://www.town.mashiki.lg.jp/kiji003701/index.html"
"86600","https://www.town.mashiki.lg.jp/kiji003184/index.html","https://www.town.mashiki.lg.jp/kiji003184/index.html"
"86597","https://www.city.maibara.lg.jp/material/files/group/2/zigyouyouti.pdf","https://www.city.maibara.lg.jp/soshiki/seisaku/sesakuka/21280.html | https://www.city.maibara.lg.jp/material/files/group/2/zigyouyouti.pdf"
"86603","https://www.town.kosa.lg.jp/q/aview/101/11481.html","https://www.town.kosa.lg.jp/q/aview/101/11481.html"
"86604","https://hanshinport.co.jp/wp/wp-content/uploads/%E3%80%90Press%E3%80%91Hanshinport%EF%BC%88Osaka-port%EF%BC%89%E3%80%8CCONPAS%E3%80%8Dintroduction-promotion_ver3.pdf","https://hanshinport.co.jp/ | https://hanshinport.co.jp/wp/wp-content/uploads/%E3%80%90Press%E3%80%91Hanshinport%EF%BC%88Osaka-port%EF%BC%89%E3%80%8CCONPAS%E3%80%8Dintroduction-promotion_ver3.pdf"
"86605","https://www.town.kikuyo.lg.jp/kiji003307/index.html","https://www.town.kikuyo.lg.jp/kiji003307/index.html"
"86606","https://www.town.kosa.lg.jp/q/aview/101/558.html","https://www.town.kosa.lg.jp/q/aview/101/558.html"
"86607","https://www.town.kosa.lg.jp/q/aview/101/8249.html","https://www.town.kosa.lg.jp/q/aview/101/8249.html"
"86619","https://www.city.shimoda.shizuoka.jp/category/040100koureisya/157365.html","https://www.city.shimoda.shizuoka.jp/category/040100koureisya/157365.html"
"86613","https://www.town.kumamoto-yamato.lg.jp/kiji0032121/index.html","https://www.town.kumamoto-yamato.lg.jp/kiji0032121/index.html"
"86620","https://www.city.shimoda.shizuoka.jp/category/060200nougyou/157340.html","https://www.city.shimoda.shizuoka.jp/category/060200nougyou/157340.html"
"86621","https://www.town.kanra.lg.jp/sansin/nourin/news/20240913175327.html","https://www.town.kanra.lg.jp/sansin/nourin/news/20240913175327.html"
"86623","https://www.city.niiza.lg.jp/site/zigyosya/shikaku-hojo.html","https://www.city.niiza.lg.jp/site/zigyosya/shikaku-hojo.html"
"86628","https://www.town.ashikita.lg.jp/chosei/soshiki/nogyoiin/2005256","https://www.town.ashikita.lg.jp/chosei/soshiki/nogyoiin/2005256"
"86632","https://www.city.suginami.tokyo.jp/guide/shigoto/shoutengai/1070661.html","https://www.city.suginami.tokyo.jp/guide/shigoto/shoutengai/1070661.html"
"86633","https://www.city.zama.kanagawa.jp/sangyo/sougyou/shogyo/1003455.html","https://www.city.zama.kanagawa.jp/sangyo/sougyou/shogyo/1003455.html"
"86635","https://www.town.tsunagi.lg.jp/page2599.html#:~:text=%E9%9B%BB%E6%B0%97%E6%9F%B5%E7%AD%89%E3%81%AE%E8%A8%AD%E7%BD%AE%E3%81%AB%E5%AF%BE%E3%81%97%E3%81%A6%E3%81%AE%E8%A3%9C%E5%8A%A9","https://www.town.tsunagi.lg.jp/page2599.html#:~:text=%E9%9B%BB%E6%B0%97%E6%9F%B5%E7%AD%89%E3%81%AE%E8%A8%AD%E7%BD%AE%E3%81%AB%E5%AF%BE%E3%81%97%E3%81%A6%E3%81%AE%E8%A3%9C%E5%8A%A9 | https://www.town.tsunagi.lg.jp/common/UploadFileOutput.ashx?c_id=3&id=2599&sub_id=2&flid=7531"
"86637","https://www.city.zama.kanagawa.jp/sangyo/sougyou/shogyo/1003453.html","https://www.city.zama.kanagawa.jp/sangyo/sougyou/shogyo/1003453.html"
"86636","https://www.town.tsunagi.lg.jp/page2463.html?type=search&q=%e8%a3%9c%e5%8a%a9%e9%87%91&radiobutton=4&now_P=2&show_num=20&sc_id=2","https://www.town.tsunagi.lg.jp/page2463.html?type=search&q=%e8%a3%9c%e5%8a%a9%e9%87%91&radiobutton=4&now_P=2&show_num=20&sc_id=2"
"86639","https://www.city.zama.kanagawa.jp/sangyo/sougyou/shien/1003449.html","https://www.city.zama.kanagawa.jp/sangyo/sougyou/shien/1003449.html"
"86644","https://www.city.zama.kanagawa.jp/sangyo/sougyou/shien/1003449.html","https://www.city.zama.kanagawa.jp/sangyo/sougyou/shien/1003449.html"
"86641","https://www.city.shimotsuke.lg.jp/0381/info-0000009001-3.html#4b28-d949-2ee3-74d8-602e67ce91124096","https://www.city.shimotsuke.lg.jp/0381/info-0000009001-3.html#4b28-d949-2ee3-74d8-602e67ce91124096"
"86645","https://www.city.shimotsuke.lg.jp/0381/info-0000009001-3.html#bec6-2e82-d907-6777-6b91df406ec51c00","https://www.city.shimotsuke.lg.jp/0381/info-0000009001-3.html#bec6-2e82-d907-6777-6b91df406ec51c00"
"86647","https://www.city.shimotsuke.lg.jp/0381/info-0000009001-3.html#0ba7-c25b-3a12-84b8-18f0b34a0402cc56","https://www.city.shimotsuke.lg.jp/0381/info-0000009001-3.html#0ba7-c25b-3a12-84b8-18f0b34a0402cc56"
"86648","https://www.city.zama.kanagawa.jp/sangyo/sougyou/shien/1003449.html","https://www.city.zama.kanagawa.jp/sangyo/sougyou/shien/1003449.html"
"86649","https://www.town.kumamoto-nishiki.lg.jp/kiji003175/index.html","https://www.town.kumamoto-nishiki.lg.jp/kiji003175/index.html"
"86653","https://www.town.kumamoto-nishiki.lg.jp/kiji003376/3_376_6_chirashi.pdf","https://www.town.kumamoto-nishiki.lg.jp/kiji003376/index.html | https://www.town.kumamoto-nishiki.lg.jp/kiji003376/3_376_6_chirashi.pdf"
"86650","https://www.town.kumamoto-nishiki.lg.jp/kiji003392/index.html","https://www.town.kumamoto-nishiki.lg.jp/kiji003392/index.html"
"86657","https://www.city.shimotsuke.lg.jp/0381/info-0000009001-3.html#10a0-6b07-e49f-f5a4-5c8ff056c71730a7","https://www.city.shimotsuke.lg.jp/0381/info-0000009001-3.html#10a0-6b07-e49f-f5a4-5c8ff056c71730a7"
"86659","https://www.city.zama.kanagawa.jp/bunkasports/sports/gekirei/1008488.html","https://www.city.zama.kanagawa.jp/bunkasports/sports/gekirei/1008488.html"
"86658","https://www.city.shimotsuke.lg.jp/0381/info-0000009001-3.html#1e1c-7aa8-be2b-9f04-5fa491e9fa1cea43","https://www.city.shimotsuke.lg.jp/0381/info-0000009001-3.html#1e1c-7aa8-be2b-9f04-5fa491e9fa1cea43"
"86660","https://www.city.shimotsuke.lg.jp/0381/info-0000009001-3.html#1def-275a-c2cb-5cfd-ea18dc04347dc82b","https://www.city.shimotsuke.lg.jp/0381/info-0000009001-3.html#1def-275a-c2cb-5cfd-ea18dc04347dc82b"
"86662","https://www.city.shimotsuke.lg.jp/0381/info-0000009001-3.html#31a8-c25f-2433-351f-12239c91f1e07755","https://www.city.shimotsuke.lg.jp/0381/info-0000009001-3.html#31a8-c25f-2433-351f-12239c91f1e07755"
"86661","https://www.town.taragi.lg.jp/gyousei/soshiki/nourinseibi/ringyoushinkou/hojyokin/2621.html","https://www.town.taragi.lg.jp/gyousei/soshiki/nourinseibi/ringyoushinkou/hojyokin/2621.html"
"86663","https://www.town.taragi.lg.jp/gyousei/soshiki/kikakukanko/mati_osirase/348.html","https://www.town.taragi.lg.jp/gyousei/soshiki/kikakukanko/mati_osirase/348.html"
"86665","https://www.town.taragi.lg.jp/gyousei/soshiki/sangyou/shoukougyoushinkou/syoukougyou/3250.html","https://www.town.taragi.lg.jp/gyousei/soshiki/sangyou/shoukougyoushinkou/syoukougyou/3250.html"
"86664","https://www.city.zama.kanagawa.jp/shisetsu/kyoiku/kouminkan/1009545.html","https://www.city.zama.kanagawa.jp/shisetsu/kyoiku/kouminkan/1009545.html"
"86667","https://www.town.taragi.lg.jp/gyousei/soshiki/sangyou/shoukougyoushinkou/syoukougyou/2947.html","https://www.town.taragi.lg.jp/gyousei/soshiki/sangyou/shoukougyoushinkou/syoukougyou/2947.html"
"86668","https://www.town.taragi.lg.jp/gyousei/soshiki/nourinseibi/ringyoushinkou/hojyokin/2729.html","https://www.town.taragi.lg.jp/gyousei/soshiki/nourinseibi/ringyoushinkou/hojyokin/2729.html"
"86674","https://www.vill.mizukami.lg.jp/q/aview/4/2710.html","https://www.vill.mizukami.lg.jp/q/aview/4/2710.html"
"86678","https://www.vill.yamae.lg.jp/kiji003682/index.html","https://www.vill.yamae.lg.jp/kiji003682/index.html"
"86676","https://www.vill.yamae.lg.jp/kiji003672/index.html","https://www.vill.yamae.lg.jp/kiji003672/index.html"
"86675","https://www.vill.sagara.lg.jp/q/aview/104/183.html","https://www.vill.sagara.lg.jp/q/aview/104/183.html"
"86679","https://www.vill.yamae.lg.jp/kiji003681/index.html","https://www.vill.yamae.lg.jp/kiji003681/index.html"
"86682","https://www.vill.yamae.lg.jp/kiji003373/index.html","https://www.vill.yamae.lg.jp/kiji003373/index.html"
"86680","https://www.vill.yamae.lg.jp/kiji003673/index.html","https://www.vill.yamae.lg.jp/kiji003673/index.html"
"86683","https://www.vill.yamae.lg.jp/kiji003258/index.html","https://www.vill.yamae.lg.jp/kiji003258/index.html"
"86685","https://www.vill.yamae.lg.jp/kiji003377/index.html","https://www.vill.yamae.lg.jp/kiji003377/index.html"
"86684","https://www.vill.yamae.lg.jp/kiji003670/index.html","https://www.vill.yamae.lg.jp/kiji003670/index.html"
"86688","https://www.city.narita.chiba.jp/kenko_fukushi/page147100_00002.html","https://www.city.narita.chiba.jp/kenko_fukushi/page147100_00002.html"
"86689","https://www.town.asagiri.lg.jp/q/aview/123/6176.html","https://www.town.asagiri.lg.jp/q/aview/123/6176.html"
"86686","https://www.vill.yamae.lg.jp/kiji003674/index.html","https://www.vill.yamae.lg.jp/kiji003674/index.html"
"86690","https://www.town.asagiri.lg.jp/q/aview/84/7641.html","https://www.town.asagiri.lg.jp/q/aview/84/7641.html"
"86691","https://www.town.asagiri.lg.jp/q/aview/114/8636.html","https://www.town.asagiri.lg.jp/q/aview/114/8636.html"
"86692","https://reihoku-kumamoto.jp/kiji003766/index.html","https://reihoku-kumamoto.jp/kiji003766/index.html"
"86702","https://www.city.imabari.ehime.jp/siminsankaku/siminseikatu/bouhantou/","https://www.city.imabari.ehime.jp/siminsankaku/siminseikatu/bouhantou/"
"86695","https://www.city.shimotsuke.lg.jp/0381/info-0000009001-3.html#bc2b-6c48-8127-25e9-00f9616b73410a25","https://www.city.shimotsuke.lg.jp/0381/info-0000009001-3.html#bc2b-6c48-8127-25e9-00f9616b73410a25"
"86696","https://www.city.imabari.ehime.jp/recycle/hojokin_shusekisisetu/","https://www.city.imabari.ehime.jp/recycle/hojokin_shusekisisetu/"
"86703","https://www.city.shimotsuke.lg.jp/0381/info-0000009001-3.html#b1a9-e341-d8fc-1eb5-ce0e1432ed2e3651","https://www.city.shimotsuke.lg.jp/0381/info-0000009001-3.html#b1a9-e341-d8fc-1eb5-ce0e1432ed2e3651"
"86704","https://www.city.imabari.ehime.jp/siminsankaku/siminseikatu/bouhantou/","https://www.city.imabari.ehime.jp/siminsankaku/siminseikatu/bouhantou/"
"86706","https://www.city.shimotsuke.lg.jp/0381/info-0000009001-3.html#e57f-f32d-c81e-e06b-15e72c87fc517cf3","https://www.city.shimotsuke.lg.jp/0381/info-0000009001-3.html#e57f-f32d-c81e-e06b-15e72c87fc517cf3"
"86707","https://www.city.imabari.ehime.jp/sangyou/genyukoutou/#012","https://www.city.imabari.ehime.jp/sangyou/genyukoutou/#012"
"86709","https://www.city.shimotsuke.lg.jp/0381/info-0000009001-3.html#a706-c116-2cff-58d0-cfd98db80a5271b7","https://www.city.shimotsuke.lg.jp/0381/info-0000009001-3.html#a706-c116-2cff-58d0-cfd98db80a5271b7"
"86708","https://www.city.imabari.ehime.jp/chiiki/kokyokotu/nishu/","https://www.city.imabari.ehime.jp/chiiki/kokyokotu/nishu/"
"86710","https://www.city.imabari.ehime.jp/nourin/zourinhojyo/","https://www.city.imabari.ehime.jp/nourin/zourinhojyo/"
"86712","https://www.city.uwajima.ehime.jp/soshiki/15/gomistation.html","https://www.city.uwajima.ehime.jp/soshiki/15/gomistation.html"
"86711","https://www.city.shimotsuke.lg.jp/0381/info-0000009001-3.html#9839-edfb-332a-a2ec-88cc35b5bb88e4d3","https://www.city.shimotsuke.lg.jp/0381/info-0000009001-3.html#9839-edfb-332a-a2ec-88cc35b5bb88e4d3"
"86717","https://www.city.bibai.hokkaido.jp/soshiki/8/8155.html","https://www.city.bibai.hokkaido.jp/soshiki/8/8155.html"
"86719","https://www.city.bibai.hokkaido.jp/soshiki/8/16780.html","https://www.city.bibai.hokkaido.jp/soshiki/8/16780.html"
"86718","https://www.city.yawatahama.ehime.jp/doc/2024110800020/","https://www.city.yawatahama.ehime.jp/doc/2024110800020/"
"86720","https://www.city.yawatahama.ehime.jp/doc/2016051900013/","https://www.city.yawatahama.ehime.jp/doc/2016051900013/"
"86723","https://www.city.yawatahama.ehime.jp/doc/2016062700015/","https://www.city.yawatahama.ehime.jp/doc/2016062700015/"
"86721","https://www.city.yawatahama.ehime.jp/doc/2024110800013/","https://www.city.yawatahama.ehime.jp/doc/2024110800013/"
"86724","https://www.city.yawatahama.ehime.jp/doc/2017080100023/","https://www.city.yawatahama.ehime.jp/doc/2017080100023/"
"86736","https://www.city.minamiuonuma.niigata.jp/ijyuteijyu/docs/26427.html","https://www.city.minamiuonuma.niigata.jp/ijyuteijyu/docs/26427.html"
"86739","https://www.city.zama.kanagawa.jp/fukushi/shogai/jigyousha/1002931.html","https://www.city.zama.kanagawa.jp/fukushi/shogai/jigyousha/1002931.html"
"86743","https://www.city.shimotsuke.lg.jp/0056/info-0000009139-3.html","https://www.city.shimotsuke.lg.jp/0056/info-0000009139-3.html"
"86744","https://www.town.anamizu.lg.jp/uploaded/attachment/101344.pdf","https://www.town.anamizu.lg.jp/page/100358.html | https://www.town.anamizu.lg.jp/uploaded/attachment/101344.pdf"
"86742","https://www.city.tainai.niigata.jp/sangyo/shokogyo/cyusyoukigyoutousien.html","https://www.city.tainai.niigata.jp/sangyo/shokogyo/cyusyoukigyoutousien.html"
"86745","https://www.city.kadoma.osaka.jp/machizukuri_rodo/kogyo/25831.html","https://www.city.kadoma.osaka.jp/machizukuri_rodo/kogyo/25831.html"
"86751","https://www.city.shimotsuke.lg.jp/0381/info-0000009001-3.html#a706-c116-2cff-58d0-cfd98db80a5271b7","https://www.city.shimotsuke.lg.jp/0381/info-0000009001-3.html#a706-c116-2cff-58d0-cfd98db80a5271b7"
"86750","https://www.city.tainai.niigata.jp/gyose/sogoseisasu/syuukaijyo.html","https://www.city.tainai.niigata.jp/gyose/sogoseisasu/syuukaijyo.html"
"86753","https://www.city.shimotsuke.lg.jp/0381/info-0000009001-3.html#7661-950b-27ff-ae21-bd7afa999b516531","https://www.city.shimotsuke.lg.jp/0381/info-0000009001-3.html#7661-950b-27ff-ae21-bd7afa999b516531"
"86756","https://www.city.minamiashigara.kanagawa.jp/kurashi/fukushi/kaigo/p04549.html","https://www.city.minamiashigara.kanagawa.jp/kurashi/fukushi/kaigo/p04549.html"
"86755","https://www.city.minamiashigara.kanagawa.jp/kurashi/bouan/bouhan/p04865.html","https://www.city.minamiashigara.kanagawa.jp/kurashi/bouan/bouhan/p04865.html"
"86757","https://www.city.tainai.niigata.jp/kurashi/sekatsu/gomi/kateigomigen.html","https://www.city.tainai.niigata.jp/kurashi/sekatsu/gomi/kateigomigen.html"
"86758","https://www.city.shimotsuke.lg.jp/0381/info-0000009001-3.html#367d-f709-887f-3e41-154e875aadad63d6","https://www.city.shimotsuke.lg.jp/0381/info-0000009001-3.html#367d-f709-887f-3e41-154e875aadad63d6"
"86759","https://www.city.shimotsuke.lg.jp/0381/info-0000009001-3.html#72e3-95ea-d279-2e06-9730ca0124c79873","https://www.city.shimotsuke.lg.jp/0381/info-0000009001-3.html#72e3-95ea-d279-2e06-9730ca0124c79873"
"86762","https://www.city.shimotsuke.lg.jp/0381/info-0000009001-3.html#e686-3a58-0ec7-c28d-7fb3bacecf0f027a","https://www.city.shimotsuke.lg.jp/0381/info-0000009001-3.html#e686-3a58-0ec7-c28d-7fb3bacecf0f027a"
"86764","https://www.town.suo-oshima.lg.jp/soshiki/7/1747.html","https://www.town.suo-oshima.lg.jp/soshiki/7/1747.html"
"86768","https://www.city.tamura.lg.jp/soshiki/66/syoukibohozyokin.html","https://www.city.tamura.lg.jp/soshiki/66/syoukibohozyokin.html"
"86771","https://k-yuchi.jp/wp/wp-content/uploads/2020/11/17_minamiashigara.pdf","https://www.city.minamiashigara.kanagawa.jp/business/syoukou/kigyou/ryokuka_hojyo_seido.html | https://k-yuchi.jp/wp/wp-content/uploads/2020/11/17_minamiashigara.pdf"
"86778","https://www.town.seiro.niigata.jp/kurashi08nougyou/03.html","https://www.town.seiro.niigata.jp/kurashi08nougyou/03.html"
"86777","https://www.city.ayase.kanagawa.jp/shigoto_sangyo_machizukuri/sangyoshinko/chushokigyotoshien/10555.html","https://www.city.ayase.kanagawa.jp/shigoto_sangyo_machizukuri/sangyoshinko/chushokigyotoshien/10555.html"
"86780","https://www.city.ayase.kanagawa.jp/shigoto_sangyo_machizukuri/sangyoshinko/chushokigyotoshien/10555.html","https://www.city.ayase.kanagawa.jp/shigoto_sangyo_machizukuri/sangyoshinko/chushokigyotoshien/10555.html"
"86781","https://www.city.ayase.kanagawa.jp/shigoto_sangyo_machizukuri/sangyoshinko/chushokigyotoshien/10555.html","https://www.city.ayase.kanagawa.jp/shigoto_sangyo_machizukuri/sangyoshinko/chushokigyotoshien/10555.html"
"86785","https://www.town.shiriuchi.hokkaido.jp/files/00001000/00001007/20200318162042.pdf","https://www.town.shiriuchi.hokkaido.jp/kanko/sangyo/ringyo/shuryomenkyo.html?u=1733332683 | https://www.town.shiriuchi.hokkaido.jp/files/00001000/00001007/20200318162042.pdf"
"86793","https://www.town.seiro.niigata.jp/sankan/11.html","https://www.town.seiro.niigata.jp/sankan/11.html"
"86787","https://www.town.shiriuchi.hokkaido.jp/kanko/sangyo/ringyo/moritomidori/ryokuka.html?u=1733332683","https://www.town.shiriuchi.hokkaido.jp/kanko/sangyo/ringyo/moritomidori/ryokuka.html?u=1733332683"
"86794","https://www.city.uonuma.lg.jp/page/1026513.html","https://www.city.uonuma.lg.jp/page/1026513.html"
"86808","https://www.city.yawatahama.ehime.jp/doc/2024112900018/","https://www.city.yawatahama.ehime.jp/doc/2024112900018/"
"86807","https://www.city.yawatahama.ehime.jp/doc/2022101700038/","https://www.city.yawatahama.ehime.jp/doc/2022101700038/"
"86806","https://www.city.yawatahama.ehime.jp/doc/2022042700029/","https://www.city.yawatahama.ehime.jp/doc/2022042700029/"
"86810","https://www.city.yawatahama.ehime.jp/doc/2017102700026/","https://www.city.yawatahama.ehime.jp/doc/2017102700026/"
"86819","https://www.town.tagami.niigata.jp/docs/8919.html","https://www.town.tagami.niigata.jp/docs/8919.html"
"86809","https://www.city.ebetsu.hokkaido.jp/soshiki/hoikuka/78408.html","https://www.city.ebetsu.hokkaido.jp/soshiki/hoikuka/78408.html"
"86822","https://www.town.tagami.niigata.jp/docs/8935.html","https://www.town.tagami.niigata.jp/docs/8935.html"
"86832","https://www.city.niihama.lg.jp/soshiki/nousui/choju-hojyo.html","https://www.city.niihama.lg.jp/soshiki/nousui/choju-hojyo.html"
"86831","https://www.city.ayase.kanagawa.jp/soshiki/fukushisomuka/shakaifukushi/438.html","https://www.city.ayase.kanagawa.jp/soshiki/fukushisomuka/shakaifukushi/438.html"
"86834","https://mombetsu.jp/business/?content=2058","https://mombetsu.jp/business/?content=2058"
"86835","https://www.city.niihama.lg.jp/soshiki/nousui/pomacea.html","https://www.city.niihama.lg.jp/soshiki/nousui/pomacea.html"
"86837","https://www.city.niihama.lg.jp/soshiki/chiiki/jichikai01.html#400","https://www.city.niihama.lg.jp/soshiki/chiiki/jichikai01.html#400"
"86841","https://www.town.hayama.lg.jp/soshiki/bousaianzen/2/12263.html","https://www.town.hayama.lg.jp/soshiki/bousaianzen/2/12263.html"
"86846","https://www.city.saijo.ehime.jp/soshiki/shiminkyodo/volunter-fukushi.html","https://www.city.saijo.ehime.jp/soshiki/shiminkyodo/volunter-fukushi.html"
"86843","https://www.city.saijo.ehime.jp/soshiki/nosuishinko/ganbarunoka.html","https://www.city.saijo.ehime.jp/soshiki/nosuishinko/ganbarunoka.html"
"86866","https://www.city.saijo.ehime.jp/soshiki/shiminkyodo/syuukaisyo-hozyo.html","https://www.city.saijo.ehime.jp/soshiki/shiminkyodo/syuukaisyo-hozyo.html"
"86847","https://mombetsu.jp/news/detail.html?content=355","https://mombetsu.jp/news/detail.html?content=355"
"86864","https://www.city.saijo.ehime.jp/soshiki/sportskenko/taikaihojokin.html","https://www.city.saijo.ehime.jp/soshiki/sportskenko/taikaihojokin.html"
"86874","https://www.city.iyo.lg.jp/shiminseikatsu/kurashi/gomi/kaishu/tesuryo.html","https://www.city.iyo.lg.jp/shiminseikatsu/kurashi/gomi/kaishu/tesuryo.html"
"86873","https://www.city.iyo.lg.jp/shakaikyouiku/download/gekireikin.html","https://www.city.iyo.lg.jp/shakaikyouiku/download/gekireikin.html"
"86876","https://www.city.saijo.ehime.jp/soshiki/nosuishinko/ganbarunoka.html","https://www.city.saijo.ehime.jp/soshiki/nosuishinko/ganbarunoka.html"
"86878","https://www.city.saijo.ehime.jp/soshiki/nosuishinko/ganbarunoka.html","https://www.city.saijo.ehime.jp/soshiki/nosuishinko/ganbarunoka.html"
"86883","https://www.city.seiyo.ehime.jp/kakuka/sangyo_kensetsu/ringyo/11119.html","https://www.city.seiyo.ehime.jp/kakuka/sangyo_kensetsu/ringyo/11119.html"
"86881","https://mombetsu.jp/news/detail.html?content=336","https://mombetsu.jp/news/detail.html?content=336"
"86887","https://www.city.toon.ehime.jp/soshiki/5/21691.html","https://www.city.toon.ehime.jp/soshiki/5/21691.html"
"86888","https://www.town.izumozaki.niigata.jp/chosei/shokou/ippinkaihatsu.html","https://www.town.izumozaki.niigata.jp/chosei/shokou/ippinkaihatsu.html"
"86891","https://www.town.ibaraki-yachiyo.lg.jp/page/page010501.html","https://www.town.ibaraki-yachiyo.lg.jp/page/page010501.html"
"86893","https://www.town.izumozaki.niigata.jp/chosei/shokou/sougyououenhojo.html","https://www.town.izumozaki.niigata.jp/chosei/shokou/sougyououenhojo.html"
"86897","https://www.city.shibetsu.lg.jp/material/files/group/1/kinkyusienreef.pdf","https://www.city.shibetsu.lg.jp/soshikikarasagasu/kaigohokenka/koreisyakakari/5439.html | https://www.city.shibetsu.lg.jp/material/files/group/1/kinkyusienreef.pdf | https://www.city.shibetsu.lg.jp/cgi-bin/inquiry.php/54?page_no=5439"
"86898","https://www.city.shibetsu.lg.jp/material/files/group/17/kizonjigyoureef202404.pdf","https://www.city.shibetsu.lg.jp/gyoseisaito/iryo_kenko_fukushi/kaigo_korei/1/1980.html#:~:text=%E4%BB%8B%E8%AD%B7%E5%BE%93%E4%BA%8B%E8%80%85%E7%A0%94%E4%BF%AE%E8%B2%BB%E8%A3%9C%E5%8A%A9%E9%87%91 | https://www.city.shibetsu.lg.jp/material/files/group/17/kizonjigyoureef202404.pdf"
"86901","https://www.city.shibetsu.lg.jp/material/files/group/17/kizonjigyoureef202404.pdf","https://www.city.shibetsu.lg.jp/gyoseisaito/iryo_kenko_fukushi/kaigo_korei/1/1980.html#:~:text=%E4%BB%8B%E8%AD%B7%E5%AE%9F%E7%BF%92%E7%94%9F%E7%AD%89%E5%8F%97%E5%85%A5%E6%94%AF%E6%8F%B4%E4%BA%8B%E6%A5%AD%E8%A3%9C%E5%8A%A9%E9%87%91 | https://www.city.shibetsu.lg.jp/material/files/group/17/kizonjigyoureef202404.pdf"
"86899","https://www.town.kamijima.lg.jp/soshiki/kanko-senryaku/12269.html","https://www.town.kamijima.lg.jp/soshiki/kanko-senryaku/12269.html"
"86900","https://www.city.shibetsu.lg.jp/material/files/group/17/kizonjigyoureef202404.pdf","https://www.city.shibetsu.lg.jp/gyoseisaito/iryo_kenko_fukushi/kaigo_korei/1/1980.html#:~:text=%E4%BB%8B%E8%AD%B7%E3%83%AD%E3%83%9C%E3%83%83%E3%83%88%E5%B0%8E%E5%85%A5%E6%94%AF%E6%8F%B4%E4%BA%8B%E6%A5%AD%E8%A3%9C%E5%8A%A9%E9%87%91 | https://www.city.shibetsu.lg.jp/material/files/group/17/kizonjigyoureef202404.pdf"
"86903","https://www.kumakogen.jp/soshiki/7/10163.html","https://www.kumakogen.jp/soshiki/7/10163.html"
"86906","https://www.kumakogen.jp/soshiki/5/11244.html","https://www.kumakogen.jp/soshiki/5/11244.html"
"86905","https://www.town.izumozaki.niigata.jp/chosei/noson/zorinjigyou.html","https://www.town.izumozaki.niigata.jp/chosei/noson/zorinjigyou.html"
"86907","https://www.kumakogen.jp/soshiki/5/11246.html","https://www.kumakogen.jp/soshiki/5/11246.html"
"86909","https://www.town.izumozaki.niigata.jp/kurashi/sumai/akiyasaiseikatuyou.html#%E7%A9%BA%E5%AE%B6%E5%BA%97%E8%88%97%E5%88%A9%E7%94%A8%E6%94%AF%E6%8F%B4%E4%BA%8B%E6%A5%AD","https://www.town.izumozaki.niigata.jp/kurashi/sumai/akiyasaiseikatuyou.html#%E7%A9%BA%E5%AE%B6%E5%BA%97%E8%88%97%E5%88%A9%E7%94%A8%E6%94%AF%E6%8F%B4%E4%BA%8B%E6%A5%AD"
"86908","https://www.kumakogen.jp/soshiki/5/11247.html","https://www.kumakogen.jp/soshiki/5/11247.html"
"86916","https://www.town.izumozaki.niigata.jp/bosai/jishu/bosai-hojokin.html","https://www.town.izumozaki.niigata.jp/bosai/jishu/bosai-hojokin.html"
"86912","https://www.town.masaki.ehime.jp/soshiki/16/19156.html","https://www.town.masaki.ehime.jp/soshiki/16/19156.html"
"86911","https://www.town.masaki.ehime.jp/uploaded/attachment/20165.pdf","https://www.town.masaki.ehime.jp/soshiki/46/27847.html | https://www.town.masaki.ehime.jp/uploaded/attachment/20165.pdf"
"86917","https://www.pref.fukui.lg.jp/doc/kodomo/baby-support-toilet.html","https://www.pref.fukui.lg.jp/doc/kodomo/baby-support-toilet.html"
"86920","https://www.city.nomi.ishikawa.jp/www/contents/1696296710290/simple/betuhyou.pdf","https://www.city.nomi.ishikawa.jp/www/contents/1696296710290/index.html | https://www.city.nomi.ishikawa.jp/www/contents/1696296710290/simple/betuhyou.pdf"
"86934","https://www.town.uchiko.ehime.jp/soshiki/8/134665.html","https://www.town.uchiko.ehime.jp/soshiki/8/134665.html"
"86938","https://www.town.uchiko.ehime.jp/uploaded/attachment/105937.pdf","https://www.town.uchiko.ehime.jp/soshiki/8/134825.html | https://www.town.uchiko.ehime.jp/uploaded/attachment/105937.pdf | https://www.town.uchiko.ehime.jp/uploaded/attachment/107887.pdf"
"86936","https://www.town.uchiko.ehime.jp/soshiki/8/134656.html","https://www.town.uchiko.ehime.jp/soshiki/8/134656.html"
"86935","https://www.city.tatebayashi.gunma.jp/s057/jigyousya/910/020/070/20241001134425.html","https://www.city.tatebayashi.gunma.jp/s057/jigyousya/910/020/070/20241001134425.html"
"86939","https://www.town.uchiko.ehime.jp/soshiki/8/denkibokusaku.html","https://www.town.uchiko.ehime.jp/soshiki/8/denkibokusaku.html"
"86941","https://www.town.uchiko.ehime.jp/soshiki/8/siitake.html","https://www.town.uchiko.ehime.jp/soshiki/8/siitake.html"
"86940","https://www.town.uchiko.ehime.jp/uploaded/attachment/103039.pdf","https://www.town.uchiko.ehime.jp/soshiki/8/nourindouijikanri.html | https://www.town.uchiko.ehime.jp/uploaded/attachment/103039.pdf"
"86942","https://www.town.uchiko.ehime.jp/soshiki/8/nouringyousisetuseibizigyouhozyokin.html","https://www.town.uchiko.ehime.jp/soshiki/8/nouringyousisetuseibizigyouhozyokin.html"
"86943","https://www.town.uchiko.ehime.jp/soshiki/18/zenkokutaikaiouen.html#:~:text=%E5%86%85%E5%AD%90%E7%94%BA%E3%81%8C%E3%82%93%E3%81%B0%E3%82%8B%E5%AD%90%E3%81%A9%E3%82%82%E5%BF%9C%E6%8F%B4%E9%87%91","https://www.town.uchiko.ehime.jp/soshiki/18/zenkokutaikaiouen.html#:~:text=%E5%86%85%E5%AD%90%E7%94%BA%E3%81%8C%E3%82%93%E3%81%B0%E3%82%8B%E5%AD%90%E3%81%A9%E3%82%82%E5%BF%9C%E6%8F%B4%E9%87%91"
"86944","https://www.town.uchiko.ehime.jp/soshiki/18/137422.html","https://www.town.uchiko.ehime.jp/soshiki/18/137422.html"
"86945","https://www.town.uchiko.ehime.jp/soshiki/18/137421.html","https://www.town.uchiko.ehime.jp/soshiki/18/137421.html"
"86947","https://www.town.uchiko.ehime.jp/soshiki/9/140753.html","https://www.town.uchiko.ehime.jp/soshiki/9/140753.html"
"86949","https://www.town.uchiko.ehime.jp/soshiki/10/kanenngomisyuusyuukagohojokinn.html","https://www.town.uchiko.ehime.jp/soshiki/10/kanenngomisyuusyuukagohojokinn.html"
"86950","https://www.town.uchiko.ehime.jp/soshiki/18/137423.html","https://www.town.uchiko.ehime.jp/soshiki/18/137423.html"
"86955","https://www.town.uchiko.ehime.jp/soshiki/6/shinsei-bouhantou-2.html#:~:text=%E9%98%B2%E7%8A%AF%E7%81%AFLED+%E6%94%B9%E4%BF%AE%E8%A3%9C%E5%8A%A9%E4%BA%8B%E6%A5%AD","https://www.town.uchiko.ehime.jp/soshiki/6/shinsei-bouhantou-2.html#:~:text=%E9%98%B2%E7%8A%AF%E7%81%AFLED+%E6%94%B9%E4%BF%AE%E8%A3%9C%E5%8A%A9%E4%BA%8B%E6%A5%AD"
"86952","https://www.town.uchiko.ehime.jp/site/ijyu/midorinomachi.html","https://www.town.uchiko.ehime.jp/site/ijyu/midorinomachi.html"
"86959","https://www.city.fukushima-date.lg.jp/soshiki/87/469.html","https://www.city.fukushima-date.lg.jp/soshiki/87/469.html"
"86961","https://www.town.ikata.ehime.jp/soshiki/52/13611.html","https://www.town.ikata.ehime.jp/soshiki/52/13611.html"
"86960","https://www.town.ikata.ehime.jp/soshiki/9/21907.html","https://www.town.ikata.ehime.jp/soshiki/9/21907.html"
"86964","https://www.city.miki.lg.jp/soshiki/31/76569.html","https://www.city.miki.lg.jp/soshiki/31/76569.html"
"86962","https://www.town.ikata.ehime.jp/soshiki/23/20127.html","https://www.town.ikata.ehime.jp/soshiki/23/20127.html"
"86965","https://www.town.ikata.ehime.jp/soshiki/23/20029.html","https://www.town.ikata.ehime.jp/soshiki/23/20029.html"
"86971","https://www.city.hikari.lg.jp/soshiki/7/syoukou/1/3120.html","https://www.city.hikari.lg.jp/soshiki/7/syoukou/1/3120.html"
"86982","https://www.town.ainan.ehime.jp/kurashi/tetsuduki/anshin/bohan/bouhantou.html","https://www.town.ainan.ehime.jp/kurashi/tetsuduki/anshin/bohan/bouhantou.html"
"86986","https://www.town.ainan.ehime.jp/kurashi/tetsuduki/kankyoeisei/hojo/nekohozyo.html","https://www.town.ainan.ehime.jp/kurashi/tetsuduki/kankyoeisei/hojo/nekohozyo.html"
"86993","https://www.town.ainan.ehime.jp/kurashi/business/sangyoshinko/hojo/files/chirashi_sougyou_shoukei.pdf","https://www.town.ainan.ehime.jp/kurashi/business/sangyoshinko/hojo/sougyou_jigyoushoukei.html | https://www.town.ainan.ehime.jp/kurashi/business/sangyoshinko/hojo/files/chirashi_sougyou_shoukei.pdf"
"86995","https://www.town.ainan.ehime.jp/kurashi/business/sangyoshinko/hojo/files/kigyouka_chirashi.pdf","https://www.town.ainan.ehime.jp/kurashi/business/sangyoshinko/hojo/kigyokashienjoseikin.html | https://www.town.ainan.ehime.jp/kurashi/business/sangyoshinko/hojo/files/kigyouka_chirashi.pdf"
"87004","https://www.town.ainan.ehime.jp/kurashi/business/sangyoshinko/hojo/kenshuhojo.html","https://www.town.ainan.ehime.jp/kurashi/business/sangyoshinko/hojo/kenshuhojo.html"
"87007","https://www.town.ainan.ehime.jp/kurashi/chosei/jinkenkyodo/danjokyodo/files/demaekouza.pdf","https://www.town.ainan.ehime.jp/kurashi/chosei/jinkenkyodo/danjokyodo/danzyosankakugakushu.html | https://www.town.ainan.ehime.jp/kurashi/chosei/jinkenkyodo/danjokyodo/files/demaekouza.pdf"
"87012","https://www.town.ainan.ehime.jp/kurashi/kyoikubunka/shogaigakushu/shakaikyoiku/wagasatodukuri.html","https://www.town.ainan.ehime.jp/kurashi/kyoikubunka/shogaigakushu/shakaikyoiku/wagasatodukuri.html"
"87010","https://www.town.ainan.ehime.jp/kurashi/business/noringyo/yaseichoju/tyoujugai-taisakuhojo.html","https://www.town.ainan.ehime.jp/kurashi/business/noringyo/yaseichoju/tyoujugai-taisakuhojo.html"
"87017","https://www.town.ainan.ehime.jp/kurashi/tetsuduki/anshin/bosai/jisyubou.html","https://www.town.ainan.ehime.jp/kurashi/tetsuduki/anshin/bosai/jisyubou.html"
"87014","https://www.town.ainan.ehime.jp/kurashi/tetsuduki/kankyoeisei/hojo/kankyohozen.html","https://www.town.ainan.ehime.jp/kurashi/tetsuduki/kankyoeisei/hojo/kankyohozen.html"
"87015","https://www.town.ainan.ehime.jp/norin/support/shien/hojo/yasaisanchi.html","https://www.town.ainan.ehime.jp/norin/support/shien/hojo/yasaisanchi.html"
"87019","https://www.town.ainan.ehime.jp/kurashi/tetsuduki/sumai/sonota/tikushukaizyobihinseibihozyo2019.html","https://www.town.ainan.ehime.jp/kurashi/tetsuduki/sumai/sonota/tikushukaizyobihinseibihozyo2019.html"
"87023","https://www.city.aki.kochi.jp/iju/info/shien.php#:~:text=%E5%AE%89%E8%8A%B8%E5%B8%82%E6%96%B0%E8%A6%8F%E5%B0%B1%E8%BE%B2%E6%8E%A8%E9%80%B2%E4%BA%8B%E6%A5%AD","https://www.city.aki.kochi.jp/iju/info/shien.php#:~:text=%E5%AE%89%E8%8A%B8%E5%B8%82%E6%96%B0%E8%A6%8F%E5%B0%B1%E8%BE%B2%E6%8E%A8%E9%80%B2%E4%BA%8B%E6%A5%AD"
"87024","https://www.city.aki.kochi.jp/iju/info/shien.php#:~:text=%E6%96%B0%E8%A6%8F%E5%B0%B1%E8%BE%B2%E8%80%85%E8%82%B2%E6%88%90%E7%B7%8F%E5%90%88%E5%AF%BE%E7%AD%96%EF%BC%88%E7%B5%8C%E5%96%B6%E9%96%8B%E5%A7%8B%E8%B3%87%E9%87%91%EF%BC%89","https://www.city.aki.kochi.jp/iju/info/shien.php#:~:text=%E6%96%B0%E8%A6%8F%E5%B0%B1%E8%BE%B2%E8%80%85%E8%82%B2%E6%88%90%E7%B7%8F%E5%90%88%E5%AF%BE%E7%AD%96%EF%BC%88%E7%B5%8C%E5%96%B6%E9%96%8B%E5%A7%8B%E8%B3%87%E9%87%91%EF%BC%89"
"87025","https://www.city.aki.kochi.jp/iju/info/shien.php#:~:text=%E6%96%B0%E8%A6%8F%E5%B0%B1%E8%BE%B2%E8%80%85%E8%82%B2%E6%88%90%E7%B7%8F%E5%90%88%E5%AF%BE%E7%AD%96%EF%BC%88%E7%B5%8C%E5%96%B6%E7%99%BA%E5%B1%95%E6%94%AF%E6%8F%B4%E4%BA%8B%E6%A5%AD%EF%BC%89","https://www.city.aki.kochi.jp/iju/info/shien.php#:~:text=%E6%96%B0%E8%A6%8F%E5%B0%B1%E8%BE%B2%E8%80%85%E8%82%B2%E6%88%90%E7%B7%8F%E5%90%88%E5%AF%BE%E7%AD%96%EF%BC%88%E7%B5%8C%E5%96%B6%E7%99%BA%E5%B1%95%E6%94%AF%E6%8F%B4%E4%BA%8B%E6%A5%AD%EF%BC%89"
"87026","https://www.city.aki.kochi.jp/iju/info/shien.php#:~:text=%E5%9C%92%E8%8A%B8%E7%94%A8%E3%83%8F%E3%82%A6%E3%82%B9%E6%95%B4%E5%82%99%E4%BA%8B%E6%A5%AD","https://www.city.aki.kochi.jp/iju/info/shien.php#:~:text=%E5%9C%92%E8%8A%B8%E7%94%A8%E3%83%8F%E3%82%A6%E3%82%B9%E6%95%B4%E5%82%99%E4%BA%8B%E6%A5%AD"
"87027","https://www.city.aki.kochi.jp/iju/info/shien.php#:~:text=%E6%96%B0%E8%A6%8F%E6%BC%81%E6%A5%AD%E5%B0%B1%E6%A5%AD%E8%80%85%E6%94%AF%E6%8F%B4%E4%BA%8B%E6%A5%AD+%EF%BC%88%E9%95%B7%E6%9C%9F%E7%A0%94%E4%BF%AE%EF%BC%89","https://www.city.aki.kochi.jp/iju/info/shien.php#:~:text=%E6%96%B0%E8%A6%8F%E6%BC%81%E6%A5%AD%E5%B0%B1%E6%A5%AD%E8%80%85%E6%94%AF%E6%8F%B4%E4%BA%8B%E6%A5%AD+%EF%BC%88%E9%95%B7%E6%9C%9F%E7%A0%94%E4%BF%AE%EF%BC%89"
"87029","https://www.city.aki.kochi.jp/life/dtl.php?hdnKey=6852","https://www.city.aki.kochi.jp/life/dtl.php?hdnKey=6852"
"87032","https://www.town.izumozaki.niigata.jp/kurashi/seikatsu/chiki-hojo.html","https://www.town.izumozaki.niigata.jp/kurashi/seikatsu/chiki-hojo.html"
"87035","https://www.town.yuzawa.lg.jp/kurashinojoho/kanko_sangyo_business/6/1/2320.html","https://www.town.yuzawa.lg.jp/kurashinojoho/kanko_sangyo_business/6/1/2320.html"
"87036","http://www.city.nayoro.lg.jp/section/kyouiku/prkeql000003bawj.html","http://www.city.nayoro.lg.jp/section/kyouiku/prkeql000003bawj.html"
"87038","https://www.town.yuzawa.lg.jp/soshikikarasagasu/kikkakusangyoukankoubu/kankyonorinka/2/2/2/1365.html","https://www.town.yuzawa.lg.jp/soshikikarasagasu/kikkakusangyoukankoubu/kankyonorinka/2/2/2/1365.html"
"87037","https://www.town.yuzawa.lg.jp/soshikikarasagasu/kikkakusangyoukankoubu/kankyonorinka/2/2/2/1363.html","https://www.town.yuzawa.lg.jp/soshikikarasagasu/kikkakusangyoukankoubu/kankyonorinka/2/2/2/1363.html"
"87044","https://www.city.tosa.lg.jp/life/detail.php?hdnKey=5632","https://www.city.tosa.lg.jp/life/detail.php?hdnKey=5632"
"87040","https://www.city.tosa.lg.jp/life/detail.php?hdnKey=1595","https://www.city.tosa.lg.jp/life/detail.php?hdnKey=1595 | https://www.city.tosa.lg.jp/download/?t=LD&id=1595&fid=10592"
"87043","https://www.city.tosa.lg.jp/life/detail.php?hdnKey=5780","https://www.city.tosa.lg.jp/life/detail.php?hdnKey=5780"
"87050","https://www.town.yuzawa.lg.jp/soshikikarasagasu/somubu/bousaikanzaika/1/3/611.html","https://www.town.yuzawa.lg.jp/soshikikarasagasu/somubu/bousaikanzaika/1/3/611.html"
"87045","https://www.city.seiyo.ehime.jp/kurashi/shigoto_sangyou/rinngyou/hojyo/8343.html","https://www.city.seiyo.ehime.jp/kurashi/shigoto_sangyou/rinngyou/hojyo/8343.html"
"87052","https://www.city.tosa.lg.jp/life/detail.php?hdnKey=5505","https://www.city.tosa.lg.jp/life/detail.php?hdnKey=5505"
"87054","https://www.city.tosa.lg.jp/life/detail.php?hdnKey=5504#:~:text=%E3%81%93%E3%81%A1%E3%82%89-,%E9%9B%86%E4%BC%9A%E6%89%80%E6%96%BD%E8%A8%AD%E6%95%B4%E5%82%99%E4%BA%8B%E6%A5%AD%E8%B2%BB%E8%A3%9C%E5%8A%A9%E9%87%91,-%E8%87%AA%E6%B2%BB%E4%BC%9A%E6%89%80%E6%9C%89","https://www.city.tosa.lg.jp/life/detail.php?hdnKey=5504#:~:text=%E3%81%93%E3%81%A1%E3%82%89-,%E9%9B%86%E4%BC%9A%E6%89%80%E6%96%BD%E8%A8%AD%E6%95%B4%E5%82%99%E4%BA%8B%E6%A5%AD%E8%B2%BB%E8%A3%9C%E5%8A%A9%E9%87%91,-%E8%87%AA%E6%B2%BB%E4%BC%9A%E6%89%80%E6%9C%89"
"87055","https://www.city.tosa.lg.jp/life/detail.php?hdnKey=5504#:~:text=%E9%98%B2%E7%8A%AF%E7%81%AF%E8%A8%AD%E7%BD%AE%E4%BA%8B%E6%A5%AD%E8%B2%BB%E8%A3%9C%E5%8A%A9%E9%87%91","https://www.city.tosa.lg.jp/life/detail.php?hdnKey=5504#:~:text=%E9%98%B2%E7%8A%AF%E7%81%AF%E8%A8%AD%E7%BD%AE%E4%BA%8B%E6%A5%AD%E8%B2%BB%E8%A3%9C%E5%8A%A9%E9%87%91"
"87053","https://www.town.yuzawa.lg.jp/soshikikarasagasu/somubu/bousaikanzaika/1/3/1270.html","https://www.town.yuzawa.lg.jp/soshikikarasagasu/somubu/bousaikanzaika/1/3/1270.html"
"87056","https://www.city.tosa.lg.jp/life/detail.php?hdnKey=5504#:~:text=%E5%9C%9F%E4%BD%90%E5%B8%82%E8%87%AA%E6%B2%BB%E4%BC%9A%E7%92%B0%E5%A2%83%E4%BA%A4%E4%BB%98%E9%87%91","https://www.city.tosa.lg.jp/life/detail.php?hdnKey=5504#:~:text=%E5%9C%9F%E4%BD%90%E5%B8%82%E8%87%AA%E6%B2%BB%E4%BC%9A%E7%92%B0%E5%A2%83%E4%BA%A4%E4%BB%98%E9%87%91"
"87062","https://www.city.mikasa.hokkaido.jp/hotnews/detail/00002292.html","https://www.city.mikasa.hokkaido.jp/hotnews/detail/00002292.html"
"87058","https://www.city.tosa.lg.jp/life/detail.php?hdnKey=5504#:~:text=%E5%9C%9F%E4%BD%90%E5%B8%82%E9%81%93%E8%B7%AF%E3%83%BB%E6%B2%B3%E5%B7%9D%E8%A3%9C%E4%BF%AE%E8%8D%89%E5%88%88%E3%82%8A%E6%B5%9A%E6%B8%AB%E7%AD%89%E6%94%AF%E6%8F%B4%E4%BA%8B%E6%A5%AD%E8%A3%9C%E5%8A%A9%E9%87%91","https://www.city.tosa.lg.jp/life/detail.php?hdnKey=5504#:~:text=%E5%9C%9F%E4%BD%90%E5%B8%82%E9%81%93%E8%B7%AF%E3%83%BB%E6%B2%B3%E5%B7%9D%E8%A3%9C%E4%BF%AE%E8%8D%89%E5%88%88%E3%82%8A%E6%B5%9A%E6%B8%AB%E7%AD%89%E6%94%AF%E6%8F%B4%E4%BA%8B%E6%A5%AD%E8%A3%9C%E5%8A%A9%E9%87%91"
"87063","https://www.town.yuzawa.lg.jp/soshikikarasagasu/kikkakusangyoukankoubu/kikakukankouka/5/6/615.html","https://www.town.yuzawa.lg.jp/soshikikarasagasu/kikkakusangyoukankoubu/kikakukankouka/5/6/615.html"
"87065","https://www.city.sukumo.kochi.jp/docs-07/p0702.html","https://www.city.sukumo.kochi.jp/docs-07/p0702.html"
"87064","https://www.town.yuzawa.lg.jp/soshikikarasagasu/kikkakusangyoukankoubu/kikakukankouka/5/1/3811.html","https://www.town.yuzawa.lg.jp/soshikikarasagasu/kikkakusangyoukankoubu/kikakukankouka/5/1/3811.html"
"87085","https://www.pref.shimane.lg.jp/medical/kenko/iryo/shimaneno_iryo/yousikitou.html","https://www.pref.shimane.lg.jp/medical/kenko/iryo/shimaneno_iryo/yousikitou.html"
"87067","https://www.city.matsudo.chiba.jp/matsudodeikiiki/jigyosha/jigyousya/kakutan.html","https://www.city.matsudo.chiba.jp/matsudodeikiiki/jigyosha/jigyousya/kakutan.html"
"87078","https://www.rinya.maff.go.jp/j/seibi/zourinkikaku/attach/pdf/shinrinseibi_aramashi-55.pdf","https://www.rinya.maff.go.jp/j/seibi/zourinkikaku/shinrinseibi_aramashi.html | https://www.rinya.maff.go.jp/j/seibi/zourinkikaku/attach/pdf/shinrinseibi_aramashi-55.pdf"
"87092","https://www.city.tomioka.lg.jp/www/contents/1651124276073/index.html","https://www.city.tomioka.lg.jp/www/contents/1651124276073/index.html"
"87090","https://www.city.tomioka.lg.jp/www/contents/1561506978495/index.html","https://www.city.tomioka.lg.jp/www/contents/1561506978495/index.html"
"87091","https://www.city.sukumo.kochi.jp/docs-14/hojokinn0326.html","https://www.city.sukumo.kochi.jp/docs-14/hojokinn0326.html"
"87093","https://www.city.sukumo.kochi.jp/docs-07/1839.html#:~:text=%E3%81%84%E3%81%BE%E3%81%99%E3%80%82-,%E5%AE%BF%E6%AF%9B%E5%B8%82%E6%9C%89%E5%AE%B3%E9%B3%A5%E7%8D%A3%E8%A2%AB%E5%AE%B3%E9%98%B2%E6%AD%A2%E5%AF%BE%E7%AD%96%E4%BA%8B%E6%A5%AD%E8%B2%BB%E8%A3%9C%E5%8A%A9%E9%87%91,-%E8%BE%B2%E7%94%A3%E7%89%A9%E3%81%AB","https://www.city.sukumo.kochi.jp/docs-07/1839.html#:~:text=%E3%81%84%E3%81%BE%E3%81%99%E3%80%82-,%E5%AE%BF%E6%AF%9B%E5%B8%82%E6%9C%89%E5%AE%B3%E9%B3%A5%E7%8D%A3%E8%A2%AB%E5%AE%B3%E9%98%B2%E6%AD%A2%E5%AF%BE%E7%AD%96%E4%BA%8B%E6%A5%AD%E8%B2%BB%E8%A3%9C%E5%8A%A9%E9%87%91,-%E8%BE%B2%E7%94%A3%E7%89%A9%E3%81%AB"
"87094","https://www.city.tosashimizu.kochi.jp/kurashi/section/nourin/14221.html","https://www.city.tosashimizu.kochi.jp/kurashi/section/nourin/14221.html"
"87095","https://www.city.tomioka.lg.jp/www/contents/1682045526427/index.html","https://www.city.tomioka.lg.jp/www/contents/1682045526427/index.html"
"87098","https://policies.env.go.jp/policy/roadmap/supports/#other","https://policies.env.go.jp/policy/roadmap/supports/#other"
"87099","https://www.city.tomioka.lg.jp/www/contents/1581580298534/index.html","https://www.city.tomioka.lg.jp/www/contents/1581580298534/index.html"
"87101","https://www.city.tosashimizu.kochi.jp/kurashi/section/tourism/16554.html#:~:text=%E5%9C%9F%E4%BD%90%E6%B8%85%E6%B0%B4%E5%B8%82%E7%A9%BA%E3%81%8D%E5%BA%97%E8%88%97%E5%AF%BE%E7%AD%96%E4%BA%8B%E6%A5%AD%E8%B2%BB%E8%A3%9C%E5%8A%A9%E9%87%91%EF%BC%88%E5%95%86%E5%BA%97%E8%A1%97%E7%AD%89%E3%81%AE%E7%A9%BA%E3%81%8D%E5%BA%97%E8%88%97%E6%94%B9%E4%BF%AE%EF%BC%89","https://www.city.tosashimizu.kochi.jp/kurashi/section/tourism/16554.html#:~:text=%E5%9C%9F%E4%BD%90%E6%B8%85%E6%B0%B4%E5%B8%82%E7%A9%BA%E3%81%8D%E5%BA%97%E8%88%97%E5%AF%BE%E7%AD%96%E4%BA%8B%E6%A5%AD%E8%B2%BB%E8%A3%9C%E5%8A%A9%E9%87%91%EF%BC%88%E5%95%86%E5%BA%97%E8%A1%97%E7%AD%89%E3%81%AE%E7%A9%BA%E3%81%8D%E5%BA%97%E8%88%97%E6%94%B9%E4%BF%AE%EF%BC%89"
"87104","https://www.city.tosashimizu.kochi.jp/kurashi/section/tourism/16554.html#:~:text=%E5%9C%9F%E4%BD%90%E6%B8%85%E6%B0%B4%E5%B8%82%E4%B8%AD%E5%B1%B1%E9%96%93%E5%9C%B0%E5%9F%9F%E5%95%86%E6%A5%AD%E6%A9%9F%E8%83%BD%E7%B6%AD%E6%8C%81%E6%94%AF%E6%8F%B4%E4%BA%8B%E6%A5%AD%E8%B2%BB%E8%A3%9C%E5%8A%A9%E9%87%91%EF%BC%88%E4%B8%AD%E5%B1%B1%E9%96%93%E5%9C%B0%E5%9F%9F%E3%81%AE%E7%A9%BA%E3%81%8D%E5%BA%97%E8%88%97%E6%94%B9%E4%BF%AE%E3%81%AA%E3%81%A9%EF%BC%89","https://www.city.tosashimizu.kochi.jp/kurashi/section/tourism/16554.html#:~:text=%E5%9C%9F%E4%BD%90%E6%B8%85%E6%B0%B4%E5%B8%82%E4%B8%AD%E5%B1%B1%E9%96%93%E5%9C%B0%E5%9F%9F%E5%95%86%E6%A5%AD%E6%A9%9F%E8%83%BD%E7%B6%AD%E6%8C%81%E6%94%AF%E6%8F%B4%E4%BA%8B%E6%A5%AD%E8%B2%BB%E8%A3%9C%E5%8A%A9%E9%87%91%EF%BC%88%E4%B8%AD%E5%B1%B1%E9%96%93%E5%9C%B0%E5%9F%9F%E3%81%AE%E7%A9%BA%E3%81%8D%E5%BA%97%E8%88%97%E6%94%B9%E4%BF%AE%E3%81%AA%E3%81%A9%EF%BC%89"
"87103","https://www.asukamura.jp/shigoto_nogyo_yugaijyu-hojokin.html","https://www.asukamura.jp/shigoto_nogyo_yugaijyu-hojokin.html"
"87105","https://www.chisou.go.jp/sousei/about/kouhukin/pdf/denenkohukin_2024_gaiyou.pdf","https://www.chisou.go.jp/sousei/about/mirai/policy/policy1.html | https://www.chisou.go.jp/sousei/about/kouhukin/pdf/denenkohukin_2024_gaiyou.pdf"
"87106","https://www.city.tosashimizu.kochi.jp/kurashi/section/nourin/009.html","https://www.city.tosashimizu.kochi.jp/kurashi/section/nourin/009.html"
"87109","https://www.city.tosashimizu.kochi.jp/kurashi/section/kikikanri/012.html","https://www.city.tosashimizu.kochi.jp/kurashi/section/kikikanri/012.html"
"87107","https://www.chisou.go.jp/sousei/about/kouhukin/pdf/denenkohukin_2024_gaiyou.pdf","https://www.chisou.go.jp/sousei/about/kouhukin/kyotenseibi/index.html | https://www.chisou.go.jp/sousei/about/kouhukin/pdf/denenkohukin_2024_gaiyou.pdf"
"87111","https://www.mlit.go.jp/toshi/content/001736405.pdf","https://www.mlit.go.jp/toshi/toshi_gairo_fr_000015.html | https://www.mlit.go.jp/toshi/content/001736405.pdf"
"87118","https://www.mlit.go.jp/toshi/content/001735611.pdf","https://www.mlit.go.jp/toshi/crd_machi_tk_000012.html | https://www.mlit.go.jp/toshi/content/001735611.pdf"
"87113","https://www.mlit.go.jp/toshi/crd_machi_tk_000013.html","https://www.mlit.go.jp/toshi/crd_machi_tk_000013.html"
"87128","https://www.city.tomioka.lg.jp/www/contents/1461033665826/index.html","https://www.city.tomioka.lg.jp/www/contents/1461033665826/index.html"
"87126","https://policies.env.go.jp/policy/roadmap/supports/#other","https://policies.env.go.jp/policy/roadmap/supports/#other"
"87119","https://www.minto.or.jp/products/support/regenerate/","https://www.minto.or.jp/products/support/regenerate/"
"87130","https://policies.env.go.jp/policy/roadmap/supports/#other","https://policies.env.go.jp/policy/roadmap/supports/#other"
"87141","https://www.city.kochi-konan.lg.jp/1/7519.html","https://www.city.kochi-konan.lg.jp/1/7519.html"
"87143","https://www.city.nemuro.hokkaido.jp/material/files/group/19/syatakusintirasi.pdf","https://www.city.nemuro.hokkaido.jp/lifeinfo/kakuka/suisankeizaibu/shoukoukankou/gyoumuannai/6/13545.html | https://www.city.nemuro.hokkaido.jp/material/files/group/19/syatakusintirasi.pdf"
"87146","https://www.city.nemuro.hokkaido.jp/lifeinfo/kakuka/shiminfukushibu/kaigofukusi/oshirase/11104.html","https://www.city.nemuro.hokkaido.jp/lifeinfo/kakuka/shiminfukushibu/kaigofukusi/oshirase/11104.html"
"87149","https://policies.env.go.jp/policy/roadmap/supports/#other","https://policies.env.go.jp/policy/roadmap/supports/#other"
"87150","https://www.city.nemuro.hokkaido.jp/lifeinfo/kakuka/suisankeizaibu/shoukoukankou/gyoumuannai/shuurousien/1280.html","https://www.city.nemuro.hokkaido.jp/lifeinfo/kakuka/suisankeizaibu/shoukoukankou/gyoumuannai/shuurousien/1280.html"
"87152","https://www.town.motoyama.kochi.jp/soshikikarasagasu/machizukurisuishinka/4/2202.html","https://www.town.motoyama.kochi.jp/soshikikarasagasu/machizukurisuishinka/4/2202.html"
"87167","https://www.pref.kanagawa.jp/zei/kenzei/a001/b004/index.html#sintai","https://www.pref.kanagawa.jp/zei/kenzei/a001/b004/index.html#sintai"
"87154","https://it-bridge.okinawa/guide/11116/","https://it-bridge.okinawa/guide/11116/"
"87168","https://www.town.ino.kochi.jp/shigoto/shoko/sangyo_shien/8449/","https://www.town.ino.kochi.jp/shigoto/shoko/sangyo_shien/8449/"
"87172","https://www.town.niyodogawa.lg.jp/life/life_dtl.php?hdnKey=1848","https://www.town.niyodogawa.lg.jp/life/life_dtl.php?hdnKey=1848"
"87174","https://www.town.niyodogawa.lg.jp/life/life_dtl.php?hdnKey=1646","https://www.town.niyodogawa.lg.jp/life/life_dtl.php?hdnKey=1646"
"87180","https://www.vill.hidaka.kochi.jp/kurashi/child_category_free_page.cgi?SITE_ID=1&CATEGORY_ID=3&CATEGORY_ID2=13&CATEGORY_ID3=1&CATEGORY_ID4=1&FREE_PAGE_ID=37","https://www.vill.hidaka.kochi.jp/kurashi/child_category_free_page.cgi?SITE_ID=1&CATEGORY_ID=3&CATEGORY_ID2=13&CATEGORY_ID3=1&CATEGORY_ID4=1&FREE_PAGE_ID=37"
"87176","https://www.town.tsunan.niigata.jp/soshiki/zeimuchomin/gomi-shuseki.html","https://www.town.tsunan.niigata.jp/soshiki/zeimuchomin/gomi-shuseki.html"
"87177","https://www.vill.hidaka.kochi.jp/kurashi/child_category_free_page.cgi?SITE_ID=1&CATEGORY_ID=3&CATEGORY_ID2=13&CATEGORY_ID3=1&CATEGORY_ID4=1&FREE_PAGE_ID=42","https://www.vill.hidaka.kochi.jp/kurashi/child_category_free_page.cgi?SITE_ID=1&CATEGORY_ID=3&CATEGORY_ID2=13&CATEGORY_ID3=1&CATEGORY_ID4=1&FREE_PAGE_ID=42"
"87181","https://www.vill.hidaka.kochi.jp/kurashi/child_category_free_page.cgi?SITE_ID=1&CATEGORY_ID=3&CATEGORY_ID2=13&CATEGORY_ID3=1&CATEGORY_ID4=1&FREE_PAGE_ID=650","https://www.vill.hidaka.kochi.jp/kurashi/child_category_free_page.cgi?SITE_ID=1&CATEGORY_ID=3&CATEGORY_ID2=13&CATEGORY_ID3=1&CATEGORY_ID4=1&FREE_PAGE_ID=650"
"87182","https://www.town.tsunan.niigata.jp/soshiki/somu/community.html","https://www.town.tsunan.niigata.jp/soshiki/somu/community.html"
"87183","https://www.vill.hidaka.kochi.jp/kurashi/child_category_free_page.cgi?SITE_ID=1&CATEGORY_ID=3&CATEGORY_ID2=13&CATEGORY_ID3=1&CATEGORY_ID4=1&FREE_PAGE_ID=38","https://www.vill.hidaka.kochi.jp/kurashi/child_category_free_page.cgi?SITE_ID=1&CATEGORY_ID=3&CATEGORY_ID2=13&CATEGORY_ID3=1&CATEGORY_ID4=1&FREE_PAGE_ID=38"
"87184","https://www.maff.go.jp/j/seisan/tokusan/kansho/k_antei_taisaku/index.html","https://www.maff.go.jp/j/seisan/tokusan/kansho/k_antei_taisaku/index.html | https://www.maff.go.jp/j/press/nousan/chiiki/241211.html"
"87185","https://www.city.tajimi.lg.jp/kurashi/bosai/bosai/jisyubousaisoshiki/documents/tirashiomote.pdf","https://www.city.tajimi.lg.jp/kurashi/bosai/bosai/jisyubousaisoshiki/shienjigyo.html | https://www.city.tajimi.lg.jp/kurashi/bosai/bosai/jisyubousaisoshiki/documents/tirashiomote.pdf | https://www.city.tajimi.lg.jp/kurashi/bosai/bosai/jisyubousaisoshiki/documents/zisyubousaiura.pdf"
"87186","https://www.town.tsunan.niigata.jp/soshiki/kensetsu/johaisetsu.html","https://www.town.tsunan.niigata.jp/soshiki/kensetsu/johaisetsu.html"
"87187","https://www.town.tsunan.niigata.jp/soshiki/somu/kekkon-deai.html","https://www.town.tsunan.niigata.jp/soshiki/somu/kekkon-deai.html"
"87188","https://www.town.tsunan.niigata.jp/soshiki/somu/jinzaiikusei.html","https://www.town.tsunan.niigata.jp/soshiki/somu/jinzaiikusei.html"
"87192","https://www.city.ishioka.lg.jp/shigoto_sangyo_machi/kigyoricchi/keieikigyo_shien/page010488.html","https://www.city.ishioka.lg.jp/shigoto_sangyo_machi/kigyoricchi/keieikigyo_shien/page010488.html"
"87194","https://www.city.beppu.oita.jp/sisei/sports/sports_syorei.html","https://www.city.beppu.oita.jp/sisei/sports/sports_syorei.html"
"87201","https://www.city.beppu.oita.jp/seikatu/kankyou_gomi/g_recycle_center/hojyokin.html","https://www.city.beppu.oita.jp/seikatu/kankyou_gomi/g_recycle_center/hojyokin.html"
"87208","https://www.city-nakatsu.jp/doc/2024052300169/","https://www.city-nakatsu.jp/doc/2024052300169/"
"87221","https://saga888.jp/support/hard/","https://saga888.jp/support/hard/"
"87219","https://www.city.saga-kashima.lg.jp/main/23974.html","https://www.city.saga-kashima.lg.jp/main/23974.html"
"87222","https://www.city.saga-kashima.lg.jp/main/3071.html","https://www.city.saga-kashima.lg.jp/main/3071.html"
"87233","https://www.iwami.gr.jp/secure/7831/%E8%A3%9C%E5%8A%A9%E5%AF%BE%E8%B1%A1%E3%81%A8%E3%81%AA%E3%82%8B%E5%B7%A5%E4%BA%8B%E3%81%A8%E8%A3%9C%E5%8A%A9%E9%87%91%E3%81%AE%E9%99%90%E5%BA%A6%E9%A1%8D.pdf","https://www.iwami.gr.jp/2823.htm | https://www.iwami.gr.jp/secure/7831/%E8%A3%9C%E5%8A%A9%E5%AF%BE%E8%B1%A1%E3%81%A8%E3%81%AA%E3%82%8B%E5%B7%A5%E4%BA%8B%E3%81%A8%E8%A3%9C%E5%8A%A9%E9%87%91%E3%81%AE%E9%99%90%E5%BA%A6%E9%A1%8D.pdf"
"87224","https://www.city.kurayoshi.lg.jp/1468.htm","https://www.city.kurayoshi.lg.jp/1468.htm"
"87234","https://www.town.tsuno.lg.jp/article?articleId=674e464d2b3d016979cb83fa","https://www.town.tsuno.lg.jp/article?articleId=674e464d2b3d016979cb83fa"
"87236","https://www.city.kurayoshi.lg.jp/6932.htm","https://www.city.kurayoshi.lg.jp/6932.htm"
"87237","https://www.city-nakatsu.jp/doc/2020032700035/","https://www.city-nakatsu.jp/doc/2020032700035/"
"87239","https://www.city.kurayoshi.lg.jp/8652.htm","https://www.city.kurayoshi.lg.jp/8652.htm"
"87243","https://www.city.hita.oita.jp/material/files/group/28/20230512002.pdf","https://www.city.hita.oita.jp/sougyoukigyou/ringyou/ringyo_hojo/14979.html | https://www.city.hita.oita.jp/material/files/group/28/20230512002.pdf"
"87242","https://www.city.hita.oita.jp/sougyoukigyou/ringyou/ringyo_hojo/4871.html","https://www.city.hita.oita.jp/sougyoukigyou/ringyou/ringyo_hojo/4871.html"
"87241","https://www.city.hita.oita.jp/sougyoukigyou/ringyou/ringyo_hojo/4868.html","https://www.city.hita.oita.jp/sougyoukigyou/ringyou/ringyo_hojo/4868.html"
"87245","https://www.city.kurayoshi.lg.jp/1432.htm","https://www.city.kurayoshi.lg.jp/1432.htm"
"87248","https://www.city.hita.oita.jp/soshiki/kikakushinko/machi/chiikikatsudo/torikumi/hojyo/2267.html","https://www.city.hita.oita.jp/soshiki/kikakushinko/machi/chiikikatsudo/torikumi/hojyo/2267.html"
"87250","https://www.city.hita.oita.jp/soshiki/kikakushinko/machi/shiminkyodo/shimin_shien/shimin_shien/3052.html","https://www.city.hita.oita.jp/soshiki/kikakushinko/machi/shiminkyodo/shimin_shien/shimin_shien/3052.html"
"87262","https://www.city.arida.lg.jp/sangyoshigoto/shokogyo/1001159.html","https://www.city.arida.lg.jp/sangyoshigoto/shokogyo/1001159.html"
"87254","https://www.town.shimanto.lg.jp/life/detail.php?hdnKey=11621","https://www.town.shimanto.lg.jp/life/detail.php?hdnKey=11621"
"87258","https://www.city.hita.oita.jp/material/files/group/27/nofukurenkei9.pdf","https://www.city.hita.oita.jp/soshiki/norinshinkobu/nogyoshinkoka/ninaite/sangyo/nogyo/17208.html | https://www.city.hita.oita.jp/material/files/group/27/nofukurenkei9.pdf"
"87270","https://www.city.hita.oita.jp/soshiki/kyoikucho/taiikuhokenka/sports/sports/2977.html","https://www.city.hita.oita.jp/soshiki/kyoikucho/taiikuhokenka/sports/sports/2977.html"
"87272","https://www.city.hita.oita.jp/shisetsu/bunka_geijutu/7240.html","https://www.city.hita.oita.jp/shisetsu/bunka_geijutu/7240.html"
"87271","https://www.vill.kariwa.niigata.jp/www/service/detail.jsp?id=6389","https://www.vill.kariwa.niigata.jp/www/service/detail.jsp?id=6389"
"87273","https://www.vill.kariwa.niigata.jp/www/service/detail.jsp?id=7205","https://www.vill.kariwa.niigata.jp/www/service/detail.jsp?id=7205"
"87274","https://www.city.hita.oita.jp/kurashi/seikatsu/kankyo/hojokin/4627.html","https://www.city.hita.oita.jp/kurashi/seikatsu/kankyo/hojokin/4627.html"
"87275","https://www.vill.kariwa.niigata.jp/www/service/detail.jsp?id=7206","https://www.vill.kariwa.niigata.jp/www/service/detail.jsp?id=7206"
"87278","https://www.vill.kariwa.niigata.jp/www/service/detail.jsp?id=7650","https://www.vill.kariwa.niigata.jp/www/service/detail.jsp?id=7650"
"87277","https://www.city.hita.oita.jp/kurashi/seikatsu/kankyo/hojokin/4623.html","https://www.city.hita.oita.jp/kurashi/seikatsu/kankyo/hojokin/4623.html"
"87276","https://www.maff.go.jp/j/seisan/tokusan/kansho/k_antei_taisaku/index.html","https://www.maff.go.jp/j/seisan/tokusan/kansho/k_antei_taisaku/index.html | https://www.maff.go.jp/j/press/nousan/chiiki/241211.html"
"87279","https://www.city.hita.oita.jp/soshiki/shiminkankyobu/kankyoka/seikatsukankyo/seikatu/gomi/2576.html","https://www.city.hita.oita.jp/soshiki/shiminkankyobu/kankyoka/seikatsukankyo/seikatu/gomi/2576.html"
"87280","https://www.vill.kariwa.niigata.jp/www/service/detail.jsp?id=7698","https://www.vill.kariwa.niigata.jp/www/service/detail.jsp?id=7698"
"87282","https://www.vill.kariwa.niigata.jp/www/service/detail.jsp?id=7192","https://www.vill.kariwa.niigata.jp/www/service/detail.jsp?id=7192"
"87285","https://www.city.saiki.oita.jp/kiji0033548/index.html","https://www.city.saiki.oita.jp/kiji0033548/index.html"
"87295","https://www.city.usuki.oita.jp/docs/2014020700220/","https://www.city.usuki.oita.jp/docs/2014020700220/"
"87287","https://www.city.saiki.oita.jp/kiji0034683/3_4683_26046_up_a83vrtpk.pdf","https://www.city.saiki.oita.jp/kiji0034683/index.html | https://www.city.saiki.oita.jp/kiji0034683/3_4683_26046_up_a83vrtpk.pdf"
"87309","https://www.vill.kariwa.niigata.jp/www/service/detail.jsp?id=7193","https://www.vill.kariwa.niigata.jp/www/service/detail.jsp?id=7193"
"87304","https://www.city.usuki.oita.jp/docs/2019062100014/","https://www.city.usuki.oita.jp/docs/2019062100014/"
"87296","https://www.city.usuki.oita.jp/article/2020072800016/","https://www.city.usuki.oita.jp/article/2020072800016/"
"87311","https://www.vill.kariwa.niigata.jp/open/service//000000077_0000017276.pdf","https://www.vill.kariwa.niigata.jp/www/service/detail.jsp?id=6834 | https://www.vill.kariwa.niigata.jp/open/service//000000077_0000017276.pdf"
"87316","https://www.city.bungotakada.oita.jp/soshiki/14/3085.html","https://www.city.bungotakada.oita.jp/soshiki/14/3085.html"
"87312","https://www.vill.kariwa.niigata.jp/open/service//000000077_0000017261.pdf","https://www.vill.kariwa.niigata.jp/www/service/detail.jsp?id=6833 | https://www.vill.kariwa.niigata.jp/open/service//000000077_0000017261.pdf"
"87322","https://www.city.kitsuki.lg.jp/material/files/group/13/R6kitsukibrand_support_flyer.pdf","https://www.city.kitsuki.lg.jp/soshiki/1/syoukou_kankou/brand/11294.html | https://www.city.kitsuki.lg.jp/material/files/group/13/R6kitsukibrand_support_flyer.pdf"
"87324","https://www.town.tadotsu.kagawa.jp/material/files/group/10/sienngaido.pdf","https://www.town.tadotsu.kagawa.jp/shigoto_sangyo/shokogyo/kigyo_sogyoshien/2478.html | https://www.town.tadotsu.kagawa.jp/material/files/group/10/sienngaido.pdf"
"87317","https://www.city.bungotakada.oita.jp/site/bousai/1643.html","https://www.city.bungotakada.oita.jp/site/bousai/1643.html"
"87326","https://www.city.kitsuki.lg.jp/soshiki/1/machidukuri/community/10970.html","https://www.city.kitsuki.lg.jp/soshiki/1/machidukuri/community/10970.html"
"87332","https://www.city.usa.oita.jp/sougo/jigyosha/1/5/7326.html","https://www.city.usa.oita.jp/sougo/jigyosha/1/5/7326.html"
"87327","https://www.city.kitsuki.lg.jp/soshiki/7/bunka/sports/5470.html","https://www.city.kitsuki.lg.jp/soshiki/7/bunka/sports/5470.html"
"87335","https://www.city.usa.oita.jp/sougo/jigyosha/1/5/7325.html","https://www.city.usa.oita.jp/sougo/jigyosha/1/5/7325.html"
"87338","https://www.city.usa.oita.jp/sougo/hozyo/kurashi/20611.html","https://www.city.usa.oita.jp/sougo/hozyo/kurashi/20611.html"
"87337","https://www.city.usa.oita.jp/material/files/group/16/kyoutyou1.pdf","https://www.city.usa.oita.jp/sougo/hozyo/kurashi/21378.html | https://www.city.usa.oita.jp/material/files/group/16/kyoutyou1.pdf"
"87339","https://www.city.usa.oita.jp/sougo/soshiki/11/seikatsukankyo/hozen/hojokin_kankyouhozen/1986.html","https://www.city.usa.oita.jp/sougo/soshiki/11/seikatsukankyo/hozen/hojokin_kankyouhozen/1986.html"
"87350","https://www.city.usa.oita.jp/material/files/group/30/07152.pdf","https://www.city.usa.oita.jp/sougo/hozyo/kankyou/14793.html | https://www.city.usa.oita.jp/material/files/group/30/07152.pdf"
"87353","https://www.city.usa.oita.jp/sougo/hozyo/tiikikatudou/10322.html","https://www.city.usa.oita.jp/sougo/hozyo/tiikikatudou/10322.html"
"87354","https://www.city.usa.oita.jp/sougo/soshiki/13/ringyosuisan/2/3/16948.html","https://www.city.usa.oita.jp/sougo/soshiki/13/ringyosuisan/2/3/16948.html"
"87357","https://www.city.usa.oita.jp/sougo/soshiki/13/ringyosuisan/2/3/16952.html","https://www.city.usa.oita.jp/sougo/soshiki/13/ringyosuisan/2/3/16952.html"
"87361","https://www.bungo-ohno.jp/docs/2024082900056/","https://www.bungo-ohno.jp/docs/2024082900056/"
"87365","https://www.bungo-ohno.jp/docs/2015031200037/#:~:text=%E6%B3%95%E4%BA%BA%E5%B0%B1%E8%BE%B2%E6%94%AF%E6%8F%B4%E4%BA%A4%E4%BB%98%E9%87%91","https://www.bungo-ohno.jp/docs/2015031200037/#:~:text=%E6%B3%95%E4%BA%BA%E5%B0%B1%E8%BE%B2%E6%94%AF%E6%8F%B4%E4%BA%A4%E4%BB%98%E9%87%91"
"87367","https://www.bungo-ohno.jp/docs/2015031200020/#:~:text=%E8%B1%8A%E5%BE%8C%E5%A4%A7%E9%87%8E%E5%B8%82%E8%A6%AA%E5%85%83%E5%B0%B1%E8%BE%B2%E7%B5%A6%E4%BB%98%E9%87%91","https://www.bungo-ohno.jp/docs/2015031200020/#:~:text=%E8%B1%8A%E5%BE%8C%E5%A4%A7%E9%87%8E%E5%B8%82%E8%A6%AA%E5%85%83%E5%B0%B1%E8%BE%B2%E7%B5%A6%E4%BB%98%E9%87%91"
"87366","https://www.bungo-ohno.jp/docs/2015031200020/#:~:text=%E8%B1%8A%E5%BE%8C%E5%A4%A7%E9%87%8E%E5%B8%82%E6%96%B0%E8%A6%8F%E5%B0%B1%E8%BE%B2%E6%94%AF%E6%8F%B4%E4%BA%A4%E4%BB%98%E9%87%91","https://www.bungo-ohno.jp/docs/2015031200020/#:~:text=%E8%B1%8A%E5%BE%8C%E5%A4%A7%E9%87%8E%E5%B8%82%E6%96%B0%E8%A6%8F%E5%B0%B1%E8%BE%B2%E6%94%AF%E6%8F%B4%E4%BA%A4%E4%BB%98%E9%87%91"
"87368","https://www.bungo-ohno.jp/docs/2015022000189/#:~:text=%E3%80%8C%E8%B1%8A%E5%BE%8C%E5%A4%A7%E9%87%8E%E5%B8%82%E6%8B%85%E3%81%84%E6%89%8B%E7%B5%8C%E5%96%B6%E5%BC%B7%E5%8C%96%E5%AF%BE%E7%AD%96%E4%BA%8B%E6%A5%AD%E3%80%8D","https://www.bungo-ohno.jp/docs/2015022000189/#:~:text=%E3%80%8C%E8%B1%8A%E5%BE%8C%E5%A4%A7%E9%87%8E%E5%B8%82%E6%8B%85%E3%81%84%E6%89%8B%E7%B5%8C%E5%96%B6%E5%BC%B7%E5%8C%96%E5%AF%BE%E7%AD%96%E4%BA%8B%E6%A5%AD%E3%80%8D"
"87378","https://www.city.motomiya.lg.jp/uploaded/attachment/10468.pdf","https://www.city.motomiya.lg.jp/soshiki/16/nousei-hojo.html#:~:text=%EF%BC%881%EF%BC%89%E7%89%B9%E7%94%A3%E4%BD%9C%E7%89%A9%E6%8C%AF%E8%88%88%E4%BA%8B%E6%A5%AD%20%5BPDF%E3%83%95%E3%82%A1%E3%82%A4%E3%83%AB%EF%BC%8F113KB%5D | https://www.city.motomiya.lg.jp/uploaded/attachment/10468.pdf"
"87372","https://www.city.takaoka.toyama.jp/material/files/group/17/shareoffice2.pdf","https://www.city.takaoka.toyama.jp/soshiki/shogyokoyoka/2/2/3/2807.html | https://www.city.takaoka.toyama.jp/material/files/group/17/shareoffice2.pdf"
"87380","https://www.city.motomiya.lg.jp/uploaded/attachment/10469.pdf","https://www.city.motomiya.lg.jp/soshiki/16/nousei-hojo.html#:~:text=%E6%9C%89%E5%AE%B3%E9%B3%A5%E7%8D%A3%E8%A2%AB%E5%AE%B3%E9%98%B2%E6%AD%A2%E8%B3%87%E6%9D%90%E8%B3%BC%E5%85%A5%E4%BA%8B%E6%A5%AD%20%5BPDF%E3%83%95%E3%82%A1%E3%82%A4%E3%83%AB%EF%BC%8F122KB%5D | https://www.city.motomiya.lg.jp/uploaded/attachment/10469.pdf"
"87382","https://www.city.yufu.oita.jp/kurashi/bousai/article_81870/article_81872","https://www.city.yufu.oita.jp/kurashi/bousai/article_81870/article_81872"
"87383","https://www.city.yufu.oita.jp/kurashi/bousai/article_81870/article_81871","https://www.city.yufu.oita.jp/kurashi/bousai/article_81870/article_81871"
"87387","https://www.city.motomiya.lg.jp/uploaded/attachment/10470.pdf","https://www.city.motomiya.lg.jp/soshiki/16/nousei-hojo.html#:~:text=%E9%81%8A%E4%BC%91%E8%BE%B2%E5%9C%B0%E5%AF%BE%E7%AD%96%E4%BA%8B%E6%A5%AD%20%5BPDF%E3%83%95%E3%82%A1%E3%82%A4%E3%83%AB%EF%BC%8F120KB%5D | https://www.city.motomiya.lg.jp/uploaded/attachment/10470.pdf"
"87390","https://www.city.motomiya.lg.jp/uploaded/attachment/9895.pdf","https://www.city.motomiya.lg.jp/soshiki/16/nousei-hojo.html#:~:text=%E8%82%A5%E8%82%B2%E7%B4%A0%E7%89%9B%E3%83%BB%E5%84%AA%E8%89%AF%E4%B9%B3%E7%94%A8%E7%89%9B%E3%83%BB%E5%84%AA%E8%89%AF%E7%B9%81%E6%AE%96%E7%89%9B%E5%B0%8E%E5%85%A5%E4%BA%8B%E6%A5%AD%20%5BPDF%E3%83%95%E3%82%A1%E3%82%A4%E3%83%AB%EF%BC%8F72KB%5D | https://www.city.motomiya.lg.jp/uploaded/attachment/9895.pdf"
"87388","https://www.city.motomiya.lg.jp/uploaded/attachment/10471.pdf","https://www.city.motomiya.lg.jp/soshiki/16/nousei-hojo.html#:~:text=%E5%9C%9F%E5%9C%B0%E6%94%B9%E8%89%AF%E4%BA%8B%E6%A5%AD%20%5BPDF%E3%83%95%E3%82%A1%E3%82%A4%E3%83%AB%EF%BC%8F104KB%5D | https://www.city.motomiya.lg.jp/uploaded/attachment/10471.pdf"
"87391","https://www.city.motomiya.lg.jp/uploaded/attachment/13692.pdf","https://www.city.motomiya.lg.jp/soshiki/16/nousei-hojo.html#:~:text=%E8%AA%8D%E5%AE%9A%E8%BE%B2%E6%A5%AD%E8%80%85%E8%82%B2%E6%88%90%E6%94%AF%E6%8F%B4%E4%BA%8B%E6%A5%AD%20%5BPDF%E3%83%95%E3%82%A1%E3%82%A4%E3%83%AB%EF%BC%8F61KB%5D | https://www.city.motomiya.lg.jp/uploaded/attachment/13692.pdf"
"87392","https://www.city.motomiya.lg.jp/uploaded/attachment/10473.pdf","https://www.city.motomiya.lg.jp/soshiki/16/nousei-hojo.html#:~:text=%E7%97%85%E5%AE%B3%E8%99%AB%EF%BC%88%E3%82%AB%E3%83%A1%E3%83%A0%E3%82%B7%EF%BC%89%E9%98%B2%E9%99%A4%E8%A3%9C%E5%8A%A9%E9%87%91%20%5BPDF%E3%83%95%E3%82%A1%E3%82%A4%E3%83%AB%EF%BC%8F132KB%5D | https://www.city.motomiya.lg.jp/uploaded/attachment/10473.pdf"
"87394","https://www.city.takaoka.toyama.jp/material/files/group/61/tetudukisetumei.pdf","https://www.city.takaoka.toyama.jp/soshiki/kyoikuiinkai_shogaigakushu_sportska/2/1/1/2670.html | https://www.city.takaoka.toyama.jp/material/files/group/61/tetudukisetumei.pdf"
"87395","https://www.town.hiji.lg.jp/lifestagekarasagasu/hojoseido/kurashi/2068.html","https://www.town.hiji.lg.jp/lifestagekarasagasu/hojoseido/kurashi/2068.html"
"87404","https://www.town.kusu.oita.jp/soshiki/kensetsusuidoka/1/2/2/5437.html","https://www.town.kusu.oita.jp/soshiki/kensetsusuidoka/1/2/2/5437.html"
"87402","https://www.city.takaoka.toyama.jp/soshiki/koreikaigoka/2/1/8/10585.html","https://www.city.takaoka.toyama.jp/soshiki/koreikaigoka/2/1/8/10585.html"
"87406","https://www.city.chitose.lg.jp/docs/25550.html","https://www.city.chitose.lg.jp/docs/25550.html"
"87407","https://www.city.takaoka.toyama.jp/soshiki/nochirimmuka/1/5/1/2172.html","https://www.city.takaoka.toyama.jp/soshiki/nochirimmuka/1/5/1/2172.html"
"87411","https://www.city.natori.miyagi.jp/page/19767.html","https://www.city.natori.miyagi.jp/page/19767.html"
"87412","https://www.city.rikuzentakata.iwate.jp/bosai_anzen/bosai_shobo/shobo/3/8675.html","https://www.city.rikuzentakata.iwate.jp/bosai_anzen/bosai_shobo/shobo/3/8675.html"
"87422","https://www.city.shunan.lg.jp/uploaded/attachment/91599.pdf","https://www.city.shunan.lg.jp/soshiki/44/2856.html | https://www.city.shunan.lg.jp/uploaded/attachment/91599.pdf"
"87423","https://www.town.noto.lg.jp/open/info/0000026559.pdf","https://www.town.noto.lg.jp/www/info/detail.jsp?common_id=21850 | https://www.town.noto.lg.jp/open/info/0000026559.pdf"
"87439","https://www.city.sasebo.lg.jp/bunspo/sports/06taikaisyutujyousyoureikin.html","https://www.city.sasebo.lg.jp/bunspo/sports/06taikaisyutujyousyoureikin.html"
"87440","https://www.city.sasebo.lg.jp/keizai/syouko/miryokuaruhojyokin.html","https://www.city.sasebo.lg.jp/keizai/syouko/miryokuaruhojyokin.html"
"87442","https://www.city.sasebo.lg.jp/kankyo/recycl/sebi.html","https://www.city.sasebo.lg.jp/kankyo/recycl/sebi.html"
"87443","https://www.city.sasebo.lg.jp/siminseikatu/comkyo/hojokin.html","https://www.city.sasebo.lg.jp/siminseikatu/comkyo/hojokin.html"
"87449","https://www.city.sasebo.lg.jp/tiikimirai/koukou/basumatiaisyoseibihozyokin.html","https://www.city.sasebo.lg.jp/tiikimirai/koukou/basumatiaisyoseibihozyokin.html"
"87448","https://www.city.sasebo.lg.jp/siminseikatu/simian/hojokin.html","https://www.city.sasebo.lg.jp/siminseikatu/simian/hojokin.html"
"87452","https://www.city.sasebo.lg.jp/keizai/kankou/documents/4ff54951002.pdf","https://www.city.sasebo.lg.jp/keizai/kankou/shinkosedo.html | https://www.city.sasebo.lg.jp/keizai/kankou/documents/4ff54951002.pdf"
"87453","https://www.city.sasebo.lg.jp/doboku/dobokui/kusakari.html","https://www.city.sasebo.lg.jp/doboku/dobokui/kusakari.html"
"87455","https://www.city.sasebo.lg.jp/suidokyoku/suijsi/suigenchikusakari.html","https://www.city.sasebo.lg.jp/suidokyoku/suijsi/suigenchikusakari.html"
"87456","https://www.city.sasebo.lg.jp/nougyo/nougyo/josekin.html","https://www.city.sasebo.lg.jp/nougyo/nougyo/josekin.html"
"87461","https://www.city.takaoka.toyama.jp/soshiki/kenchikuseisakuka/2/3/4/10473.html","https://www.city.takaoka.toyama.jp/soshiki/kenchikuseisakuka/2/3/4/10473.html"
"87462","https://www.city.yatsushiro.lg.jp/kiji00323280/index.html","https://www.city.yatsushiro.lg.jp/kiji00323280/index.html"
"87464","https://www.town.koori.fukushima.jp/kurashi/business_industrial/shigoto/2/11543.html","https://www.town.koori.fukushima.jp/kurashi/business_industrial/shigoto/2/11543.html"
"87468","https://www.city.shimabara.lg.jp/page5601.html","https://www.city.shimabara.lg.jp/page5601.html | https://www.city.shimabara.lg.jp/common/UploadFileOutput.ashx?c_id=3&id=5601&sub_id=6&flid=44762"
"87465","https://www.city.takaoka.toyama.jp/soshiki/bunkakokusaika/1/5/4942.html","https://www.city.takaoka.toyama.jp/soshiki/bunkakokusaika/1/5/4942.html"
"87472","https://www.city.shimabara.lg.jp/page16915.html?type=search&q=%e8%a3%9c%e5%8a%a9%e9%87%91&radiobutton=4&now_P=2&show_num=20&sc_id=2","https://www.city.shimabara.lg.jp/page16915.html?type=search&q=%e8%a3%9c%e5%8a%a9%e9%87%91&radiobutton=4&now_P=2&show_num=20&sc_id=2"
"87477","https://www.city.shimabara.lg.jp/page1912.html?type=search&q=%e4%ba%8b%e6%a5%ad&radiobutton=4&now_P=5&show_num=20&sc_id=2","https://www.city.shimabara.lg.jp/page1912.html?type=search&q=%e4%ba%8b%e6%a5%ad&radiobutton=4&now_P=5&show_num=20&sc_id=2 | https://www.city.shimabara.lg.jp/common/UploadFileOutput.ashx?c_id=3&id=1912&sub_id=8&flid=61890"
"87479","https://www.city.isahaya.nagasaki.jp/soshiki/38/1760.html","https://www.city.isahaya.nagasaki.jp/soshiki/38/1760.html"
"87481","https://www.city.isahaya.nagasaki.jp/soshiki/41/1729.html","https://www.city.isahaya.nagasaki.jp/soshiki/41/1729.html"
"87482","https://www.city.takikawa.lg.jp/page/1677.html","https://www.city.takikawa.lg.jp/page/1677.html"
"87487","https://www.city.yonago.lg.jp/secure/45179/nukaka1.pdf","https://www.city.yonago.lg.jp/36050.htm | https://www.city.yonago.lg.jp/secure/45179/nukaka1.pdf"
"87505","https://www.city.kusatsu.shiga.jp/kurashi/sangyobusiness/sangyo/hojyo/kigyourittisokusin.html","https://www.city.kusatsu.shiga.jp/kurashi/sangyobusiness/sangyo/hojyo/kigyourittisokusin.html"
"87499","https://www.town.onjuku.chiba.jp/sub4/1/101.html","https://www.town.onjuku.chiba.jp/sub4/1/101.html"
"87488","https://www.city.taku.lg.jp/soshiki/10/32502.html","https://www.city.taku.lg.jp/soshiki/10/32502.html"
"87509","https://www.city.hirado.nagasaki.jp/kurashi/industry/syokou/hojyo/files/1111.pdf","https://www.city.hirado.nagasaki.jp/kurashi/industry/syokou/hojyo/2024-0611-1555-118.html | https://www.city.hirado.nagasaki.jp/kurashi/industry/syokou/hojyo/files/1111.pdf"
"87506","https://www.city.hirado.nagasaki.jp/kurashi/industry/syokou/hojyo/hj04.html","https://www.city.hirado.nagasaki.jp/kurashi/industry/syokou/hojyo/hj04.html"
"87510","https://www.city.hirado.nagasaki.jp/kurashi/gyosei/kyodou/hojyo/hj09.html","https://www.city.hirado.nagasaki.jp/kurashi/gyosei/kyodou/hojyo/hj09.html"
"87513","https://www.city.uozu.toyama.jp/guide/svGuideDtl.aspx?servno=14641&cdkb=ctg&cd=4801&topkb=G","https://www.city.uozu.toyama.jp/guide/svGuideDtl.aspx?servno=14641&cdkb=ctg&cd=4801&topkb=G"
"87511","https://www.city.kusatsu.shiga.jp/kurashi/sangyobusiness/sangyo/hojyo/ricchisokushinhozyo.files/chirashi.pdf","https://www.city.kusatsu.shiga.jp/kurashi/sangyobusiness/sangyo/hojyo/ricchisokushinhozyo.html | https://www.city.kusatsu.shiga.jp/kurashi/sangyobusiness/sangyo/hojyo/ricchisokushinhozyo.files/chirashi.pdf"
"87512","https://www.city.hirado.nagasaki.jp/kurashi/culture/sports/sp04.html","https://www.city.hirado.nagasaki.jp/kurashi/culture/sports/sp04.html"
"87514","https://www.city.nago.okinawa.jp/kurashi/2020060200019/","https://www.city.nago.okinawa.jp/kurashi/2020060200019/"
"87517","https://www.city.uozu.toyama.jp/guide/svGuideDtl.aspx?servno=1161&cdkb=ctg&cd=4803&topkb=G","https://www.city.uozu.toyama.jp/guide/svGuideDtl.aspx?servno=1161&cdkb=ctg&cd=4803&topkb=G"
"87515","https://www.city.hirado.nagasaki.jp/kurashi/culture/kouryu/kokusai/kokusai04.html","https://www.city.hirado.nagasaki.jp/kurashi/culture/kouryu/kokusai/kokusai04.html"
"87519","https://www.city.hirado.nagasaki.jp/kurashi/culture/sports/josei/2024-0705-1500-139.html","https://www.city.hirado.nagasaki.jp/kurashi/culture/sports/josei/2024-0705-1500-139.html"
"87524","https://www.city.uozu.toyama.jp/guide/svGuideDtl.aspx?servno=21761","https://www.city.uozu.toyama.jp/guide/svGuideDtl.aspx?servno=21761"
"87531","https://www.city.tsushima.nagasaki.jp/gyousei/mokuteki/10/machidukuri/2896.html","https://www.city.tsushima.nagasaki.jp/gyousei/mokuteki/10/machidukuri/2896.html"
"87532","https://www.city.tsushima.nagasaki.jp/gyousei/mokuteki/10/sonota/2742.html","https://www.city.tsushima.nagasaki.jp/gyousei/mokuteki/10/sonota/2742.html"
"87542","https://www.city.iki.nagasaki.jp/soshiki/shimin/ippan/9241.html","https://www.city.iki.nagasaki.jp/soshiki/shimin/ippan/9241.html"
"87534","https://www.city.kasama.lg.jp/data/doc/1733113788_doc_38_0.pdf","https://www.city.kasama.lg.jp/page/page015762.html | https://www.city.kasama.lg.jp/data/doc/1733113788_doc_38_0.pdf"
"87551","https://www.city.kusatsu.shiga.jp/kurashi/sangyobusiness/sangyo/hojyo/startup.files/gaiyou.pdf","https://www.city.kusatsu.shiga.jp/kurashi/sangyobusiness/sangyo/hojyo/startup.html | https://www.city.kusatsu.shiga.jp/kurashi/sangyobusiness/sangyo/hojyo/startup.files/gaiyou.pdf"
"87548","https://www.city.higashiomi.shiga.jp/cmsfiles/contents/0000018/18234/chirashi.pdf","https://www.city.higashiomi.shiga.jp/0000018234.html | https://www.city.higashiomi.shiga.jp/cmsfiles/contents/0000018/18234/chirashi.pdf | https://www.city.higashiomi.shiga.jp/module/shareform.php?so_cd=30-3-0-0-0"
"87549","https://www.city.kusatsu.shiga.jp/kosodate/hoikukyoiku/hoikuen/yoji1.html","https://www.city.kusatsu.shiga.jp/kosodate/hoikukyoiku/hoikuen/yoji1.html"
"87555","https://www.city.kofu.yamanashi.jp/nogyoshinko/documents/oyamoto.pdf","https://www.city.kofu.yamanashi.jp/nogyoshinko/hojojigyou.html#:~:text=%E8%A6%AA%E5%85%83%E5%B0%B1%E8%BE%B2%E8%80%85%E7%B5%8C%E5%96%B6%E5%AE%89%E5%AE%9A%E6%94%AF%E6%8F%B4%E4%BA%8B%E6%A5%AD%EF%BC%88PDF%EF%BC%9A413KB%EF%BC%89 | https://www.city.kofu.yamanashi.jp/nogyoshinko/documents/oyamoto.pdf"
"87559","https://www.town.abu.lg.jp/guide/%E9%98%BF%E6%AD%A6%E7%94%BA%E8%B5%B7%E6%A5%AD%E5%8C%96%E6%94%AF%E6%8F%B4%E8%A3%9C%E5%8A%A9%E9%87%91%E4%BA%A4%E4%BB%98%E4%BA%8B%E6%A5%AD/","https://www.town.abu.lg.jp/guide/%E9%98%BF%E6%AD%A6%E7%94%BA%E8%B5%B7%E6%A5%AD%E5%8C%96%E6%94%AF%E6%8F%B4%E8%A3%9C%E5%8A%A9%E9%87%91%E4%BA%A4%E4%BB%98%E4%BA%8B%E6%A5%AD/"
"87557","https://www.town.oyodo.lg.jp/contents_detail.php?frmId=1639","https://www.town.oyodo.lg.jp/contents_detail.php?frmId=1639"
"87568","https://www.town.abu.lg.jp/7092/","https://www.town.abu.lg.jp/7092/"
"87564","https://www.city.takasago.lg.jp/soshikikarasagasu/sangyoshinkoka/sangyoshinko/4/1/1880.html","https://www.city.takasago.lg.jp/soshikikarasagasu/sangyoshinkoka/sangyoshinko/4/1/1880.html"
"87571","https://www.town.nishikatsura.yamanashi.jp/Info/904","https://www.town.nishikatsura.yamanashi.jp/Info/904"
"87573","https://www.town.kaminoseki.lg.jp/%e5%ba%83%e5%b3%b6%e5%ba%83%e5%9f%9f%e9%83%bd%e5%b8%82%e5%9c%8f%e7%89%a9%e7%94%a3%e5%b1%95%e7%ad%89%e8%a6%b3%e5%85%89%ef%bd%90%ef%bd%92%e3%82%a4%e3%83%99%e3%83%b3%e3%83%88%e5%87%ba%e5%ba%97%e4%ba%8b.html","https://www.town.kaminoseki.lg.jp/%e5%ba%83%e5%b3%b6%e5%ba%83%e5%9f%9f%e9%83%bd%e5%b8%82%e5%9c%8f%e7%89%a9%e7%94%a3%e5%b1%95%e7%ad%89%e8%a6%b3%e5%85%89%ef%bd%90%ef%bd%92%e3%82%a4%e3%83%99%e3%83%b3%e3%83%88%e5%87%ba%e5%ba%97%e4%ba%8b.html"
"87593","https://www.town.koori.fukushima.jp/kurashi/business_industrial/nogyo/anti_vermin/6064.html","https://www.town.koori.fukushima.jp/kurashi/business_industrial/nogyo/anti_vermin/6064.html"
"87574","https://www.town.kaminoseki.lg.jp/%e9%81%8e%e7%96%8e%e5%9c%b0%e5%9f%9f%e5%86%85%e7%ad%89%e3%81%ab%e3%81%8a%e3%81%91%e3%82%8b%e5%9b%ba%e5%ae%9a%e8%b3%87%e7%94%a3%e7%a8%8e%e3%81%ae%e7%89%b9%e4%be%8b%e3%81%ab.html#:~:text=%E5%8F%82%E7%85%A7%E3%81%8F%E3%81%A0%E3%81%95%E3%81%84%E3%80%82-,%E9%81%8E%E7%96%8E,-%E5%9C%B0%E5%9F%9F%E3%81%AE%E6%8C%81%E7%B6%9A","https://www.town.kaminoseki.lg.jp/%e9%81%8e%e7%96%8e%e5%9c%b0%e5%9f%9f%e5%86%85%e7%ad%89%e3%81%ab%e3%81%8a%e3%81%91%e3%82%8b%e5%9b%ba%e5%ae%9a%e8%b3%87%e7%94%a3%e7%a8%8e%e3%81%ae%e7%89%b9%e4%be%8b%e3%81%ab.html#:~:text=%E5%8F%82%E7%85%A7%E3%81%8F%E3%81%A0%E3%81%95%E3%81%84%E3%80%82-,%E9%81%8E%E7%96%8E,-%E5%9C%B0%E5%9F%9F%E3%81%AE%E6%8C%81%E7%B6%9A"
"87602","https://www.town.hayama.lg.jp/soshiki/kankyou/1/5/13144.html","https://www.town.hayama.lg.jp/soshiki/kankyou/1/5/13144.html"
"87599","https://www.city.goto.nagasaki.jp/s060/020/010/010/020/010/011/20190316135418.html","https://www.city.goto.nagasaki.jp/s060/020/010/010/020/010/011/20190316135418.html"
"87600","https://www.city.ayase.kanagawa.jp/kurashi_tetsuzuki/zumai/kankyokanrenhojokin/8758.html","https://www.city.ayase.kanagawa.jp/kurashi_tetsuzuki/zumai/kankyokanrenhojokin/8758.html"
"87603","https://www.town.hayama.lg.jp/material/files/group/7/gaiyou.pdf","https://www.town.hayama.lg.jp/soshiki/bousaianzen/koutuubouhann/14953.html | https://www.town.hayama.lg.jp/material/files/group/7/gaiyou.pdf"
"87608","https://www.town.samukawa.kanagawa.jp/download/nogyo/syoko/1485495934154.html","https://www.town.samukawa.kanagawa.jp/download/nogyo/syoko/1485495934154.html"
"87609","https://www.city.uozu.toyama.jp/guide/svGuideDtl.aspx?servno=22548","https://www.city.uozu.toyama.jp/guide/svGuideDtl.aspx?servno=22548"
"87622","https://www.city.uozu.toyama.jp/attach/EDIT/044/044401.pdf","https://www.city.uozu.toyama.jp/guide/svGuideDtl.aspx?servno=1160 | https://www.city.uozu.toyama.jp/attach/EDIT/044/044401.pdf"
"87624","https://www.city.uozu.toyama.jp/attach/EDIT/055/055625.pdf","https://www.city.uozu.toyama.jp/guide/svGuideDtl.aspx?servno=1160 | https://www.city.uozu.toyama.jp/attach/EDIT/055/055625.pdf"
"87623","https://www.city.uozu.toyama.jp/attach/EDIT/044/044403.pdf","https://www.city.uozu.toyama.jp/guide/svGuideDtl.aspx?servno=1160 | https://www.city.uozu.toyama.jp/attach/EDIT/044/044403.pdf"
"87632","https://www.city.saikai.nagasaki.jp/soshiki/choju/1/1/9591.html","https://www.city.saikai.nagasaki.jp/soshiki/choju/1/1/9591.html"
"87629","https://www.city.saikai.nagasaki.jp/soshiki/norin/1/2/5145.html","https://www.city.saikai.nagasaki.jp/soshiki/norin/1/2/5145.html"
"87631","https://www.city.saikai.nagasaki.jp/soshiki/choju/1/1/8398.html","https://www.city.saikai.nagasaki.jp/soshiki/choju/1/1/8398.html"
"87633","https://www.town.tako.chiba.jp/docs/2022031500012/","https://www.town.tako.chiba.jp/docs/2022031500012/"
"87640","https://www.city.katsushika.lg.jp/_res/projects/default_project/_page_/001/037/173/cma1.pdf","https://www.city.katsushika.lg.jp/business/1000011/1000069/1005251/1037173.html | https://www.city.katsushika.lg.jp/_res/projects/default_project/_page_/001/037/173/cma1.pdf"
"87637","https://www.town.yoshika.lg.jp/sangyou/syoukou/shoukoukannkeihojokinn/yosikachousanngyoukasseikasiennjigyouhojokinn.html","https://www.town.yoshika.lg.jp/sangyou/syoukou/shoukoukannkeihojokinn/yosikachousanngyoukasseikasiennjigyouhojokinn.html"
"87645","https://www.city.unzen.nagasaki.jp/kiji0031215/index.html","https://www.city.unzen.nagasaki.jp/kiji0031215/index.html"
"87643","https://www.city.unzen.nagasaki.jp/kiji0031898/index.html","https://www.city.unzen.nagasaki.jp/kiji0031898/index.html"
"87647","https://www.city.unzen.nagasaki.jp/kiji0031110/index.html","https://www.city.unzen.nagasaki.jp/kiji0031110/index.html"
"87648","https://www.city.unzen.nagasaki.jp/kiji0035992/index.html","https://www.city.unzen.nagasaki.jp/kiji0035992/index.html"
"87651","https://www.city.unzen.nagasaki.jp/kiji0034418/index.html","https://www.city.unzen.nagasaki.jp/kiji0034418/index.html"
"87649","https://www.city.unzen.nagasaki.jp/kiji0035038/3_5038_11450_up_utxs7x7a.pdf","https://www.city.unzen.nagasaki.jp/kiji0035038/index.html | https://www.city.unzen.nagasaki.jp/kiji0035038/3_5038_11450_up_utxs7x7a.pdf"
"87652","https://www.city.unzen.nagasaki.jp/kiji0034418/index.html","https://www.city.unzen.nagasaki.jp/kiji0034418/index.html"
"87658","https://www.city.unzen.nagasaki.jp/kiji0034344/index.html","https://www.city.unzen.nagasaki.jp/kiji0034344/index.html"
"87660","https://www.city.himi.toyama.jp/gyosei/bijinesu_sangyo/sangyo/2/2275.html","https://www.city.himi.toyama.jp/gyosei/bijinesu_sangyo/sangyo/2/2275.html"
"87668","https://www.vecof.or.jp/aid/saigai-naiyou/","https://www.vecof.or.jp/aid/saigai-naiyou/ | https://www.vecof.or.jp/contact/?20190801"
"87682","https://www.vill.achi.lg.jp/soshiki/33/bousaitaisakubassai.html","https://www.vill.achi.lg.jp/soshiki/33/bousaitaisakubassai.html"
"87685","https://www.city.kurashiki.okayama.jp/secure/130226/%E8%80%95%E4%BD%9C%E6%94%BE%E6%A3%84%E5%9C%B0%E5%AF%BE%E7%AD%96%E8%A3%9C%E5%8A%A9%E9%87%91%E3%82%92%E7%94%B3%E8%AB%8B%E3%81%95%E3%82%8C%E3%82%8B%E6%96%B9%E3%81%B8%EF%BC%88%EF%BC%B0%EF%BC%A4%EF%BC%A6%E5%BD%A2%E5%BC%8F%EF%BC%89.pdf","https://www.city.kurashiki.okayama.jp/35133.htm | https://www.city.kurashiki.okayama.jp/secure/130226/%E8%80%95%E4%BD%9C%E6%94%BE%E6%A3%84%E5%9C%B0%E5%AF%BE%E7%AD%96%E8%A3%9C%E5%8A%A9%E9%87%91%E3%82%92%E7%94%B3%E8%AB%8B%E3%81%95%E3%82%8C%E3%82%8B%E6%96%B9%E3%81%B8%EF%BC%88%EF%BC%B0%EF%BC%A4%EF%BC%A6%E5%BD%A2%E5%BC%8F%EF%BC%89.pdf"
"87688","https://www.city.mimasaka.lg.jp/jigyosha/fukushi/3839.html","https://www.city.mimasaka.lg.jp/jigyosha/fukushi/3839.html"
"87689","https://www.city.mimasaka.lg.jp/material/files/group/9/sangyokibangaiyo.pdf","https://www.city.mimasaka.lg.jp/jigyosha/KigyoKeigyo/7091.html | https://www.city.mimasaka.lg.jp/material/files/group/9/sangyokibangaiyo.pdf"
"87691","https://www.town.fukui-wakasa.lg.jp/shigoto_sangyo/chushokigyonadoshien/3067.html","https://www.town.fukui-wakasa.lg.jp/shigoto_sangyo/chushokigyonadoshien/3067.html"
"87703","https://www.city.takayama.lg.jp/shisei/1000067/1002790/1002803/1005878.html","https://www.city.takayama.lg.jp/shisei/1000067/1002790/1002803/1005878.html"
"87707","https://www.pref.ishikawa.lg.jp/nousei/2024notohantoujisin/gouusiennsesaku.html","https://www.pref.ishikawa.lg.jp/nousei/2024notohantoujisin/gouusiennsesaku.html"
"87706","https://www.pref.ishikawa.lg.jp/nousei/2024notohantoujisin/gouusiennsesaku.html","https://www.pref.ishikawa.lg.jp/nousei/2024notohantoujisin/gouusiennsesaku.html"
"87708","https://www.pref.ishikawa.lg.jp/nousei/2024notohantoujisin/gouusiennsesaku.html","https://www.pref.ishikawa.lg.jp/nousei/2024notohantoujisin/gouusiennsesaku.html"
"87710","https://www.pref.ishikawa.lg.jp/nousei/2024notohantoujisin/gouusiennsesaku.html","https://www.pref.ishikawa.lg.jp/nousei/2024notohantoujisin/gouusiennsesaku.html"
"87709","https://www.pref.ishikawa.lg.jp/nousei/2024notohantoujisin/gouusiennsesaku.html","https://www.pref.ishikawa.lg.jp/nousei/2024notohantoujisin/gouusiennsesaku.html"
"87711","https://www.city.kurashiki.okayama.jp/dd.aspx?moduleid=9491#moduleid9491","https://www.city.kurashiki.okayama.jp/dd.aspx?moduleid=9491#moduleid9491"
"87712","https://www.pref.ishikawa.lg.jp/nousei/2024notohantoujisin/gouusiennsesaku.html","https://www.pref.ishikawa.lg.jp/nousei/2024notohantoujisin/gouusiennsesaku.html"
"87713","https://www.pref.ishikawa.lg.jp/nousei/2024notohantoujisin/gouusiennsesaku.html","https://www.pref.ishikawa.lg.jp/nousei/2024notohantoujisin/gouusiennsesaku.html"
"87716","https://www.pref.ishikawa.lg.jp/nousei/2024notohantoujisin/gouusiennsesaku.html","https://www.pref.ishikawa.lg.jp/nousei/2024notohantoujisin/gouusiennsesaku.html"
"87718","https://www.pref.ishikawa.lg.jp/nousei/2024notohantoujisin/gouusiennsesaku.html","https://www.pref.ishikawa.lg.jp/nousei/2024notohantoujisin/gouusiennsesaku.html"
"87719","https://www.pref.ishikawa.lg.jp/nousei/2024notohantoujisin/gouusiennsesaku.html","https://www.pref.ishikawa.lg.jp/nousei/2024notohantoujisin/gouusiennsesaku.html"
"87720","https://www.pref.ishikawa.lg.jp/nousei/2024notohantoujisin/gouusiennsesaku.html","https://www.pref.ishikawa.lg.jp/nousei/2024notohantoujisin/gouusiennsesaku.html"
"87730","https://www.town.kotoura.tottori.jp/docs/2024112700014/","https://www.town.kotoura.tottori.jp/docs/2024112700014/"
"87728","https://www.city.kurashiki.okayama.jp/31331.htm","https://www.city.kurashiki.okayama.jp/31331.htm"
"87733","https://www.city.minamishimabara.lg.jp/kiji0035679/index.html","https://www.city.minamishimabara.lg.jp/kiji0035679/index.html"
"87735","https://www.city.minamishimabara.lg.jp/kiji0034482/index.html","https://www.city.minamishimabara.lg.jp/kiji0034482/index.html"
"87734","https://www.city.himi.toyama.jp/gyosei/soshiki/ijuteiju/1/1661.html","https://www.city.himi.toyama.jp/gyosei/soshiki/ijuteiju/1/1661.html"
"87738","https://www.city.himi.toyama.jp/gyosei/soshiki/shinko/5/1/1634.html","https://www.city.himi.toyama.jp/gyosei/soshiki/shinko/5/1/1634.html"
"87740","https://www.city.himi.toyama.jp/gyosei/soshiki/shinko/5/1/1634.html#:~:text=%E3%82%B3%E3%83%9F%E3%83%A5%E3%83%8B%E3%83%86%E3%82%A3%E3%82%BB%E3%83%B3%E3%82%BF%E3%83%BC%E6%95%B4%E5%82%99%E4%BA%8B%E6%A5%AD%E8%B2%BB%E8%A3%9C%E5%8A%A9%E9%87%91","https://www.city.himi.toyama.jp/gyosei/soshiki/shinko/5/1/1634.html#:~:text=%E3%82%B3%E3%83%9F%E3%83%A5%E3%83%8B%E3%83%86%E3%82%A3%E3%82%BB%E3%83%B3%E3%82%BF%E3%83%BC%E6%95%B4%E5%82%99%E4%BA%8B%E6%A5%AD%E8%B2%BB%E8%A3%9C%E5%8A%A9%E9%87%91"
"87739","https://www.city.minamishimabara.lg.jp/kiji0031629/index.html","https://www.city.minamishimabara.lg.jp/kiji0031629/index.html"
"87741","https://www.city.himi.toyama.jp/gyosei/soshiki/shinko/5/1/1634.html#:~:text=%E4%BC%9D%E7%B5%B1%E8%8A%B8%E8%83%BD%E4%BF%9D%E5%AD%98%E7%B6%99%E6%89%BF%E4%BA%8B%E6%A5%AD%E8%B2%BB%E8%A3%9C%E5%8A%A9%E9%87%91","https://www.city.himi.toyama.jp/gyosei/soshiki/shinko/5/1/1634.html#:~:text=%E4%BC%9D%E7%B5%B1%E8%8A%B8%E8%83%BD%E4%BF%9D%E5%AD%98%E7%B6%99%E6%89%BF%E4%BA%8B%E6%A5%AD%E8%B2%BB%E8%A3%9C%E5%8A%A9%E9%87%91"
"87744","https://www.city.himi.toyama.jp/gyosei/soshiki/shinko/5/1/1634.html#:~:text=%E5%9C%B0%E5%9F%9F%E3%81%90%E3%82%8B%E3%81%BF%E7%92%B0%E5%A2%83%E4%BF%9D%E5%85%A8%E4%BF%83%E9%80%B2%E4%BA%8B%E6%A5%AD%E8%B2%BB%E8%A3%9C%E5%8A%A9%E9%87%91","https://www.city.himi.toyama.jp/gyosei/soshiki/shinko/5/1/1634.html#:~:text=%E5%9C%B0%E5%9F%9F%E3%81%90%E3%82%8B%E3%81%BF%E7%92%B0%E5%A2%83%E4%BF%9D%E5%85%A8%E4%BF%83%E9%80%B2%E4%BA%8B%E6%A5%AD%E8%B2%BB%E8%A3%9C%E5%8A%A9%E9%87%91"
"87749","https://www.city.minamishimabara.lg.jp/kiji003371/index.html","https://www.city.minamishimabara.lg.jp/kiji003371/index.html"
"87750","https://www.city.himi.toyama.jp/gyosei/soshiki/norinchikusan/2/1815.html","https://www.city.himi.toyama.jp/gyosei/soshiki/norinchikusan/2/1815.html"
"87752","https://www.city.himi.toyama.jp/gyosei/soshiki/shimin/3/8016.html","https://www.city.himi.toyama.jp/gyosei/soshiki/shimin/3/8016.html"
"87751","https://webtown.nagayo.jp/kiji0033756/index.html","https://webtown.nagayo.jp/kiji0033756/index.html"
"87762","https://www.city.takayama.lg.jp/shisei/1000067/1002790/1002803/1020421.html","https://www.city.takayama.lg.jp/shisei/1000067/1002790/1002803/1020421.html"
"87759","https://www.city.takayama.lg.jp/shisei/1000067/1002790/1002803/1020422.html","https://www.city.takayama.lg.jp/shisei/1000067/1002790/1002803/1020422.html"
"87755","https://www.city.takayama.lg.jp/_res/projects/default_project/_page_/001/019/849/gaikokujinzaikoyouchirashi.pdf","https://www.city.takayama.lg.jp/shisei/1000067/1002790/1002803/1019849.html | https://www.city.takayama.lg.jp/_res/projects/default_project/_page_/001/019/849/gaikokujinzaikoyouchirashi.pdf"
"87766","https://www.vill.omi.nagano.jp/kurashi/teate_hojokin/muradukuri268.html","https://www.vill.omi.nagano.jp/kurashi/teate_hojokin/muradukuri268.html"
"87770","https://www.vill.omi.nagano.jp/kurashi/teate_hojokin/muradukuri268.html","https://www.vill.omi.nagano.jp/kurashi/teate_hojokin/muradukuri268.html"
"87768","https://www.vill.omi.nagano.jp/kurashi/teate_hojokin/muradukuri268.html","https://www.vill.omi.nagano.jp/kurashi/teate_hojokin/muradukuri268.html"
"87772","https://www.vill.omi.nagano.jp/kurashi/teate_hojokin/muradukuri268.html","https://www.vill.omi.nagano.jp/kurashi/teate_hojokin/muradukuri268.html"
"87773","https://www.vill.omi.nagano.jp/kurashi/teate_hojokin/muradukuri268.html","https://www.vill.omi.nagano.jp/kurashi/teate_hojokin/muradukuri268.html"
"87771","https://www.vill.omi.nagano.jp/kurashi/teate_hojokin/muradukuri268.html","https://www.vill.omi.nagano.jp/kurashi/teate_hojokin/muradukuri268.html"
"87774","https://www.vill.omi.nagano.jp/kurashi/teate_hojokin/muradukuri268.html","https://www.vill.omi.nagano.jp/kurashi/teate_hojokin/muradukuri268.html"
"87776","https://www.vill.omi.nagano.jp/kurashi/teate_hojokin/muradukuri268.html","https://www.vill.omi.nagano.jp/kurashi/teate_hojokin/muradukuri268.html"
"87777","https://www.vill.omi.nagano.jp/kurashi/teate_hojokin/muradukuri268.html","https://www.vill.omi.nagano.jp/kurashi/teate_hojokin/muradukuri268.html"
"87779","https://www.vill.omi.nagano.jp/kurashi/teate_hojokin/muradukuri268.html","https://www.vill.omi.nagano.jp/kurashi/teate_hojokin/muradukuri268.html"
"87780","https://www.vill.omi.nagano.jp/kurashi/teate_hojokin/muradukuri268.html","https://www.vill.omi.nagano.jp/kurashi/teate_hojokin/muradukuri268.html"
"87781","https://www.vill.omi.nagano.jp/kurashi/teate_hojokin/muradukuri268.html","https://www.vill.omi.nagano.jp/kurashi/teate_hojokin/muradukuri268.html"
"87785","https://www.town.togitsu.nagasaki.jp/soshikikarasagasu/kikakuzaiseika/kurashi_tetsuzuki/furusatodukuri/1528.html","https://www.town.togitsu.nagasaki.jp/soshikikarasagasu/kikakuzaiseika/kurashi_tetsuzuki/furusatodukuri/1528.html"
"87783","https://webtown.nagayo.jp/kiji0032658/3_2658_up_j4ha4l84.pdf","https://webtown.nagayo.jp/kiji0032658/index.html | https://webtown.nagayo.jp/kiji0032658/3_2658_up_j4ha4l84.pdf"
"87784","https://www.town.togitsu.nagasaki.jp/soshikikarasagasu/kikakuzaiseika/kurashi_tetsuzuki/furusatodukuri/1528.html","https://www.town.togitsu.nagasaki.jp/soshikikarasagasu/kikakuzaiseika/kurashi_tetsuzuki/furusatodukuri/1528.html"
"87789","https://www.city.himi.toyama.jp/gyosei/soshiki/shokokanko/event/tourist_and_educational_trip/8465.html","https://www.city.himi.toyama.jp/gyosei/soshiki/shokokanko/event/tourist_and_educational_trip/8465.html"
"87786","https://www.town.togitsu.nagasaki.jp/soshikikarasagasu/shakaikyoikuka/shakaitaiikugakari/kurashi_tetsuzuki/1776.html","https://www.town.togitsu.nagasaki.jp/soshikikarasagasu/shakaikyoikuka/shakaitaiikugakari/kurashi_tetsuzuki/1776.html"
"87790","https://www.town.togitsu.nagasaki.jp/material/files/group/11/challenge.pdf","https://www.town.togitsu.nagasaki.jp/soshikikarasagasu/sangyoshinkoka/kanko_sangyo_event/sangyo/3/6815.html | https://www.town.togitsu.nagasaki.jp/material/files/group/11/challenge.pdf"
"87799","https://www.city.himi.toyama.jp/gyosei/soshiki/ijuteiju/1/1663.html","https://www.city.himi.toyama.jp/gyosei/soshiki/ijuteiju/1/1663.html"
"87793","https://www.town.higashisonogi.lg.jp/soshiki/chominka/1/1/220.html","https://www.town.higashisonogi.lg.jp/soshiki/chominka/1/1/220.html"
"87803","https://www.town.nagi.okayama.jp/gyousei/nourin_jigyousha/nouringyou/nouringyou/makistove.html","https://www.town.nagi.okayama.jp/gyousei/nourin_jigyousha/nouringyou/nouringyou/makistove.html"
"87804","https://www.city.himi.toyama.jp/gyosei/soshiki/ijuteiju/2/1667.html#a2","https://www.city.himi.toyama.jp/gyosei/soshiki/ijuteiju/2/1667.html#a2"
"87809","https://www.city.himi.toyama.jp/gyosei/soshiki/norinchikusan/1/1784.html","https://www.city.himi.toyama.jp/gyosei/soshiki/norinchikusan/1/1784.html"
"87806","https://www.city.takayama.lg.jp/shisei/1000067/1002615/1002621/1020043/1020042.html","https://www.city.takayama.lg.jp/shisei/1000067/1002615/1002621/1020043/1020042.html"
"87811","https://www.kawatana.jp/cat04/c4-02/post_142/","https://www.kawatana.jp/cat04/c4-02/post_142/"
"87810","https://www.kawatana.jp/cat05/c5-03/post_165/","https://www.kawatana.jp/cat05/c5-03/post_165/"
"87813","https://www.kawatana.jp/cat01/c1-06/post_95/","https://www.kawatana.jp/cat01/c1-06/post_95/"
"87814","https://www.city.himi.toyama.jp/gyosei/soshiki/bunkashinko/1_2/1/2215.html","https://www.city.himi.toyama.jp/gyosei/soshiki/bunkashinko/1_2/1/2215.html"
"87816","https://www.town.hasami.lg.jp/machi/soshiki/kikakuzaisei/1/5_2/726.html","https://www.town.hasami.lg.jp/machi/soshiki/kikakuzaisei/1/5_2/726.html"
"87817","https://www.city.himi.toyama.jp/gyosei/soshiki/toshikeikaku/1/3/1300.html","https://www.city.himi.toyama.jp/gyosei/soshiki/toshikeikaku/1/3/1300.html"
"87822","https://www.town.hasami.lg.jp/machi/soshiki/zeimu/2_1/1_1/furusatonouzei30/4811.html","https://www.town.hasami.lg.jp/machi/soshiki/zeimu/2_1/1_1/furusatonouzei30/4811.html"
"87824","https://www.city.himi.toyama.jp/gyosei/soshiki/shokokanko/2/4/1871.html","https://www.city.himi.toyama.jp/gyosei/soshiki/shokokanko/2/4/1871.html"