policy_id,primary_url,all_urls
"53859","https://www.city.aichi-miyoshi.lg.jp/kurashi_tetsuzuki/hojyokinmatome/kojinigai/kigyou/9396.html","https://www.city.aichi-miyoshi.lg.jp/kurashi_tetsuzuki/hojyokinmatome/kojinigai/kigyou/9396.html"
"53865","https://www.town.tadaoka.osaka.jp/shigoto_sangyou/sangyou_shinkou/cyushou_shien/2559.html","https://www.town.tadaoka.osaka.jp/shigoto_sangyou/sangyou_shinkou/cyushou_shien/2559.html"
"53863","https://www.city.toyonaka.osaka.jp/machi/sangyoushinkou/kigyoricchi/sangyouriyou.files/sanngyouyuudoukuiki.pdf","https://www.city.toyonaka.osaka.jp/machi/sangyoushinkou/kigyoricchi/sangyouriyou.html | https://www.city.toyonaka.osaka.jp/machi/sangyoushinkou/kigyoricchi/sangyouriyou.files/sanngyouyuudoukuiki.pdf"
"53868","https://www.city.settsu.osaka.jp/bamen/teate/joseihojokin/shoukougyou/6172.html","https://www.city.settsu.osaka.jp/bamen/teate/joseihojokin/shoukougyou/6172.html"
"53870","https://www.city.settsu.osaka.jp/bamen/teate/joseihojokin/shoukougyou/6173.html","https://www.city.settsu.osaka.jp/bamen/teate/joseihojokin/shoukougyou/6173.html"
"53873","https://www.city.higashiosaka.lg.jp/cmsfiles/contents/0000002/2937/youkou_.pdf","https://www.city.higashiosaka.lg.jp/0000002937.html | https://www.city.higashiosaka.lg.jp/cmsfiles/contents/0000002/2937/youkou_.pdf"
"53876","https://www.pref.hokkaido.lg.jp/fs/8/4/6/4/2/1/9/_/%E5%8C%97%E6%B5%B7%E9%81%93%E5%AE%9F%E6%96%BD%E8%A6%81%E9%A0%98(%E6%9C%AC%E6%96%87).pdf","https://www.pref.hokkaido.lg.jp/ns/gjf/seinen/syuunou/kyuhukin.html | https://www.pref.hokkaido.lg.jp/fs/8/4/6/4/2/1/9/_/%E5%8C%97%E6%B5%B7%E9%81%93%E5%AE%9F%E6%96%BD%E8%A6%81%E9%A0%98(%E6%9C%AC%E6%96%87).pdf"
"53880","https://www.town.kibichuo.lg.jp/soshiki/20/645.html","https://www.town.kibichuo.lg.jp/soshiki/20/645.html"
"53877","https://www.town.kibichuo.lg.jp/soshiki/20/645.html","https://www.town.kibichuo.lg.jp/soshiki/20/645.html"
"53882","https://www.town.kibichuo.lg.jp/soshiki/20/645.html","https://www.town.kibichuo.lg.jp/soshiki/20/645.html"
"53881","https://www.town.kibichuo.lg.jp/soshiki/20/645.html","https://www.town.kibichuo.lg.jp/soshiki/20/645.html"
"53883","https://www.town.kibichuo.lg.jp/soshiki/20/645.html","https://www.town.kibichuo.lg.jp/soshiki/20/645.html"
"53884","https://www.town.kibichuo.lg.jp/soshiki/20/645.html","https://www.town.kibichuo.lg.jp/soshiki/20/645.html"
"53886","https://www.town.kibichuo.lg.jp/soshiki/20/645.html","https://www.town.kibichuo.lg.jp/soshiki/20/645.html"
"53885","https://www.town.kibichuo.lg.jp/soshiki/20/645.html","https://www.town.kibichuo.lg.jp/soshiki/20/645.html"
"53887","https://www.town.kibichuo.lg.jp/soshiki/20/645.html","https://www.town.kibichuo.lg.jp/soshiki/20/645.html"
"53895","https://www.city.aichi-miyoshi.lg.jp/material/files/group/18/keieisoudanhozyokin.pdf","https://www.city.aichi-miyoshi.lg.jp/sangyo/kigyo/kari_kigyo_soudan.html | https://www.city.aichi-miyoshi.lg.jp/material/files/group/18/keieisoudanhozyokin.pdf"
"53888","https://www.town.kibichuo.lg.jp/soshiki/20/645.html","https://www.town.kibichuo.lg.jp/soshiki/20/645.html"
"53899","https://www.city.owariasahi.lg.jp/uploaded/attachment/13749.pdf","https://www.city.owariasahi.lg.jp/page/2309.html | https://www.city.owariasahi.lg.jp/uploaded/attachment/13749.pdf"
"53908","https://www.city.iwakura.aichi.jp/0000003679.html","https://www.city.iwakura.aichi.jp/0000003679.html"
"53903","https://www.town.oguchi.lg.jp/secure/14174/20230508qandaver02.pdf","https://www.town.oguchi.lg.jp/6729.htm | https://www.town.oguchi.lg.jp/secure/14174/20230508qandaver02.pdf"
"53910","https://www.city.aichi-miyoshi.lg.jp/kurashi_tetsuzuki/hojyokinmatome/kojinigai/kigyou/9397.html","https://www.city.aichi-miyoshi.lg.jp/kurashi_tetsuzuki/hojyokinmatome/kojinigai/kigyou/9397.html"
"53921","https://www.city.owariasahi.lg.jp/page/1495.html","https://www.city.owariasahi.lg.jp/page/1495.html"
"53922","https://www.city.sumida.lg.jp/kurashi/volunteer/rojyou_kinnen/settizyosei.html","https://www.city.sumida.lg.jp/kurashi/volunteer/rojyou_kinnen/settizyosei.html"
"53927","https://www.city.owariasahi.lg.jp/page/1493.html","https://www.city.owariasahi.lg.jp/page/1493.html"
"53924","https://www.city.owariasahi.lg.jp/uploaded/attachment/1035.pdf","https://www.city.owariasahi.lg.jp/page/1489.html | https://www.city.owariasahi.lg.jp/uploaded/attachment/1035.pdf | https://www.city.owariasahi.lg.jp/uploaded/attachment/1033.pdf | https://www.city.owariasahi.lg.jp/uploaded/attachment/1034.pdf"
"53925","https://www.city.owariasahi.lg.jp/page/16662.html","https://www.city.owariasahi.lg.jp/page/16662.html"
"53937","https://www.city.obu.aichi.jp/bunka/sports/sports_hojyo/1007147.html","https://www.city.obu.aichi.jp/bunka/sports/sports_hojyo/1007147.html"
"53928","https://www.city.owariasahi.lg.jp/uploaded/attachment/5414.pdf","https://www.city.owariasahi.lg.jp/page/2946.html | https://www.city.owariasahi.lg.jp/uploaded/attachment/5414.pdf"
"53938","https://www.city.funabashi.lg.jp/jigyou/shoukou/002/p043964_d/fil/youkou.pdf","https://www.city.funabashi.lg.jp/jigyou/shoukou/002/p043964.html | https://www.city.funabashi.lg.jp/jigyou/shoukou/002/p043964_d/fil/youkou.pdf | https://www.city.funabashi.lg.jp/jigyou/shoukou/002/p043964_d/fil/beppyousyuuseiban.pdf"
"53939","https://www.city.toyonaka.osaka.jp/machi/hojo_joseikin/bika_hojyo_jyosei/kyoteisien.html","https://www.city.toyonaka.osaka.jp/machi/hojo_joseikin/bika_hojyo_jyosei/kyoteisien.html"
"53946","https://www.city.funabashi.lg.jp/jigyou/shoukou/002/p048619.html","https://www.city.funabashi.lg.jp/jigyou/shoukou/002/p048619.html"
"53951","https://www.city.funabashi.lg.jp/jigyou/shoukou/004/p009802-2_d/fil/syoureikinntirashi-R5.pdf","https://www.city.funabashi.lg.jp/jigyou/shoukou/004/p009802-2.html | https://www.city.funabashi.lg.jp/jigyou/shoukou/004/p009802-2_d/fil/syoureikinntirashi-R5.pdf"
"53964","https://www.city.chofu.tokyo.jp/www/contents/1303890681718/files/youryou.pdf","https://www.city.chofu.tokyo.jp/www/contents/1303890681718/index.html | https://www.city.chofu.tokyo.jp/www/contents/1303890681718/files/youryou.pdf"
"53954","https://www.town.aizumisato.fukushima.jp/gyosei/shigoto_sangyo/2/1/2777.html","https://www.town.aizumisato.fukushima.jp/gyosei/shigoto_sangyo/2/1/2777.html"
"53952","https://www.city.higashiosaka.lg.jp/0000004324.html","https://www.city.higashiosaka.lg.jp/0000004324.html"
"53967","https://www.city.settsu.osaka.jp/bamen/teate/joseihojokin/machidukuri/5903.html","https://www.city.settsu.osaka.jp/bamen/teate/joseihojokin/machidukuri/5903.html"
"53968","https://www.city.funabashi.lg.jp/kenkou/kaigo/009/p021297_d/fil/chirashi.pdf","https://www.city.funabashi.lg.jp/kenkou/kaigo/009/p021297.html | https://www.city.funabashi.lg.jp/kenkou/kaigo/009/p021297_d/fil/chirashi.pdf"
"53973","https://www.city.funabashi.lg.jp/jigyou/fukushi_kosodate/002/06/p056823_d/fil/groupyoko.pdf","https://www.city.funabashi.lg.jp/jigyou/fukushi_kosodate/002/06/p056823_d/fil/groupyoko.pdf"
"53974","https://www.city.funabashi.lg.jp/kenkou/koureisha/004/p001750.html","https://www.city.funabashi.lg.jp/kenkou/koureisha/004/p001750.html"
"53990","https://www.city.suita.osaka.jp/sangyo/1018028/1018029/1018030/1011432.html","https://www.city.suita.osaka.jp/sangyo/1018028/1018029/1018030/1011432.html"
"53984","https://www.city.suita.osaka.jp/sangyo/1018028/1018029/1018030/1011571.html","https://www.city.suita.osaka.jp/sangyo/1018028/1018029/1018030/1011571.html"
"54003","https://www.city.adachi.tokyo.jp/documents/2784/jyutakukairyou1_1.pdf","https://www.city.adachi.tokyo.jp/k-bousai/juutakukairyou_tuikamenyu.html | https://www.city.adachi.tokyo.jp/documents/2784/jyutakukairyou1_1.pdf"
"53997","https://www.city.suita.osaka.jp/_res/projects/default_project/_page_/001/011/429/117125102943.pdf","https://www.city.suita.osaka.jp/sangyo/1018028/1018029/1018030/1011429.html | https://www.city.suita.osaka.jp/_res/projects/default_project/_page_/001/011/429/117125102943.pdf"
"54007","https://www.town.fuso.lg.jp/kurashi/1001694/1001718.html","https://www.town.fuso.lg.jp/kurashi/1001694/1001718.html"
"54022","https://www.city.fussa.tokyo.jp/_res/projects/default_project/_page_/001/002/899/chirashi3.pdf","https://www.city.fussa.tokyo.jp/life/residence/house/1002899.html | https://www.city.fussa.tokyo.jp/_res/projects/default_project/_page_/001/002/899/chirashi3.pdf"
"54016","https://www.city.meguro.tokyo.jp/kurashi/shizen/enjo/midorihogo/jyumoku.html","https://www.city.meguro.tokyo.jp/kurashi/shizen/enjo/midorihogo/jyumoku.html"
"54023","https://www.city.hita.oita.jp/material/files/group/25/singekiyokou.pdf","https://www.city.hita.oita.jp/soshiki/shokokankobu/shokoroseika/chiikisangyo/kigyo_shien/chushokigyo/hanrokaitakussyohinkaihatsu/13425.html | https://www.city.hita.oita.jp/material/files/group/25/singekiyokou.pdf"
"54027","https://www.town.kumiyama.lg.jp/cmsfiles/contents/0000005/5103/chirashi.pdf","https://www.town.kumiyama.lg.jp/0000005103.html | https://www.town.kumiyama.lg.jp/cmsfiles/contents/0000005/5103/chirashi.pdf | https://www.town.kumiyama.lg.jp/cmsfiles/contents/0000005/5103/youkou.pdf"
"54026","https://www.city.aisai.lg.jp/contents_detail.php?co=kak&frmId=14420","https://www.city.aisai.lg.jp/contents_detail.php?co=kak&frmId=14420"
"54025","https://www.city.hannan.lg.jp/material/files/group/42/s_youkou2.pdf","https://www.city.hannan.lg.jp/business/kigyo_sogyoshien/7516.html | https://www.city.hannan.lg.jp/material/files/group/42/s_youkou2.pdf"
"54029","https://www.city.toshima.lg.jp/171/kenko/shogai/2302131507.html","https://www.city.toshima.lg.jp/171/kenko/shogai/2302131507.html"
"54036","https://www.jinsekigun.jp/town/formation/sangyou1/shinko1/engei-2/","https://www.jinsekigun.jp/town/formation/sangyou1/shinko1/engei-2/"
"54038","https://www.city.takatsuki.osaka.jp/life/8/83/436/","https://www.city.takatsuki.osaka.jp/life/8/83/436/"
"54047","https://www.city.nagoya.jp/kankyo/page/0000067794.html","https://www.city.nagoya.jp/kankyo/page/0000067794.html"
"54051","https://www.town.higashisonogi.lg.jp/sangyo/nogyo_ringyo_gyogyo/1388.html","https://www.town.higashisonogi.lg.jp/sangyo/nogyo_ringyo_gyogyo/1388.html"
"54054","https://www.pref.fukuoka.lg.jp/uploaded/attachment/193777.pdf","https://www.pref.fukuoka.lg.jp/contents/plastic-payment.html | https://www.pref.fukuoka.lg.jp/uploaded/attachment/193777.pdf"
"54073","https://www.city.yokote.lg.jp/syoukougyo/1004371/1004472.html","https://www.city.yokote.lg.jp/syoukougyo/1004371/1004472.html"
"54074","https://www.city.owariasahi.lg.jp/page/2944.html","https://www.city.owariasahi.lg.jp/page/2944.html"
"54076","https://www.city.yokote.lg.jp/syoukougyo/1004371/1004472.html","https://www.city.yokote.lg.jp/syoukougyo/1004371/1004472.html"
"54078","https://www.town.aichi-higashiura.lg.jp/jigyosha/chushokigyoyushi/1454930949526.html","https://www.town.aichi-higashiura.lg.jp/jigyosha/chushokigyoyushi/1454930949526.html"
"54077","https://www.city.yokote.lg.jp/syoukougyo/1004371/1004472.html","https://www.city.yokote.lg.jp/syoukougyo/1004371/1004472.html"
"54079","https://www.city.yokote.lg.jp/syoukougyo/1004371/1004472.html","https://www.city.yokote.lg.jp/syoukougyo/1004371/1004472.html"
"54097","https://www.city.yatomi.lg.jp/kurashi/1000451/1000452/1003013.html","https://www.city.yatomi.lg.jp/kurashi/1000451/1000452/1003013.html"
"54082","https://www.city.yokote.lg.jp/syoukougyo/1004371/1004472.html","https://www.city.yokote.lg.jp/syoukougyo/1004371/1004472.html"
"54081","https://www.city.nagoya.jp/ryokuseidoboku/cmsfiles/contents/0000008/8309/0504tebiki.pdf","https://www.city.nagoya.jp/jigyou/douro/1026345/1026346.html | https://www.city.nagoya.jp/ryokuseidoboku/cmsfiles/contents/0000008/8309/0504tebiki.pdf"
"54117","https://www.city.owariasahi.lg.jp/page/2936.html","https://www.city.owariasahi.lg.jp/page/2936.html"
"54124","https://www.city.yokote.lg.jp/_res/projects/default_project/_page_/001/004/803/bigjigyogaiyo.pdf","https://www.city.yokote.lg.jp/syoukougyo/1004371/1004803.html | https://www.city.yokote.lg.jp/_res/projects/default_project/_page_/001/004/803/bigjigyogaiyo.pdf"
"54127","https://www.city.iwakura.aichi.jp/cmsfiles/contents/0000000/80/youryou.pdf","https://www.city.iwakura.aichi.jp/0000000080.html | https://www.city.iwakura.aichi.jp/cmsfiles/contents/0000000/80/youryou.pdf"
"54156","https://itabashi-kohsha.com/archives/13196","https://itabashi-kohsha.com/archives/13196"
"54173","https://www.city.tsushima.lg.jp/kurashi/anshinanzen/bouhan/kamerasecchi.files/Pamphlet.pdf","https://www.city.tsushima.lg.jp/kurashi/anshinanzen/bouhan/kamerasecchi.html | https://www.city.tsushima.lg.jp/kurashi/anshinanzen/bouhan/kamerasecchi.files/Pamphlet.pdf"
"54160","https://www.city.adachi.tokyo.jp/documents/35403/ippankinkyuu-r050401.pdf","https://www.city.adachi.tokyo.jp/k-bousai/machi/taishinka/ippan.html | https://www.city.adachi.tokyo.jp/documents/35403/ippankinkyuu-r050401.pdf"
"54198","https://www.city.kasugai.lg.jp/_res/projects/default_project/_page_/001/003/696/syuukaisisetsuannnai.pdf","https://www.city.kasugai.lg.jp/kurashi/1033189/chonaikai/1029693/1029777/1003696.html | https://www.city.kasugai.lg.jp/_res/projects/default_project/_page_/001/003/696/syuukaisisetsuannnai.pdf"
"54207","https://www.city.kasugai.lg.jp/_res/projects/default_project/_page_/001/002/718/tebiki20220528.pdf","https://www.city.kasugai.lg.jp/shimin/kurashi/chonaikai/1029693/1029777/1030824.html | https://www.city.kasugai.lg.jp/_res/projects/default_project/_page_/001/002/718/tebiki20220528.pdf"
"54204","https://www.city.kasugai.lg.jp/shimin/kurashi/chonaikai/1029693/1029777/1030821.html","https://www.city.kasugai.lg.jp/shimin/kurashi/chonaikai/1029693/1029777/1030821.html"
"54209","https://www.city.kasugai.lg.jp/shimin/kurashi/chonaikai/1029693/1029777/1003692.html","https://www.city.kasugai.lg.jp/shimin/kurashi/chonaikai/1029693/1029777/1003692.html"
"54217","https://www.city.hekinan.lg.jp/soshiki/shiminkyoudou/chiiki/procedure/5968.html","https://www.city.hekinan.lg.jp/soshiki/shiminkyoudou/chiiki/procedure/5968.html"
"54214","https://www.city.hekinan.lg.jp/soshiki/keizai_kankyo/kankyo/subsidy/19481.html","https://www.city.hekinan.lg.jp/soshiki/keizai_kankyo/kankyo/subsidy/19481.html"
"54228","https://www.town.shitara.lg.jp/soshiki/5/1173.html","https://www.town.shitara.lg.jp/soshiki/5/1173.html"
"54227","https://www.pref.miyazaki.lg.jp/documents/76609/76609_20230516093226-1.pdf","https://www.pref.miyazaki.lg.jp/nosonkeikaku/shigoto/nogyo/20230418114300.html | https://www.pref.miyazaki.lg.jp/documents/76609/76609_20230516093226-1.pdf"
"54229","https://www.city.shiojiri.lg.jp/soshiki/30/2563.html","https://www.city.shiojiri.lg.jp/soshiki/30/2563.html"
"54230","https://www.town.shitara.lg.jp/soshiki/7/3331.html","https://www.town.shitara.lg.jp/soshiki/7/3331.html"
"54232","https://www.town.shitara.lg.jp/soshiki/7/3352.html","https://www.town.shitara.lg.jp/soshiki/7/3352.html"
"54231","https://www.city.shiojiri.lg.jp/soshiki/30/2564.html","https://www.city.shiojiri.lg.jp/soshiki/30/2564.html"
"54233","https://www.city.shiojiri.lg.jp/soshiki/30/2569.html","https://www.city.shiojiri.lg.jp/soshiki/30/2569.html"
"54236","https://www.city.chiyoda.lg.jp/koho/machizukuri/kotsu/jitensha/churinjo-hojokin.html","https://www.city.chiyoda.lg.jp/koho/machizukuri/kotsu/jitensha/churinjo-hojokin.html"
"54234","https://www.city.shiojiri.lg.jp/soshiki/30/2568.html","https://www.city.shiojiri.lg.jp/soshiki/30/2568.html"
"54239","https://www.city.toyokawa.lg.jp/material/files/group/23/H25NPOuneishienhojyo-leaflet.pdf","https://www.city.toyokawa.lg.jp/kurashi_tetsuzuki/community_kyodo/5/1/12452.html | https://www.city.toyokawa.lg.jp/material/files/group/23/H25NPOuneishienhojyo-leaflet.pdf"
"54241","https://www.city.toyokawa.lg.jp/kurashi_tetsuzuki/community_kyodo/6/2/12479.html","https://www.city.toyokawa.lg.jp/kurashi_tetsuzuki/community_kyodo/6/2/12479.html"
"54240","https://www.city.musashino.lg.jp/_res/projects/default_project/_page_/001/005/430/youkou2020.pdf","https://www.city.musashino.lg.jp/kurashi_tetsuzuki/jutaku_shinchiku_zokaichiku/jutaku/taishinka/1005430.html | https://www.city.musashino.lg.jp/_res/projects/default_project/_page_/001/005/430/youkou2020.pdf"
"54245","https://www.city.toyokawa.lg.jp/kurashi_tetsuzuki/community_kyodo/6/2/12474.html","https://www.city.toyokawa.lg.jp/kurashi_tetsuzuki/community_kyodo/6/2/12474.html"
"54249","https://www.city.tokai.aichi.jp/business/1002969/1002970/1002978.html","https://www.city.tokai.aichi.jp/business/1002969/1002970/1002978.html"
"54250","https://www.city.midori.gunma.jp/www/contents/1680094126642/files/youkou.pdf","https://www.city.midori.gunma.jp/www/contents/1680094126642/index.html | https://www.city.midori.gunma.jp/www/contents/1680094126642/files/youkou.pdf"
"54255","https://www.city.minamisoma.lg.jp/material/files/group/21/zisshiyouryou.pdf","https://www.city.minamisoma.lg.jp/portal/sections/18/1810/18101/1/1/22092.html | https://www.city.minamisoma.lg.jp/material/files/group/21/zisshiyouryou.pdf"
"54268","https://www.city.ukiha.fukuoka.jp/sigoto/kiji0034507/3_4507_3_44_899_7110_up_44JVM6WO.pdf","https://www.city.ukiha.fukuoka.jp/sigoto/kiji0034507/index.html | https://www.city.ukiha.fukuoka.jp/sigoto/kiji0034507/3_4507_3_44_899_7110_up_44JVM6WO.pdf"
"54271","https://www.city.minamisoma.lg.jp/portal/business/norinsuisan/seido_shien_yuushi/1/9399.html","https://www.city.minamisoma.lg.jp/portal/business/norinsuisan/seido_shien_yuushi/1/9399.html"
"54273","https://www.city.minamisoma.lg.jp/portal/sections/18/1810/18101/1/1/22093.html","https://www.city.minamisoma.lg.jp/portal/sections/18/1810/18101/1/1/22093.html"
"54278","https://www.city.inazawa.aichi.jp/sangyo_shigoto/kigyoshien/1010837/1001907.html","https://www.city.inazawa.aichi.jp/sangyo_shigoto/kigyoshien/1010837/1001907.html"
"54277","https://www.city.inazawa.aichi.jp/sangyo_shigoto/kigyoshien/1010837/1001907.html","https://www.city.inazawa.aichi.jp/sangyo_shigoto/kigyoshien/1010837/1001907.html"
"54280","https://www.city.hekinan.lg.jp/soshiki/fukushi_kodomo/fukushi/syakaihukushi/18632.html","https://www.city.hekinan.lg.jp/soshiki/fukushi_kodomo/fukushi/syakaihukushi/18632.html"
"54281","https://www.town.fuso.lg.jp/sangyo/1002145/1002153.html","https://www.town.fuso.lg.jp/sangyo/1002145/1002153.html"
"54282","https://www.vill.hakuba.lg.jp/gyosei/soshikikarasagasu/noseika/norinkakari/3/9676.html","https://www.vill.hakuba.lg.jp/gyosei/soshikikarasagasu/noseika/norinkakari/3/9676.html"
"54283","https://www.town.fuso.lg.jp/sangyo/1002145/1002153.html","https://www.town.fuso.lg.jp/sangyo/1002145/1002153.html"
"54284","https://www.city.hekinan.lg.jp/soshiki/fukushi_kodomo/fukushi/syakaihukushi/14323.html","https://www.city.hekinan.lg.jp/soshiki/fukushi_kodomo/fukushi/syakaihukushi/14323.html"
"54285","https://www.town.fuso.lg.jp/sangyo/1002145/1002153.html","https://www.town.fuso.lg.jp/sangyo/1002145/1002153.html"
"54286","https://www.city.hekinan.lg.jp/material/files/group/8/kigyoubousairyoku_flyer.pdf","https://www.city.hekinan.lg.jp/soshiki/shiminkyoudou/bosai/2/5403.html | https://www.city.hekinan.lg.jp/material/files/group/8/kigyoubousairyoku_flyer.pdf"
"54291","https://www.city.annaka.lg.jp/gyousei/miryoku_sousyutsu/annakasisouseikirisyokusaisuisinnzigyou.html","https://www.city.annaka.lg.jp/gyousei/miryoku_sousyutsu/annakasisouseikirisyokusaisuisinnzigyou.html"
"54289","https://www.town.fuso.lg.jp/chousei/1002202/1002245.html","https://www.town.fuso.lg.jp/chousei/1002202/1002245.html"
"54297","https://www.city.minamisoma.lg.jp/portal/sections/16/1620/16203/1/21768.html","https://www.city.minamisoma.lg.jp/portal/sections/16/1620/16203/1/21768.html"
"54300","https://www.city.okaya.lg.jp/material/files/group/24/050401_ka-bonmane-jimento_yoko.pdf","https://www.city.okaya.lg.jp/technoplazaokaya/kogyoshinkoshisaku/kankyoutoushi/24587.html | https://www.city.okaya.lg.jp/material/files/group/24/050401_ka-bonmane-jimento_yoko.pdf"
"54298","https://www.city.takatsuki.osaka.jp/soshiki/35/2479.html","https://www.city.takatsuki.osaka.jp/soshiki/35/2479.html"
"54301","https://www.city.takatsuki.osaka.jp/soshiki/35/2480.html","https://www.city.takatsuki.osaka.jp/soshiki/35/2480.html"
"54304","https://www.town.nishikawa.yamagata.jp/jigyo/02/kigyosienhojokin.html","https://www.town.nishikawa.yamagata.jp/jigyo/02/kigyosienhojokin.html"
"54306","https://www.city.fukushima-date.lg.jp/soshiki/17/63998.html","https://www.city.fukushima-date.lg.jp/soshiki/17/63998.html"
"54307","https://www.city.matsubara.lg.jp/docs/page2442.html","https://www.city.matsubara.lg.jp/docs/page2442.html"
"54308","https://www.city.okaya.lg.jp/material/files/group/24/seityousanngyo.pdf","https://www.city.okaya.lg.jp/technoplazaokaya/kogyoshinkoshisaku/hanrokaitakusienn/iryoukoukuuutyuubunnyanisannnyuuwosiennsimasu/21711.html | https://www.city.okaya.lg.jp/material/files/group/24/seityousanngyo.pdf"
"54317","https://www.city.okaya.lg.jp/material/files/group/24/DXyoukou.pdf","https://www.city.okaya.lg.jp/soshikikarasagasu/kogyoshinkoka/technoplazaokaya/kougyosien/seisannsei/dejitarugijutu/18430.html | https://www.city.okaya.lg.jp/material/files/group/24/DXyoukou.pdf"
"54320","https://www.city.toyota.aichi.jp/kurashi/bousaibouhan/bousaishien/1002559.html","https://www.city.toyota.aichi.jp/kurashi/bousaibouhan/bousaishien/1002559.html"
"54324","https://www.city.okaya.lg.jp/material/files/group/24/syoukougyousinnkoujoureijoseikinnkoujouitennzigyou.pdf","https://www.city.okaya.lg.jp/soshikikarasagasu/kogyoshinkoka/648/kigyouricchi/18432.html | https://www.city.okaya.lg.jp/material/files/group/24/syoukougyousinnkoujoureijoseikinnkoujouitennzigyou.pdf"
"54325","https://www.city.azumino.nagano.jp/uploaded/attachment/58457.pdf","https://www.city.azumino.nagano.jp/soshiki/29/103317.html | https://www.city.azumino.nagano.jp/uploaded/attachment/58457.pdf"
"54335","https://www.town.iijima.lg.jp/soshikiichiran/sangyoshinkoka/noseikakari/nogyoshinko/agrihojo/3564.html","https://www.town.iijima.lg.jp/soshikiichiran/sangyoshinkoka/noseikakari/nogyoshinko/agrihojo/3564.html"
"54337","https://www.city.seki.lg.jp/cmsfiles/contents/0000018/18154/r4jigyoushoukei.pdf","https://www.city.seki.lg.jp/0000018154.html | https://www.city.seki.lg.jp/cmsfiles/contents/0000018/18154/r4jigyoushoukei.pdf"
"54336","https://www.city.okaya.lg.jp/technoplazaokaya/kogyoshinkoshisaku/koyoutaisakusikinn/hojokin/18594.html","https://www.city.okaya.lg.jp/technoplazaokaya/kogyoshinkoshisaku/koyoutaisakusikinn/hojokin/18594.html"
"54360","https://www.city.takatsuki.osaka.jp/soshiki/49/5840.html","https://www.city.takatsuki.osaka.jp/soshiki/49/5840.html"
"54359","https://www.city.motosu.lg.jp/0000002219.html","https://www.city.motosu.lg.jp/0000002219.html"
"54354","https://www.city.odawara.kanagawa.jp/global-image/units/351543/1-20210903161939.pdf","https://www.city.odawara.kanagawa.jp/field/c-planning/midorinomachidukuri/machinakaryokka.html | https://www.city.odawara.kanagawa.jp/global-image/units/351543/1-20210903161939.pdf"
"54363","https://www.city.takatsuki.osaka.jp/soshiki/49/5871.html","https://www.city.takatsuki.osaka.jp/soshiki/49/5871.html"
"54366","https://www.city.takatsuki.osaka.jp/soshiki/49/5843.html","https://www.city.takatsuki.osaka.jp/soshiki/49/5843.html"
"54370","https://www.city.nantan.kyoto.jp/www/town/130/001/000/98854/98908_1_501_12.pdf","https://www.city.nantan.kyoto.jp/www/town/130/001/000/index_98854.html | https://www.city.nantan.kyoto.jp/www/town/130/001/000/98854/98908_1_501_12.pdf"
"54371","https://www.vill.sarufutsu.hokkaido.jp/hotnews/detail/00004170.html","https://www.vill.sarufutsu.hokkaido.jp/hotnews/detail/00004170.html"
"54374","https://www.city.miki.lg.jp/soshiki/23/56290.html","https://www.city.miki.lg.jp/soshiki/23/56290.html"
"54373","https://www.city.takarazuka.hyogo.jp/cleancenter/station/1050430.html","https://www.city.takarazuka.hyogo.jp/cleancenter/station/1050430.html"
"54381","https://www.city.higashiosaka.lg.jp/0000003022.html","https://www.city.higashiosaka.lg.jp/0000003022.html"
"54394","https://www.pref.gunma.jp/uploaded/attachment/4747.pdf","https://www.pref.gunma.jp/page/2062.html | https://www.pref.gunma.jp/uploaded/attachment/4747.pdf"
"54391","https://www.town.hisayama.fukuoka.jp/soshiki/keiei_design/gyomu/jumin_katsudo/machidukuri/1006.html","https://www.town.hisayama.fukuoka.jp/soshiki/keiei_design/gyomu/jumin_katsudo/machidukuri/1006.html"
"54405","https://www.town.onjuku.chiba.jp/sub4/1/91.html","https://www.town.onjuku.chiba.jp/sub4/1/91.html"
"54408","https://www.city.kaga.ishikawa.jp/sangyo_iju/kigyo_yuchi/10762.html","https://www.city.kaga.ishikawa.jp/sangyo_iju/kigyo_yuchi/10762.html"
"54406","https://www.city.nanao.lg.jp/sangyou-s/jigyosha/kigyoshien/documents/tirashi.pdf","https://www.city.nanao.lg.jp/sangyou-s/jigyosha/kigyoshien/sougyousyakouhou.html | https://www.city.nanao.lg.jp/sangyou-s/jigyosha/kigyoshien/documents/tirashi.pdf"
"54411","http://www.inacity.jp/sangyo_noringyo/shogyoshinko/hojoshiensemina-/it_hojokin.html","http://www.inacity.jp/sangyo_noringyo/shogyoshinko/hojoshiensemina-/it_hojokin.html"
"54428","https://www.city.joetsu.niigata.jp/site/joetsu-agri-portal/drone.html","https://www.city.joetsu.niigata.jp/site/joetsu-agri-portal/drone.html"
"54432","https://www.city.sabae.fukui.jp/kanko_sangyo/kigyoshien/kigyoshien/shien_boshu/ikujitanjikan-shien.html","https://www.city.sabae.fukui.jp/kanko_sangyo/kigyoshien/kigyoshien/shien_boshu/ikujitanjikan-shien.html"
"54436","https://www.city.kikugawa.shizuoka.jp/chagyoushinkou/shisatsu.html","https://www.city.kikugawa.shizuoka.jp/chagyoushinkou/shisatsu.html"
"54450","https://www.town.miyake.lg.jp/uploaded/attachment/4381.pdf","https://www.town.miyake.lg.jp/soshiki/4/1533.html | https://www.town.miyake.lg.jp/uploaded/attachment/4381.pdf"
"54446","https://www.city.komaki.aichi.jp/admin/soshiki/chiikikassei/syoukou/1/6/2/40561.html","https://www.city.komaki.aichi.jp/admin/soshiki/chiikikassei/syoukou/1/6/2/40561.html"
"54462","https://www.city.itoigawa.lg.jp/secure/33539/%E3%80%90%E5%AE%8C%E6%88%90%E7%89%88%E3%80%9120230522%E7%9C%81%E3%82%A8%E3%83%8D%E8%A8%BA%E6%96%AD%E3%83%81%E3%83%A9%E3%82%B7%EF%BC%88%E8%89%B2%E3%83%BB%E9%A0%86%E7%95%AA%E5%A4%89%E6%9B%B4%EF%BC%892%E3%83%9A%E3%83%BC%E3%82%B8.pdf","https://www.city.itoigawa.lg.jp/item/33539.htm | https://www.city.itoigawa.lg.jp/secure/33539/%E3%80%90%E5%AE%8C%E6%88%90%E7%89%88%E3%80%9120230522%E7%9C%81%E3%82%A8%E3%83%8D%E8%A8%BA%E6%96%AD%E3%83%81%E3%83%A9%E3%82%B7%EF%BC%88%E8%89%B2%E3%83%BB%E9%A0%86%E7%95%AA%E5%A4%89%E6%9B%B4%EF%BC%892%E3%83%9A%E3%83%BC%E3%82%B8.pdf"
"54453","https://www.town.hakone.kanagawa.jp/www/contents/1100000000834/index.html","https://www.town.hakone.kanagawa.jp/www/contents/1100000000834/index.html"
"54464","https://www.city.chiryu.aichi.jp/ikkrwebBrowse/material/files/group/15/annaitirasi.pdf","https://www.city.chiryu.aichi.jp/soshiki/shimin/keizai/gyomu/12/1678066522482.html | https://www.city.chiryu.aichi.jp/ikkrwebBrowse/material/files/group/15/annaitirasi.pdf"
"54475","https://www.town.tanagura.fukushima.jp/page/page002513.html","https://www.town.tanagura.fukushima.jp/page/page002513.html"
"54484","https://www.city.himi.toyama.jp/material/files/group/43/R5akiyakaitaichirasi.pdf","https://www.city.himi.toyama.jp/gyosei/soshiki/ijuteiju/1/7374.html | https://www.city.himi.toyama.jp/material/files/group/43/R5akiyakaitaichirasi.pdf"
"54489","https://www.city.kikugawa.shizuoka.jp/chagyoushinkou/chagyousosikikeieitaiikuseitoukikaikasuisinnjigyouhojokin.html","https://www.city.kikugawa.shizuoka.jp/chagyoushinkou/chagyousosikikeieitaiikuseitoukikaikasuisinnjigyouhojokin.html"
"54499","https://www.city.uruma.lg.jp/1007002000/contents/1412.html","https://www.city.uruma.lg.jp/1007002000/contents/1412.html"
"54514","https://www.town.hakone.kanagawa.jp/www/contents/1100000000212/index.html","https://www.town.hakone.kanagawa.jp/www/contents/1100000000212/index.html"
"54509","https://www.town.kawaminami.miyazaki.jp/soshiki/8/9931.html","https://www.town.kawaminami.miyazaki.jp/soshiki/8/9931.html"
"54518","https://www.pref.yamanashi.jp/kaju/documents/sumomo_kyoka.pdf","https://www.pref.yamanashi.jp/kaju/sumomo_sanchi_kyousou.html | https://www.pref.yamanashi.jp/kaju/documents/sumomo_kyoka.pdf"
"54519","https://www.city.amakusa.kumamoto.jp/kiji00310644/index.html","https://www.city.amakusa.kumamoto.jp/kiji00310644/index.html"
"54521","https://www.city.kikugawa.shizuoka.jp/chagyoushinkou/seisansuisin.html","https://www.city.kikugawa.shizuoka.jp/chagyoushinkou/seisansuisin.html"
"54523","https://www.city.kikugawa.shizuoka.jp/chagyoushinkou/documents/shusekipanhu.pdf","https://www.city.kikugawa.shizuoka.jp/chagyoushinkou/chaensyuseki.html | https://www.city.kikugawa.shizuoka.jp/chagyoushinkou/documents/shusekipanhu.pdf"
"54525","https://www.city.kikugawa.shizuoka.jp/chagyoushinkou/saihenseibi.html","https://www.city.kikugawa.shizuoka.jp/chagyoushinkou/saihenseibi.html"
"54529","https://www.town.hisayama.fukuoka.jp/gyosei/iryo_kenko_fukushi/3209.html","https://www.town.hisayama.fukuoka.jp/gyosei/iryo_kenko_fukushi/3209.html"
"54539","https://www.town.yoshitomi.lg.jp/user/filer_public/c5/ab/c5ab95cd-c258-43f1-923f-4154ab85dc79/ji-fu-ting-chuang-ye-cu-jin-zhi-yuan-shi-ye-zhu-cheng-jin-jiao-fu-yao-gang.pdf","https://www.town.yoshitomi.lg.jp/gyosei/chosei/v995/y209/chiiki/x104/22/ | https://www.town.yoshitomi.lg.jp/user/filer_public/c5/ab/c5ab95cd-c258-43f1-923f-4154ab85dc79/ji-fu-ting-chuang-ye-cu-jin-zhi-yuan-shi-ye-zhu-cheng-jin-jiao-fu-yao-gang.pdf"
"54542","https://www.city.miyakonojo.miyazaki.jp/uploaded/attachment/27512.pdf","https://www.city.miyakonojo.miyazaki.jp/soshiki/77/48656.html | https://www.city.miyakonojo.miyazaki.jp/uploaded/attachment/27512.pdf"
"54541","https://www.city.yame.fukuoka.jp/soshiki/3/2/3/1/teijyu_hojo/1459928490599.html","https://www.city.yame.fukuoka.jp/soshiki/3/2/3/1/teijyu_hojo/1459928490599.html"
"54543","https://www.town.oguchi.lg.jp/secure/4043/sigengomikaisyuu.pdf","https://www.town.oguchi.lg.jp/2609.htm | https://www.town.oguchi.lg.jp/secure/4043/sigengomikaisyuu.pdf"
"54554","https://www.city.toyoake.lg.jp/secure/4358/asubesuto%20youkou-R3.pdf","https://www.city.toyoake.lg.jp/4045.htm | https://www.city.toyoake.lg.jp/secure/4358/asubesuto%20youkou-R3.pdf"
"54559","https://www.town.toyoyama.lg.jp/_res/projects/default_project/_page_/001/000/746/goannai_01.pdf","https://www.town.toyoyama.lg.jp/kurashi/seikatsu/1000746.html | https://www.town.toyoyama.lg.jp/_res/projects/default_project/_page_/001/000/746/goannai_01.pdf"
"54577","https://www.city.nishio.aichi.jp/_res/projects/default_project/_page_/001/007/083/r05dairiryouryou.pdf","https://www.city.nishio.aichi.jp/kurashi/bosai/1001366/1007083.html | https://www.city.nishio.aichi.jp/_res/projects/default_project/_page_/001/007/083/r05dairiryouryou.pdf | https://www.city.nishio.aichi.jp/_res/projects/default_project/_page_/001/007/083/r05dairi.pdf | https://www.city.nishio.aichi.jp/kurashi/bosai/1001366/1004494.html | https://www.city.nishio.aichi.jp/kurashi/bosai/1001366/1004497.html | https://www.city.nishio.aichi.jp/kenkofukushi/kenshin/1001448/1002467.html"
"54584","https://www.city.koshi.lg.jp/kiji0036295/3_6295_24132_up_o2xmpbk3.pdf","https://www.city.koshi.lg.jp/kiji0036295/index.html | https://www.city.koshi.lg.jp/kiji0036295/3_6295_24132_up_o2xmpbk3.pdf"
"54585","https://www.city.koshi.lg.jp/kiji0036294/3_6294_24131_up_w04vlmhv.pdf","https://www.city.koshi.lg.jp/kiji0036294/index.html | https://www.city.koshi.lg.jp/kiji0036294/3_6294_24131_up_w04vlmhv.pdf"
"54597","https://www.city.obu.aichi.jp/jigyo/sangyo_shinko/sogyo_yushi/1006451/1006452.html","https://www.city.obu.aichi.jp/jigyo/sangyo_shinko/sogyo_yushi/1006451/1006452.html"
"54617","https://www.city.toyota.aichi.jp/kurashi/fukushi/shougaisha/1030042/1003256.html","https://www.city.toyota.aichi.jp/kurashi/fukushi/shougaisha/1030042/1003256.html"
"54594","https://www.city.kawasaki.jp/601/cmsfiles/contents/0000017/17691/01_katudouyoukou.pdf","https://www.city.kawasaki.jp/601/page/0000017691.html | https://www.city.kawasaki.jp/601/cmsfiles/contents/0000017/17691/01_katudouyoukou.pdf"
"54633","https://www.city.yame.fukuoka.jp/jigyosha/2/8897.html","https://www.city.yame.fukuoka.jp/jigyosha/2/8897.html"
"54650","https://www.pref.osaka.lg.jp/attach/34373/00333056/osakahu-kenko_hojyokin_CCol.pdf","https://www.pref.osaka.lg.jp/kenkozukuri/judoukitsuen/judokituenhojokin.html | https://www.pref.osaka.lg.jp/attach/34373/00333056/osakahu-kenko_hojyokin_CCol.pdf | https://www.pref.osaka.lg.jp/attach/34373/00333056/1bosyuuyoukou.pdf"
"54651","https://www.town.kiyokawa.kanagawa.jp/soshiki/kennou/nourin/nouti/3394.html#ryudouka","https://www.town.kiyokawa.kanagawa.jp/soshiki/kennou/nourin/nouti/3394.html#ryudouka"
"54652","https://www.town.kiyokawa.kanagawa.jp/soshiki/kennou/nourin/nouti/3394.html#seisan","https://www.town.kiyokawa.kanagawa.jp/soshiki/kennou/nourin/nouti/3394.html#seisan"
"54655","https://www.town.kiyokawa.kanagawa.jp/soshiki/kennou/nourin/nouti/3394.html#saku","https://www.town.kiyokawa.kanagawa.jp/soshiki/kennou/nourin/nouti/3394.html#saku"
"54653","https://www.town.kiyokawa.kanagawa.jp/soshiki/kennou/nourin/nouti/3394.html#vinyl","https://www.town.kiyokawa.kanagawa.jp/soshiki/kennou/nourin/nouti/3394.html#vinyl"
"54657","https://www.town.manazuru.kanagawa.jp/soshiki/sangyoukankou/sangyo/2024.html","https://www.town.manazuru.kanagawa.jp/soshiki/sangyoukankou/sangyo/2024.html"
"54656","https://www.city.morioka.iwate.jp/_res/projects/default_project/_page_/001/019/526/dennkisakutirasi.pdf","https://www.city.morioka.iwate.jp/kurashi/pet/yaseidobutsu/1019526.html | https://www.city.morioka.iwate.jp/_res/projects/default_project/_page_/001/019/526/dennkisakutirasi.pdf"
"54670","https://www.vill.nakasatsunai.hokkaido.jp/keizai/syoukougyou/promo/","https://www.vill.nakasatsunai.hokkaido.jp/keizai/syoukougyou/promo/"
"54671","https://www.vill.nakasatsunai.hokkaido.jp/keizai/nougyou/genki-na-nougyo-support/","https://www.vill.nakasatsunai.hokkaido.jp/keizai/nougyou/genki-na-nougyo-support/"
"54673","https://www.city.zushi.kanagawa.jp/jigyosha/shokoshinko/1004848/1004852.html","https://www.city.zushi.kanagawa.jp/jigyosha/shokoshinko/1004848/1004852.html"
"54672","https://betsukai.jp/resources/output/contents/file/release/1165/11027/00.pdf","https://betsukai.jp/sangyo/syoko/cho_hojo/jinnzai/ | https://betsukai.jp/resources/output/contents/file/release/1165/11027/00.pdf"
"54682","https://www.town.kembuchi.hokkaido.jp/industry/%e5%95%86%e5%b7%a5%e6%a5%ad/shoukou_shien/%e4%ba%ba%e6%9d%90%e8%82%b2%e6%88%90%e7%a0%94%e4%bf%ae%e6%b4%be%e9%81%a3%e4%ba%8b%e6%a5%ad/","https://www.town.kembuchi.hokkaido.jp/industry/%e5%95%86%e5%b7%a5%e6%a5%ad/shoukou_shien/%e4%ba%ba%e6%9d%90%e8%82%b2%e6%88%90%e7%a0%94%e4%bf%ae%e6%b4%be%e9%81%a3%e4%ba%8b%e6%a5%ad/"
"54683","https://www.town.kembuchi.hokkaido.jp/wp-content/uploads/e0e789759969838e3ea7b155196cfa80.pdf","https://www.town.kembuchi.hokkaido.jp/industry/%e5%95%86%e5%b7%a5%e6%a5%ad/shoukou_shien/%e5%89%a3%e6%b7%b5%e7%94%ba%e6%96%b0%e5%95%86%e5%93%81%e9%96%8b%e7%99%ba%e3%83%bb%e8%b2%a9%e8%b7%af%e9%96%8b%e6%8b%93%e6%94%af%e6%8f%b4%e4%ba%8b%e6%a5%ad%e8%a3%9c%e5%8a%a9%e9%87%91/ | https://www.town.kembuchi.hokkaido.jp/wp-content/uploads/e0e789759969838e3ea7b155196cfa80.pdf"
"54679","https://www.vill.nakasatsunai.hokkaido.jp/output/contents/file/release/597/5553/bunkasinkou.pdf","https://www.vill.nakasatsunai.hokkaido.jp/kyouiku/kyouikujosei/bunkashinkoujosei/ | https://www.vill.nakasatsunai.hokkaido.jp/output/contents/file/release/597/5553/bunkasinkou.pdf"
"54685","https://www.town.hakone.kanagawa.jp/www/contents/1100000000440/index.html","https://www.town.hakone.kanagawa.jp/www/contents/1100000000440/index.html"
"54686","https://www.town.hakone.kanagawa.jp/www/contents/1100000000520/index.html","https://www.town.hakone.kanagawa.jp/www/contents/1100000000520/index.html"
"54694","https://www.city.fujisawa.kanagawa.jp/nousui/documents/gaiyou.pdf","https://www.city.fujisawa.kanagawa.jp/nousui/20220401nougyougijyutu.html | https://www.city.fujisawa.kanagawa.jp/nousui/documents/gaiyou.pdf"
"54695","https://www.city.nishio.aichi.jp/kurashi/bosai/1001366/1004500.html","https://www.city.nishio.aichi.jp/kurashi/bosai/1001366/1004500.html"
"54712","https://www.city.chitose.lg.jp/docs/25956.html","https://www.city.chitose.lg.jp/docs/25956.html"
"54709","https://www.city.chitose.lg.jp/fs/4/3/8/8/4/0/_/__________________.pdf","https://www.city.chitose.lg.jp/docs/25473.html | https://www.city.chitose.lg.jp/fs/4/3/8/8/4/0/_/__________________.pdf"
"54727","https://www.city.chitose.lg.jp/fs/5/3/0/3/0/3/_/______________________.pdf","https://www.city.chitose.lg.jp/docs/96-31282-172-919.html | https://www.city.chitose.lg.jp/fs/5/3/0/3/0/3/_/______________________.pdf"
"54728","https://www.town.atsuma.lg.jp/office/content/uploads/2022/07/7c8f92455aca86e9634aaf0f520c0ad7.pdf","https://www.town.atsuma.lg.jp/office/employment/job/entrepreneur/subsidies_grants2/ | https://www.town.atsuma.lg.jp/office/content/uploads/2022/07/7c8f92455aca86e9634aaf0f520c0ad7.pdf"
"54733","https://www.town.taiki.hokkaido.jp/soshiki/kikaku/uchu/syusekihojyo.html","https://www.town.taiki.hokkaido.jp/soshiki/kikaku/uchu/syusekihojyo.html"
"54748","https://www.city.sapporo.jp/keizai/kanko/hojo/documents/hihatsuhojo_yokor03.pdf","https://www.city.sapporo.jp/keizai/kanko/hojo/hijohatsudenkihojo.html | https://www.city.sapporo.jp/keizai/kanko/hojo/documents/hihatsuhojo_yokor03.pdf"
"54742","https://www.city.sapporo.jp/shogaifukushi/jiritsushien/guruupuhoumushintikuhi.html","https://www.city.sapporo.jp/shogaifukushi/jiritsushien/guruupuhoumushintikuhi.html"
"54757","https://www.town.taiki.hokkaido.jp/soshiki/kikaku/shoko/local_pro_motion.html","https://www.town.taiki.hokkaido.jp/soshiki/kikaku/shoko/local_pro_motion.html"
"54758","https://www.town.kiyokawa.kanagawa.jp/material/files/group/6/seisyonenkouhuyoukou.pdf","https://www.town.kiyokawa.kanagawa.jp/soshiki/kyoikuinkai/syakaikyoiku/2326.html | https://www.town.kiyokawa.kanagawa.jp/material/files/group/6/seisyonenkouhuyoukou.pdf"
"54775","https://www.city.inazawa.aichi.jp/cmsfiles/contents/0000000/904/syougaisyakoyou.pdf","https://www.city.inazawa.aichi.jp/0000000904.html | https://www.city.inazawa.aichi.jp/cmsfiles/contents/0000000/904/syougaisyakoyou.pdf"
"54759","https://www.town.kiyokawa.kanagawa.jp/material/files/group/6/dannzyokouhuyoukou.pdf","https://www.town.kiyokawa.kanagawa.jp/soshiki/kyoikuinkai/syakaikyoiku/2328.html | https://www.town.kiyokawa.kanagawa.jp/material/files/group/6/dannzyokouhuyoukou.pdf"
"54780","https://www.city.inazawa.aichi.jp/0000000904.html","https://www.city.inazawa.aichi.jp/0000000904.html | https://www.city.inazawa.aichi.jp/module/shareform.php?so_cd=5-1-1-0-0"
"54797","https://www.city.aichi-miyoshi.lg.jp/kurashi_tetsuzuki/hojyokinmatome/kojin/eco/9380.html","https://www.city.aichi-miyoshi.lg.jp/kurashi_tetsuzuki/hojyokinmatome/kojin/eco/9380.html"
"54781","https://www.city.iwakura.aichi.jp/0000000361.html","https://www.city.iwakura.aichi.jp/0000000361.html"
"54802","https://www.city.akabira.hokkaido.jp/docs/2018061500023.html","https://www.city.akabira.hokkaido.jp/docs/2018061500023.html | https://view.officeapps.live.com/op/view.aspx?src=https%3A%2F%2Fwww.city.akabira.hokkaido.jp%2Ffs%2F2%2F7%2F7%2F1%2F8%2F_%2Fyoukou.docx&wdOrigin=BROWSELINK"
"54814","https://www.pref.aichi.jp/uploaded/attachment/427062.pdf","https://www.pref.aichi.jp/site/suiso-fcv/fcfl-hojyokin.html | https://www.pref.aichi.jp/uploaded/attachment/427062.pdf"
"54803","https://www.city.akabira.hokkaido.jp/docs/2016031400021.html","https://www.city.akabira.hokkaido.jp/docs/2016031400021.html | https://view.officeapps.live.com/op/view.aspx?src=https%3A%2F%2Fwww.city.akabira.hokkaido.jp%2Ffs%2F7%2F9%2F1%2F8%2F1%2F_%2Fyoukou.doc&wdOrigin=BROWSELINK"
"54816","https://www.city.kasugai.lg.jp/_res/projects/default_project/_page_/001/024/869/R050401_chiiki_gaiyou.pdf","https://www.city.kasugai.lg.jp/shimin/kurashi/1003661/1003670/1024869.html | https://www.city.kasugai.lg.jp/_res/projects/default_project/_page_/001/024/869/R050401_chiiki_gaiyou.pdf | https://www.city.kasugai.lg.jp/_res/projects/default_project/_page_/001/024/869/R050401_chiiki_chirashi.pdf"
"54817","https://www.city.kasugai.lg.jp/_res/projects/default_project/_page_/001/004/143/R05_pato_pamph.pdf","https://www.city.kasugai.lg.jp/shimin/bosai/1004136/1021611/1004143.html | https://www.city.kasugai.lg.jp/_res/projects/default_project/_page_/001/004/143/R05_pato_pamph.pdf"
"54826","https://www.town.hayama.lg.jp/material/files/group/7/R040401kaisei_bousaikoujijoseikin-tokekomashi.pdf","https://www.town.hayama.lg.jp/soshiki/bousaianzen/2/3/6201.html | https://www.town.hayama.lg.jp/material/files/group/7/R040401kaisei_bousaikoujijoseikin-tokekomashi.pdf"
"54827","https://www.town.hayama.lg.jp/soshiki/kankyou/1/2_1/1128.html","https://www.town.hayama.lg.jp/soshiki/kankyou/1/2_1/1128.html"
"54832","https://www.town.tsubetsu.hokkaido.jp/soshikikarasagasu/sangyoshinko/16/842.html","https://www.town.tsubetsu.hokkaido.jp/soshikikarasagasu/sangyoshinko/16/842.html"
"54830","https://www.town.tsubetsu.hokkaido.jp/soshikikarasagasu/sangyoshinko/12/2/774.html","https://www.town.tsubetsu.hokkaido.jp/soshikikarasagasu/sangyoshinko/12/2/774.html"
"54838","https://www.town.manazuru.kanagawa.jp/soshiki/machizukuri/toshikeikaku/540.html","https://www.town.manazuru.kanagawa.jp/soshiki/machizukuri/toshikeikaku/540.html"
"54848","https://www.vill.nakasatsunai.hokkaido.jp/output/contents/file/release/596/5547/syakyohojyo.pdf","https://www.vill.nakasatsunai.hokkaido.jp/kyouiku/kyouikujosei/syakaikyouiku_josei/ | https://www.vill.nakasatsunai.hokkaido.jp/output/contents/file/release/596/5547/syakyohojyo.pdf"
"54834","https://www.town.tsubetsu.hokkaido.jp/soshikikarasagasu/sangyoshinko/12/3/775.html","https://www.town.tsubetsu.hokkaido.jp/soshikikarasagasu/sangyoshinko/12/3/775.html"
"54857","https://www.city.iwamizawa.hokkaido.jp/soshiki/kankyohozenka/gomi_kankyohozen/1/3/2315.html","https://www.city.iwamizawa.hokkaido.jp/soshiki/kankyohozenka/gomi_kankyohozen/1/3/2315.html"
"54861","https://www.town.tsubetsu.hokkaido.jp/soshikikarasagasu/sangyoshinko/20/771.html","https://www.town.tsubetsu.hokkaido.jp/soshikikarasagasu/sangyoshinko/20/771.html"
"54858","https://www.town.tsubetsu.hokkaido.jp/soshikikarasagasu/sangyoshinko/12/776.html","https://www.town.tsubetsu.hokkaido.jp/soshikikarasagasu/sangyoshinko/12/776.html"
"54875","https://www.town.atsuma.lg.jp/office/employment/job/training_successor/","https://www.town.atsuma.lg.jp/office/employment/job/training_successor/"
"54872","https://www.pref.ehime.jp/h35600/hojozigyo/documents/youryou.pdf","https://www.pref.ehime.jp/h35600/hojozigyo/shiryouseisankakudaikasokuka.html | https://www.pref.ehime.jp/h35600/hojozigyo/documents/youryou.pdf"
"54877","http://www.town.toyako.hokkaido.jp/file/contents/237/1732/challengeyoko.pdf","https://www.town.toyako.hokkaido.jp/settle/com001/ | http://www.town.toyako.hokkaido.jp/file/contents/237/1732/challengeyoko.pdf"
"54878","https://www.city.ayase.kanagawa.jp/soshiki/kogyoshinkokigyoyuchika/sangyoshinko/4/2726.html","https://www.city.ayase.kanagawa.jp/soshiki/kogyoshinkokigyoyuchika/sangyoshinko/4/2726.html"
"54882","https://www.city.nishio.aichi.jp/_res/projects/default_project/_page_/001/001/907/r5_youkou.pdf","https://www.city.nishio.aichi.jp/kurashi/gomi/1005103/1001400/1001907.html | https://www.city.nishio.aichi.jp/_res/projects/default_project/_page_/001/001/907/r5_youkou.pdf"
"54884","https://www.town.urausu.hokkaido.jp/gyousei/shien","https://www.town.urausu.hokkaido.jp/gyousei/shien"
"54886","https://www.city.ayase.kanagawa.jp/soshiki/kogyoshinkokigyoyuchika/sangyoshinko/4/3055.html","https://www.city.ayase.kanagawa.jp/soshiki/kogyoshinkokigyoyuchika/sangyoshinko/4/3055.html"
"54887","https://www.city.ayase.kanagawa.jp/soshiki/kogyoshinkokigyoyuchika/sangyoshinko/4/2725.html","https://www.city.ayase.kanagawa.jp/soshiki/kogyoshinkokigyoyuchika/sangyoshinko/4/2725.html"
"54889","https://www.city.ayase.kanagawa.jp/soshiki/kogyoshinkokigyoyuchika/sangyoshinko/4/3131.html","https://www.city.ayase.kanagawa.jp/soshiki/kogyoshinkokigyoyuchika/sangyoshinko/4/3131.html"
"54894","https://www.city.ayase.kanagawa.jp/shigoto_sangyo_machizukuri/sangyoshinko/chushokigyotoshien/9726.html","https://www.city.ayase.kanagawa.jp/shigoto_sangyo_machizukuri/sangyoshinko/chushokigyotoshien/9726.html"
"54900","https://www.city.ayase.kanagawa.jp/soshiki/kogyoshinkokigyoyuchika/sangyoshinko/4/2830.html","https://www.city.ayase.kanagawa.jp/soshiki/kogyoshinkokigyoyuchika/sangyoshinko/4/2830.html"
"54897","https://www.city.kadoma.osaka.jp/machizukuri_rodo/kenchiku/7/hozyoseido/4961.html","https://www.city.kadoma.osaka.jp/machizukuri_rodo/kenchiku/7/hozyoseido/4961.html"
"54902","https://www.city.nemuro.hokkaido.jp/material/files/group/16/rikujyouyousyokuQandA.pdf","https://www.city.nemuro.hokkaido.jp/lifeinfo/topics/10281.html | https://www.city.nemuro.hokkaido.jp/material/files/group/16/rikujyouyousyokuQandA.pdf | https://www.city.nemuro.hokkaido.jp/material/files/group/16/rikujyouyousyokubosyuu.pdf"
"54952","https://www.city.izunokuni.shizuoka.jp/tiiki/kurashi/bouhankamera.html","https://www.city.izunokuni.shizuoka.jp/tiiki/kurashi/bouhankamera.html"
"54945","http://www.city.muroran.lg.jp/main/org6240/documents/seidogaiyou_1.pdf","http://www.city.muroran.lg.jp/main/org6240/h28sangyoshinkojorei.html | http://www.city.muroran.lg.jp/main/org6240/documents/seidogaiyou_1.pdf"
"54955","https://www.town.urakawa.hokkaido.jp/gyosei/business/?content=1387","https://www.town.urakawa.hokkaido.jp/gyosei/business/?content=1387"
"54961","https://www.city.katsushika.lg.jp/_res/projects/default_project/_page_/001/028/694/r5-youkou.pdf","https://www.city.katsushika.lg.jp/kurashi/1003399/1030171/1028662/1028694.html | https://www.city.katsushika.lg.jp/_res/projects/default_project/_page_/001/028/694/r5-youkou.pdf"
"54976","https://www.city.shibetsu.lg.jp/gyoseisaito/shigoto_sangyo/nogyo_chikusangyo/1/4413.html","https://www.city.shibetsu.lg.jp/gyoseisaito/shigoto_sangyo/nogyo_chikusangyo/1/4413.html"
"54978","https://www.city.akabira.hokkaido.jp/docs/2015060300012.html","https://www.city.akabira.hokkaido.jp/docs/2015060300012.html"
"54980","https://www.city.akabira.hokkaido.jp/docs/2016040700013.html","https://www.city.akabira.hokkaido.jp/docs/2016040700013.html"
"54982","https://www.city.abashiri.hokkaido.jp/340syogyo/zibasannpinhozyokin.html","https://www.city.abashiri.hokkaido.jp/340syogyo/zibasannpinhozyokin.html"
"54993","https://www.city.kitanagoya.lg.jp/kankyo/1300040.php","https://www.city.kitanagoya.lg.jp/kankyo/1300040.php"
"54996","https://www.city.katsushika.lg.jp/_res/projects/default_project/_page_/001/028/508/r5zyoseikin.pdf","https://www.city.katsushika.lg.jp/business/1000011/1000069/1005251/1028508.html | https://www.city.katsushika.lg.jp/_res/projects/default_project/_page_/001/028/508/r5zyoseikin.pdf"
"55002","https://www.city.nemuro.hokkaido.jp/material/files/group/19/sikakusyutokuhojyoyoko.pdf","https://www.city.nemuro.hokkaido.jp/lifeinfo/kakuka/suisankeizaibu/shoukoukankou/gyoumuannai/6/11073.html | https://www.city.nemuro.hokkaido.jp/material/files/group/19/sikakusyutokuhojyoyoko.pdf | https://www.city.nemuro.hokkaido.jp/material/files/group/19/R5sikakusyutokusientirasi.pdf"
"55009","https://www.city.abashiri.hokkaido.jp/340syogyo/010shinkou/030shien.html#jibasanpin","https://www.city.abashiri.hokkaido.jp/340syogyo/010shinkou/030shien.html#jibasanpin"
"55008","https://www.city.abashiri.hokkaido.jp/340syogyo/010shinkou/030shien.html#001jibatokusanhin","https://www.city.abashiri.hokkaido.jp/340syogyo/010shinkou/030shien.html#001jibatokusanhin"
"55007","https://www.city.abashiri.hokkaido.jp/340syogyo/010shinkou/030shien.html#004support","https://www.city.abashiri.hokkaido.jp/340syogyo/010shinkou/030shien.html#004support"
"55012","https://www.town.urakawa.hokkaido.jp/gyosei/business/?content=40","https://www.town.urakawa.hokkaido.jp/gyosei/business/?content=40"
"55015","https://www.city.tomakomai.hokkaido.jp/files/00030600/00030634/r5youkou.pdf","https://www.city.tomakomai.hokkaido.jp/kanko/kosho/shogyo/shienseido/tenpokaisou.html | https://www.city.tomakomai.hokkaido.jp/files/00030600/00030634/r5youkou.pdf"
"55020","https://www.city.yame.fukuoka.jp/material/files/group/45/sougyoushienR704.pdf","https://www.city.yame.fukuoka.jp/kurashi/hojyokin/hojyowork/1505370098575.html | https://www.city.yame.fukuoka.jp/material/files/group/45/sougyoushienR704.pdf"
"55022","https://www.city.kawasaki.jp/601/page/0000017716.html","https://www.city.kawasaki.jp/601/page/0000017716.html"
"55023","https://www.city.toyokawa.lg.jp/kurashi_tetsuzuki/community_kyodo/6/2/12476.html","https://www.city.toyokawa.lg.jp/kurashi_tetsuzuki/community_kyodo/6/2/12476.html"
"55024","https://www.town.aichi-togo.lg.jp/shigoto_sangyo/sangyoshinko/kigyoyuchi_kigyoritchi/5378.html","https://www.town.aichi-togo.lg.jp/shigoto_sangyo/sangyoshinko/kigyoyuchi_kigyoritchi/5378.html"
"55027","https://www.city.shinshiro.lg.jp/shisei/machidukuri/wakamono-sogo/25saiseijinsikihojo.files/2022.12.01.pdf","https://www.city.shinshiro.lg.jp/shisei/machidukuri/wakamono-sogo/25saiseijinsikihojo.html | https://www.city.shinshiro.lg.jp/shisei/machidukuri/wakamono-sogo/25saiseijinsikihojo.files/2022.12.01.pdf"
"55100","https://www.town.urakawa.hokkaido.jp/gyosei/business/?content=63","https://www.town.urakawa.hokkaido.jp/gyosei/business/?content=63"
"55062","https://www.city.hiratsuka.kanagawa.jp/nosui/page34_00030.html","https://www.city.hiratsuka.kanagawa.jp/nosui/page34_00030.html"
"55101","https://www.town.urakawa.hokkaido.jp/gyosei/business/?content=63","https://www.town.urakawa.hokkaido.jp/gyosei/business/?content=63"
"55105","https://www.town.fukushima.hokkaido.jp/shigoto/suisan/ninaite/","https://www.town.fukushima.hokkaido.jp/shigoto/suisan/ninaite/"
"55103","https://www.town.urakawa.hokkaido.jp/gyosei/business/?content=63","https://www.town.urakawa.hokkaido.jp/gyosei/business/?content=63"
"55109","https://www.icnet.or.jp/docs-insti/R5kanazawataiyoukou.pdf","https://www.icnet.or.jp/docs-insti/R5kanazawataiyoukou.pdf"
"55111","https://www.town.kiyokawa.kanagawa.jp/soshiki/hokenhukushi/koureifukusi/473.html#seniorsos","https://www.town.kiyokawa.kanagawa.jp/soshiki/hokenhukushi/koureifukusi/473.html#seniorsos"
"55113","https://www.icnet.or.jp/docs-insti/R5kanazawaev.pdf","https://www.icnet.or.jp/docs-insti/R5kanazawaev.pdf"
"55138","https://www.sarabetsu.jp/ijyuu/ritti_hojyo/","https://www.sarabetsu.jp/ijyuu/ritti_hojyo/"
"55133","https://www.city.nakatsugawa.lg.jp/material/files/group/48/keikanhojochirashi_R5.pdf","https://www.city.nakatsugawa.lg.jp/soshikikarasagasu/toshikenchikuka/3/3/2059.html | https://www.city.nakatsugawa.lg.jp/material/files/group/48/keikanhojochirashi_R5.pdf"
"55129","https://www.town.kiyokawa.kanagawa.jp/soshiki/soumu/2257.html","https://www.town.kiyokawa.kanagawa.jp/soshiki/soumu/2257.html"
"55145","https://www.town.mashike.hokkaido.jp/menu/kakuka/kikakuzaisei/dousoukaisienn/index.html","https://www.town.mashike.hokkaido.jp/menu/kakuka/kikakuzaisei/dousoukaisienn/index.html"
"55170","https://www.city.gujo.gifu.jp/business/docs/15d0f62993080bf8087713f2d7ea6386a462bd02.pdf","https://www.city.gujo.gifu.jp/business/detail/post-226.html | https://www.city.gujo.gifu.jp/business/docs/15d0f62993080bf8087713f2d7ea6386a462bd02.pdf"
"55160","https://www.city.ichikawa.lg.jp/env09/0000430585.html","https://www.city.ichikawa.lg.jp/env09/0000430585.html"
"55172","https://www.city.gujo.gifu.jp/business/detail/post-206.html","https://www.city.gujo.gifu.jp/business/detail/post-206.html"
"55178","https://www.city.gujo.gifu.jp/business/detail/post-222.html","https://www.city.gujo.gifu.jp/business/detail/post-222.html"
"55180","https://www.city.gujo.gifu.jp/business/detail/post-134.html","https://www.city.gujo.gifu.jp/business/detail/post-134.html"
"55181","https://www.city.gujo.gifu.jp/business/detail/post-134.html","https://www.city.gujo.gifu.jp/business/detail/post-134.html"
"55188","https://www.city.gujo.gifu.jp/business/detail/post-117.html","https://www.city.gujo.gifu.jp/business/detail/post-117.html"
"55183","https://www.city.gujo.gifu.jp/business/detail/post-134.html","https://www.city.gujo.gifu.jp/business/detail/post-134.html"
"55199","https://www.vill.shirakawa.lg.jp/2394.htm","https://www.vill.shirakawa.lg.jp/2394.htm"
"55205","https://www.city.gujo.gifu.jp/admin/detail/8911.html","https://www.city.gujo.gifu.jp/admin/detail/8911.html"
"55201","https://www.vill.shirakawa.lg.jp/2394.htm","https://www.vill.shirakawa.lg.jp/2394.htm"
"55216","https://www.city.takasago.lg.jp/material/files/group/34/cashless-youkou.pdf","https://www.city.takasago.lg.jp/soshikikarasagasu/sangyoshinkoka/sangyoshinko/3/8969.html | https://www.city.takasago.lg.jp/material/files/group/34/cashless-youkou.pdf"
"55237","https://www.city.hashima.lg.jp/2145.html","https://www.city.hashima.lg.jp/2145.html"
"55218","https://www.city.nakatsugawa.lg.jp/soshikikarasagasu/syoukousinkouka/2/2/1975.html","https://www.city.nakatsugawa.lg.jp/soshikikarasagasu/syoukousinkouka/2/2/1975.html | https://www.city.nakatsugawa.lg.jp/material/files/group/41/jigyouyonogaiyousyo.rtf"
"55240","https://www.town.manno.lg.jp//archives/004/202304/415b8de98ca42d382348b4c7e514a240.pdf","https://www.town.manno.lg.jp/kurashi/kurashi_guide/seikatsu/jutaku_tochi/entry-2763.html | https://www.town.manno.lg.jp//archives/004/202304/415b8de98ca42d382348b4c7e514a240.pdf"
"55246","https://www.city.marugame.lg.jp/uploaded/attachment/12241.pdf","https://www.city.marugame.lg.jp/page/11945.html | https://www.city.marugame.lg.jp/uploaded/attachment/12241.pdf"
"55243","https://www.vill.shirakawa.lg.jp/1361.htm","https://www.vill.shirakawa.lg.jp/1361.htm"
"55248","https://www.city.marugame.lg.jp/uploaded/attachment/11605.pdf","https://www.city.marugame.lg.jp/page/13497.html | https://www.city.marugame.lg.jp/uploaded/attachment/11605.pdf | https://www.city.marugame.lg.jp/uploaded/attachment/11551.pdf"
"55249","https://www.city.marugame.lg.jp/site/download/1740.html","https://www.city.marugame.lg.jp/site/download/1740.html"
"55253","https://www.city.marugame.lg.jp/uploaded/attachment/4153.pdf","https://www.city.marugame.lg.jp/site/download/1738.html | https://www.city.marugame.lg.jp/uploaded/attachment/4153.pdf"
"55255","https://www.city.marugame.lg.jp/site/download/1734.html","https://www.city.marugame.lg.jp/site/download/1734.html"
"55260","https://www.city.marugame.lg.jp/page/1709.html","https://www.city.marugame.lg.jp/page/1709.html"
"55256","https://www.city.marugame.lg.jp/site/download/1729.html","https://www.city.marugame.lg.jp/site/download/1729.html"
"55270","https://www.city.marugame.lg.jp/page/2287.html","https://www.city.marugame.lg.jp/page/2287.html"
"55268","https://www.city.sanuki.kagawa.jp/life/conference/meeting_place","https://www.city.sanuki.kagawa.jp/life/conference/meeting_place"
"55265","https://www.city.sanuki.kagawa.jp/life/safety/subsidy","https://www.city.sanuki.kagawa.jp/life/safety/subsidy"
"55272","https://www.city.marugame.lg.jp/page/3270.html","https://www.city.marugame.lg.jp/page/3270.html"
"55282","https://www.city.sanuki.kagawa.jp/life/living/beautification","https://www.city.sanuki.kagawa.jp/life/living/beautification"
"55277","https://www.city.marugame.lg.jp/uploaded/attachment/12021.pdf","https://www.city.marugame.lg.jp/page/1438.html | https://www.city.marugame.lg.jp/uploaded/attachment/12021.pdf"
"55287","https://www.city.nakatsugawa.lg.jp/works/forest/3/5487.html","https://www.city.nakatsugawa.lg.jp/works/forest/3/5487.html"
"55288","https://www.city.nakatsugawa.lg.jp/soshikikarasagasu/ringyoshinkoka/ringyo_shinrin/1/4922.html","https://www.city.nakatsugawa.lg.jp/soshikikarasagasu/ringyoshinkoka/ringyo_shinrin/1/4922.html"
"55297","https://www.city.kushiro.lg.jp/_res/projects/default_project/_page_/001/004/993/2023041001.pdf","https://www.city.kushiro.lg.jp/kenfuku/fukushi/1004926/1004990/1004993.html | https://www.city.kushiro.lg.jp/_res/projects/default_project/_page_/001/004/993/2023041001.pdf"
"55303","https://www.city.kushiro.lg.jp/_res/projects/default_project/_page_/001/004/992/000189046.pdf","https://www.city.kushiro.lg.jp/kenfuku/fukushi/1004926/1004990/1004992.html | https://www.city.kushiro.lg.jp/_res/projects/default_project/_page_/001/004/992/000189046.pdf | https://www.city.kushiro.lg.jp/_res/projects/default_project/_page_/001/004/992/2023041104.pdf"
"55307","https://www.pref.miyagi.jp/documents/23713/sinrinikuseijigyou-jissiyouryou.pdf","https://www.pref.miyagi.jp/soshiki/sinrin/forest-support.html | https://www.pref.miyagi.jp/documents/23713/sinrinikuseijigyou-jissiyouryou.pdf | https://www.pref.miyagi.jp/documents/37945/seicho-youryou.pdf | https://www.pref.miyagi.jp/documents/37945/youryou.pdf | https://www.pref.miyagi.jp/documents/37945/youkou.pdf | https://www.pref.miyagi.jp/documents/7664/youkoubeppilypu1.pdf"
"55309","https://www.town.hirono.iwate.jp/doc/2023051200067/file_contents/yuukyuu.pdf","https://www.town.hirono.iwate.jp/doc/2023051200067/ | https://www.town.hirono.iwate.jp/doc/2023051200067/file_contents/yuukyuu.pdf"
"55313","https://www.city.shibukawa.lg.jp/manage/contents/upload/646b0bf350814.pdf","https://www.city.shibukawa.lg.jp/sangyou/sangyou/kigyokeieishien/misezukuriouen.html | https://www.city.shibukawa.lg.jp/manage/contents/upload/646b0bf350814.pdf"
"55310","https://www.hyugacity.jp/tempimg/20230526112429.pdf","https://www.hyugacity.jp/display.php?cont=230524173829 | https://www.hyugacity.jp/tempimg/20230526112429.pdf"
"55339","https://www.city.sano.lg.jp/material/files/group/19/tirashi.pdf","https://www.city.sano.lg.jp/kurashi_gyosei/kurashi_tetsuzuki/gomi_kankyo_pet/gairai/21999.html | https://www.city.sano.lg.jp/material/files/group/19/tirashi.pdf"
"55364","https://www.city.utsunomiya.tochigi.jp/_res/projects/default_project/_page_/001/029/448/tirashi.totiriyou.pdf","https://www.city.utsunomiya.tochigi.jp/sangyo/nougyou/oshirase/1029448.html | https://www.city.utsunomiya.tochigi.jp/_res/projects/default_project/_page_/001/029/448/tirashi.totiriyou.pdf"
"55359","https://www.city.sano.lg.jp/kurashi_gyosei/sangyo_shigoto/machizukuri_shigaichikasseika/7889.html","https://www.city.sano.lg.jp/kurashi_gyosei/sangyo_shigoto/machizukuri_shigaichikasseika/7889.html | https://www.city.sano.lg.jp/soshikiichiran/sangyou/sangyoritsushisuishinka/gyomuannai/machi/chushin/4061.html | https://www.city.sano.lg.jp/soshikiichiran/sangyou/sangyoritsushisuishinka/gyomuannai/machi/chushin/4062.html | https://www.city.sano.lg.jp/soshikiichiran/sangyou/sangyoritsushisuishinka/gyomuannai/machi/chushin/4060.html"
"55363","https://www.city.nasushiobara.lg.jp/kurashi_tetsuzuki/shiminsankaku/kokusaikoryu/8725.html","https://www.city.nasushiobara.lg.jp/kurashi_tetsuzuki/shiminsankaku/kokusaikoryu/8725.html"
"55367","https://www.city.utsunomiya.lg.jp/sangyo/sangyo/chushokigyo/1013841.html","https://www.city.utsunomiya.lg.jp/sangyo/sangyo/chushokigyo/1013841.html | https://www.city.utsunomiya.tochigi.jp/_res/projects/default_project/_page_/001/013/841/leaflet.pdf"
"55373","https://www.town.fukushima.hokkaido.jp/shigoto/nourin/ninaite/","https://www.town.fukushima.hokkaido.jp/shigoto/nourin/ninaite/"
"55371","https://www.city.gero.lg.jp/soshiki/17/1535.html","https://www.city.gero.lg.jp/soshiki/17/1535.html"
"55375","https://www.city.nakatsugawa.lg.jp/material/files/group/15/99672310.pdf","https://www.city.nakatsugawa.lg.jp/soshikikarasagasu/teijusuishinka/22/222/2044.html | https://www.city.nakatsugawa.lg.jp/material/files/group/15/99672310.pdf"
"55377","https://www.city.nakatsugawa.lg.jp/material/files/group/16/hitoto_nekono_kyouseisuishinn02.pdf","https://www.city.nakatsugawa.lg.jp/life/safety/4/22257.html | https://www.city.nakatsugawa.lg.jp/material/files/group/16/hitoto_nekono_kyouseisuishinn02.pdf"
"55379","https://www.city.toki.lg.jp/kurashi/shimin/1004739/1004154.html","https://www.city.toki.lg.jp/kurashi/shimin/1004739/1004154.html"
"55387","https://www.city.utsunomiya.tochigi.jp/sangyo/sangyo/1018916.html","https://www.city.utsunomiya.tochigi.jp/sangyo/sangyo/1018916.html"
"55407","https://www.city.utsunomiya.tochigi.jp/kurashi/machi/kenchiku/shidou/1005914.html","https://www.city.utsunomiya.tochigi.jp/kurashi/machi/kenchiku/shidou/1005914.html"
"55389","https://www.city.moka.lg.jp/material/files/group/19/R05akitenpo.pdf","https://www.city.moka.lg.jp/kakuka/shokokanko/gyomu/kategoribetu/sogyo/1945.html | https://www.city.moka.lg.jp/material/files/group/19/R05akitenpo.pdf"
"55420","https://www.city.toki.lg.jp/kurashi/bohan/1004662/1004025.html","https://www.city.toki.lg.jp/kurashi/bohan/1004662/1004025.html"
"55416","https://www.city.hashima.lg.jp/2008.html","https://www.city.hashima.lg.jp/2008.html"
"55409","https://www.city.nakatsugawa.lg.jp/material/files/group/39/seizai_gaiyou.pdf","https://www.city.nakatsugawa.lg.jp/soshikikarasagasu/ringyoshinkoka/ringyo_shinrin/1/2096a.html | https://www.city.nakatsugawa.lg.jp/material/files/group/39/seizai_gaiyou.pdf"
"55430","https://www.metro.tokyo.lg.jp/tosei/hodohappyo/press/2023/06/01/08.html","https://www.metro.tokyo.lg.jp/tosei/hodohappyo/press/2023/06/01/08.html"
"55439","https://www.town-kofu.jp/2/1/11/5/4/p715","https://www.town-kofu.jp/2/1/11/5/4/p715"
"55428","https://www.city.higashiosaka.lg.jp/0000002635.html","https://www.city.higashiosaka.lg.jp/0000002635.html"
"55440","https://www.hichiso.jp/fr7so/frnourin/sinkou230131b/","https://www.hichiso.jp/fr7so/frnourin/sinkou230131b/"
"55443","https://www.hichiso.jp/fr7so/frnourin/sinkou230131a/","https://www.hichiso.jp/fr7so/frnourin/sinkou230131a/"
"55441","https://www.city.sakai.lg.jp/sangyo/shienyuushi/sogyo/sozocenter.html","https://www.city.sakai.lg.jp/sangyo/shienyuushi/sogyo/sozocenter.html"
"55445","http://www.town.misaki.osaka.jp/material/files/group/7/R5konkatsu.pdf","http://www.town.misaki.osaka.jp/soshiki/matidukuri/kikaku/teiju/349.html | http://www.town.misaki.osaka.jp/material/files/group/7/R5konkatsu.pdf"
"55461","https://www.city.sano.lg.jp/kurashi_gyosei/sangyo_shigoto/business/kigyoshien_ritchisokushin/7124.html","https://www.city.sano.lg.jp/kurashi_gyosei/sangyo_shigoto/business/kigyoshien_ritchisokushin/7124.html"
"55446","https://www.hichiso.jp/fr7so/frnourin/sinkou230131c/","https://www.hichiso.jp/fr7so/frnourin/sinkou230131c/"
"55463","https://www.city.sano.lg.jp/kurashi_gyosei/sangyo_shigoto/business/kigyoshien_ritchisokushin/7125.html","https://www.city.sano.lg.jp/kurashi_gyosei/sangyo_shigoto/business/kigyoshien_ritchisokushin/7125.html"
"55470","https://www.city.shimonoseki.lg.jp/uploaded/life/93327_174007_misc.pdf","https://shimo-maru.net/93327.html | https://www.city.shimonoseki.lg.jp/uploaded/life/93327_174007_misc.pdf"
"55474","https://www.city.kishiwada.osaka.jp/soshiki/43/syoutengai-kyoudoushisetu.html","https://www.city.kishiwada.osaka.jp/soshiki/43/syoutengai-kyoudoushisetu.html"
"55475","http://www.town.yura.wakayama.jp/docs/2023053000016/","http://www.town.yura.wakayama.jp/docs/2023053000016/"
"55497","https://www.city.obu.aichi.jp/_res/projects/default_project/_page_/001/004/094/obushishokibojigyoshasaitoshi_yoko.pdf","https://www.city.obu.aichi.jp/jigyo/sangyo_shinko/sogyo_yushi/1006451/1006453.html | https://www.city.obu.aichi.jp/_res/projects/default_project/_page_/001/004/094/obushishokibojigyoshasaitoshi_yoko.pdf"
"55509","http://www.town.koryo.nara.jp/contents_detail.php?frmId=6152","http://www.town.koryo.nara.jp/contents_detail.php?frmId=6152"
"55511","https://www.tokyo-co2down.jp/wp-content/uploads/2023/05/pvrecycle_jisshiyoukou_202305.pdf","https://www.tokyo-co2down.jp/subsidy/pvrecycle | https://www.tokyo-co2down.jp/wp-content/uploads/2023/05/pvrecycle_jisshiyoukou_202305.pdf"
"55514","https://www.city.utsunomiya.tochigi.jp/_res/projects/default_project/_page_/001/029/833/000003.pdf","https://www.city.utsunomiya.tochigi.jp/sangyo/kigyo/1029833.html | https://www.city.utsunomiya.tochigi.jp/_res/projects/default_project/_page_/001/029/833/000003.pdf | https://www.city.utsunomiya.tochigi.jp/_res/projects/default_project/_page_/001/029/833/0000002.pdf"
"55538","https://www.city.matsudo.chiba.jp/kurashi/rousei_kyuushoku/kyujin/syuttennhojyokinn.html","https://www.city.matsudo.chiba.jp/kurashi/rousei_kyuushoku/kyujin/syuttennhojyokinn.html"
"55539","https://japan-iddm.net/life-info/make-a-friend/subsidy-for-patient-and-family/","https://japan-iddm.net/life-info/make-a-friend/subsidy-for-patient-and-family/"
"55575","https://www.pref.miyazaki.lg.jp/documents/27184/27184_20230518095755-1.pdf","https://www.pref.miyazaki.lg.jp/shinrin-keiei/shigoto/ringyo/h27kikinn.html | https://www.pref.miyazaki.lg.jp/documents/27184/27184_20230518095755-1.pdf"
"55563","https://www.tokaigi.com/pages/132/","https://www.tokaigi.com/pages/132/"
"55583","https://www.vill.nakasatsunai.hokkaido.jp/output/contents/file/release/598/5559/sports_sinsei.pdf","https://www.vill.nakasatsunai.hokkaido.jp/kyouiku/kyouikujosei/sports_josei/ | https://www.vill.nakasatsunai.hokkaido.jp/output/contents/file/release/598/5559/sports_sinsei.pdf"
"55591","https://www.town.abira.lg.jp/chiikishinko/kigyo-shien","https://www.town.abira.lg.jp/chiikishinko/kigyo-shien"
"55578","https://www.city.yashio.lg.jp/kurashi/sumai_community/kokusai-tabunka/nihongovolunteer.files/tirashi.pdf","https://www.city.yashio.lg.jp/kurashi/sumai_community/kokusai-tabunka/nihongovolunteer.html | https://www.city.yashio.lg.jp/kurashi/sumai_community/kokusai-tabunka/nihongovolunteer.files/tirashi.pdf | https://www.city.yashio.lg.jp/kurashi/sumai_community/kokusai-tabunka/nihongovolunteer.files/youkou.pdf"
"55593","https://www.city.koshigaya.saitama.jp/kurashi_shisei/fukushi/koureisha/ninchisho/orangecafe202004.html","https://www.city.koshigaya.saitama.jp/kurashi_shisei/fukushi/koureisha/ninchisho/orangecafe202004.html"
"55598","https://www.city.kasugai.lg.jp/business/kigyo/shotengai/1009883.html","https://www.city.kasugai.lg.jp/business/kigyo/shotengai/1009883.html"
"55595","https://www.kawabe-gifu.jp/wp-content/uploads/2020/04/kakekin-youkou-1.pdf","https://www.kawabe-gifu.jp/?page_id=28644 | https://www.kawabe-gifu.jp/wp-content/uploads/2020/04/kakekin-youkou-1.pdf | https://www.kawabe-gifu.jp/wp-content/uploads/2020/04/kakekin-gaiyou-1.pdf"
"55599","https://www.city.kasugai.lg.jp/business/kigyo/shotengai/kyodozigyo_gairoto.html","https://www.city.kasugai.lg.jp/business/kigyo/shotengai/kyodozigyo_gairoto.html"
"55600","https://www.city.kasugai.lg.jp/business/kigyo/shotengai/1017393.html","https://www.city.kasugai.lg.jp/business/kigyo/shotengai/1017393.html"
"55601","https://www.city.kasugai.lg.jp/business/kigyo/shotengai/1017400.html","https://www.city.kasugai.lg.jp/business/kigyo/shotengai/1017400.html"
"55604","https://www.city.kasugai.lg.jp/business/kigyo/shotengai/1024202/1009884.html","https://www.city.kasugai.lg.jp/business/kigyo/shotengai/1024202/1009884.html"
"55608","https://www.town.saitama-misato.lg.jp/cmsfiles/contents/0000000/980/tirasi.pdf","https://www.town.saitama-misato.lg.jp/0000000980.html | https://www.town.saitama-misato.lg.jp/cmsfiles/contents/0000000/980/tirasi.pdf"
"55603","https://www.city.kasugai.lg.jp/business/kigyo/shotengai/1024202/1020207.html","https://www.city.kasugai.lg.jp/business/kigyo/shotengai/1024202/1020207.html"
"55612","https://www.town.saitama-misato.lg.jp/cmsfiles/contents/0000000/36/kigyou-youkou.pdf","https://www.town.saitama-misato.lg.jp/0000000036.html | https://www.town.saitama-misato.lg.jp/cmsfiles/contents/0000000/36/kigyou-youkou.pdf"
"55609","https://www.city.kasugai.lg.jp/business/kigyo/shotengai/akitenpo_katuyou/kyodozigyo_akitenpo_thinsyaku.html","https://www.city.kasugai.lg.jp/business/kigyo/shotengai/akitenpo_katuyou/kyodozigyo_akitenpo_thinsyaku.html"
"55614","https://www.town.saitama-misato.lg.jp/0000000111.html","https://www.town.saitama-misato.lg.jp/0000000111.html"
"55634","https://www.city.hanno.lg.jp/soshikikarasagasu/sangyokankyobu/kanko_ecotourismsuishinka/873.html","https://www.city.hanno.lg.jp/soshikikarasagasu/sangyokankyobu/kanko_ecotourismsuishinka/873.html"
"55629","https://www.city.hanno.lg.jp/material/files/group/36/nishikawa2023-1.pdf","https://www.city.hanno.lg.jp/soshikikarasagasu/norimbu/shinrinzukurisuishinka/1503.html | https://www.city.hanno.lg.jp/material/files/group/36/nishikawa2023-1.pdf"
"55636","https://www.town.ogose.saitama.jp/kamei/sangyokanko/norin/nougyou/1473119241987.html","https://www.town.ogose.saitama.jp/kamei/sangyokanko/norin/nougyou/1473119241987.html"
"55639","https://www.town.ogose.saitama.jp/kamei/sangyokanko/norin/nougyou/1621398057372.html","https://www.town.ogose.saitama.jp/kamei/sangyokanko/norin/nougyou/1621398057372.html"
"55648","https://www.city.kasugai.lg.jp/_res/projects/default_project/_page_/001/020/616/R5_jinzaiikusei.pdf","https://www.city.kasugai.lg.jp/business/kigyo/jinzaiikusei/jinzaiikusei.html | https://www.city.kasugai.lg.jp/_res/projects/default_project/_page_/001/020/616/R5_jinzaiikusei.pdf"
"55640","https://www.city.hanno.lg.jp/soshikikarasagasu/bosaikikikanrishitsu/6/2233.html","https://www.city.hanno.lg.jp/soshikikarasagasu/bosaikikikanrishitsu/6/2233.html"
"55650","https://www.town.ogose.saitama.jp/kamei/sangyokanko/norin/yugaityoujyuuhokaku/1621400973414.html","https://www.town.ogose.saitama.jp/kamei/sangyokanko/norin/yugaityoujyuuhokaku/1621400973414.html"
"55652","https://www.city.kawagoe.saitama.jp/jigyoshamuke/chushokigyonushi/koyoshoreikin2.files/r03koyousyoureikinn.pdf","https://www.city.kawagoe.saitama.jp/jigyoshamuke/chushokigyonushi/koyoshoreikin2.html | https://www.city.kawagoe.saitama.jp/jigyoshamuke/chushokigyonushi/koyoshoreikin2.files/r03koyousyoureikinn.pdf"
"55654","https://www.city.nikko.lg.jp/shoukou/documents/syoutenrifuressyutirasi.pdf","https://www.city.nikko.lg.jp/soshiki/6/1029/5/1/2544.html | https://www.city.nikko.lg.jp/shoukou/documents/syoutenrifuressyutirasi.pdf"
"55691","https://www.kipc.or.jp/business-support/management/adviser/","https://www.kipc.or.jp/business-support/management/adviser/"
"55655","https://www.town.taga.lg.jp/contents_detail.php?frmId=1872","https://www.town.taga.lg.jp/contents_detail.php?frmId=1872"
"55692","https://www.town.urakawa.hokkaido.jp/gyosei/welfare/?content=500","https://www.town.urakawa.hokkaido.jp/gyosei/welfare/?content=500"
"55693","https://www.city.ueda.nagano.jp/soshiki/shoko/4540.html","https://www.city.ueda.nagano.jp/soshiki/shoko/4540.html"
"55696","https://www.city.omachi.nagano.jp/00013000/00013100/00013220/00013221_2.html","https://www.city.omachi.nagano.jp/00013000/00013100/00013220/00013221_2.html"
"55697","https://www.city.arida.lg.jp/sangyoshigoto/nogyo/1004459.html","https://www.city.arida.lg.jp/sangyoshigoto/nogyo/1004459.html"
"55706","https://www.town-kiso.com/kurashi/hojyokin1/100257/m100043/","https://www.town-kiso.com/kurashi/hojyokin1/100257/m100043/"
"55707","https://www.city.kasukabe.lg.jp/material/files/group/41/youkou.pdf","https://www.city.kasukabe.lg.jp/jigyoshamuke/toshikeikaku/shisaku_jigyo/8895.html | https://www.city.kasukabe.lg.jp/material/files/group/41/youkou.pdf | https://www.city.kasukabe.lg.jp/material/files/group/41/keikan-youkou.pdf | https://www.city.kasukabe.lg.jp/material/files/group/41/machishien-youkou.pdf"
"55709","https://www.city.komae.tokyo.jp/index.cfm/44,46963,c,html/46963/20180112-114909.pdf","https://www.city.komae.tokyo.jp/index.cfm/44,46963,338,html | https://www.city.komae.tokyo.jp/index.cfm/44,46963,c,html/46963/20180112-114909.pdf"
"55710","https://www.city.komae.tokyo.jp/index.cfm/43,93158,331,html","https://www.city.komae.tokyo.jp/index.cfm/43,93158,331,html"
"55711","https://www.city.kamakura.kanagawa.jp/kaigo/kaigozinzaikakuho0409.html","https://www.city.kamakura.kanagawa.jp/kaigo/kaigozinzaikakuho0409.html"
"55714","https://www.city.kamakura.kanagawa.jp/kankou/documents/wi-fisetsumei.pdf","https://www.city.kamakura.kanagawa.jp/kankou/wifi04.html | https://www.city.kamakura.kanagawa.jp/kankou/documents/wi-fisetsumei.pdf"
"55716","https://www.city.aichi-miyoshi.lg.jp/kourei/chiiki_kaigoyobo_katudoushien.html","https://www.city.aichi-miyoshi.lg.jp/kourei/chiiki_kaigoyobo_katudoushien.html"
"55720","https://www.town-kiso.com/jigyosha/hojyokin3/100299/100520/","https://www.town-kiso.com/jigyosha/hojyokin3/100299/100520/"
"55721","https://www.city.matsumoto.nagano.jp/uploaded/attachment/73223.pdf","https://www.city.matsumoto.nagano.jp/soshiki/75/3023.html | https://www.city.matsumoto.nagano.jp/uploaded/attachment/73223.pdf"
"55722","https://www.town-kiso.com/files/file/box/13/13d0de7ebb43af316a4ddaa9fdd605802e6f8fbc.pdf","https://www.town-kiso.com/jigyosha/hojyokin3/100262/m100059/ | https://www.town-kiso.com/files/file/box/13/13d0de7ebb43af316a4ddaa9fdd605802e6f8fbc.pdf"
"55723","https://www.city.matsumoto.nagano.jp/soshiki/75/3021.html","https://www.city.matsumoto.nagano.jp/soshiki/75/3021.html"
"55724","https://www.town-kiso.com/files/file/box/b4/b4c894b0b6e7b3e4e524ce988bb3e25284e2cec6.pdf","https://www.town-kiso.com/jigyosha/hojyokin3/100262/m100056/ | https://www.town-kiso.com/files/file/box/b4/b4c894b0b6e7b3e4e524ce988bb3e25284e2cec6.pdf"
"55725","https://www.town-kiso.com/files/file/box/d2/d2075d718a0bfcbbb267b25cbc3893bdce53892a.pdf","https://www.town-kiso.com/jigyosha/hojyokin3/100262/m100055/ | https://www.town-kiso.com/files/file/box/d2/d2075d718a0bfcbbb267b25cbc3893bdce53892a.pdf"
"55727","https://www.town-kiso.com/jigyosha/hojyokin3/100262/m100009/","https://www.town-kiso.com/jigyosha/hojyokin3/100262/m100009/"
"55728","https://www.city.omachi.nagano.jp/00013500/00013200/00013210/00013410.html","https://www.city.omachi.nagano.jp/00013500/00013200/00013210/00013410.html"
"55729","https://www.city.komae.tokyo.jp/index.cfm/41,90095,313,3465,html","https://www.city.komae.tokyo.jp/index.cfm/41,90095,313,3465,html"
"55730","https://www.city.komae.tokyo.jp/index.cfm/41,69974,c,html/69974/R5commnitymanual.pdf","https://www.city.komae.tokyo.jp/index.cfm/41,69974,315,html | https://www.city.komae.tokyo.jp/index.cfm/41,69974,c,html/69974/R5commnitymanual.pdf"
"55737","https://www.city.okaya.lg.jp/sangyo_shigoto/sangyo/shogyo/2/24770.html","https://www.city.okaya.lg.jp/sangyo_shigoto/sangyo/shogyo/2/24770.html"
"55743","https://www.town.anan.nagano.jp/anan_town/kigyo_jyosei/","https://www.town.anan.nagano.jp/anan_town/kigyo_jyosei/"
"55744","https://www.town-kiso.com/files/file/box/48/487ee2ed29025a8643fff878e713757a29bfc921.pdf","https://www.town-kiso.com/kurashi/hojyokin1/100317/m100077/ | https://www.town-kiso.com/files/file/box/48/487ee2ed29025a8643fff878e713757a29bfc921.pdf"
"55741","https://www.town-kiso.com/kurashi/hojyokin1/100317/m100066/","https://www.town-kiso.com/kurashi/hojyokin1/100317/m100066/"
"55745","https://www.town.anan.nagano.jp/anan_town/kigyo_jyosei/","https://www.town.anan.nagano.jp/anan_town/kigyo_jyosei/"
"55746","https://www.city.komae.tokyo.jp/index.cfm/44,98584,c,html/98584/20220323-142723.pdf","https://www.city.komae.tokyo.jp/index.cfm/44,0,340,3341,html | https://www.city.komae.tokyo.jp/index.cfm/44,98584,c,html/98584/20220323-142723.pdf | https://www.city.komae.tokyo.jp/index.cfm/44,98584,c,html/98584/20230530-140434.pdf | https://www.city.komae.tokyo.jp/index.cfm/44,98584,c,html/98584/20230530-140617.pdf"
"55747","https://www.town-kiso.com/kurashi/hojyokin1/100317/m100076/","https://www.town-kiso.com/kurashi/hojyokin1/100317/m100076/"
"55750","https://www.town-kiso.com/kurashi/hojyokin1/100317/m100067/","https://www.town-kiso.com/kurashi/hojyokin1/100317/m100067/"
"55748","https://www.town.anan.nagano.jp/anan_town/kigyo_jyosei/","https://www.town.anan.nagano.jp/anan_town/kigyo_jyosei/"
"55752","https://www.town-kiso.com/kurashi/hojyokin1/100317/m100064/","https://www.town-kiso.com/kurashi/hojyokin1/100317/m100064/"
"55754","https://www.town-kiso.com/kurashi/hojyokin1/100317/m100063/","https://www.town-kiso.com/kurashi/hojyokin1/100317/m100063/"
"55756","https://www.town-kiso.com/kurashi/hojyokin1/100317/m100057/","https://www.town-kiso.com/kurashi/hojyokin1/100317/m100057/"
"55757","https://www.city.matsumoto.nagano.jp/soshiki/75/3200.html","https://www.city.matsumoto.nagano.jp/soshiki/75/3200.html"
"55758","https://www.town-kiso.com/kurashi/hojyokin1/100317/m100065/","https://www.town-kiso.com/kurashi/hojyokin1/100317/m100065/"
"55760","https://www.town-kiso.com/kurashi/hojyokin1/100317/m100058/","https://www.town-kiso.com/kurashi/hojyokin1/100317/m100058/"
"55762","https://www.town-kiso.com/kurashi/hojyokin1/100317/m100047/","https://www.town-kiso.com/kurashi/hojyokin1/100317/m100047/"
"55763","https://www.town-kiso.com/kurashi/hojyokin1/100317/m100045/","https://www.town-kiso.com/kurashi/hojyokin1/100317/m100045/"
"55785","https://www.city.katsushika.lg.jp/_res/projects/default_project/_page_/001/023/621/youkousaisinn.pdf","https://www.city.katsushika.lg.jp/tourism/1002757/1030209/1023621.html | https://www.city.katsushika.lg.jp/_res/projects/default_project/_page_/001/023/621/youkousaisinn.pdf | https://www.city.katsushika.lg.jp/_res/projects/default_project/_page_/001/023/621/r5youkoukai.pdf"
"55768","https://www.town.ogano.lg.jp/industry-bid-business/industry/oogutisuidousiyouzigyousya/","https://www.town.ogano.lg.jp/industry-bid-business/industry/oogutisuidousiyouzigyousya/"
"55796","https://www.city.hanno.lg.jp/material/files/group/18/141538a5e5409.pdf","https://www.city.hanno.lg.jp/soshikikarasagasu/sangyokankyobu/sangyoshinkoka/sogyo_kigyo_shuttenshien/1195.html | https://www.city.hanno.lg.jp/material/files/group/18/141538a5e5409.pdf"
"55803","http://www.town.tochigi-haga.lg.jp/syoukou/start.html","http://www.town.tochigi-haga.lg.jp/syoukou/start.html"
"55798","https://www.city.marugame.lg.jp/uploaded/attachment/9510.pdf","https://www.city.marugame.lg.jp/page/3279.html | https://www.city.marugame.lg.jp/uploaded/attachment/9510.pdf | https://www.city.marugame.lg.jp/uploaded/attachment/10598.pdf"
"55805","http://www.town.tochigi-haga.lg.jp/syoukou/shouten.html","http://www.town.tochigi-haga.lg.jp/syoukou/shouten.html"
"55807","https://www.city.sanuki.kagawa.jp/wp-content/uploads/2013/09/syousai...pdf","https://www.city.sanuki.kagawa.jp/life/living/y_taishin | https://www.city.sanuki.kagawa.jp/wp-content/uploads/2013/09/syousai...pdf"
"55815","https://www.city.utsunomiya.tochigi.jp/_res/projects/default_project/_page_/001/006/880/r5kigyouricchichirasi.pdf","https://www.city.utsunomiya.tochigi.jp/sangyo/kigyo/kigyorichi/1006880.html | https://www.city.utsunomiya.tochigi.jp/_res/projects/default_project/_page_/001/006/880/r5kigyouricchichirasi.pdf"
"55821","https://www.city.kamakura.kanagawa.jp/syougaijisha/documents/syougaisyasyuurousienjigyousyokaisetuhojokin_chirashi.pdf","https://www.city.kamakura.kanagawa.jp/syougaijisha/syuurousienjigyousyokaisetuhojokin.html | https://www.city.kamakura.kanagawa.jp/syougaijisha/documents/syougaisyasyuurousienjigyousyokaisetuhojokin_chirashi.pdf"
"55826","https://www.town.yoro.gifu.jp/docs/2016021200020/","https://www.town.yoro.gifu.jp/docs/2016021200020/"
"55823","https://www.city.hanno.lg.jp/material/files/group/18/tirasiR6.pdf","https://www.city.hanno.lg.jp/soshikikarasagasu/kankyokeizaibu/sangyoshinkoka/sogyo_kigyo_shuttenshien/1552.html | https://www.city.hanno.lg.jp/material/files/group/18/tirasiR6.pdf"
"55830","https://www.town.shitara.lg.jp/uploaded/attachment/2683.pdf","https://www.town.shitara.lg.jp/soshiki/5/2314.html | https://www.town.shitara.lg.jp/uploaded/attachment/2683.pdf"
"55831","https://www.city.inzai.lg.jp/0000015936.html","https://www.city.inzai.lg.jp/0000015936.html"
"55863","https://www.city.nagano.nagano.jp/n145000-2/contents/p003914.html","https://www.city.nagano.nagano.jp/n145000-2/contents/p003914.html"
"55865","https://www.chibashi-sangyo.or.jp/enterprise/kyoka-sosyutu/keiei/keizoku.html","https://www.chibashi-sangyo.or.jp/enterprise/kyoka-sosyutu/keiei/keizoku.html"
"55883","https://www.city.iwaki.lg.jp/www/contents/1633649709683/simple/bcpsankuteichirashi.pdf","https://www.city.iwaki.lg.jp/www/contents/1633649709683/index.html | https://www.city.iwaki.lg.jp/www/contents/1633649709683/simple/bcpsankuteichirashi.pdf"
"55879","https://www.minamiaiki.jp/jyosei.htm","https://www.minamiaiki.jp/jyosei.htm"
"55886","https://www.town.sango.nara.jp/soshiki/27/2285.html","https://www.town.sango.nara.jp/soshiki/27/2285.html"
"55907","https://www.city.chiyoda.lg.jp/documents/9578/kofu-yoko_2.pdf","https://www.city.chiyoda.lg.jp/koho/bunka/sports/riyo-hojo.html | https://www.city.chiyoda.lg.jp/documents/9578/kofu-yoko_2.pdf"
"55899","https://www.city.nobeoka.miyazaki.jp/soshiki/24/26113.html","https://www.city.nobeoka.miyazaki.jp/soshiki/24/26113.html"
"55930","https://www.city.chiba.jp/hokenfukushi/koreishogai/korei/documents/ikiiki-annai.pdf","https://www.city.chiba.jp/hokenfukushi/koreishogai/korei/ikiikigaisyuthusienn24-4-1.html | https://www.city.chiba.jp/hokenfukushi/koreishogai/korei/documents/ikiiki-annai.pdf | https://www.city.chiba.jp/hokenfukushi/koreishogai/korei/documents/ikiiki-youken.pdf | https://www.city.chiba.jp/hokenfukushi/koreishogai/korei/documents/ikiiki-qanda.pdf"
"55926","https://www.city.matsumoto.nagano.jp/uploaded/attachment/64989.pdf","https://www.city.matsumoto.nagano.jp/soshiki/73/92613.html | https://www.city.matsumoto.nagano.jp/uploaded/attachment/64989.pdf"
"55922","https://www.f-nmk.jp/wp/wp-content/uploads/2023/04/r5_aramashi.pdf","https://www.town.aizumisato.fukushima.jp/gyosei/shigoto_sangyo/3/1/4667.html | https://www.f-nmk.jp/wp/wp-content/uploads/2023/04/r5_aramashi.pdf"
"55935","https://www.town.obuse.nagano.jp/parenting/","https://www.town.obuse.nagano.jp/parenting/"
"55940","https://www.city.matsumoto.nagano.jp/uploaded/attachment/11962.pdf","https://www.city.matsumoto.nagano.jp/soshiki/86/3270.html | https://www.city.matsumoto.nagano.jp/uploaded/attachment/11962.pdf"
"55944","https://www.city.ueda.nagano.jp/soshiki/shoko/3415.html","https://www.city.ueda.nagano.jp/soshiki/shoko/3415.html"
"55949","https://www.city.matsumoto.nagano.jp/soshiki/75/3205.html","https://www.city.matsumoto.nagano.jp/soshiki/75/3205.html"
"55967","https://www.city.abashiri.hokkaido.jp/340syogyo/010shinkou/040jinzaiikusei.html","https://www.city.abashiri.hokkaido.jp/340syogyo/010shinkou/040jinzaiikusei.html"
"55969","https://www.city.owariasahi.lg.jp/page/2196.html","https://www.city.owariasahi.lg.jp/page/2196.html"
"55971","https://www.city.matsumoto.nagano.jp/soshiki/74/3177.html","https://www.city.matsumoto.nagano.jp/soshiki/74/3177.html"
"55975","https://www.town-kiso.com/files/file/box/7a/7a96b1d72824961390d24f84761557781013889f.pdf","https://www.town-kiso.com/jigyosha/hojyokin3/100262/m100036/ | https://www.town-kiso.com/files/file/box/7a/7a96b1d72824961390d24f84761557781013889f.pdf"
"55973","https://www.town-kiso.com/files/file/box/e1/e1846dfa39260ed01517a3e45da43b10270c5b33.pdf","https://www.town-kiso.com/jigyosha/hojyokin3/100262/m100037/ | https://www.town-kiso.com/files/file/box/e1/e1846dfa39260ed01517a3e45da43b10270c5b33.pdf"
"55976","https://www.town-kiso.com/files/file/box/51/515814a30e294c9736682ac8b39d9d7d3f24db2e.pdf","https://www.town-kiso.com/jigyosha/hojyokin3/100262/m100035/ | https://www.town-kiso.com/files/file/box/51/515814a30e294c9736682ac8b39d9d7d3f24db2e.pdf"
"55983","https://www.city.matsumoto.nagano.jp/soshiki/72/3025.html","https://www.city.matsumoto.nagano.jp/soshiki/72/3025.html"
"55979","https://www.town-kiso.com/files/file/box/3b/3b2dd76bb95df87f77466fcf3756e85b98782f48.pdf","https://www.town-kiso.com/jigyosha/hojyokin3/100262/m100034/ | https://www.town-kiso.com/files/file/box/3b/3b2dd76bb95df87f77466fcf3756e85b98782f48.pdf"
"55996","https://www.pref.fukuoka.lg.jp/uploaded/attachment/145114.pdf","https://www.pref.fukuoka.lg.jp/contents/syotengai.html | https://www.pref.fukuoka.lg.jp/uploaded/attachment/145114.pdf"
"56006","https://www.nta.go.jp/taxes/shiraberu/taxanswer/hojin/5442.htm","https://www.nta.go.jp/taxes/shiraberu/taxanswer/hojin/5442.htm"
"56003","https://www.nta.go.jp/taxes/shiraberu/taxanswer/hojin/5443.htm","https://www.nta.go.jp/taxes/shiraberu/taxanswer/hojin/5443.htm"
"56019","https://www.city.ritto.lg.jp/material/files/group/36/tirashi.pdf","https://www.city.ritto.lg.jp/soshiki/kankyokeizai/shoukoukankourousei/syoukougyou/shienseido/9092.html | https://www.city.ritto.lg.jp/material/files/group/36/tirashi.pdf | https://www.city.ritto.lg.jp/material/files/group/36/zimuyouryou.pdf"
"56023","https://www.city.ritto.lg.jp/soshiki/kensetsu/doboku_kotsu/kanriyochi/oshirase/5808.html","https://www.city.ritto.lg.jp/soshiki/kensetsu/doboku_kotsu/kanriyochi/oshirase/5808.html"
"56024","https://www.city.ritto.lg.jp/soshiki/shimin/jichishinko/gyoumu/jichisinkou/1958.html","https://www.city.ritto.lg.jp/soshiki/shimin/jichishinko/gyoumu/jichisinkou/1958.html"
"56025","https://www.city.niigata.lg.jp/business/growing/kokukisangyo/growing20190701.files/youkou.pdf","https://www.city.niigata.lg.jp/business/growing/kokukisangyo/growing20190701.html | https://www.city.niigata.lg.jp/business/growing/kokukisangyo/growing20190701.files/youkou.pdf"
"56028","https://www.city.niigata.lg.jp/business/growing/kokukisangyo/growing201907012.files/youkou.pdf","https://www.city.niigata.lg.jp/business/growing/kokukisangyo/growing201907012.html | https://www.city.niigata.lg.jp/business/growing/kokukisangyo/growing201907012.files/youkou.pdf"
"56027","https://www.city.otsu.lg.jp/soshiki/020/1408/g/b/139010.html","https://www.city.otsu.lg.jp/soshiki/020/1408/g/b/139010.html"
"56029","https://www.city.takasago.lg.jp/gyoseisite/shigoto_sangyo/sangyoshinko/6/7155.html","https://www.city.takasago.lg.jp/gyoseisite/shigoto_sangyo/sangyoshinko/6/7155.html"
"56031","https://www.city.chiba.jp/keizainosei/keizai/kigyoritchi/documents/chirashi.pdf","https://www.city.chiba.jp/keizainosei/keizai/kigyoritchi/officebuilding.html | https://view.officeapps.live.com/op/view.aspx?src=https%3A%2F%2Fwww.city.chiba.jp%2Fkeizainosei%2Fkeizai%2Fkigyoritchi%2Fdocuments%2Fyoukou.docx&wdOrigin=BROWSELINK | https://www.city.chiba.jp/keizainosei/keizai/kigyoritchi/documents/chirashi.pdf"
"56030","https://www.city.takasago.lg.jp/gyoseisite/shigoto_sangyo/sangyoshinko/6/5/7153.html","https://www.city.takasago.lg.jp/gyoseisite/shigoto_sangyo/sangyoshinko/6/5/7153.html"
"56032","https://www.city.takasago.lg.jp/gyoseisite/shigoto_sangyo/sangyoshinko/6/5/7154.html","https://www.city.takasago.lg.jp/gyoseisite/shigoto_sangyo/sangyoshinko/6/5/7154.html"
"56034","https://www.city.ritto.lg.jp/material/files/group/36/koufuyouryou.pdf","https://www.city.ritto.lg.jp/soshiki/kankyokeizai/shoukoukankourousei/syoukougyou/shienseido/3497.html | https://www.city.ritto.lg.jp/material/files/group/36/koufuyouryou.pdf"
"56035","https://www.city.takasago.lg.jp/gyoseisite/raifushin/teate_josei/jyoseihojyokin/6648.html","https://www.city.takasago.lg.jp/gyoseisite/raifushin/teate_josei/jyoseihojyokin/6648.html"
"56041","https://www.city.takasago.lg.jp/gyoseisite/raifushin/teate_josei/jyoseihojyokin/7019.html","https://www.city.takasago.lg.jp/gyoseisite/raifushin/teate_josei/jyoseihojyokin/7019.html"
"56037","https://www.city.takasago.lg.jp/gyoseisite/raifushin/teate_josei/jyoseihojyokin/6668.html","https://www.city.takasago.lg.jp/gyoseisite/raifushin/teate_josei/jyoseihojyokin/6668.html"
"56039","https://www.city.takasago.lg.jp/gyoseisite/raifushin/teate_josei/jyoseihojyokin/7014.html","https://www.city.takasago.lg.jp/gyoseisite/raifushin/teate_josei/jyoseihojyokin/7014.html"
"56042","https://www.city.shizuoka.lg.jp/172_000224.html","https://www.city.shizuoka.lg.jp/172_000224.html"
"56043","https://www.city.takasago.lg.jp/gyoseisite/raifushin/teate_josei/jyoseihojyokin/7079.html","https://www.city.takasago.lg.jp/gyoseisite/raifushin/teate_josei/jyoseihojyokin/7079.html"
"56045","https://www.city.takasago.lg.jp/soshikikarasagasu/gakkokyoikuka/kenzenikusei_seishonen/1/7097.html","https://www.city.takasago.lg.jp/soshikikarasagasu/gakkokyoikuka/kenzenikusei_seishonen/1/7097.html"
"56048","https://www.city.takasago.lg.jp/gyoseisite/raifushin/teate_josei/jyoseihojyokin/7106.html","https://www.city.takasago.lg.jp/gyoseisite/raifushin/teate_josei/jyoseihojyokin/7106.html"
"56047","https://www.city.takasago.lg.jp/gyoseisite/raifushin/teate_josei/jyoseihojyokin/7104.html","https://www.city.takasago.lg.jp/gyoseisite/raifushin/teate_josei/jyoseihojyokin/7104.html"
"56049","https://www.city.kasugai.lg.jp/_res/projects/default_project/_page_/001/020/609/47_R5_setsubitoshi.pdf","https://www.city.kasugai.lg.jp/business/kigyo/setsubi/setsubitoshi.html | https://www.city.kasugai.lg.jp/_res/projects/default_project/_page_/001/020/609/47_R5_setsubitoshi.pdf"
"56052","https://www.city.takasago.lg.jp/gyoseisite/raifushin/teate_josei/jyoseihojyokin/7108.html","https://www.city.takasago.lg.jp/gyoseisite/raifushin/teate_josei/jyoseihojyokin/7108.html"
"56050","https://www.city.takasago.lg.jp/material/files/group/34/tyuushoukenshin_youkou.pdf","https://www.city.takasago.lg.jp/gyoseisite/raifushin/teate_josei/jyoseihojyokin/7112.html | https://www.city.takasago.lg.jp/material/files/group/34/tyuushoukenshin_youkou.pdf"
"56053","https://www.city.kasugai.lg.jp/_res/projects/default_project/_page_/001/020/610/R5_bosaikanren.pdf","https://www.city.kasugai.lg.jp/business/kigyo/setsubi/bosai.html | https://www.city.kasugai.lg.jp/_res/projects/default_project/_page_/001/020/610/R5_bosaikanren.pdf"
"56055","https://www.city.takasago.lg.jp/gyoseisite/raifushin/teate_josei/jyoseihojyokin/7114.html","https://www.city.takasago.lg.jp/gyoseisite/raifushin/teate_josei/jyoseihojyokin/7114.html"
"56056","https://www.city.takasago.lg.jp/gyoseisite/raifushin/teate_josei/jyoseihojyokin/7116.html","https://www.city.takasago.lg.jp/gyoseisite/raifushin/teate_josei/jyoseihojyokin/7116.html"
"56054","https://www.city.takasago.lg.jp/gyoseisite/raifushin/teate_josei/jyoseihojyokin/7110.html","https://www.city.takasago.lg.jp/gyoseisite/raifushin/teate_josei/jyoseihojyokin/7110.html"
"56058","https://www.city.takasago.lg.jp/soshikikarasagasu/kosodateshienka/teate/sonota/12027.html","https://www.city.takasago.lg.jp/soshikikarasagasu/kosodateshienka/teate/sonota/12027.html"
"56059","https://www.city.kasugai.lg.jp/_res/projects/default_project/_page_/001/020/614/R5_sangakukyodo.pdf","https://www.city.kasugai.lg.jp/business/kigyo/kenkyu/sangakukyodo.html | https://www.city.kasugai.lg.jp/_res/projects/default_project/_page_/001/020/614/R5_sangakukyodo.pdf"
"56057","https://www.city.kasugai.lg.jp/_res/projects/default_project/_page_/001/020/612/R5_kogyoshinko.pdf","https://www.city.kasugai.lg.jp/business/kigyo/setsubi/kogyoshinko.html | https://www.city.kasugai.lg.jp/_res/projects/default_project/_page_/001/020/612/R5_kogyoshinko.pdf"
"56060","https://www.city.kasugai.lg.jp/_res/projects/default_project/_page_/001/020/615/R5_chitekizaisan.pdf","https://www.city.kasugai.lg.jp/business/kigyo/kenkyu/chitekizaisan.html | https://www.city.kasugai.lg.jp/_res/projects/default_project/_page_/001/020/615/R5_chitekizaisan.pdf"
"56062","https://www.city.kasugai.lg.jp/_res/projects/default_project/_page_/001/009/861/R5_shinbunya.pdf","https://www.city.kasugai.lg.jp/business/kigyo/kenkyu/sinbunya.html | https://www.city.kasugai.lg.jp/_res/projects/default_project/_page_/001/009/861/R5_shinbunya.pdf"
"56061","https://www.city.takasago.lg.jp/material/files/group/9/bouhannkyoukaikouhu.pdf","https://www.city.takasago.lg.jp/gyoseisite/raifushin/teate_josei/jyoseihojyokin/7314.html | https://www.city.takasago.lg.jp/material/files/group/9/bouhannkyoukaikouhu.pdf"
"56063","https://www.city.takasago.lg.jp/gyoseisite/raifushin/teate_josei/jyoseihojyokin/7319.html","https://www.city.takasago.lg.jp/gyoseisite/raifushin/teate_josei/jyoseihojyokin/7319.html"
"56064","https://www.city.takasago.lg.jp/gyoseisite/raifushin/teate_josei/jyoseihojyokin/7360.html","https://www.city.takasago.lg.jp/gyoseisite/raifushin/teate_josei/jyoseihojyokin/7360.html"
"56065","https://www.city.takasago.lg.jp/gyoseisite/raifushin/teate_josei/jyoseihojyokin/7360.html","https://www.city.takasago.lg.jp/gyoseisite/raifushin/teate_josei/jyoseihojyokin/7360.html"
"56066","https://www.city.kasugai.lg.jp/business/kigyo/jinzaikakuho/tyutaikyo.html","https://www.city.kasugai.lg.jp/business/kigyo/jinzaikakuho/tyutaikyo.html"
"56067","https://www.city.takasago.lg.jp/gyoseisite/raifushin/teate_josei/jyoseihojyokin/7388.html","https://www.city.takasago.lg.jp/gyoseisite/raifushin/teate_josei/jyoseihojyokin/7388.html"
"56068","https://www.city.takasago.lg.jp/material/files/group/26/hojyokin.pdf","https://www.city.takasago.lg.jp/gyoseisite/raifushin/teate_josei/jyoseihojyokin/7400.html | https://www.city.takasago.lg.jp/material/files/group/26/hojyokin.pdf"
"56072","https://www.city.matsumoto.nagano.jp/soshiki/75/3018.html","https://www.city.matsumoto.nagano.jp/soshiki/75/3018.html"
"56078","https://www.city.ritto.lg.jp/soshiki/kankyokeizai/shoukoukankourousei/syoukougyou/shienseido/1556.html","https://www.city.ritto.lg.jp/soshiki/kankyokeizai/shoukoukankourousei/syoukougyou/shienseido/1556.html"
"56079","https://www.city.niigata.lg.jp/business/growing/kokukisangyo/koudoka-hojo.files/koudoka.pdf","https://www.city.niigata.lg.jp/business/growing/kokukisangyo/koudoka-hojo.html | https://www.city.niigata.lg.jp/business/growing/kokukisangyo/koudoka-hojo.files/koudoka.pdf"
"56089","https://www.city.urayasu.lg.jp/fukushi/shogai/1010546/1010670.html","https://www.city.urayasu.lg.jp/fukushi/shogai/1010546/1010670.html"
"56097","https://www.city.iwakuni.lg.jp/uploaded/attachment/42514.pdf","https://www.city.iwakuni.lg.jp/soshiki/38/81139.html | https://www.city.iwakuni.lg.jp/uploaded/attachment/42514.pdf | https://www.city.iwakuni.lg.jp/uploaded/attachment/46362.pdf"
"56094","https://www.city.iwakuni.lg.jp/uploaded/attachment/42514.pdf","https://www.city.iwakuni.lg.jp/soshiki/38/81139.html | https://www.city.iwakuni.lg.jp/uploaded/attachment/42514.pdf | https://www.city.iwakuni.lg.jp/uploaded/attachment/46362.pdf"
"56099","https://www.city.iwakuni.lg.jp/uploaded/attachment/42514.pdf","https://www.city.iwakuni.lg.jp/soshiki/38/81139.html | https://www.city.iwakuni.lg.jp/uploaded/attachment/42514.pdf | https://www.city.iwakuni.lg.jp/uploaded/attachment/46362.pdf"
"56101","https://www.city.iwakuni.lg.jp/uploaded/attachment/42514.pdf","https://www.city.iwakuni.lg.jp/soshiki/38/81139.html | https://www.city.iwakuni.lg.jp/uploaded/attachment/42514.pdf | https://www.city.iwakuni.lg.jp/uploaded/attachment/46362.pdf"
"56103","https://www.city.iwakuni.lg.jp/uploaded/attachment/42514.pdf","https://www.city.iwakuni.lg.jp/soshiki/38/81139.html | https://www.city.iwakuni.lg.jp/uploaded/attachment/42514.pdf | https://www.city.iwakuni.lg.jp/uploaded/attachment/46362.pdf"
"56112","https://www.city.mimasaka.lg.jp/material/files/group/28/ginou_R07015.pdf","https://www.city.mimasaka.lg.jp/soshiki/sangyo/shoko/shoko_seisaku/shusyoku_jinzai/1646026105653.html | https://www.city.mimasaka.lg.jp/material/files/group/28/ginou_R07015.pdf"
"56119","https://www.city.kobe.lg.jp/h53961/kuyakusho/nagataku/machizukuri/sizenjyosei.html","https://www.city.kobe.lg.jp/h53961/kuyakusho/nagataku/machizukuri/sizenjyosei.html"
"56125","https://www.city.kobe.lg.jp/a38463/kenko/fukushi/koreshafukushi/am06/fureai/a034.html","https://www.city.kobe.lg.jp/a38463/kenko/fukushi/koreshafukushi/am06/fureai/a034.html"
"56134","https://www.city.kobe.lg.jp/a62348/bosai/crime/patrol.html","https://www.city.kobe.lg.jp/a62348/bosai/crime/patrol.html"
"56135","https://www.city.kobe.lg.jp/documents/4600/bosyu_yoryo.pdf","https://www.city.kobe.lg.jp/a66324/kurashi/recycle/biodiversity/hojokin.html | https://www.city.kobe.lg.jp/documents/4600/bosyu_yoryo.pdf"
"56152","https://www.city.iwakuni.lg.jp/soshiki/119/6038.html","https://www.city.iwakuni.lg.jp/soshiki/119/6038.html"
"56155","https://www.city.kobe.lg.jp/e90232/collaboration_subsidy.html","https://www.city.kobe.lg.jp/e90232/collaboration_subsidy.html"
"56172","https://www.pref.aichi.jp/soshiki/jisedai/kokuhozyokin2023.html","https://www.pref.aichi.jp/soshiki/jisedai/kokuhozyokin2023.html"
"56160","https://www.city.kobe.lg.jp/a69673/kurashi/access/road/senyo/12_katudou/index.html","https://www.city.kobe.lg.jp/a69673/kurashi/access/road/senyo/12_katudou/index.html"
"56185","https://www.city.takasago.lg.jp/gyoseisite/raifushin/teate_josei/jyoseihojyokin/7162.html","https://www.city.takasago.lg.jp/gyoseisite/raifushin/teate_josei/jyoseihojyokin/7162.html"
"56188","https://www.city.kamagaya.chiba.jp/jigyosha/syoukoushinkou/tyutaikyo-hojyokin.html","https://www.city.kamagaya.chiba.jp/jigyosha/syoukoushinkou/tyutaikyo-hojyokin.html"