policy_id,primary_url,all_urls
"61715","https://www.city.shibetsu.lg.jp/gyoseisaito/kurashi_tetsuzuki/jichikai_joseikin/2/1773.html","https://www.city.shibetsu.lg.jp/gyoseisaito/kurashi_tetsuzuki/jichikai_joseikin/2/1773.html"
"61711","https://www.city.tainai.niigata.jp/sangyo/nogyo/documents/kouhuyoukou.pdf","https://www.city.tainai.niigata.jp/sangyo/nogyo/mastukuihojokin.html | https://www.city.tainai.niigata.jp/sangyo/nogyo/documents/kouhuyoukou.pdf"
"61723","https://www.city.nagareyama.chiba.jp/_res/projects/default_project/_page_/001/043/017/tinsyakuryouhojyo-youkou.pdf","https://www.city.nagareyama.chiba.jp/life/1001107/1001162/1043017.html | https://www.city.nagareyama.chiba.jp/_res/projects/default_project/_page_/001/043/017/tinsyakuryouhojyo-youkou.pdf"
"61724","https://www.town.obira.hokkaido.jp/hotnews/detail/00003509.html","https://www.town.obira.hokkaido.jp/hotnews/detail/00003509.html"
"61741","https://www.city.omitama.lg.jp/manage/contents/upload/64c34c1cd016d.pdf","https://www.city.omitama.lg.jp/0680/info-0000000854-0.html | https://www.city.omitama.lg.jp/manage/contents/upload/64c34c1cd016d.pdf"
"61745","https://www.city.gero.lg.jp/uploaded/attachment/13867.pdf","https://www.city.gero.lg.jp/soshiki/17/9291.html | https://www.city.gero.lg.jp/uploaded/attachment/13867.pdf"
"61746","https://www.city.omitama.lg.jp/manage/contents/upload/64c34c1cd016d.pdf","https://www.city.omitama.lg.jp/0680/info-0000000854-0.html | https://www.city.omitama.lg.jp/manage/contents/upload/64c34c1cd016d.pdf"
"61757","https://www.city.omitama.lg.jp/0680/info-0000000854-0.html","https://www.city.omitama.lg.jp/0680/info-0000000854-0.html"
"61747","https://www.city.omitama.lg.jp/manage/contents/upload/64c34b6900203.pdf","https://www.city.omitama.lg.jp/0680/info-0000000854-0.html | https://www.city.omitama.lg.jp/manage/contents/upload/64c34b6900203.pdf"
"61758","https://www.city.miyazaki.miyazaki.jp/business/architecture/asbestos/","https://www.city.miyazaki.miyazaki.jp/business/architecture/asbestos/"
"61777","https://www.pref.oita.jp/uploaded/life/2104111_3715480_misc.pdf","https://www.pref.oita.jp/soshiki/16220/zorin040301.html | https://www.pref.oita.jp/uploaded/life/2104111_3715480_misc.pdf | https://www.pref.oita.jp/uploaded/life/2104111_2900880_misc.pdf"
"61760","https://www.city.miyazaki.miyazaki.jp/business/architecture/asbestos/196589.html","https://www.city.miyazaki.miyazaki.jp/business/architecture/asbestos/196589.html"
"61788","https://www.pref.kagawa.lg.jp/documents/19896/ichiran20230818.pdf","https://www.kagawa-isf.jp/support/soudan/digital-suishin/ | https://www.kagawa-isf.jp/wp-content/uploads/2023/08/R5_digital_ka_RPA.pdf | https://www.kagawa-isf.jp/wp-content/uploads/2023/05/R5-digital-senmonka-haken.pdf | https://www.pref.kagawa.lg.jp/documents/19896/ichiran20230818.pdf"
"61796","https://www.city.hiroshima.lg.jp/uploaded/attachment/26457.pdf","https://www.city.hiroshima.lg.jp/soshiki/138/7382.html | https://www.city.hiroshima.lg.jp/uploaded/attachment/26457.pdf"
"61791","https://www.pref.kagawa.lg.jp/documents/11786/youkou.pdf","https://www.pref.kagawa.lg.jp/sangyo/kaigai/03.html | https://www.pref.kagawa.lg.jp/documents/11786/youkou.pdf | https://www.pref.kagawa.lg.jp/documents/11786/tebiki.pdf | https://www.pref.kagawa.lg.jp/documents/11786/boshuu.pdf | https://www.pref.kagawa.lg.jp/documents/19896/ichiran20230818.pdf"
"61828","https://www.town.oishida.yamagata.jp/life/hojo/sikakujyoseikin.files/itiran.pdf","https://www.town.oishida.yamagata.jp/life/hojo/sikakujyoseikin.html | https://www.town.oishida.yamagata.jp/life/hojo/sikakujyoseikin.files/itiran.pdf | https://www.town.oishida.yamagata.jp/life/hojo/sikakujyoseikin.files/yoko.pdf"
"61822","https://www.city.tottori.lg.jp/www/contents/1524296150687/simple/R3youkoui.pdf","https://www.city.tottori.lg.jp/www/contents/1524296150687/index.html | https://www.city.tottori.lg.jp/www/contents/1524296150687/simple/R3youkoui.pdf"
"61805","https://www.city.osaka.lg.jp/toshiseibi/cmsfiles/contents/0000268/268918/chirashi2023-kuuchi.pdf","https://www.city.osaka.lg.jp/toshiseibi/page/0000268918.html | https://www.city.osaka.lg.jp/toshiseibi/cmsfiles/contents/0000268/268918/chirashi2023-kuuchi.pdf | https://www.city.osaka.lg.jp/toshiseibi/cmsfiles/contents/0000268/268918/bousaikuutihonnbunn.pdf"
"61831","https://www1.city.obama.fukui.jp/kurashi/hojokinjoseikin/p005737.html","https://www1.city.obama.fukui.jp/kurashi/hojokinjoseikin/p005737.html"
"61842","https://www.city.hakodate.hokkaido.jp/docs/2017033100025/files/01_kaigoshokuinshikakushutoku.pdf","https://www.city.hakodate.hokkaido.jp/docs/2017033100025/ | https://www.city.hakodate.hokkaido.jp/docs/2017033100025/files/01_kaigoshokuinshikakushutoku.pdf | https://www.city.hakodate.hokkaido.jp/docs/2017033100025/files/01_shikakushutoku-koufuyoukou.pdf"
"61837","https://www.pref.fukui.lg.jp/doc/kodomo/fukuiku-taxi-jigyousya.html","https://www.pref.fukui.lg.jp/doc/kodomo/fukuiku-taxi-jigyousya.html"
"61859","https://www.pref.saga.lg.jp/kiji00397337/index.html","https://www.pref.saga.lg.jp/kiji00397337/index.html"
"61843","https://www.city.sagamihara.kanagawa.jp/kosodate/1026646/1026649/1026655/1007060.html","https://www.city.sagamihara.kanagawa.jp/kosodate/1026646/1026649/1026655/1007060.html"
"61848","https://www.city.saga.lg.jp/main/85140.html","https://www.city.saga.lg.jp/main/85140.html | https://www.city.saga.lg.jp/site_files/file/2022/202205/p1g3d2aobdent316vlmmse5vf5.docx"
"61865","https://www.city.shimada.shizuoka.jp/gyosei-docs/sinsei_nigiwaisyoutengai.html","https://www.city.shimada.shizuoka.jp/gyosei-docs/sinsei_nigiwaisyoutengai.html | https://www1.g-reiki.net/city.shimada/reiki_honbun/r303RG00001296.html"
"61876","https://www.town.mashiko.lg.jp/page/page003920.html","https://www.town.mashiko.lg.jp/page/page003920.html"
"61866","https://www.city.nayoro.lg.jp/section/kourei/prkeql000003aw2c.html","https://www.city.nayoro.lg.jp/section/kourei/prkeql000003aw2c.html"
"61877","https://www.town.mashiko.lg.jp/page/page003917.html","https://www.town.mashiko.lg.jp/page/page003917.html"
"61885","https://www.town.mashiko.lg.jp/page/page003919.html","https://www.town.mashiko.lg.jp/page/page003919.html"
"61878","https://www.town.mashiko.lg.jp/page/page003918.html","https://www.town.mashiko.lg.jp/page/page003918.html"
"61887","https://www.town.mashiko.lg.jp/page/page003912.html","https://www.town.mashiko.lg.jp/page/page003912.html"
"61899","https://www.city.tsuruoka.lg.jp/kurashi/shigoto/jigyosha/seisyain20190401.files/R3-4youkou.pdf.pdf","https://www.city.tsuruoka.lg.jp/kurashi/shigoto/jigyosha/seisyain20190401.html | https://www.city.tsuruoka.lg.jp/kurashi/shigoto/jigyosha/seisyain20190401.files/R3-4youkou.pdf.pdf"
"61888","https://www.city.aichi-miyoshi.lg.jp/sangyo/shougakukin.html","https://www.city.aichi-miyoshi.lg.jp/sangyo/shougakukin.html"
"61910","https://www.city.hiroshima.lg.jp/soshiki/112/135844.html","https://www.city.hiroshima.lg.jp/soshiki/112/135844.html"
"61931","https://www.town.shitara.lg.jp/uploaded/attachment/2937.pdf","https://www.town.shitara.lg.jp/soshiki/2/4549.html | https://www.town.shitara.lg.jp/uploaded/attachment/2937.pdf | https://www.town.shitara.lg.jp/uploaded/attachment/2941.pdf"
"61933","https://www.pref.miyazaki.lg.jp/documents/80085/80085_20230810104955-1.pdf","https://www.pref.miyazaki.lg.jp/utsukushii/kurashi/shakaikiban/20230807172716.html | https://www.pref.miyazaki.lg.jp/documents/80085/80085_20230810104955-1.pdf | https://www.pref.miyazaki.lg.jp/documents/80085/80085_20230810105022-1.pdf"
"61945","https://www.vill.kijimadaira.lg.jp/articles/2018030700010/","https://www.vill.kijimadaira.lg.jp/articles/2018030700010/"
"61950","https://www.city.omachi.nagano.jp/00002000/doc/00002800/deai.pdf","https://www.city.omachi.nagano.jp/00002000/00002800/00013425.html | https://www.city.omachi.nagano.jp/00002000/doc/00002800/deai.pdf"
"61949","https://www.vill.kijimadaira.lg.jp/articles/2017071900014/file_contents/2.pdf","https://www.vill.kijimadaira.lg.jp/articles/2017071900014/ | https://www.vill.kijimadaira.lg.jp/articles/2017071900014/file_contents/2.pdf"
"62005","https://www.town.funagata.yamagata.jp/s008/sugata/060/040/310/02chiikikitei.pdf","https://www.town.funagata.yamagata.jp/s008/sugata/060/040/310/20200121002000.html | https://www.town.funagata.yamagata.jp/s008/sugata/060/040/310/02chiikikitei.pdf"
"62020","http://www.city.abiko.chiba.jp/jigyousha/shogaifukushi/shogaishakoyou/jigyoshanokata.files/201901pamphlet.pdf","http://www.city.abiko.chiba.jp/jigyousha/shogaifukushi/shogaishakoyou/jigyoshanokata.html | http://www.city.abiko.chiba.jp/jigyousha/shogaifukushi/shogaishakoyou/jigyoshanokata.files/201901pamphlet.pdf"
"62018","http://www.city.abiko.chiba.jp/jigyousha/shogaifukushi/shogaishakoyou/jigyoshanokata.files/201901pamphlet.pdf","http://www.city.abiko.chiba.jp/jigyousha/shogaifukushi/shogaishakoyou/jigyoshanokata.html | http://www.city.abiko.chiba.jp/jigyousha/shogaifukushi/shogaishakoyou/jigyoshanokata.files/201901pamphlet.pdf"
"62021","https://www.city.urayasu.lg.jp/shisei/jigyosha/1007216/koyou/1005090.html","https://www.city.urayasu.lg.jp/shisei/jigyosha/1007216/koyou/1005090.html"
"62052","https://www.city.bunkyo.lg.jp/var/rev0/0284/3460/20238118023.pdf","https://www.city.bunkyo.lg.jp/bosai/bosai/bousai/josei/elevator.html | https://www.city.bunkyo.lg.jp/var/rev0/0284/3460/20238118023.pdf | https://www.city.bunkyo.lg.jp/var/rev0/0284/3461/20238118124.pdf"
"62022","https://www.city.omitama.lg.jp/manage/contents/upload/6462167327bb7.pdf","https://www.city.omitama.lg.jp/0879/info-0000004817-0.html | https://www.city.omitama.lg.jp/manage/contents/upload/6462167327bb7.pdf"
"62053","https://www.city.toyooka.lg.jp/kurashi/gomikankyo/gomi/1000959/1027237.html","https://www.city.toyooka.lg.jp/kurashi/gomikankyo/gomi/1000959/1027237.html"
"62056","https://www.city.bunkyo.lg.jp/var/rev0/0283/6001/20237415215.pdf","https://www.city.bunkyo.lg.jp/bosai/bosai/bousai/josei/hinanjounei.html | https://www.city.bunkyo.lg.jp/var/rev0/0283/6001/20237415215.pdf"
"62054","https://www.city.bunkyo.lg.jp/var/rev0/0284/2514/202383133424.pdf","https://www.city.bunkyo.lg.jp/bosai/bosai/bousai/josei/manhole.html | https://www.city.bunkyo.lg.jp/var/rev0/0284/2514/202383133424.pdf | https://www.city.bunkyo.lg.jp/var/rev0/0284/2515/202382184623.pdf"
"62070","https://www.city.bunkyo.lg.jp/var/rev0/0282/3770/tokuteikinkyupanhuretto20230401.pdf","https://www.city.bunkyo.lg.jp/bosai/tochi/taishin/sokushin/_19225.html | https://www.city.bunkyo.lg.jp/var/rev0/0282/3770/tokuteikinkyupanhuretto20230401.pdf"
"62071","https://www.city.bunkyo.lg.jp/var/rev0/0282/3741/tokuteikinkyupanhuretto20230401.pdf","https://www.city.bunkyo.lg.jp/bosai/tochi/taishin/sokushin/_19226.html | https://www.city.bunkyo.lg.jp/var/rev0/0282/3741/tokuteikinkyupanhuretto20230401.pdf"
"62074","https://www.city.bunkyo.lg.jp/var/rev0/0281/5757/20214618932.pdf","https://www.city.bunkyo.lg.jp/bosai/bosai/bousai/josei/kuminbousaisosikikatudouzyoseikinn.html | https://www.city.bunkyo.lg.jp/var/rev0/0281/5757/20214618932.pdf | https://www.city.bunkyo.lg.jp/var/rev0/0281/5758/202146181031.pdf"
"62076","https://www.city.hitachi.lg.jp/shimin/002/008/p116750.html","https://www.city.hitachi.lg.jp/shimin/002/008/p116750.html"
"62080","https://www.city.bunkyo.lg.jp/var/rev0/0281/9719/20214715290.pdf","https://www.city.bunkyo.lg.jp/bosai/bosai/bousai/josei/bosai.html | https://www.city.bunkyo.lg.jp/var/rev0/0281/9719/20214715290.pdf | https://www.city.bunkyo.lg.jp/var/rev0/0281/9720/202147152923.pdf"
"62109","https://www.hokeniryo.metro.tokyo.lg.jp/iryo/jigyo/hojo/kangogairai.files/kangogaiyoukou_gaiyou.pdf","https://www.hokeniryo.metro.tokyo.lg.jp/iryo/jigyo/hojo/kangogairai.html | https://www.hokeniryo.metro.tokyo.lg.jp/iryo/jigyo/hojo/kangogairai.files/kangogaiyoukou_gaiyou.pdf"
"62137","https://www.city.unnan.shimane.jp/unnan/sangyou/syoukou/kigyou/files/jinzaikakuho.pdf","https://www.city.unnan.shimane.jp/unnan/sangyou/syoukou/kigyou/2020-0414-1136-153.html | https://www.city.unnan.shimane.jp/unnan/sangyou/syoukou/kigyou/files/jinzaikakuho.pdf"
"62120","https://www.city.fukuoka.lg.jp/jutaku-toshi/jigyochosei/life/soudan/22_m01_2.html","https://www.city.fukuoka.lg.jp/jutaku-toshi/jigyochosei/life/soudan/22_m01_2.html | https://www.city.fukuoka.lg.jp/data/open/cnt/3/98473/1/chokishuzenkeikaku_chirashi.pdf?20230630151133"
"62110","https://www.city.mitsuke.niigata.jp/soshiki/7/3295.html","https://www.city.mitsuke.niigata.jp/soshiki/7/3295.html"
"62139","https://www.city.unnan.shimane.jp/unnan/kurashi/seikatsu/bouhan/bouhan01.html","https://www.city.unnan.shimane.jp/unnan/kurashi/seikatsu/bouhan/bouhan01.html"
"62141","https://www.city.unnan.shimane.jp/unnan/sangyou/syoukou/kigyou/2021-0603-1320-153.html","https://www.city.unnan.shimane.jp/unnan/sangyou/syoukou/kigyou/2021-0603-1320-153.html"
"62146","https://www.city.kagoshima.lg.jp/koyosuishin/sangyo/koyo/senior/documents/syoureikinchirashi202503.pdf","https://www.city.kagoshima.lg.jp/koyosuishin/sangyo/koyo/senior/shorekin.html | https://www.city.kagoshima.lg.jp/koyosuishin/sangyo/koyo/senior/documents/syoureikinchirashi202503.pdf"
"62148","https://www.city.unnan.shimane.jp/unnan/kurashi/machidukuri/2022-0310-1431-27.html","https://www.city.unnan.shimane.jp/unnan/kurashi/machidukuri/2022-0310-1431-27.html"
"62153","https://www.city.sano.lg.jp/kurashi_gyosei/kanko_bunka_sports/sports/iwaikin/14837.html","https://www.city.sano.lg.jp/kurashi_gyosei/kanko_bunka_sports/sports/iwaikin/14837.html"
"62147","https://www.city.tottori.lg.jp/www/contents/1652187548889/index.html","https://www.city.tottori.lg.jp/www/contents/1652187548889/index.html"
"62154","https://www.city.gujo.gifu.jp/business/detail/post-155.html","https://www.city.gujo.gifu.jp/business/detail/post-155.html"
"62158","https://www.city.takasago.lg.jp/material/files/group/36/20180814-095514.pdf","https://www.city.takasago.lg.jp/gyoseisite/raifushin/teate_josei/jyoseihojyokin/6692.html | https://www.city.takasago.lg.jp/material/files/group/36/20180814-095514.pdf"
"62159","https://www.city.saga.lg.jp/main/26414.html","https://www.city.saga.lg.jp/main/26414.html"
"62171","https://www.city.suzuka.lg.jp/gyosei/plan/nousui/pdfs/12_01_2021.pdf","https://www.city.suzuka.lg.jp/gyosei/plan/nousui/index12_01.html | https://www.city.suzuka.lg.jp/gyosei/plan/nousui/pdfs/12_01_2021.pdf"
"62173","https://www.city.suzuka.lg.jp/gyosei/annai/shien/index7.html","https://www.city.suzuka.lg.jp/gyosei/annai/shien/index7.html"
"62166","https://www.town.nankan.lg.jp/kurashi/kankyo/2504.html","https://www.town.nankan.lg.jp/kurashi/kankyo/2504.html"
"62194","https://www.town.masaki.ehime.jp/soshiki/7/sigengomi.html","https://www.town.masaki.ehime.jp/soshiki/7/sigengomi.html"
"62186","https://www.city.shinjo.yamagata.jp/n002/ki_hochi.pdf","https://www.city.shinjo.yamagata.jp/n002/010/010/20220414094442.html | https://www.city.shinjo.yamagata.jp/n002/ki_hochi.pdf"
"62199","http://www.town.tochigi-nakagawa.lg.jp/sangyou/shoukou/kigyouyuuchi/2011-0513-1427-51.html","http://www.town.tochigi-nakagawa.lg.jp/sangyou/shoukou/kigyouyuuchi/2011-0513-1427-51.html | https://www.town.tochigi-nakagawa.lg.jp/sangyou/shoukou/kigyouyuuchi/2011-0513-1309-51.html"
"62202","https://www.mhlw.go.jp/stf/seisakunitsuite/bunya/koyou_roudou/koyou/kyufukin/tokutei_konnan.html","https://www.city.kumamoto.jp/kiji0031961/index.html | https://www.city.kumamoto.jp/common/UploadFileDsp.aspx?c_id=5&id=1961&sub_id=20&flid=341298 | https://www.mhlw.go.jp/stf/seisakunitsuite/bunya/koyou_roudou/koyou/kyufukin/tokutei_konnan.html | https://www.mhlw.go.jp/stf/seisakunitsuite/bunya/koyou_roudou/koyou/kyufukin/tokutei_seichou_00008.html"
"62206","https://www.town.hiraizumi.iwate.jp/%E5%B9%B3%E6%B3%89%E7%94%BA%E5%83%8D%E3%81%8D%E6%96%B9%E6%94%B9%E9%9D%A9%E4%BC%81%E6%A5%AD%E6%94%AF%E6%8F%B4%E5%A5%A8%E5%8A%B1%E9%87%91-23868/","https://www.town.hiraizumi.iwate.jp/%E5%B9%B3%E6%B3%89%E7%94%BA%E5%83%8D%E3%81%8D%E6%96%B9%E6%94%B9%E9%9D%A9%E4%BC%81%E6%A5%AD%E6%94%AF%E6%8F%B4%E5%A5%A8%E5%8A%B1%E9%87%91-23868/"
"62211","https://www.city.otake.hiroshima.jp/i/jigyosha/shien/1455553181614.html","https://www.city.otake.hiroshima.jp/i/jigyosha/shien/1455553181614.html"
"62214","https://www.city.shinjo.yamagata.jp/n002/R3_kigyohoumon.pdf","https://www.city.shinjo.yamagata.jp/n002/010/010/20220414090114.html | https://www.city.shinjo.yamagata.jp/n002/R3_kigyohoumon.pdf | https://www.city.shinjo.yamagata.jp/n002/010/010/050/R5_In.pdf"
"62222","https://www.city.kagoshima.lg.jp/koyosuishin/monoshokuhojyokin.html","https://www.city.kagoshima.lg.jp/koyosuishin/monoshokuhojyokin.html"
"62212","https://www.town.minano.saitama.jp/section/kankou/2591/","https://www.town.minano.saitama.jp/section/kankou/2591/"
"62230","https://www.city.takamatsu.kagawa.jp/jigyosha/kankyo_eisei/sanpai/jirihou/ritou.html","https://www.city.takamatsu.kagawa.jp/jigyosha/kankyo_eisei/sanpai/jirihou/ritou.html"
"62232","https://www.city.shinshiro.lg.jp/shisei/machidukuri/wakamono-sogo/challenge.files/tebiki.pdf","https://www.city.shinshiro.lg.jp/shisei/machidukuri/wakamono-sogo/challenge.html | https://www.city.shinshiro.lg.jp/shisei/machidukuri/wakamono-sogo/challenge.files/tebiki.pdf | https://www.city.shinshiro.lg.jp/shisei/machidukuri/wakamono-sogo/challenge.files/2022.6.14hojojigyouitiran1.pdf"
"62233","https://www.city.tottori.lg.jp/www/contents/1211853187274/index.html","https://www.city.tottori.lg.jp/www/contents/1211853187274/index.html"
"62235","https://www.pref.nara.jp/secure/95566/R5kouhuyoukou.pdf","https://www.pref.nara.jp/30973.htm | https://www.pref.nara.jp/secure/95566/R5kouhuyoukou.pdf | https://www.pref.nara.jp/secure/95566/R5jisshiyouryou.pdf"
"62258","https://www.city.iizuka.lg.jp/nintisyo/documents/orenjikafemappu202304.pdf","https://www.city.iizuka.lg.jp/nintisyo/cafe.html | https://www.city.iizuka.lg.jp/nintisyo/documents/orenjikafemappu202304.pdf | https://www.city.iizuka.lg.jp/nintisyo/documents/orangecafe.pdf"
"62253","https://www.pref.nara.jp/secure/210245/R5.4.1%20%E4%BC%81%E6%A5%AD%E7%AB%8B%E5%9C%B0%E4%BF%83%E9%80%B2%E4%BA%8B%E6%A5%AD%E8%A3%9C%E5%8A%A9%E9%87%91%E4%BA%A4%E4%BB%98%E8%A6%81%E7%B6%B1.pdf","https://www.pref.nara.jp/63525.htm | https://www.pref.nara.jp/secure/210245/R5.4.1%20%E4%BC%81%E6%A5%AD%E7%AB%8B%E5%9C%B0%E4%BF%83%E9%80%B2%E4%BA%8B%E6%A5%AD%E8%A3%9C%E5%8A%A9%E9%87%91%E4%BA%A4%E4%BB%98%E8%A6%81%E7%B6%B1.pdf"
"62272","https://www.pref.nara.jp/secure/210245/R5.4.1%20%E4%BC%81%E6%A5%AD%E7%AB%8B%E5%9C%B0%E4%BF%83%E9%80%B2%E4%BA%8B%E6%A5%AD%E8%A3%9C%E5%8A%A9%E9%87%91%E4%BA%A4%E4%BB%98%E8%A6%81%E7%B6%B1.pdf","https://www.pref.nara.jp/63527.htm | https://www.pref.nara.jp/secure/210245/R5.4.1%20%E4%BC%81%E6%A5%AD%E7%AB%8B%E5%9C%B0%E4%BF%83%E9%80%B2%E4%BA%8B%E6%A5%AD%E8%A3%9C%E5%8A%A9%E9%87%91%E4%BA%A4%E4%BB%98%E8%A6%81%E7%B6%B1.pdf"
"62273","https://www.city.sasebo.lg.jp/hokenhukusi/iryose/documents/youko.pdf","https://www.city.sasebo.lg.jp/hokenhukusi/iryose/shinryojo.html | https://www.city.sasebo.lg.jp/hokenhukusi/iryose/documents/youko.pdf"
"62262","https://www.town.shiga-hino.lg.jp/0000005048.html","https://www.town.shiga-hino.lg.jp/0000005048.html"
"62278","https://www.pref.wakayama.lg.jp/prefg/071000/fukugo/fukugo_d/fil/youkou.pdf","https://www.pref.wakayama.lg.jp/prefg/071000/fukugo/fukugo.html | https://www.pref.wakayama.lg.jp/prefg/071000/fukugo/fukugo_d/fil/youkou.pdf | https://www.pref.wakayama.lg.jp/prefg/071000/fukugo/fukugo_d/fil/gaiyou.pdf"
"62302","https://www.city.nagahama.lg.jp/cmsfiles/contents/0000013/13001/outline.pdf","https://www.city.nagahama.lg.jp/0000013001.html | https://www.city.nagahama.lg.jp/cmsfiles/contents/0000013/13001/outline.pdf | https://www.city.nagahama.lg.jp/cmsfiles/contents/0000013/13001/leaflet2023.pdf"
"62291","https://www.city.uwajima.ehime.jp/soshiki/5/tsunamihinanhojyo.html","https://www.city.uwajima.ehime.jp/soshiki/5/tsunamihinanhojyo.html"
"62308","https://www.pref.kanagawa.jp/documents/48845/asbestflyer.pdf","https://www.pref.kanagawa.jp/docs/f7t/cnt/f536769.html | https://www.pref.kanagawa.jp/documents/48845/asbestflyer.pdf | https://view.officeapps.live.com/op/view.aspx?src=https%3A%2F%2Fwww.pref.kanagawa.jp%2Fdocuments%2F48845%2Fyouryou.doc&wdOrigin=BROWSELINK | https://www.pref.kanagawa.jp/documents/48845/youkou.docx"
"62306","https://www.city.nagaoka.niigata.jp/sangyou/cate04/shinkou/koi-pond.html","https://www.city.nagaoka.niigata.jp/sangyou/cate04/shinkou/koi-pond.html"
"62303","https://www.city.kawanishi.hyogo.jp/kurashi/fukushi_kaigo/syougai/1001068/1015169.html","https://www.city.kawanishi.hyogo.jp/kurashi/fukushi_kaigo/syougai/1001068/1015169.html"
"62309","https://www.city.ayabe.lg.jp/cmsfiles/contents/0000003/3381/kouhuyouryou.pdf","https://www.city.ayabe.lg.jp/0000003381.html | https://www.city.ayabe.lg.jp/cmsfiles/contents/0000003/3381/kouhuyouryou.pdf | https://www.city.ayabe.lg.jp/cmsfiles/contents/0000003/3381/02taishoukeihi.pdf"
"62320","https://www.city.mishima.shizuoka.jp/ipn000451.html","https://www.city.mishima.shizuoka.jp/ipn000451.html"
"62322","https://www.city.imabari.ehime.jp/nourin/tisan_tisyo/yuki_syunou/","https://www.city.imabari.ehime.jp/nourin/tisan_tisyo/yuki_syunou/"
"62366","https://www.city.nichinan.lg.jp/main/info/data/3212dba16db9dea66cc4a89f0e086aba.pdf","https://www.city.nichinan.lg.jp/soshikikarasagasu/kanko_sportska/1/2/3/2083.html | https://www.city.nichinan.lg.jp/main/info/data/3212dba16db9dea66cc4a89f0e086aba.pdf | https://www.city.nichinan.lg.jp/main/info/data/7e46151140c246bdbf0c5f4bdc24bfa0.pdf"
"62348","https://www.city.sakurai.lg.jp/material/files/group/48/00_sakuraisisyuukeisiennjigyouhojyokinnnonagare.pdf","https://www.city.sakurai.lg.jp/sosiki/toshikensetsubu/toshikeikakuka/jigyou/6646.html | https://www.city.sakurai.lg.jp/material/files/group/48/00_sakuraisisyuukeisiennjigyouhojyokinnnonagare.pdf | https://www.city.sakurai.lg.jp/material/files/group/48/sakuraisisyuukeisiennjigyouhojyokinnkoufuyoukou.pdf"
"62326","https://www.town.kamiyama.lg.jp/office/soumu/image/%E8%A6%81%E9%A0%85.pdf","https://www.town.kamiyama.lg.jp/office/soumu/kikaku/post-6.html | https://www.town.kamiyama.lg.jp/office/soumu/image/%E8%A6%81%E9%A0%85.pdf | https://www.town.kamiyama.lg.jp/office/soumu/image/%E8%A6%81%E9%A0%85%E5%88%A5%E8%A1%A8.pdf"
"62395","https://www.city.osaka.lg.jp/toshiseibi/cmsfiles/contents/0000531/531918/faq.pdf","https://www.city.osaka.lg.jp/toshiseibi/page/0000531918.html | https://www.city.osaka.lg.jp/toshiseibi/cmsfiles/contents/0000531/531918/faq.pdf | https://www.city.osaka.lg.jp/toshiseibi/cmsfiles/contents/0000531/531918/youryou.pdf"
"62391","https://www.pref.tottori.lg.jp/312650.htm","https://www.pref.tottori.lg.jp/312650.htm"
"62400","https://www.city.takayama.lg.jp/_res/projects/default_project/_page_/001/017/922/youkou.pdf","https://www.city.takayama.lg.jp/kurashi/1000021/1000118/1017922.html | https://www.city.takayama.lg.jp/_res/projects/default_project/_page_/001/017/922/youkou.pdf"
"62401","http://www.town.ooki.lg.jp/soshiki/machizukuri/seisakukikaku/mati/8105.html","http://www.town.ooki.lg.jp/soshiki/machizukuri/seisakukikaku/mati/8105.html"
"62413","https://www.city.nagano.nagano.jp/documents/1031/360456.pdf","https://www.city.nagano.nagano.jp/n183500/contents/p003359.html | https://www.city.nagano.nagano.jp/documents/1031/360456.pdf"
"62414","https://www.pref.fukui.lg.jp/doc/rousei/fukui_innovation_d/fil/bosyuuyouryou.pdf","https://www.pref.fukui.lg.jp/doc/rousei/fukui_innovation.html | https://www.pref.fukui.lg.jp/doc/rousei/fukui_innovation_d/fil/bosyuuyouryou.pdf | https://www.pref.fukui.lg.jp/doc/rousei/fukui_innovation_d/fil/kouhuyouryou.pdf | https://forms.office.com/r/bqK6Df2USX"
"62433","https://www.town.aizumisato.fukushima.jp/gyosei/shigoto_sangyo/3/1/4838.html","https://www.town.aizumisato.fukushima.jp/gyosei/shigoto_sangyo/3/1/4838.html"
"62427","https://www.pref.oita.jp/uploaded/attachment/2195151.pdf","https://www.pref.oita.jp/site/n-kennsetsugyou/r5blocks-hojo.html | https://www.pref.oita.jp/uploaded/attachment/2195151.pdf | https://www.pref.oita.jp/uploaded/attachment/2118224.pdf | https://www.pref.oita.jp/uploaded/attachment/2089002.pdf | https://www.pref.oita.jp/uploaded/attachment/2195133.pdf"
"62436","https://www.city.fussa.tokyo.jp/life/environment/community/1002153.html","https://www.city.fussa.tokyo.jp/life/environment/community/1002153.html"
"62449","https://www.city.kai.yamanashi.jp/soshikinogoannai/shiminkyodo/shiminkyodogakari/1_1/kaijichikai/kaijichikaiyakuin/7159.html","https://www.city.kai.yamanashi.jp/soshikinogoannai/shiminkyodo/shiminkyodogakari/1_1/kaijichikai/kaijichikaiyakuin/7159.html"
"62456","https://www.city.maibara.lg.jp/material/files/group/29/asubesutotyosayoko.pdf","https://www.city.maibara.lg.jp/soshiki/keizai_kankyo/toshi_keikaku/jutaku/19688.html | https://www.city.maibara.lg.jp/material/files/group/29/asubesutotyosayoko.pdf"
"62450","https://www.pref.toyama.jp/documents/35869/koufuyouryou_datsutansosupplychain.pdf","https://www.pref.toyama.jp/1301/20230828.html | https://www.pref.toyama.jp/documents/35869/koufuyouryou_datsutansosupplychain.pdf | https://www.pref.toyama.jp/documents/35869/bosyuyouryou.pdf"
"62457","https://www.city.okayama.jp/jigyosha/0000008147.html","https://www.city.okayama.jp/jigyosha/0000008147.html"
"62476","http://www.town.kagoshima-osaki.lg.jp/ns_rinmusuisan/dennkisaku.html","http://www.town.kagoshima-osaki.lg.jp/ns_rinmusuisan/dennkisaku.html"
"62477","https://www.city.ebina.kanagawa.jp/_res/projects/default_project/_page_/001/015/880/idoushien-gaiyou.pdf","https://www.city.ebina.kanagawa.jp/guide/shakaifukushi/1015880.html | https://www.city.ebina.kanagawa.jp/_res/projects/default_project/_page_/001/015/880/idoushien-gaiyou.pdf"
"62498","https://www.city.tottori.lg.jp/www/contents/1680855781011/files/wa-ke-syonnpuro.pdf","https://www.city.tottori.lg.jp/www/contents/1680855781011/index.html | https://www.city.tottori.lg.jp/www/contents/1680855781011/files/wa-ke-syonnpuro.pdf | https://www.city.tottori.lg.jp/www/contents/1680855781011/files/kouhuyoukou04.pdf"
"62501","https://www.city.tottori.lg.jp/www/contents/1680854884797/files/puromo-syonnkatudou.pdf","https://www.city.tottori.lg.jp/www/contents/1680854884797/index.html | https://www.city.tottori.lg.jp/www/contents/1680854884797/files/puromo-syonnkatudou.pdf | https://www.city.tottori.lg.jp/www/contents/1680854884797/files/kouhuyoukou04.pdf"
"62503","https://www.city.tottori.lg.jp/www/contents/1653627099103/files/saienekatuyougatasuma-tonougyouzissousiennhozyokinn.pdf","https://www.city.tottori.lg.jp/www/contents/1653627099103/index.html | https://www.city.tottori.lg.jp/www/contents/1653627099103/files/saienekatuyougatasuma-tonougyouzissousiennhozyokinn.pdf | https://www.city.tottori.lg.jp/www/contents/1653627099103/files/kouhuyoukou01.pdf"
"62505","https://www.city.tottori.lg.jp/www/contents/1653629057611/files/niseibutuhatudenn.pdf","https://www.city.tottori.lg.jp/www/contents/1653629057611/index.html | https://www.city.tottori.lg.jp/www/contents/1653629057611/files/niseibutuhatudenn.pdf | https://www.city.tottori.lg.jp/www/contents/1653629057611/files/kouhuyoukou03.pdf"
"62515","https://www.city.furano.hokkaido.jp/fs/3/0/6/9/2/_/290401_sports_athlete_hojoyoukou.pdf","https://www.city.furano.hokkaido.jp/life/docs/2015021800056.html | https://www.city.furano.hokkaido.jp/fs/3/0/6/9/2/_/290401_sports_athlete_hojoyoukou.pdf"
"62508","https://www.city.tottori.lg.jp/www/contents/1680831392690/files/matidukuri.pdf","https://www.city.tottori.lg.jp/www/contents/1680831392690/index.html | https://www.city.tottori.lg.jp/www/contents/1680831392690/files/matidukuri.pdf | https://www.city.tottori.lg.jp/www/contents/1680831392690/files/kouhuyoukou04.pdf"
"62519","https://www.city.saku.nagano.jp/machizukuri/nogyo/kurashi/hojyo/hurusatohureaihozyo.html","https://www.city.saku.nagano.jp/machizukuri/nogyo/kurashi/hojyo/hurusatohureaihozyo.html"
"62516","https://www.city.furano.hokkaido.jp/fs/3/0/7/1/1/_/290401_00_bunkasinkoukikinhojoyoukou.pdf","https://www.city.furano.hokkaido.jp/life/docs/2017051000017.html | https://www.city.furano.hokkaido.jp/fs/3/0/7/1/1/_/290401_00_bunkasinkoukikinhojoyoukou.pdf"
"62520","https://www.town.fujikawa.yamanashi.jp/docs/2023090500074/","https://www.town.fujikawa.yamanashi.jp/docs/2023090500074/"
"62527","https://www.town.okuma.fukushima.jp/uploaded/attachment/4710.pdf","https://www.town.okuma.fukushima.jp/soshiki/sangyo/6277.html | https://www.town.okuma.fukushima.jp/uploaded/attachment/4710.pdf"
"62529","https://www.city.saku.nagano.jp/machizukuri/shokogyo/josei_seido/0135201806182.files/tyuutaikyou_youkou.pdf","https://www.city.saku.nagano.jp/machizukuri/shokogyo/josei_seido/0135201806182.html | https://www.city.saku.nagano.jp/machizukuri/shokogyo/josei_seido/0135201806182.files/tyuutaikyou_youkou.pdf"
"62521","https://www.city.saga.lg.jp/site_files/file/2022/202212/p1gka5h06hp4grhr13vrpra1fnf4.pdf","https://www.city.saga.lg.jp/main/86134.html | https://www.city.saga.lg.jp/site_files/file/2022/202212/p1gka5h06hp4grhr13vrpra1fnf4.pdf"
"62544","https://www.city.tottori.lg.jp/www/contents/1465371077818/files/4.pdf","https://www.city.tottori.lg.jp/www/contents/1465371077818/index.html | https://www.city.tottori.lg.jp/www/contents/1465371077818/files/4.pdf"
"62539","https://www.city.tokushima.tokushima.jp/kurashi/house/house_keikaku/buroku.files/r3_beppyou3_4.pdf","https://www.city.tokushima.tokushima.jp/smph/kurashi/house/house_keikaku/buroku.html | https://www.city.tokushima.tokushima.jp/kurashi/house/house_keikaku/buroku.files/r3_beppyou3_4.pdf | https://www.city.tokushima.tokushima.jp/kurashi/house/house_keikaku/buroku.files/R51riifuretto.pdf"
"62538","https://www.pref.iwate.jp/_res/projects/default_project/_page_/001/007/637/mp_jissiyouryou_290307.pdf","https://www.pref.iwate.jp/sangyoukoyou/nougyou/ikusei/1007637.html | https://www.pref.iwate.jp/_res/projects/default_project/_page_/001/007/637/mp_jissiyouryou_290307.pdf | https://www.pref.iwate.jp/_res/projects/default_project/_page_/001/007/637/mp_kouhu280324.pdf"
"62551","https://www.tokyoshigoto.jp/doc/20230112102212.pdf","https://www.tokyoshigoto.jp/senior/challenge65/ | https://www.tokyoshigoto.jp/doc/20230112102212.pdf"
"62546","https://www.city.maniwa.lg.jp/uploaded/attachment/30968.pdf","https://www.city.maniwa.lg.jp/soshiki/42/75650.html | https://www.city.maniwa.lg.jp/uploaded/attachment/30968.pdf"
"62553","https://www.tokyoshigoto.jp/young/challenge/","https://www.tokyoshigoto.jp/young/challenge/"
"62555","https://www.town.ogose.saitama.jp/material/files/group/10/shigen_youkou_H31.pdf","https://www.town.ogose.saitama.jp/kurashi/kankyou/hojyo/1453290413170.html | https://www.town.ogose.saitama.jp/material/files/group/10/shigen_youkou_H31.pdf"
"62568","https://www.city.itako.lg.jp/page/page005429.html","https://www.city.itako.lg.jp/page/page005429.html"
"62586","https://www.houki-town.jp/new1/10/5/n805u","https://www.houki-town.jp/new1/10/5/n805u"
"62588","https://www.town.hanawa.fukushima.jp/page/page002282.html","https://www.town.hanawa.fukushima.jp/page/page002282.html"
"62596","https://www.town.kaneyama.fukushima.jp/uploaded/life/7455_82256_misc.pdf","https://www.town.kaneyama.fukushima.jp/soshiki/58/yugai-choju-bougosaku.html | https://www.town.kaneyama.fukushima.jp/uploaded/life/7455_82256_misc.pdf"
"62590","https://www.pref.toyama.jp/documents/19689/yasashii_yado_yoko.pdf","https://www.pref.toyama.jp/140121/cycling/yasashii_yado_hojo.html | https://www.pref.toyama.jp/documents/19689/yasashii_yado_yoko.pdf"
"62639","https://www.city.saga.lg.jp/main/64065.html","https://www.city.saga.lg.jp/main/64065.html"
"62606","https://www.city.ritto.lg.jp/material/files/group/42/taisin_panf2021.pdf","https://www.city.ritto.lg.jp/soshiki/kensetsu/jutaku/gyoumu/3766.html | https://www.city.ritto.lg.jp/material/files/group/42/taisin_panf2021.pdf"
"62624","https://www.town.tateshina.nagano.jp/kurashi/todokede_shomei/hojo_josei/1849.html","https://www.town.tateshina.nagano.jp/kurashi/todokede_shomei/hojo_josei/1849.html"
"62648","https://www.town.sumita.iwate.jp/docs/2023081600011/files/sumitahojokinyoukou.pdf","https://www.town.sumita.iwate.jp/docs/2023081600011/ | https://www.town.sumita.iwate.jp/docs/2023081600011/files/sumitahojokinyoukou.pdf | https://www.town.sumita.iwate.jp/docs/2023081600011/files/sumita-inryousui-hojoyoukou.pdf"
"62679","https://www.city.nantan.kyoto.jp/www/town/125/003/000/index_1000938.html","https://www.city.nantan.kyoto.jp/www/town/125/003/000/index_1000938.html"
"62682","https://www.city.koshu.yamanashi.jp/docs/2023083000031","https://www.city.koshu.yamanashi.jp/docs/2023083000031"
"62689","https://www.city.rikuzentakata.iwate.jp/soshiki/shoseika/shokoukakari/jigyoushashien/7326.html","https://www.city.rikuzentakata.iwate.jp/soshiki/shoseika/shokoukakari/jigyoushashien/7326.html"
"62695","https://www.vill.tobishima.aichi.jp/kurashi/hojyo/h_machi.html","https://www.vill.tobishima.aichi.jp/kurashi/hojyo/h_machi.html"
"62694","https://www.city.iida.lg.jp/uploaded/attachment/62198.pdf","https://www.city.iida.lg.jp/soshiki/25/akitenpokatuyou.html | https://www.city.iida.lg.jp/uploaded/attachment/62198.pdf"
"62699","https://www.vill.tobishima.aichi.jp/kurashi/hojyo/h_kankyo.html","https://www.vill.tobishima.aichi.jp/kurashi/hojyo/h_kankyo.html"
"62703","https://www.vill.tobishima.aichi.jp/kurashi/hojyo/h_bouhan.html","https://www.vill.tobishima.aichi.jp/kurashi/hojyo/h_bouhan.html"
"62713","https://www.city.minamisoma.lg.jp/portal/sections/14/1470/sports/22954.html","https://www.city.minamisoma.lg.jp/portal/sections/14/1470/sports/22954.html"
"62717","https://www.city.matsuyama.ehime.jp/kurashi/kurashi/hojokin/taishinsokushinhojyo.files/gimuka.pdf","https://www.city.matsuyama.ehime.jp/kurashi/kurashi/hojokin/taishinsokushinhojyo.html | https://www.city.matsuyama.ehime.jp/kurashi/kurashi/hojokin/taishinsokushinhojyo.files/gimuka.pdf"
"62714","https://www.city.matsuyama.ehime.jp/kurashi/sangyo/noringyo/ninaite/kyufukin.html","https://www.city.matsuyama.ehime.jp/kurashi/sangyo/noringyo/ninaite/kyufukin.html"
"62736","https://www.city.toyooka.lg.jp/_res/projects/default_project/_page_/001/027/532/4.pdf","https://www.city.toyooka.lg.jp/sangyo/1021071/1023680/1023754/1023760/1027532.html | https://www.city.toyooka.lg.jp/_res/projects/default_project/_page_/001/027/532/4.pdf"
"62739","https://www.city.sakurai.lg.jp/material/files/group/48/00_sakuraisisyuukeisiennjigyouhojyokinnnonagare.pdf","https://www.city.sakurai.lg.jp/sosiki/toshikensetsubu/toshikeikakuka/jigyou/6646.html | https://www.city.sakurai.lg.jp/material/files/group/48/00_sakuraisisyuukeisiennjigyouhojyokinnnonagare.pdf"
"62770","https://www.city.shimada.shizuoka.jp/gyosei-docs/722719602.html","https://www.city.shimada.shizuoka.jp/gyosei-docs/722719602.html"
"62765","https://www.city.ena.lg.jp/soshikiichiran/suidokankyobu/kankyoka/annai/11559.html","https://www.city.ena.lg.jp/soshikiichiran/suidokankyobu/kankyoka/annai/11559.html"
"62784","https://www.city.kitakami.iwate.jp/material/files/group/56/tirashi.pdf","https://www.city.kitakami.iwate.jp/life/soshikikarasagasu/toshisaiseisuishin/toshisaisei/25104.html | https://www.city.kitakami.iwate.jp/material/files/group/56/tirashi.pdf"
"62787","https://www.pref.kagoshima.jp/ae32/documents/115127_20240813211859-1.pdf","https://www.pref.kagoshima.jp/ae32/hoikusyotoubukkakoutou.html | https://www.pref.kagoshima.jp/ae32/documents/115127_20240813211859-1.pdf | https://www.pref.kagoshima.jp/ae32/documents/115127_20240813214155-1.pdf | https://www.pref.kagoshima.jp/ae32/documents/115127_20240813214343-1.pdf"
"62797","https://www.city.mito.lg.jp/page/57448.html","https://www.city.mito.lg.jp/page/57448.html"
"62799","https://www.town.urakawa.hokkaido.jp/gyosei/life/?content=1790","https://www.town.urakawa.hokkaido.jp/gyosei/life/?content=1790"
"62815","https://www.pref.shizuoka.jp/kurashikankyo/recycle/1049488/1017777.html","https://www.pref.shizuoka.jp/kurashikankyo/recycle/1049488/1017777.html"
"62809","https://www.city.ofunato.iwate.jp/uploaded/attachment/35030.pdf","https://www.city.ofunato.iwate.jp/soshiki/syo-gaku/6345.html | https://www.city.ofunato.iwate.jp/uploaded/attachment/35030.pdf"
"62819","https://www.town.yoro.gifu.jp/docs/2020051200035/","https://www.town.yoro.gifu.jp/docs/2020051200035/"
"62836","https://www.city.itami.lg.jp/material/files/group/43/panhur5.pdf","https://www.city.itami.lg.jp/business_sangyo/sougyou/29107.html | https://www.city.itami.lg.jp/material/files/group/43/panhur5.pdf"
"62825","https://www.nanmoku.ne.jp/modules/life/index.php?content_id=10","https://www.nanmoku.ne.jp/modules/life/index.php?content_id=10"
"62838","https://www.city.kumano.lg.jp/life/?content=914","https://www.city.kumano.lg.jp/life/?content=914"
"62842","https://www.town.yoro.gifu.jp/docs/2023062300022/files/Notification1.pdf","https://www.town.yoro.gifu.jp/docs/2023062300022/ | https://www.town.yoro.gifu.jp/docs/2023062300022/files/Notification1.pdf | http://www.fuseya.co.jp/"
"62843","https://www.city.fujisawa.kanagawa.jp/indus1/shigoto/shokogyo/sogyo/posutoinnkyube-syonn2021.html","https://www.city.fujisawa.kanagawa.jp/indus1/shigoto/shokogyo/sogyo/posutoinnkyube-syonn2021.html"
"62848","https://www.city.sakuragawa.lg.jp/kurashi/news/page005712.html","https://www.city.sakuragawa.lg.jp/kurashi/news/page005712.html"
"62875","https://www.city.beppu.oita.jp/doc/sangyou/nourinsuisan/kaihatu.pdf","https://www.city.beppu.oita.jp/sangyou/nourinsuisan/kaihatu.html | https://www.city.beppu.oita.jp/doc/sangyou/nourinsuisan/kaihatu.pdf"
"62877","https://www.pref.hiroshima.lg.jp/uploaded/attachment/495830.pdf","https://www.pref.hiroshima.lg.jp/soshiki/86/zourinhojoseido.html | https://www.pref.hiroshima.lg.jp/uploaded/attachment/495830.pdf"
"62893","https://www.city.iizuka.lg.jp/sangakurenke/documents/kenkyukaihatsujyoseikinr5.pdf","https://www.city.iizuka.lg.jp/sangakurenke/kenkyuukaihatsuroom.html | https://www.city.iizuka.lg.jp/sangakurenke/documents/kenkyukaihatsujyoseikinr5.pdf"
"62898","https://www.city.sanda.lg.jp/material/files/group/21/boujyosaku.pdf","https://www.city.sanda.lg.jp/hojo_josei/24423.html | https://www.city.sanda.lg.jp/material/files/group/21/boujyosaku.pdf"
"62897","https://www.city.sanda.lg.jp/hojo_josei/24427.html","https://www.city.sanda.lg.jp/hojo_josei/24427.html"
"62900","https://www.city.hakusan.lg.jp/machi/1007407/1002971.html","https://www.city.hakusan.lg.jp/machi/1007407/1002971.html"
"62901","https://www.city.hakusan.lg.jp/machi/douro/1007421.html","https://www.city.hakusan.lg.jp/machi/douro/1007421.html"
"62902","https://www.city.tomi.nagano.jp/category/joseijigyou/101707.html","https://www.city.tomi.nagano.jp/category/joseijigyou/101707.html"
"62974","https://www.town.shizukuishi.iwate.jp/docs/2014120200088/","https://www.town.shizukuishi.iwate.jp/docs/2014120200088/"
"62987","https://www.pref.osaka.lg.jp/ritchi/industrialpark/index.html","https://www.pref.osaka.lg.jp/ritchi/industrialpark/index.html"
"62977","https://www.town.shizukuishi.iwate.jp/docs/2015043000021/","https://www.town.shizukuishi.iwate.jp/docs/2015043000021/"
"62994","https://www.city.tomioka.lg.jp/www/contents/1682406744603/index.html","https://www.city.tomioka.lg.jp/www/contents/1682406744603/index.html"
"63003","https://www.city.handa.lg.jp/shogai/bunka/gejutsu/gekireikin/images/gekireikin.html","https://www.city.handa.lg.jp/shogai/bunka/gejutsu/gekireikin/images/gekireikin.html"
"62996","https://www.city.minamikyushu.lg.jp/soshikikarasagasu/kochirimmuka/rimmu/1343.html","https://www.city.minamikyushu.lg.jp/soshikikarasagasu/kochirimmuka/rimmu/1343.html"
"63007","https://www.pref.fukushima.lg.jp/uploaded/attachment/572408.pdf","https://www.pref.fukushima.lg.jp/sec/32011c/workplace-settlement.html | https://www.pref.fukushima.lg.jp/uploaded/attachment/572408.pdf"
"63014","https://www.city.tomioka.lg.jp/www/contents/1000000002049/index.html","https://www.city.tomioka.lg.jp/www/contents/1000000002049/index.html"
"63017","https://www.city.yawatahama.ehime.jp/doc/2022032500035/file_contents/tirashi.pdf","https://www.city.yawatahama.ehime.jp/doc/2022032500035/ | https://www.city.yawatahama.ehime.jp/doc/2022032500035/file_contents/tirashi.pdf"
"63018","https://www.city.tomioka.lg.jp/www/contents/1000000002052/index.html","https://www.city.tomioka.lg.jp/www/contents/1000000002052/index.html"
"63023","https://www.pref.iwate.jp/kurashikankyou/fukushi/jidou/1003877/1003879.html","https://www.pref.iwate.jp/kurashikankyou/fukushi/jidou/1003877/1003879.html"
"63019","https://www.town.naraha.lg.jp/work/cat340/cat/008201.html","https://www.town.naraha.lg.jp/work/cat340/cat/008201.html"
"63024","https://www.city.tomioka.lg.jp/www/contents/1000000002052/index.html","https://www.city.tomioka.lg.jp/www/contents/1000000002052/index.html"
"63025","https://www.city.ueda.nagano.jp/soshiki/shoko/4606.html","https://www.city.ueda.nagano.jp/soshiki/shoko/4606.html"
"63030","https://www.city.akashi.lg.jp/bunka/sports_ka/sports/20130401_gekireikin.html","https://www.city.akashi.lg.jp/bunka/sports_ka/sports/20130401_gekireikin.html"
"63031","https://www.city.tomioka.lg.jp/www/contents/1651124276073/index.html","https://www.city.tomioka.lg.jp/www/contents/1651124276073/index.html"
"63039","https://www.town.shirosato.lg.jp/page/page006086.html","https://www.town.shirosato.lg.jp/page/page006086.html"
"63035","https://www.town.kawai.nara.jp/kakuka/kikaku/1/2/taisin/672.html","https://www.town.kawai.nara.jp/kakuka/kikaku/1/2/taisin/672.html"
"63048","https://aichi-djinzai.com/","https://aichi-djinzai.com/"
"63047","https://www.pref.osaka.lg.jp/o070070/toshimiryoku/umeda_sign/index.html","https://www.pref.osaka.lg.jp/o070070/toshimiryoku/umeda_sign/index.html"
"63045","https://www.city.yame.fukuoka.jp/jigyosha/2/1457320368097.html","https://www.city.yame.fukuoka.jp/jigyosha/2/1457320368097.html"
"63054","https://www.city.kashihara.nara.jp/soshiki/1046/gyomu/2/2/950.html","https://www.city.kashihara.nara.jp/soshiki/1046/gyomu/2/2/950.html"
"63056","https://www.city.omachi.nagano.jp/00006000/00006500/zyoseizigyou/kotuzui211.html","https://www.city.omachi.nagano.jp/00006000/00006500/zyoseizigyou/kotuzui211.html"
"63062","https://www.town.asahi.yamagata.jp/portal/soshikinogoannai/somuka/bosaigakari/3_1/2/9180.html","https://www.town.asahi.yamagata.jp/portal/soshikinogoannai/somuka/bosaigakari/3_1/2/9180.html"
"63064","https://www.pref.yamaguchi.lg.jp/soshiki/96/13879.html","https://www.pref.yamaguchi.lg.jp/soshiki/96/13879.html"
"63065","https://engaru.jp/work/page.php?id=279","https://engaru.jp/work/page.php?id=279"
"63066","https://www.pref.yamanashi.jp/shinchaku/kankyo-ene/050905ev.html","https://www.pref.yamanashi.jp/shinchaku/kankyo-ene/050905ev.html"
"63067","https://www.city.fukuchiyama.lg.jp/uploaded/attachment/37894.pdf","https://www.city.fukuchiyama.lg.jp/soshiki/27/59083.html | https://www.city.fukuchiyama.lg.jp/uploaded/attachment/37894.pdf"
"63075","https://www.city.uwajima.ehime.jp/soshiki/18/gouritekihairyo.html","https://www.city.uwajima.ehime.jp/soshiki/18/gouritekihairyo.html"
"63083","https://www.city.chiyoda.lg.jp/koho/shigoto/jigyosho/josei/shotengai-sogyoshien.html","https://www.city.chiyoda.lg.jp/koho/shigoto/jigyosho/josei/shotengai-sogyoshien.html"
"63091","https://www.town.toyono.osaka.jp/page/page005956.html","https://www.town.toyono.osaka.jp/page/page005956.html"
"63105","https://www.city.matsue.lg.jp/sangyo_business/sangyoshinko/9/3/7662.html","https://www.city.matsue.lg.jp/sangyo_business/sangyoshinko/9/3/7662.html"
"63097","https://www.pref.fukuoka.lg.jp/contents/syunyuhoken-hozyo.html","https://www.pref.fukuoka.lg.jp/contents/syunyuhoken-hozyo.html | https://www.pref.fukuoka.lg.jp/contents/syunyuhokennseido.html"
"63117","https://www.city.toki.lg.jp/kurashi/shimin/1004739/1004333.html","https://www.city.toki.lg.jp/kurashi/shimin/1004739/1004333.html"
"63108","https://www.city.matsue.lg.jp/material/files/group/24/tirasi.pdf","https://www.city.matsue.lg.jp/sangyo_business/sangyoshinko/9/3/7669.html | https://www.city.matsue.lg.jp/material/files/group/24/tirasi.pdf"
"63106","https://www.city.matsue.lg.jp/sangyo_business/sangyoshinko/9/3/7665.html","https://www.city.matsue.lg.jp/sangyo_business/sangyoshinko/9/3/7665.html"
"63124","https://www.pref.chiba.lg.jp/seisan/kinyuu/seisanhanbai.html#shiryoumairyuutsuu","https://www.pref.chiba.lg.jp/seisan/kinyuu/seisanhanbai.html#shiryoumairyuutsuu"
"63148","https://www.akitakata.jp/ja/shisei/section/tiikieinou/nogyosinkohojokin/","https://www.akitakata.jp/ja/shisei/section/tiikieinou/nogyosinkohojokin/"
"63152","https://www.akitakata.jp/ja/shisei/section/tiikieinou/nogyosinkohojokin/","https://www.akitakata.jp/ja/shisei/section/tiikieinou/nogyosinkohojokin/"
"63153","https://www.akitakata.jp/ja/shisei/section/tiikieinou/nogyosinkohojokin/","https://www.akitakata.jp/ja/shisei/section/tiikieinou/nogyosinkohojokin/"
"63185","https://www.city.awara.lg.jp/mokuteki/cityinfo/jichikai010/p013485.html","https://www.city.awara.lg.jp/mokuteki/cityinfo/jichikai010/p013485.html"
"63154","https://www.akitakata.jp/akitakata-media/filer_public/7d/6d/7d6d373a-e20f-4fd9-8b8a-9f059808c28f/0bouhantou-hojokinseido-nitsuite.pdf","https://www.akitakata.jp/ja/shisei/section/anzen/bouhanto/bouhantouhojyo/ | https://www.akitakata.jp/akitakata-media/filer_public/7d/6d/7d6d373a-e20f-4fd9-8b8a-9f059808c28f/0bouhantou-hojokinseido-nitsuite.pdf"
"63197","https://www.city.karatsu.lg.jp/chiikihokatsu/houkatsu/sougousabisu.html","https://www.city.karatsu.lg.jp/chiikihokatsu/houkatsu/sougousabisu.html"
"63202","https://www.city.futtsu.lg.jp/0000007551.html","https://www.city.futtsu.lg.jp/0000007551.html"
"63205","https://www.town.kusu.oita.jp/shigoto_sangyo/kigyo_sogyoshien/1/1769.html","https://www.town.kusu.oita.jp/shigoto_sangyo/kigyo_sogyoshien/1/1769.html"
"63212","https://www.pref.fukushima.lg.jp/sec/32021d/shogyoukinoukaifuku.html","https://www.pref.fukushima.lg.jp/sec/32021d/shogyoukinoukaifuku.html"
"63213","https://www.pref.fukushima.lg.jp/uploaded/attachment/569090.pdf","https://www.pref.fukushima.lg.jp/sec/32021d/machinaka-senmonka.html | https://www.pref.fukushima.lg.jp/uploaded/attachment/569090.pdf"
"63214","https://www.city.kasugai.lg.jp/_res/projects/default_project/_page_/001/020/617/r5_kenshu.pdf","https://www.city.kasugai.lg.jp/business/kigyo/jinzaiikusei/kenshu.html | https://www.city.kasugai.lg.jp/_res/projects/default_project/_page_/001/020/617/r5_kenshu.pdf"
"63216","https://www.city.tsushima.lg.jp/kurashi/anshinanzen/bouhan/130050a.html","https://www.city.tsushima.lg.jp/kurashi/anshinanzen/bouhan/130050a.html"
"63219","https://www.city.matsumoto.nagano.jp/soshiki/72/3122.html","https://www.city.matsumoto.nagano.jp/soshiki/72/3122.html"
"63222","https://www.city.matsumoto.nagano.jp/soshiki/72/3109.html","https://www.city.matsumoto.nagano.jp/soshiki/72/3109.html"
"63224","https://www.city.zushi.kanagawa.jp/_res/projects/default_project/_page_/001/009/224/pamphlet.pdf","https://www.city.zushi.kanagawa.jp/shisei/toshiseibi/1005762/minryokuiji.html | https://www.city.zushi.kanagawa.jp/_res/projects/default_project/_page_/001/009/224/pamphlet.pdf"
"63227","https://www.vill.minamiminowa.lg.jp/soshiki/chiiki/jyosei-kankyoseibi.html","https://www.vill.minamiminowa.lg.jp/soshiki/chiiki/jyosei-kankyoseibi.html"
"63239","https://www.pref.yamaguchi.lg.jp/soshiki/34/14071.html","https://www.pref.yamaguchi.lg.jp/soshiki/34/14071.html"
"63240","https://www.city.kisarazu.lg.jp/jigyosha/nourin/nourin/1012003.html","https://www.city.kisarazu.lg.jp/jigyosha/nourin/nourin/1012003.html"
"63247","https://www.city.ibaraki.osaka.jp/material/files/group/37/seikikoyou_tirashi202504.pdf","https://www.city.ibaraki.osaka.jp/kikou/sangyo/shoukou/menu/rodofukushi/63922.html | https://www.city.ibaraki.osaka.jp/material/files/group/37/seikikoyou_tirashi202504.pdf"
"63251","https://www.city.toyota.aichi.jp/jigyousha/shogyoshinko/1042714.html","https://www.city.toyota.aichi.jp/jigyousha/shogyoshinko/1042714.html"
"63257","https://www.vill.nozawaonsen.nagano.jp/www/contents/1662009280691/files/r5nozawanashinkouchirashi.pdf","https://www.vill.nozawaonsen.nagano.jp/www/contents/1662009280691/index.html | https://www.vill.nozawaonsen.nagano.jp/www/contents/1662009280691/files/r5nozawanashinkouchirashi.pdf"
"63292","https://www.pref.kyoto.jp/rinmu/documents/jigyougaiyou.pdf","https://www.pref.kyoto.jp/rinmu/kyounokiryuutuumodelkouchikushien.html | https://www.pref.kyoto.jp/rinmu/documents/jigyougaiyou.pdf"
"63281","https://www.pref.wakayama.lg.jp/prefg/061000/d00201895.html","https://www.pref.wakayama.lg.jp/prefg/061000/d00201895.html"
"63298","https://www.city.hiroshima.lg.jp/soshiki/138/7465.html","https://www.city.hiroshima.lg.jp/soshiki/138/7465.html"
"63317","https://www.city.ritto.lg.jp/soshiki/kankyokeizai/norin/shienseido/10924.html","https://www.city.ritto.lg.jp/soshiki/kankyokeizai/norin/shienseido/10924.html"
"63318","https://www.city.ritto.lg.jp/material/files/group/35/panfu20210730.pdf","https://www.city.ritto.lg.jp/soshiki/kankyokeizai/norin/shienseido/10793.html | https://www.city.ritto.lg.jp/material/files/group/35/panfu20210730.pdf"
"63342","https://www.city.arakawa.tokyo.jp/documents/7664/semina-chirashi.pdf","https://www.city.arakawa.tokyo.jp/a021/jigyousha/jigyouunei/seminer.html | https://www.city.arakawa.tokyo.jp/documents/7664/semina-chirashi.pdf"
"63335","https://www.city.tsuruga.lg.jp/about_city/news_from_division/sangyoukeizai_bu/nourinsuisan_ka/yuukyuunouchi.files/0008_20230912.pdf","https://www.city.tsuruga.lg.jp/about_city/news_from_division/sangyoukeizai_bu/nourinsuisan_ka/yuukyuunouchi.html | https://www.city.tsuruga.lg.jp/about_city/news_from_division/sangyoukeizai_bu/nourinsuisan_ka/yuukyuunouchi.files/0008_20230912.pdf"
"63346","https://www.city.chichibu.lg.jp/secure/12150/%E4%B8%AD%E5%B0%8F%E4%BC%81%E6%A5%AD%E5%A5%A8%E5%AD%A6%E9%87%91%E8%BF%94%E9%82%84%E6%94%AF%E6%8F%B4%E8%A3%9C%E5%8A%A9%E9%87%91%E3%83%81%E3%83%A9%E3%82%B71.pdf","https://www.city.chichibu.lg.jp/5929.html | https://www.city.chichibu.lg.jp/secure/12150/%E4%B8%AD%E5%B0%8F%E4%BC%81%E6%A5%AD%E5%A5%A8%E5%AD%A6%E9%87%91%E8%BF%94%E9%82%84%E6%94%AF%E6%8F%B4%E8%A3%9C%E5%8A%A9%E9%87%91%E3%83%81%E3%83%A9%E3%82%B71.pdf"
"63355","https://www.pref.mie.lg.jp/common/content/001087980.pdf","https://www.pref.mie.lg.jp/TOPICS/m0011500410.htm | https://www.pref.mie.lg.jp/common/content/001087980.pdf"
"63370","https://www.city.yame.fukuoka.jp/kurashi/hojyokin/hojyosumai/9492.html","https://www.city.yame.fukuoka.jp/kurashi/hojyokin/hojyosumai/9492.html"
"63359","https://www.city.shimada.shizuoka.jp/gyosei-docs/722719602.html","https://www.city.shimada.shizuoka.jp/gyosei-docs/722719602.html"
"63402","https://www.city.hekinan.lg.jp/soshiki/shiminkyoudou/chiiki/procedure/17409.html","https://www.city.hekinan.lg.jp/soshiki/shiminkyoudou/chiiki/procedure/17409.html"
"63407","https://www.higashikushira.com/docs/2023090800020/","https://www.higashikushira.com/docs/2023090800020/"
"63387","https://www.town.setana.lg.jp/uploads/documents/268753.pdf","https://www.town.setana.lg.jp/industry/post_434.html | https://www.town.setana.lg.jp/uploads/documents/268753.pdf"
"63439","https://www.pref.iwate.jp/sangyoukoyou/ringyou/seibi/1008333/1008336.html","https://www.pref.iwate.jp/sangyoukoyou/ringyou/seibi/1008333/1008336.html"
"63459","https://www.city.susaki.lg.jp/life/detail.php?hdnKey=4558","https://www.city.susaki.lg.jp/life/detail.php?hdnKey=4558"
"63430","https://www.city.tokai.aichi.jp/bunka/1002738/1002753/1002757/1002760.html","https://www.city.tokai.aichi.jp/bunka/1002738/1002753/1002757/1002760.html"
"63468","https://www.city.midori.gunma.jp/_res/projects/default_project/_page_/001/002/823/1002823_001.pdf","https://www.city.midori.gunma.jp/sangyou/1001652/1001816/1002823.html | https://www.city.midori.gunma.jp/_res/projects/default_project/_page_/001/002/823/1002823_001.pdf"
"63466","https://www.pref.nagano.lg.jp/kaigo-shien/jinzai/gaikokuzinn.html","https://www.pref.nagano.lg.jp/kaigo-shien/jinzai/gaikokuzinn.html"
"63497","https://www.city.fujieda.shizuoka.jp/soshiki/sangyoshinko/sangyoseisaku/gyomu/10/21108.html","https://www.city.fujieda.shizuoka.jp/soshiki/sangyoshinko/sangyoseisaku/gyomu/10/21108.html"
"63502","https://www.city.sanda.lg.jp/hojo_josei/24431.html","https://www.city.sanda.lg.jp/hojo_josei/24431.html"
"63514","https://www.city.omachi.nagano.jp/00013000/00013100/00013220/00013222.html","https://www.city.omachi.nagano.jp/00013000/00013100/00013220/00013222.html"
"63526","https://www.city.fujieda.shizuoka.jp/material/files/group/122/ikukyu_ado.pdf","https://www.city.fujieda.shizuoka.jp/soshiki/shiminkyodo/danjokyodo/gyomu/2/21363.html | https://www.city.fujieda.shizuoka.jp/material/files/group/122/ikukyu_ado.pdf"
"63528","https://www.city.fujieda.shizuoka.jp/soshiki/sangyoshinko/sangyoseisaku/gyomu/3/sangyohojyokinshoureikin201029/15721.html","https://www.city.fujieda.shizuoka.jp/soshiki/sangyoshinko/sangyoseisaku/gyomu/3/sangyohojyokinshoureikin201029/15721.html"
"63532","https://www.city.fujieda.shizuoka.jp/material/files/group/97/820142503022.pdf","https://www.city.fujieda.shizuoka.jp/soshiki/sangyoshinko/sangyoseisaku/gyomu/3/sangyohojyokinshoureikin201029/21468.html | https://www.city.fujieda.shizuoka.jp/material/files/group/97/820142503022.pdf"
"63531","https://www.city.fujieda.shizuoka.jp/material/files/group/97/381362052320.pdf","https://www.city.fujieda.shizuoka.jp/soshiki/sangyoshinko/sangyoseisaku/gyomu/3/sangyohojyokinshoureikin201029/21467.html | https://www.city.fujieda.shizuoka.jp/material/files/group/97/381362052320.pdf"
"63555","https://www.nta.go.jp/taxes/shiraberu/taxanswer/hojin/5434.htm","https://www.nta.go.jp/taxes/shiraberu/taxanswer/hojin/5434.htm | https://www.nta.go.jp/taxes/shiraberu/shirabekata/9200.htm#a02"
"63565","https://www.town.higashikagura.lg.jp/docs/12245.html","https://www.town.higashikagura.lg.jp/docs/12245.html"
"63567","https://www.town.kamiichi.toyama.jp/page/1591.html","https://www.town.kamiichi.toyama.jp/page/1591.html"
"63578","https://www.city.toyota.aichi.jp/_res/projects/default_project/_page_/001/013/970/r0509/01.pdf","https://www.city.toyota.aichi.jp/jigyousha/shogyoshinko/1013970.html | https://www.city.toyota.aichi.jp/_res/projects/default_project/_page_/001/013/970/r0509/01.pdf"
"63577","https://www.town.yoshitomi.lg.jp/gyosei/chosei/v995/y209/chiiki/v153/m107/","https://www.town.yoshitomi.lg.jp/gyosei/chosei/v995/y209/chiiki/v153/m107/"
"63576","https://www.town.yorii.saitama.jp/soshiki/12/sinnrinnseibijigyou.html","https://www.town.yorii.saitama.jp/soshiki/12/sinnrinnseibijigyou.html"
"63588","https://www.city.tsuruga.lg.jp/kenko_fukushi/zaitakuseikasu_shien/kaigojinzaikakuho.html","https://www.city.tsuruga.lg.jp/kenko_fukushi/zaitakuseikasu_shien/kaigojinzaikakuho.html"
"63598","https://www.city.hirakata.osaka.jp/0000048228.html","https://www.city.hirakata.osaka.jp/0000048228.html"
"63590","https://www.city.hirakata.osaka.jp/cmsfiles/contents/0000017/17649/jukoukyousei202308.pdf","https://www.city.hirakata.osaka.jp/0000017649.html | https://www.city.hirakata.osaka.jp/cmsfiles/contents/0000017/17649/jukoukyousei202308.pdf"
"63609","https://www.city.suita.osaka.jp/kenko/1018669/1022377/1014926.html","https://www.city.suita.osaka.jp/kenko/1018669/1022377/1014926.html"
"63611","https://www.city.hirakata.osaka.jp/0000016631.html","https://www.city.hirakata.osaka.jp/0000016631.html"
"63601","https://www.city.yamagata.gifu.jp/soshiki/shogai/36781.html","https://www.city.yamagata.gifu.jp/soshiki/shogai/36781.html"
"63614","https://www.city.nakano.nagano.jp/docs/2014011601796/","https://www.city.nakano.nagano.jp/docs/2014011601796/"
"63613","https://www.city.tochigi.lg.jp/soshiki/32/578.html","https://www.city.tochigi.lg.jp/soshiki/32/578.html"
"63618","https://www.town.oyamazaki.kyoto.jp/annai/somuka/kikikanri/jishubosaisoshiki/9714.html","https://www.town.oyamazaki.kyoto.jp/annai/somuka/kikikanri/jishubosaisoshiki/9714.html"
"63620","https://www.city.fukushima-date.lg.jp/soshiki/17/63998.html","https://www.city.fukushima-date.lg.jp/soshiki/17/63998.html"
"63644","https://www.vill.takagi.nagano.jp/doc/2023051600027/","https://www.vill.takagi.nagano.jp/doc/2023051600027/"
"63629","https://www.town.kumamoto-yamato.lg.jp/kiji0038620/index.html","https://www.town.kumamoto-yamato.lg.jp/kiji0038620/index.html"
"63649","https://www.city.tambasasayama.lg.jp/soshikikarasagasu/morizukurika/wildlife/24108.html","https://www.city.tambasasayama.lg.jp/soshikikarasagasu/morizukurika/wildlife/24108.html"
"63646","https://www.odaitown.jp/soshiki/yakuba/6/1_1/2228.html","https://www.odaitown.jp/soshiki/yakuba/6/1_1/2228.html"
"63673","https://www.town.ichikawamisato.yamanashi.jp/20life/20discretion/2018-1213-1509-12.html","https://www.town.ichikawamisato.yamanashi.jp/20life/20discretion/2018-1213-1509-12.html"
"63677","https://www.city.sosa.lg.jp/page/page004819.html","https://www.city.sosa.lg.jp/page/page004819.html"
"63679","https://www.city.kanuma.tochigi.jp/0100/info-0000008849-1.html","https://www.city.kanuma.tochigi.jp/0100/info-0000008849-1.html"
"63689","https://www.pref.miyagi.jp/documents/47567/kinkaisientirashi.pdf","https://www.pref.miyagi.jp/soshiki/iryoujinzai/kinkaihojomatome.html | https://www.pref.miyagi.jp/documents/47567/kinkaisientirashi.pdf"
"63690","https://www.pref.miyagi.jp/documents/47567/taiseiseibitirashi.pdf","https://www.pref.miyagi.jp/soshiki/iryoujinzai/kinkaihojomatome.html | https://www.pref.miyagi.jp/documents/47567/taiseiseibitirashi.pdf"
"63707","https://www.city.saku.nagano.jp/machizukuri/nogyo/kurashi/hojyo/kurasinougyouhozyokin.html","https://www.city.saku.nagano.jp/machizukuri/nogyo/kurashi/hojyo/kurasinougyouhozyokin.html"
"63693","https://www.pref.miyagi.jp/documents/47567/itiranhyouyouryourlink.pdf","https://www.pref.miyagi.jp/soshiki/iryoujinzai/kinkaihojomatome.html | https://www.pref.miyagi.jp/documents/47567/itiranhyouyouryourlink.pdf"
"63710","https://www.vill.shinjo.okayama.jp/index.php?id=2151","https://www.vill.shinjo.okayama.jp/index.php?id=2151"
"63721","https://www.city.hakusan.lg.jp/seikatsu/bosai/1017239/1004655/1007363.html","https://www.city.hakusan.lg.jp/seikatsu/bosai/1017239/1004655/1007363.html"
"63714","https://www.city.sakaide.lg.jp/soshiki/kenkou/kotuzuidona.html","https://www.city.sakaide.lg.jp/soshiki/kenkou/kotuzuidona.html"
"63753","https://www.city.kyotango.lg.jp/top/boshu/others/17456.html","https://www.city.kyotango.lg.jp/top/boshu/others/17456.html"
"63760","https://www.city.kobe.lg.jp/a36708/kanko/bunka/gyose/support/h30shimohanki/r3kaijouhi.html","https://www.city.kobe.lg.jp/a36708/kanko/bunka/gyose/support/h30shimohanki/r3kaijouhi.html"
"63725","https://www.city.akune.lg.jp/material/files/group/25/4298_2.pdf","https://www.city.akune.lg.jp/shigoto_sangyo/koyo_rodo/4299.html | https://www.city.akune.lg.jp/material/files/group/25/4298_2.pdf"
"63765","https://www.city.otsu.lg.jp/business/fukushi/hoiku/46691.html","https://www.city.otsu.lg.jp/business/fukushi/hoiku/46691.html"
"63766","https://www.city.satsumasendai.lg.jp/material/files/group/14/setumei_41149928.pdf","https://www.city.satsumasendai.lg.jp/gyoseijoho/hojokin/1/9018.html | https://www.city.satsumasendai.lg.jp/material/files/group/14/setumei_41149928.pdf"
"63767","https://www.city.isumi.lg.jp/gyosei/shigoto_sangyo/jigyoshahenooshirase/5803.html","https://www.city.isumi.lg.jp/gyosei/shigoto_sangyo/jigyoshahenooshirase/5803.html"
"63783","https://www.town.koshimizu.hokkaido.jp/hotnews/files/00009300/00009379/20230410091909.pdf","https://www.town.koshimizu.hokkaido.jp/hotnews/detail/00009379.html | https://www.town.koshimizu.hokkaido.jp/hotnews/files/00009300/00009379/20230410091909.pdf"
"63786","https://www.town.koshimizu.hokkaido.jp/hotnews/files/00009300/00009379/20230410091909.pdf","https://www.town.koshimizu.hokkaido.jp/hotnews/detail/00009379.html | https://www.town.koshimizu.hokkaido.jp/hotnews/files/00009300/00009379/20230410091909.pdf"
"63787","https://www.town.koshimizu.hokkaido.jp/hotnews/detail/00000340.html","https://www.town.koshimizu.hokkaido.jp/hotnews/detail/00000340.html"
"63795","https://www.nobeoka-cci.or.jp/?p=9384","https://www.nobeoka-cci.or.jp/?p=9384"
"63791","https://www.city.niimi.okayama.jp/business/business_detail/index/5496.html","https://www.city.niimi.okayama.jp/business/business_detail/index/5496.html"
"63796","https://www.city.oga.akita.jp/living_information/shigoto_sangyo/norinsuisan/5110.html","https://www.city.oga.akita.jp/living_information/shigoto_sangyo/norinsuisan/5110.html"
"63797","https://www.city.oga.akita.jp/living_information/shigoto_sangyo/norinsuisan/5110.html","https://www.city.oga.akita.jp/living_information/shigoto_sangyo/norinsuisan/5110.html"
"63807","https://www.city.omachi.nagano.jp/00013000/00013100/00013220/00013222_4.html","https://www.city.omachi.nagano.jp/00013000/00013100/00013220/00013222_4.html"
"63799","https://www.city.takamatsu.kagawa.jp/jigyosha/toshikeikaku/kenchiku_kakunin/kinkyu.html","https://www.city.takamatsu.kagawa.jp/jigyosha/toshikeikaku/kenchiku_kakunin/kinkyu.html"
"63811","https://www.pref.akita.lg.jp/pages/archive/56881","https://www.pref.akita.lg.jp/pages/archive/56881"
"63818","https://www.town.kunimi.fukushima.jp/uploaded/attachment/11203.pdf","https://www.town.kunimi.fukushima.jp/soshiki/6/16336.html | https://www.town.kunimi.fukushima.jp/uploaded/attachment/11203.pdf"
"63814","https://www.pref.yamaguchi.lg.jp/soshiki/30/14148.html","https://www.pref.yamaguchi.lg.jp/soshiki/30/14148.html"
"63819","https://www.town.mikata-kami.lg.jp/www/contents/1694760123272/index.html","https://www.town.mikata-kami.lg.jp/www/contents/1694760123272/index.html"
"63830","https://www.nakashibetsu.jp/chousei/machizukuri/kigyoushien","https://www.nakashibetsu.jp/chousei/machizukuri/kigyoushien"
"63833","https://www.city.usa.oita.jp/sougo/hozyo/19816.html","https://www.city.usa.oita.jp/sougo/hozyo/19816.html"
"63835","https://www.pref.chiba.lg.jp/seisan/kinyuu/seisanhanbai.html#engeikyousou","https://www.pref.chiba.lg.jp/seisan/kinyuu/seisanhanbai.html#engeikyousou"
"63836","https://www.pref.chiba.lg.jp/seisan/kinyuu/seisanhanbai.html#engeikyousou","https://www.pref.chiba.lg.jp/seisan/kinyuu/seisanhanbai.html#engeikyousou"
"63837","https://www.pref.chiba.lg.jp/seisan/kinyuu/seisanhanbai.html#smartconsult","https://www.pref.chiba.lg.jp/seisan/kinyuu/seisanhanbai.html#smartconsult"
"63854","https://www.city.takahashi.lg.jp/soshiki/8/denkitomesasiki.html","https://www.city.takahashi.lg.jp/soshiki/8/denkitomesasiki.html"
"63850","https://www.city.takahashi.lg.jp/soshiki/8/ict.html","https://www.city.takahashi.lg.jp/soshiki/8/ict.html"
"63852","https://www.city.takahashi.lg.jp/soshiki/8/hokakuorihozyo2.html","https://www.city.takahashi.lg.jp/soshiki/8/hokakuorihozyo2.html"
"63863","https://www.pref.iwate.jp/sangyoukoyou/ringyou/mokuzai/1066490.html","https://www.pref.iwate.jp/sangyoukoyou/ringyou/mokuzai/1066490.html"
"63881","https://www.city.kurashiki.okayama.jp/secure/133031/chirashi_PDF.pdf","https://www.city.kurashiki.okayama.jp/33566.htm | https://www.city.kurashiki.okayama.jp/secure/133031/chirashi_PDF.pdf"
"63878","https://www.city.kurashiki.okayama.jp/business/training/1005567.html","https://www.city.kurashiki.okayama.jp/business/training/1005567.html"
"63886","https://www.city.kurashiki.okayama.jp/29248.htm","https://www.city.kurashiki.okayama.jp/29248.htm"
"63887","https://www.city.kurashiki.okayama.jp/secure/46626/20221114_flyer.pdf","https://www.city.kurashiki.okayama.jp/15003.htm | https://www.city.kurashiki.okayama.jp/secure/46626/20221114_flyer.pdf"
"63916","https://www.town.urausu.hokkaido.jp/gyousei/kakuka/nousei/shinkisyuunoutaisaku.html","https://www.town.urausu.hokkaido.jp/gyousei/kakuka/nousei/shinkisyuunoutaisaku.html"
"63921","https://www.city.meguro.tokyo.jp/sangyoukeizai/kurashi/shouhiseikatsu/josei.html","https://www.city.meguro.tokyo.jp/sangyoukeizai/kurashi/shouhiseikatsu/josei.html"
"63932","https://www.city.miyakonojo.miyazaki.jp/site/miyakonojo-pr/3860.html","https://www.city.miyakonojo.miyazaki.jp/site/miyakonojo-pr/3860.html"
"63923","https://www.pref.shimane.lg.jp/education/child/kodomo/kodomonohinkon/kodomo-ibasyo.html","https://www.pref.shimane.lg.jp/education/child/kodomo/kodomonohinkon/kodomo-ibasyo.html"
"63937","https://www.city.miyakonojo.miyazaki.jp/soshiki/2/1007.html","https://www.city.miyakonojo.miyazaki.jp/soshiki/2/1007.html"
"63940","https://www.city.nobeoka.miyazaki.jp/soshiki/60/3206.html#a","https://www.city.nobeoka.miyazaki.jp/soshiki/60/3206.html#a"
"63953","https://www.town.hakone.kanagawa.jp/www/contents/1695168061795/index.html","https://www.town.hakone.kanagawa.jp/www/contents/1695168061795/index.html"
"63958","https://www.city.nobeoka.miyazaki.jp/site/covid-19/2652.html","https://www.city.nobeoka.miyazaki.jp/site/covid-19/2652.html"
"63956","https://www.city.nobeoka.miyazaki.jp/soshiki/45/2622.html","https://www.city.nobeoka.miyazaki.jp/soshiki/45/2622.html"
"63962","https://www.pref.fukui.lg.jp/doc/kodomo/houkago-support.html","https://www.pref.fukui.lg.jp/doc/kodomo/houkago-support.html"
"63965","https://www.city.kounosu.saitama.jp/page/1474.html","https://www.city.kounosu.saitama.jp/page/1474.html"
"63972","https://www.city.fukui.lg.jp/sigoto/nourin/nougyou/satochi_satoyama.html","https://www.city.fukui.lg.jp/sigoto/nourin/nougyou/satochi_satoyama.html"
"63969","https://www.city.kounosu.saitama.jp/site/konosu-education/2192.html","https://www.city.kounosu.saitama.jp/site/konosu-education/2192.html"
"63979","https://www.city.ureshino.lg.jp/kurashi/teiju/minkanbunjosyourei.html","https://www.city.ureshino.lg.jp/kurashi/teiju/minkanbunjosyourei.html"
"63988","https://www.city.kazo.lg.jp/material/files/group/20/tenjikaihojoleaflet.pdf","https://www.city.kazo.lg.jp/soshiki/sangyoukoyou/hozyokin/15631.html | https://www.city.kazo.lg.jp/material/files/group/20/tenjikaihojoleaflet.pdf"
"63987","https://www.city.kazo.lg.jp/material/files/group/20/6jisangyo.pdf","https://www.city.kazo.lg.jp/soshiki/sangyoukoyou/hozyokin/5618.html | https://www.city.kazo.lg.jp/material/files/group/20/6jisangyo.pdf"
"63991","https://www.city.kazo.lg.jp/material/files/group/20/keieikakusinsienhojokin_tirasi_r050401.pdf","https://www.city.kazo.lg.jp/soshiki/sangyoukoyou/hozyokin/35784.html | https://www.city.kazo.lg.jp/material/files/group/20/keieikakusinsienhojokin_tirasi_r050401.pdf"
"63990","https://www.city.kazo.lg.jp/material/files/group/20/sougyousienhojokin_tirasi_r50401.pdf","https://www.city.kazo.lg.jp/soshiki/sangyoukoyou/hozyokin/35738.html | https://www.city.kazo.lg.jp/material/files/group/20/sougyousienhojokin_tirasi_r50401.pdf"
"63998","https://www.town.shitara.lg.jp/soshiki/7/1334.html","https://www.town.shitara.lg.jp/soshiki/7/1334.html"
"64008","https://www.city.tochigi.lg.jp/soshiki/32/880.html","https://www.city.tochigi.lg.jp/soshiki/32/880.html"
"64014","https://www.city.toyota.aichi.jp/_res/projects/default_project/_page_/001/053/767/r0505/01.pdf","https://www.city.toyota.aichi.jp/jigyousha/kigyoyuchi/1053767/index.html | https://www.city.toyota.aichi.jp/_res/projects/default_project/_page_/001/053/767/r0505/01.pdf | https://www.city.toyota.aichi.jp/cgi-bin/contacts/ag11"
"64022","https://www.city.toyota.aichi.jp/_res/projects/default_project/_page_/001/053/767/r0505/01.pdf","https://www.city.toyota.aichi.jp/jigyousha/kigyoyuchi/1053767/index.html | https://www.city.toyota.aichi.jp/_res/projects/default_project/_page_/001/053/767/r0505/01.pdf | https://www.city.toyota.aichi.jp/cgi-bin/contacts/ag11"
"64034","https://www.city.tomigusuku.lg.jp/shigoto_sangyo/sangyoshinko/5/1/1/6221.html","https://www.city.tomigusuku.lg.jp/shigoto_sangyo/sangyoshinko/5/1/1/6221.html"
"64026","https://www.city.matsumoto.nagano.jp/soshiki/51/118951.html","https://www.city.matsumoto.nagano.jp/soshiki/51/118951.html"
"64040","https://www.city.sano.lg.jp/kurashi_gyosei/sangyo_shigoto/business/kigyoshien_ritchisokushin/7126.html","https://www.city.sano.lg.jp/kurashi_gyosei/sangyo_shigoto/business/kigyoshien_ritchisokushin/7126.html"
"64041","https://www.city.sano.lg.jp/kurashi_gyosei/sangyo_shigoto/business/kigyoshien_ritchisokushin/7127.html","https://www.city.sano.lg.jp/kurashi_gyosei/sangyo_shigoto/business/kigyoshien_ritchisokushin/7127.html"
"64048","https://www.city.shimotsuke.lg.jp/manage/contents/upload/65139b0660753.pdf","https://www.city.shimotsuke.lg.jp/0381/info-0000008356-3.html | https://www.city.shimotsuke.lg.jp/manage/contents/upload/65139b0660753.pdf"
"64043","https://www.town.kitahiroshima.lg.jp/soshiki/16/38333.html","https://www.town.kitahiroshima.lg.jp/soshiki/16/38333.html"
"64058","https://www.city.tsubame.niigata.jp/soshiki/sangyo_shinko/2/shien/seido/shienseido/14980.html","https://www.city.tsubame.niigata.jp/soshiki/sangyo_shinko/2/shien/seido/shienseido/14980.html"
"64064","https://www.city.komaki.aichi.jp/material/files/group/14/2023_09_jisedaijinzai_1_chirashi.pdf","https://www.city.komaki.aichi.jp/admin/soshiki/chiikikassei/kigyouricchi/1/nextgeneration/hojo/40405.html | https://www.city.komaki.aichi.jp/material/files/group/14/2023_09_jisedaijinzai_1_chirashi.pdf"
"64049","https://www.city.niigata.lg.jp/kurashi/gomi/gomi_recycl/seidoannai/bora/bora-guidebook.files/bora_all.pdf","https://www.city.niigata.lg.jp/kurashi/gomi/gomi_recycl/seidoannai/bora/bika.html | https://www.city.niigata.lg.jp/kurashi/gomi/gomi_recycl/seidoannai/bora/bora-guidebook.files/bora_all.pdf"
"64070","http://www.inacity.jp/sangyo_noringyo/kogyoshinko/hojoshiensemina-/shoeneshindan.files/shindanchirashiR5.pdf","https://www.inacity.jp/sangyo_noringyo/kogyoshinko/hojoshiensemina-/shoeneshindan.html | http://www.inacity.jp/sangyo_noringyo/kogyoshinko/hojoshiensemina-/shoeneshindan.files/shindanchirashiR5.pdf"
"64075","https://www.vill.yamanakako.lg.jp/info/1110","https://www.vill.yamanakako.lg.jp/info/1110"
"64079","https://www.city.kuwana.lg.jp/sdgs/20230531.html","https://www.city.kuwana.lg.jp/sdgs/20230531.html"
"64081","https://www.city.sammu.lg.jp/page/page001876.html","https://www.city.sammu.lg.jp/page/page001876.html"
"64087","https://www.city.kagoshima-izumi.lg.jp/page/page_07579.html","https://www.city.kagoshima-izumi.lg.jp/page/page_07579.html"
"64086","https://www.city.iga.lg.jp/0000011185.html","https://www.city.iga.lg.jp/0000011185.html"
"64098","https://www.town.yoro.gifu.jp/docs/2023071900015/","https://www.town.yoro.gifu.jp/docs/2023071900015/"
"64163","https://www.city.yame.fukuoka.jp/jigyosha/2/1457320367850.html","https://www.city.yame.fukuoka.jp/jigyosha/2/1457320367850.html"
"64171","https://www.city.nobeoka.miyazaki.jp/soshiki/39/29787.html","https://www.city.nobeoka.miyazaki.jp/soshiki/39/29787.html"
"64187","https://www.city.ise.mie.jp/kenkou_fukushi/syougai/shien/1016235.html","https://www.city.ise.mie.jp/kenkou_fukushi/syougai/shien/1016235.html"
"64223","https://www.pref.ishikawa.lg.jp/kigyo/kowan/documents/busansouko.pdf","https://www.pref.ishikawa.lg.jp/kigyo/kowan/index.html | https://www.pref.ishikawa.lg.jp/kigyo/kowan/documents/busansouko.pdf"
"64191","https://www.city.ama.aichi.jp/kurashi/fukushi/1005653.html","https://www.city.ama.aichi.jp/kurashi/fukushi/1005653.html"
"64230","https://town.kamisunagawa.hokkaido.jp/material/files/group/7/sougyoushienhozyokin.pdf","https://town.kamisunagawa.hokkaido.jp/material/files/group/7/sougyoushienhozyokin.pdf"
"64245","https://www.city.tsugaru.aomori.jp/soshiki/keizai/nourin/shokusangyo/mirai_project.html","https://www.city.tsugaru.aomori.jp/soshiki/keizai/nourin/shokusangyo/mirai_project.html"
"64231","https://town.kamisunagawa.hokkaido.jp/material/files/group/1/kigyouzinzaikakuhozigyouhozyokin.pdf","https://town.kamisunagawa.hokkaido.jp/material/files/group/1/kigyouzinzaikakuhozigyouhozyokin.pdf"
"64247","https://www.town.nakafurano.lg.jp/hotnews/detail/00000063.html","https://www.town.nakafurano.lg.jp/hotnews/detail/00000063.html"
"64249","https://www.town.nakafurano.lg.jp/hotnews/detail/00001854.html","https://www.town.nakafurano.lg.jp/hotnews/detail/00001854.html"
"64251","https://www.town.nakafurano.lg.jp/hotnews/detail/00002387.html","https://www.town.nakafurano.lg.jp/hotnews/detail/00002387.html"
"64256","https://www.town.nakafurano.lg.jp/hotnews/detail/00000504.html","https://www.town.nakafurano.lg.jp/hotnews/detail/00000504.html"
"64260","https://www.city.urasoe.lg.jp/article?articleId=60d1a4e53d59ae1ac00c6ba6","https://www.city.urasoe.lg.jp/article?articleId=60d1a4e53d59ae1ac00c6ba6 | https://prdurbanosursapp1.blob.core.windows.net/common-article/60d1a4e53d59ae1ac00c6ba6/%E6%96%BD%E8%A8%AD%E8%B3%83%E5%80%9F%E4%BA%8B%E6%A5%AD%EF%BC%88%E5%AE%B6%E8%B3%83%E8%A3%9C%E5%8A%A9%EF%BC%89.pdf | https://prdurbanosursapp1.blob.core.windows.net/common-article/60d1a4e53d59ae1ac00c6ba6/%E7%A9%BA%E3%81%8D%E5%BA%97%E8%88%97%E6%B4%BB%E7%94%A8%E7%AD%89%E4%BC%81%E6%A5%AD%E6%94%AF%E6%8F%B4%E4%BA%8B%E6%A5%AD.pdf | https://prdurbanosursapp1.blob.core.windows.net/common-article/60d1a4e53d59ae1ac00c6ba6/%E9%9B%87%E7%94%A8%E6%94%AF%E6%8F%B4%E4%BA%8B%E6%A5%AD%EF%BC%88%E7%A4%BE%E4%BC%9A%E4%BF%9D%E9%99%BA%E6%96%99%E7%AD%89%E3%81%B8%E3%81%AE%E8%A3%9C%E5%8A%A9%EF%BC%89.pdf"
"64288","https://www.vill.doshi.lg.jp/ka/info.php?if_id=480&ka_id=1","https://www.vill.doshi.lg.jp/ka/info.php?if_id=480&ka_id=1"
"64301","https://www.town.kamifurano.hokkaido.jp/index.php?id=1811","https://www.town.kamifurano.hokkaido.jp/index.php?id=1811"
"64304","http://www.town.minamitane.kagoshima.jp/assets/files/pdf/sougounousei/%E4%BA%8B%E6%A5%AD%E3%83%81%E3%83%A9%E3%82%B7.pdf","https://www.town.minamitane.kagoshima.jp/industry/agriculture/nougyouhoujinshienn.html | http://www.town.minamitane.kagoshima.jp/assets/files/pdf/sougounousei/%E4%BA%8B%E6%A5%AD%E3%83%81%E3%83%A9%E3%82%B7.pdf"
"64303","https://www.town.nakafurano.lg.jp/hotnews/detail/00002080.html","https://www.town.nakafurano.lg.jp/hotnews/detail/00002080.html"
"64322","https://www.town.sayo.lg.jp/cms-sypher/teijyu/useful/help.jsp","https://www.town.sayo.lg.jp/cms-sypher/teijyu/useful/help.jsp"
"64324","https://www.town.sayo.lg.jp/cms-sypher/teijyu/useful/help.jsp","https://www.town.sayo.lg.jp/cms-sypher/teijyu/useful/help.jsp"
"64323","http://www.town.tatsugo.lg.jp/nourinsuisan/sangyo/nogyo/kaigaramushikounyujosei.html","http://www.town.tatsugo.lg.jp/nourinsuisan/sangyo/nogyo/kaigaramushikounyujosei.html"
"64330","https://www.town.kamifurano.hokkaido.jp/index.php?id=1812","https://www.town.kamifurano.hokkaido.jp/index.php?id=1812"
"64334","https://www.town.nakafurano.lg.jp/hotnews/detail/00000041.html","https://www.town.nakafurano.lg.jp/hotnews/detail/00000041.html"
"64355","http://www.town.takahama.fukui.jp/page/sanngyousinnkou/p007674.html","http://www.town.takahama.fukui.jp/page/sanngyousinnkou/p007674.html"
"64377","https://www.town.nakatombetsu.hokkaido.jp/bunya/7492/","https://www.town.nakatombetsu.hokkaido.jp/bunya/7492/"
"64359","https://www.city.tomi.nagano.jp/category/nougyou/164257.html","https://www.city.tomi.nagano.jp/category/nougyou/164257.html"
"64379","https://www.town.nakatombetsu.hokkaido.jp/bunya/7492/","https://www.town.nakatombetsu.hokkaido.jp/bunya/7492/"
"64381","https://www.town.nakatombetsu.hokkaido.jp/bunya/7492/","https://www.town.nakatombetsu.hokkaido.jp/bunya/7492/"
"64384","https://www.city.nogata.fukuoka.jp/library/data/kogyo/sennmonnkahukugyoutirasi.pdf","https://www.city.nogata.fukuoka.jp/sangyo/_1229/_13331.html | https://www.city.nogata.fukuoka.jp/library/data/kogyo/sennmonnkahukugyoutirasi.pdf"
"64403","https://www.city.fukui-sakai.lg.jp/nogyoshinko/jigyosha/norin/nogyo/smartnougyou.html","https://www.city.fukui-sakai.lg.jp/nogyoshinko/jigyosha/norin/nogyo/smartnougyou.html"
"64426","https://town.kamisunagawa.hokkaido.jp/sangyo_kanko/kensetsu_koji/500.html","https://town.kamisunagawa.hokkaido.jp/sangyo_kanko/kensetsu_koji/500.html"
"64418","https://www.vill.noda.iwate.jp/kurashi_tetsuzuki/iju_teiju/1494.html","https://www.vill.noda.iwate.jp/kurashi_tetsuzuki/iju_teiju/1494.html"
"64439","https://www.city.toyama.lg.jp/business/nourin/1010614/1005882.html","https://www.city.toyama.lg.jp/business/nourin/1010614/1005882.html"
"64451","https://www.city.takeo.lg.jp/benri/shisei/011811.html","https://www.city.takeo.lg.jp/benri/shisei/011811.html"
"64463","https://www.town.hakone.kanagawa.jp/www/contents/1691996374467/index.html","https://www.town.hakone.kanagawa.jp/www/contents/1691996374467/index.html"
"64461","https://www.city.okayama.jp/0000023032.html","https://www.city.okayama.jp/0000023032.html"
"64486","https://www.pref.iwate.jp/sangyoukoyou/nougyou/seisan/chikusanbutsu/1057176.html","https://www.pref.iwate.jp/sangyoukoyou/nougyou/seisan/chikusanbutsu/1057176.html"
"64490","https://www.town.hachirogata.akita.jp/sangyo/1001506/1002515.html","https://www.town.hachirogata.akita.jp/sangyo/1001506/1002515.html"
"64493","https://www.city.kosai.shizuoka.jp/material/files/group/12/ad--tool.pdf","https://www.city.kosai.shizuoka.jp/soshikiichiran/kankyoka/gyomuannai/hojokinkankei/13814.html | https://www.city.kosai.shizuoka.jp/material/files/group/12/ad--tool.pdf"
"64498","https://www.city.chofu.tokyo.jp/www/contents/1617147755533/index.html","https://www.city.chofu.tokyo.jp/www/contents/1617147755533/index.html"
"64513","https://www.city.kitakyushu.lg.jp/files/001048967.pdf","https://www.city.kitakyushu.lg.jp/san-kei/10700377.html | https://www.city.kitakyushu.lg.jp/files/001048967.pdf"
"64501","http://www.town.nishihara.okinawa.jp/news/231001/pdf/13-1news.pdf","https://www.town.nishihara.okinawa.jp/news/231001/13-1news.html | http://www.town.nishihara.okinawa.jp/news/231001/pdf/13-1news.pdf"
"64518","https://www.town.nakafurano.lg.jp/hotnews/detail/00001326.html","https://www.town.nakafurano.lg.jp/hotnews/detail/00001326.html"
"64524","https://www.city.kadoma.osaka.jp/kosodate/kosodate/23819.html","https://www.city.kadoma.osaka.jp/kosodate/kosodate/23819.html"
"64535","https://www.city.kyotanabe.lg.jp/0000019392.html","https://www.city.kyotanabe.lg.jp/0000019392.html"
"64536","https://www.city.nakano.nagano.jp/docs/2023050600011/","https://www.city.nakano.nagano.jp/docs/2023050600011/"
"64540","https://www.city.goto.nagasaki.jp/s033/020/020/010/020/20230919154119.html","https://www.city.goto.nagasaki.jp/s033/020/020/010/020/20230919154119.html"
"64550","https://www.city.kodaira.tokyo.jp/kurashi/038/038837.html?ref=rss","https://www.city.kodaira.tokyo.jp/kurashi/038/038837.html?ref=rss"
"64559","https://www.city.sumida.lg.jp/kurashi/volunteer/rojyou_kinnen/settizyosei.files/panfuret.pdf","https://www.city.sumida.lg.jp/kurashi/volunteer/rojyou_kinnen/settizyosei.html | https://www.city.sumida.lg.jp/kurashi/volunteer/rojyou_kinnen/settizyosei.files/panfuret.pdf"
"64590","https://www.city.yachimata.lg.jp/soshiki/15/24864.html","https://www.city.yachimata.lg.jp/soshiki/15/24864.html"
"64567","https://www.city.osaka-izumi.lg.jp/material/files/group/113/20230928_chushohojochirashi.pdf","https://www.city.osaka-izumi.lg.jp/kakukano/sangyoubu/sangyosinkositu/syoukoukanko/gyoumu/tyuushoukigyou/chusho_shien.html | https://www.city.osaka-izumi.lg.jp/material/files/group/113/20230928_chushohojochirashi.pdf"
"64636","https://www.town.tadotsu.kagawa.jp/shigoto_sangyo/shokogyo/kigyo_sogyoshien/1401.html","https://www.town.tadotsu.kagawa.jp/shigoto_sangyo/shokogyo/kigyo_sogyoshien/1401.html"
"64612","https://www.tottoribank.co.jp/torigin/csr/kikin/img/2024kikin.pdf","https://www.tottoribank.co.jp/torigin/csr/kikin/offer.html | https://www.tottoribank.co.jp/torigin/csr/kikin/img/2024kikin.pdf"
"64630","https://www.town.kaisei.kanagawa.jp/info/182","https://www.town.kaisei.kanagawa.jp/info/182"
"64640","https://www.town.sannohe.aomori.jp/oshirase/4017.html","https://www.town.sannohe.aomori.jp/oshirase/4017.html"
"64652","https://www.pref.tottori.lg.jp/secure/1338516/R5-2mokuikuchirashi.pdf","https://www.pref.tottori.lg.jp/314399.htm | https://www.pref.tottori.lg.jp/secure/1338516/R5-2mokuikuchirashi.pdf"
"64655","https://www.vill.tamakawa.fukushima.jp/guide/project/assets/2023%E8%A3%9C%E5%8A%A9%E9%87%91%E3%81%AE%E6%A6%82%E8%A6%81.pdf","https://www.vill.tamakawa.fukushima.jp/guide/project/000174.html | https://www.vill.tamakawa.fukushima.jp/guide/project/assets/2023%E8%A3%9C%E5%8A%A9%E9%87%91%E3%81%AE%E6%A6%82%E8%A6%81.pdf"
"64663","https://www.pref.fukuoka.lg.jp/uploaded/life/657788_61491779_misc.pdf","https://www.pref.fukuoka.lg.jp/contents/kinnyuuhojyoseido.html | https://www.pref.fukuoka.lg.jp/uploaded/life/657788_61491779_misc.pdf"
"64665","https://www.town.nagatoro.saitama.jp/sangyou-doboku-kenchiku/%e9%81%8a%e4%bc%91%e8%be%b2%e5%9c%b0%e3%81%ae%e8%80%95%e4%bd%9c%e5%86%8d%e9%96%8b%e8%a3%9c%e5%8a%a9%e9%87%91%e3%81%ab%e3%81%a4%e3%81%84%e3%81%a6/","https://www.town.nagatoro.saitama.jp/sangyou-doboku-kenchiku/%e9%81%8a%e4%bc%91%e8%be%b2%e5%9c%b0%e3%81%ae%e8%80%95%e4%bd%9c%e5%86%8d%e9%96%8b%e8%a3%9c%e5%8a%a9%e9%87%91%e3%81%ab%e3%81%a4%e3%81%84%e3%81%a6/"
"64674","http://www.town.tochigi-haga.lg.jp/kurashi/ninshin/taikaihojo.html","http://www.town.tochigi-haga.lg.jp/kurashi/ninshin/taikaihojo.html"
"64693","https://www.town.tadotsu.kagawa.jp/shigoto_sangyo/norinsuisangyo/nogyo/2882.html","https://www.town.tadotsu.kagawa.jp/shigoto_sangyo/norinsuisangyo/nogyo/2882.html"
"64706","https://www.town.kawanehon.shizuoka.jp/soshiki/koreishahukushi/chojukaigo/koreisha/12855.html","https://www.town.kawanehon.shizuoka.jp/soshiki/koreishahukushi/chojukaigo/koreisha/12855.html"
"64688","https://www.town.ayagawa.lg.jp/docs/2023051600010/","https://www.town.ayagawa.lg.jp/docs/2023051600010/"
"64718","https://www.iwami.gr.jp/item/12762.htm#itemid12762","https://www.iwami.gr.jp/item/12762.htm#itemid12762"
"64732","https://www.city.miyazaki.miyazaki.jp/fs/7/6/8/5/1/0/_/768510.pdf","https://www.city.miyazaki.miyazaki.jp/business/loan/341338.html | https://www.city.miyazaki.miyazaki.jp/fs/7/6/8/5/1/0/_/768510.pdf"
"64723","https://www.town-kofu.jp/2/seido/v340/c786/","https://www.town-kofu.jp/2/seido/v340/c786/"
"64738","https://www.asukamura.jp/files/machizukuri_crowdfunding_01.pdf","https://www.asukamura.jp/kurashi_machizukuri_sonota_jigyo_crowdfunding.html | https://www.asukamura.jp/files/machizukuri_crowdfunding_01.pdf"
"64739","https://www.town-kofu.jp/2/seido/v340/n757/","https://www.town-kofu.jp/2/seido/v340/n757/"
"64744","https://www.city.murayama.lg.jp/jigyosha/sho_kogyo/kigyoDXsuisinhojokin.html","https://www.city.murayama.lg.jp/jigyosha/sho_kogyo/kigyoDXsuisinhojokin.html"
"64745","https://www.town-kofu.jp/2/1/6/14-copy/e100/","https://www.town-kofu.jp/2/1/6/14-copy/e100/"
"64747","https://www.town.tohnosho.chiba.jp/shigoto_sangyo/sangyoshinko/kigyo_sogyoshien/2076.html","https://www.town.tohnosho.chiba.jp/shigoto_sangyo/sangyoshinko/kigyo_sogyoshien/2076.html"
"64751","https://www.town.shiwa.iwate.jp/soshiki/4/2_13_3/169717181322177","https://www.town.shiwa.iwate.jp/soshiki/4/2_13_3/169717181322177"
"64800","https://www.city.suita.osaka.jp/kenko/1018669/1022377/1029290.html","https://www.city.suita.osaka.jp/kenko/1018669/1022377/1029290.html"
"64768","https://www.iwami.gr.jp/2858.htm","https://www.iwami.gr.jp/2858.htm"
"64778","https://www.pref.fukushima.lg.jp/sec/36021d/tikusannkannkyouhozenn.html","https://www.pref.fukushima.lg.jp/sec/36021d/tikusannkannkyouhozenn.html"
"64804","https://www.city.shiroishi.miyagi.jp/soshiki/1/29153.html","https://www.city.shiroishi.miyagi.jp/soshiki/1/29153.html"
"64801","http://www.town.setouchi.lg.jp/nousei/kajunaegikonyuhijosei.html","http://www.town.setouchi.lg.jp/nousei/kajunaegikonyuhijosei.html"
"64802","https://www.city.okinawa.okinawa.jp/documents/18958/setsumeishiryo01.pdf","https://www.city.okinawa.okinawa.jp/k030-002/contents/p00005.html | https://www.city.okinawa.okinawa.jp/documents/18958/setsumeishiryo01.pdf"
"64808","https://www.city.hakodate.hokkaido.jp/docs/2023090600064/files/annai.pdf","https://www.city.hakodate.hokkaido.jp/docs/2023090600064/ | https://www.city.hakodate.hokkaido.jp/docs/2023090600064/files/annai.pdf"
"64810","https://www.city.furano.hokkaido.jp/life/docs/2017122800034.html","https://www.city.furano.hokkaido.jp/life/docs/2017122800034.html"
"64809","https://www.city.hatsukaichi.hiroshima.jp/soshiki/38/51638.html","https://www.city.hatsukaichi.hiroshima.jp/soshiki/38/51638.html"
"64811","https://www.city.shimada.shizuoka.jp/gyosei-docs/keikankeiseijigyouhihojokin.html","https://www.city.shimada.shizuoka.jp/gyosei-docs/keikankeiseijigyouhihojokin.html"
"64839","https://www.city.natori.miyagi.jp/soshiki/kenkou/kodomoshien/node_83888/node_102291","https://www.city.natori.miyagi.jp/soshiki/kenkou/kodomoshien/node_83888/node_102291"
"64840","https://www.pref.fukuoka.lg.jp/contents/syunyuhoken-hozyo.html","https://www.pref.fukuoka.lg.jp/contents/syunyuhoken-hozyo.html"
"64842","https://gov.town.shimane-misato.lg.jp/information/information01/2052","https://gov.town.shimane-misato.lg.jp/information/information01/2052"
"64844","https://www.city.kanuma.tochigi.jp/0451/info-0000008618-1.html","https://www.city.kanuma.tochigi.jp/0451/info-0000008618-1.html"
"64843","https://www.city.kumamoto.jp/hpKiji/pub/detail.aspx?c_id=5&id=51051&class_set_id=2&class_id=192","https://www.city.kumamoto.jp/hpKiji/pub/detail.aspx?c_id=5&id=51051&class_set_id=2&class_id=192"
"64859","https://www.city.takahashi.lg.jp/soshiki/9/nihonisannhojo.html","https://www.city.takahashi.lg.jp/soshiki/9/nihonisannhojo.html"
"64857","https://www.pref.ishikawa.lg.jp/syoko/next-nichetop/next-nichetop-index.html","https://www.pref.ishikawa.lg.jp/syoko/next-nichetop/next-nichetop-index.html"
"64872","https://www.city.nagasaki.lg.jp/jigyo/370000/378000/p010036.html","https://www.city.nagasaki.lg.jp/jigyo/370000/378000/p010036.html"
"64886","https://www.city.takasaki.gunma.jp/docs/2014010802071/","https://www.city.takasaki.gunma.jp/docs/2014010802071/"
"64893","https://www.city.odate.lg.jp/uploads/public/pages_0000010592_00/%E5%A4%A7%E9%A4%A8%E5%B8%82%E6%A3%AE%E6%9E%97%E6%95%B4%E5%82%99%E4%BF%83%E9%80%B2%E5%AF%BE%E7%AD%96%E4%BA%8B%E6%A5%AD/%E5%A4%A7%E9%A4%A8%E5%B8%82%E6%A3%AE%E6%9E%97%E6%95%B4%E5%82%99%E4%BF%83%E9%80%B2%E5%AF%BE%E7%AD%96%E4%BA%8B%E6%A5%AD%E3%83%91%E3%83%B3%E3%83%95%E3%83%AC%E3%83%83%E3%83%88.pdf","https://www.city.odate.lg.jp/city/soshiki/shinrin/p10592 | https://www.city.odate.lg.jp/uploads/public/pages_0000010592_00/%E5%A4%A7%E9%A4%A8%E5%B8%82%E6%A3%AE%E6%9E%97%E6%95%B4%E5%82%99%E4%BF%83%E9%80%B2%E5%AF%BE%E7%AD%96%E4%BA%8B%E6%A5%AD/%E5%A4%A7%E9%A4%A8%E5%B8%82%E6%A3%AE%E6%9E%97%E6%95%B4%E5%82%99%E4%BF%83%E9%80%B2%E5%AF%BE%E7%AD%96%E4%BA%8B%E6%A5%AD%E3%83%91%E3%83%B3%E3%83%95%E3%83%AC%E3%83%83%E3%83%88.pdf"
"64887","https://www.city.yubari.lg.jp/gyoseijoho/sangyobushiness/shokogyo/syoukoc20211214.html","https://www.city.yubari.lg.jp/gyoseijoho/sangyobushiness/shokogyo/syoukoc20211214.html"
"64895","https://www.town.ogano.lg.jp/kurashi-tetsuzuki/sumai-sien/kikenblock/","https://www.town.ogano.lg.jp/kurashi-tetsuzuki/sumai-sien/kikenblock/"
"64912","https://www.city.abashiri.hokkaido.jp/soshiki/18/2418.html","https://www.city.abashiri.hokkaido.jp/soshiki/18/2418.html"
"64911","https://www.city.abashiri.hokkaido.jp/340syogyo/TENNKUU.html","https://www.city.abashiri.hokkaido.jp/340syogyo/TENNKUU.html"
"64914","https://www.city.iwamizawa.hokkaido.jp/soshiki/nomuka/sangyo/1/1/1/2832.html","https://www.city.iwamizawa.hokkaido.jp/soshiki/nomuka/sangyo/1/1/1/2832.html"
"64915","https://www.city.iwamizawa.hokkaido.jp/soshiki/nomuka/sangyo/1/1/1/2832.html","https://www.city.iwamizawa.hokkaido.jp/soshiki/nomuka/sangyo/1/1/1/2832.html"
"64948","https://www.city.sakata.lg.jp/sangyo/nogyo/shohi_hanrokakudai/nosei022023031614181.html","https://www.city.sakata.lg.jp/sangyo/nogyo/shohi_hanrokakudai/nosei022023031614181.html"
"64967","https://www.samukawa-eg.jp/sienjyouhou-2/#a8","https://www.samukawa-eg.jp/sienjyouhou-2/#a8"
"64973","https://www.city.okayama.jp/jigyosha/cmsfiles/contents/0000052/52342/tirashi.pdf","https://www.city.okayama.jp/jigyosha/0000052342.html | https://www.city.okayama.jp/jigyosha/cmsfiles/contents/0000052/52342/tirashi.pdf"
"64980","https://www.pref.gifu.lg.jp/page/9163.html","https://www.pref.gifu.lg.jp/page/9163.html"
"64989","https://www.city.kamiamakusa.kumamoto.jp/q/aview/400/18235.html","https://www.city.kamiamakusa.kumamoto.jp/q/aview/400/18235.html"
"64990","https://www.city.mishima.shizuoka.jp/ipn003029.html","https://www.city.mishima.shizuoka.jp/ipn003029.html"
"64986","https://www.city.kamiamakusa.kumamoto.jp/q/aview/400/18235.html","https://www.city.kamiamakusa.kumamoto.jp/q/aview/400/18235.html"
"65004","https://www.town.toyono.osaka.jp/page/page006218.html","https://www.town.toyono.osaka.jp/page/page006218.html"
"65015","https://www.vill.nagano-toyooka.lg.jp/10sangyou/02shougyou/sougyoshien.html","https://www.vill.nagano-toyooka.lg.jp/10sangyou/02shougyou/sougyoshien.html"
"65007","https://www.hyugacity.jp/display.php?cont=231017160129","https://www.hyugacity.jp/display.php?cont=231017160129"
"65032","https://www.hyugacity.jp/display.php?cont=231018180856","https://www.hyugacity.jp/display.php?cont=231018180856"
"65025","http://www.tsuruga.or.jp/top/subsidy/pdf/R41201_subsidy/Flyer.pdf","https://www.tsuruga.or.jp/top/subsidy/R41201_subsidy.html | http://www.tsuruga.or.jp/top/subsidy/pdf/R41201_subsidy/Flyer.pdf"
"65020","https://www.pref.fukui.lg.jp/doc/wakatei/chiokoshien.html","https://www.pref.fukui.lg.jp/doc/wakatei/chiokoshien.html"
"65037","https://www.pref.fukui.lg.jp/doc/rousei/tinginup_d/fil/tirashi.pdf","https://www.pref.fukui.lg.jp/doc/rousei/tinginup.html | https://www.pref.fukui.lg.jp/doc/rousei/tinginup_d/fil/tirashi.pdf"
"65047","https://www.town.yasuda.kochi.jp/life/dtl.php?hdnKey=1452","https://www.town.yasuda.kochi.jp/life/dtl.php?hdnKey=1452"
"65049","https://www.city.tsuruga.lg.jp/about_city/news_from_division/kikakuseisaku_bu/h-sousei_ka/deainoba-hojokin.html","https://www.city.tsuruga.lg.jp/about_city/news_from_division/kikakuseisaku_bu/h-sousei_ka/deainoba-hojokin.html | https://www.city.tsuruga.lg.jp/cgi-bin/formmail/formmail.cgi?d=0312000"
"65057","https://www.town.aya.miyazaki.jp/soshiki/hukusihokenka/7199.html","https://www.town.aya.miyazaki.jp/soshiki/hukusihokenka/7199.html | https://www.town.aya.miyazaki.jp/form/detail.php?sec_sec1=5&inq=07"
"65067","https://www.city.itabashi.tokyo.jp/bunka/sangyo/shotengai/1005393.html","https://www.city.itabashi.tokyo.jp/bunka/sangyo/shotengai/1005393.html"
"65066","https://www.city.itabashi.tokyo.jp/bunka/sangyo/shotengai/1005393.html","https://www.city.itabashi.tokyo.jp/bunka/sangyo/shotengai/1005393.html"
"65080","https://www.town.kaisei.kanagawa.jp/info/1840","https://www.town.kaisei.kanagawa.jp/info/1840"
"65072","https://www.pref.fukui.lg.jp/doc/brandeigyou/o-beruzyu.html","https://www.pref.fukui.lg.jp/doc/brandeigyou/o-beruzyu.html"
"65088","https://www.city.tsuruoka.lg.jp/kurashi/gomi-seikatsu/kakushuseido/shien.files/chirashi.pdf","https://www.city.tsuruoka.lg.jp/kurashi/gomi-seikatsu/kakushuseido/shien.html | https://www.city.tsuruoka.lg.jp/kurashi/gomi-seikatsu/kakushuseido/shien.files/chirashi.pdf"
"65108","https://www.city.kuji.iwate.jp/kurashi/chikizukuri/entry_1.html","https://www.city.kuji.iwate.jp/kurashi/chikizukuri/entry_1.html"
"65100","https://www.city.setouchi.lg.jp/uploaded/attachment/117313.pdf","https://www.city.setouchi.lg.jp/soshiki/8/137469.html | https://www.city.setouchi.lg.jp/uploaded/attachment/117313.pdf"
"65111","https://www.city.yamaguchi.lg.jp/soshiki/63/148958.html","https://www.city.yamaguchi.lg.jp/soshiki/63/148958.html"
"65169","https://www.city.takeo.lg.jp/benri/anzen/012407.html","https://www.city.takeo.lg.jp/benri/anzen/012407.html"
"65178","https://www.pref.iwate.jp/sangyoukoyou/nougyou/seisan/1057795.html","https://www.pref.iwate.jp/sangyoukoyou/nougyou/seisan/1057795.html"
"65185","https://www.town.manno.lg.jp/kurashi/kurashi_guide/sangyo/nogyo_nochi/entry-558.html","https://www.town.manno.lg.jp/kurashi/kurashi_guide/sangyo/nogyo_nochi/entry-558.html"
"65187","https://www.pref.fukushima.lg.jp/sec/41065b/saikaihatu.html","https://www.pref.fukushima.lg.jp/sec/41065b/saikaihatu.html"
"65190","https://www.pref.fukushima.lg.jp/sec/41065b/yuuken.html","https://www.pref.fukushima.lg.jp/sec/41065b/yuuken.html"
"65188","https://www.pref.fukushima.lg.jp/sec/41065b/matikan.html","https://www.pref.fukushima.lg.jp/sec/41065b/matikan.html"
"65213","https://www.town.hirono.fukushima.jp/business/nourinsuisan/1001688/1004299/1004302.html","https://www.town.hirono.fukushima.jp/business/nourinsuisan/1001688/1004299/1004302.html"
"65191","https://www.pref.fukushima.lg.jp/sec/41065b/shigaitikiban.html","https://www.pref.fukushima.lg.jp/sec/41065b/shigaitikiban.html"
"65215","https://www.town.hirono.fukushima.jp/business/nourinsuisan/1001688/1004299/1004300.html","https://www.town.hirono.fukushima.jp/business/nourinsuisan/1001688/1004299/1004300.html"
"65220","https://www.town.hirono.fukushima.jp/business/nourinsuisan/1001688/1004299/1004301.html","https://www.town.hirono.fukushima.jp/business/nourinsuisan/1001688/1004299/1004301.html"
"65248","https://www.city.shibetsu.lg.jp/gyoseisaito/shigoto_sangyo/nogyo_chikusangyo/1/4413.html","https://www.city.shibetsu.lg.jp/gyoseisaito/shigoto_sangyo/nogyo_chikusangyo/1/4413.html"
"65255","https://www.city.shibetsu.lg.jp/gyoseisaito/shigoto_sangyo/nogyo_chikusangyo/1/2355.html","https://www.city.shibetsu.lg.jp/gyoseisaito/shigoto_sangyo/nogyo_chikusangyo/1/2355.html"
"65265","https://www.pref.chiba.lg.jp/iryou/taiseiseibi/kaihukukiriha/kaihukukiriha.html","https://www.pref.chiba.lg.jp/iryou/taiseiseibi/kaihukukiriha/kaihukukiriha.html"
"65269","https://www.mhlw.go.jp/content/001181138.pdf","https://www.mhlw.go.jp/stf/seisakunitsuite/bunya/koyou_roudou/koyou/kyufukin/syakaihoken_tekiyou.html | https://www.mhlw.go.jp/content/001181138.pdf | https://www.mhlw.go.jp/content/001295075.pdf | https://www.mhlw.go.jp/content/001310436.pdf | https://www.mhlw.go.jp/content/001482052.pdf | https://www.mhlw.go.jp/content/001297244.pdf | https://www.mhlw.go.jp/content/11910500/001469704.pdf | https://www.mhlw.go.jp/stf/seisakunitsuite/bunya/koyou_roudou/koyou/hellowork.html#whereishellowork"
"65258","https://www.city.shimonoseki.lg.jp/uploaded/life/99448_194683_misc.pdf","https://www.city.shimonoseki.lg.jp/soshiki/44/99448.html | https://www.city.shimonoseki.lg.jp/uploaded/life/99448_194683_misc.pdf"
"65304","https://www.pref.miyagi.jp/soshiki/soukou/ritou.html","https://www.pref.miyagi.jp/soshiki/soukou/ritou.html"
"65305","https://www.city.tajimi.lg.jp/kurashi/shiminkatsudo/shien/hojokin.html","https://www.city.tajimi.lg.jp/kurashi/shiminkatsudo/shien/hojokin.html"