policy_id,primary_url,all_urls
"69339","https://www.city.kanonji.kagawa.jp/soshiki/22/981.html","https://www.city.kanonji.kagawa.jp/soshiki/22/981.html"
"69341","https://www.city.kanonji.kagawa.jp/site/kigyo/23659.html","https://www.city.kanonji.kagawa.jp/site/kigyo/23659.html"
"69344","https://www.city.kanonji.kagawa.jp/site/kigyo/13478.html","https://www.city.kanonji.kagawa.jp/site/kigyo/13478.html"
"69346","https://www.city.kanonji.kagawa.jp/soshiki/19/10132.html","https://www.city.kanonji.kagawa.jp/soshiki/19/10132.html"
"69347","https://www.city.kanonji.kagawa.jp/soshiki/18/10632.html","https://www.city.kanonji.kagawa.jp/soshiki/18/10632.html"
"69363","https://www.city.miyazaki.miyazaki.jp/health/disabilities_welfare/job/372.html","https://www.city.miyazaki.miyazaki.jp/health/disabilities_welfare/job/372.html"
"69425","https://www.town.ugo.lg.jp/life/detail.html?id=3038","https://www.town.ugo.lg.jp/life/detail.html?id=3038"
"69368","https://www.city.nagareyama.chiba.jp/life/1000974/1044641.html","https://www.city.nagareyama.chiba.jp/life/1000974/1044641.html"
"69533","https://www.pref.nagano.lg.jp/kansensho-taisaku/hojyokin.html","https://www.pref.nagano.lg.jp/kansensho-taisaku/hojyokin.html"
"69573","https://www.city.tamana.lg.jp/q/aview/113/6847.html","https://www.city.tamana.lg.jp/q/aview/113/6847.html"
"69559","https://www.city.beppu.oita.jp/sangyou/sangyousinkou/syoutengai/hojyokin1.html","https://www.city.beppu.oita.jp/sangyou/sangyousinkou/syoutengai/hojyokin1.html"
"69574","https://town.kotake.lg.jp/hpkiji/pub/detail.aspx?c_id=3&id=3071&type=search&q=%e8%a3%9c%e5%8a%a9%e9%87%91&radiobutton=4&now_P=1&show_num=20&sc_id=2","https://town.kotake.lg.jp/hpkiji/pub/detail.aspx?c_id=3&id=3071&type=search&q=%e8%a3%9c%e5%8a%a9%e9%87%91&radiobutton=4&now_P=1&show_num=20&sc_id=2"
"69576","https://town.kotake.lg.jp/hpkiji/pub/detail.aspx?c_id=3&id=2861&type=search&q=%e8%a3%9c%e5%8a%a9%e9%87%91&radiobutton=4&now_P=1&show_num=20&sc_id=2","https://town.kotake.lg.jp/hpkiji/pub/detail.aspx?c_id=3&id=2861&type=search&q=%e8%a3%9c%e5%8a%a9%e9%87%91&radiobutton=4&now_P=1&show_num=20&sc_id=2"
"69577","https://town.kotake.lg.jp/hpkiji/pub/detail.aspx?c_id=3&id=801&type=search&q=%e8%a3%9c%e5%8a%a9%e9%87%91&radiobutton=4&now_P=1&show_num=20&sc_id=2","https://town.kotake.lg.jp/hpkiji/pub/detail.aspx?c_id=3&id=801&type=search&q=%e8%a3%9c%e5%8a%a9%e9%87%91&radiobutton=4&now_P=1&show_num=20&sc_id=2"
"69596","https://www.urahoro.jp/education/?content=566","https://www.urahoro.jp/education/?content=566"
"69580","https://town.kotake.lg.jp/hpkiji/pub/detail.aspx?c_id=3&id=98&type=search&q=%e8%a3%9c%e5%8a%a9%e9%87%91&radiobutton=4&now_P=1&show_num=20&sc_id=2","https://town.kotake.lg.jp/hpkiji/pub/detail.aspx?c_id=3&id=98&type=search&q=%e8%a3%9c%e5%8a%a9%e9%87%91&radiobutton=4&now_P=1&show_num=20&sc_id=2"
"69586","https://www.city.nagano.nagano.jp/documents/15498/unsou.pdf","https://www.city.nagano.nagano.jp/n140300/contents/p006066.html | https://www.city.nagano.nagano.jp/documents/15498/unsou.pdf"
"69613","https://www.maff.go.jp/j/keiei/sien/R6_nouchiriyou/attach/pdf/hisai_shien-2.pdf","https://www.maff.go.jp/j/keiei/sien/R6_nouchiriyou/hisai_shien.html | https://www.maff.go.jp/j/keiei/sien/R6_nouchiriyou/attach/pdf/hisai_shien-2.pdf"
"69637","https://www.town.ichikai.tochigi.jp/Info/1440","https://www.town.ichikai.tochigi.jp/Info/1440"
"69619","https://www.city.fukuroi.shizuoka.jp/soshiki/12/1/osirase/12068.html","https://www.city.fukuroi.shizuoka.jp/soshiki/12/1/osirase/12068.html"
"69643","https://www.town.tomika.gifu.jp/fs/2/1/2/9/9/5/_/_HP_____________2___3___4___5____.pdf","https://www.town.tomika.gifu.jp/docs/10086.html | https://www.town.tomika.gifu.jp/fs/2/1/2/9/9/5/_/_HP_____________2___3___4___5____.pdf"
"69640","https://www.town.tomika.gifu.jp/docs/343.html","https://www.town.tomika.gifu.jp/docs/343.html"
"69653","https://www.city.toyota.aichi.jp/kurashi/nougyou/1009277/1036408.html","https://www.city.toyota.aichi.jp/kurashi/nougyou/1009277/1036408.html"
"69654","https://www.city.toyota.aichi.jp/kurashi/nougyou/1009277/1036408.html","https://www.city.toyota.aichi.jp/kurashi/nougyou/1009277/1036408.html"
"69674","https://www.town.tomamae.lg.jp/section/norinsuisan/t55cub00000003z4.html","https://www.town.tomamae.lg.jp/section/norinsuisan/t55cub00000003z4.html"
"69666","https://www.city.beppu.oita.jp/sangyou/sangyousinkou/sougyou/sokusin.html","https://www.city.beppu.oita.jp/sangyou/sangyousinkou/sougyou/sokusin.html"
"69675","https://www.town.tomamae.lg.jp/section/shokouroudou/oa5p850000001a6v.html","https://www.town.tomamae.lg.jp/section/shokouroudou/oa5p850000001a6v.html"
"69679","https://www.city.matsusaka.mie.jp/site/gomi-recycle/syuudann.html","https://www.city.matsusaka.mie.jp/site/gomi-recycle/syuudann.html"
"69682","https://www.city.makinohara.shizuoka.jp/soshiki/23/1657.html","https://www.city.makinohara.shizuoka.jp/soshiki/23/1657.html"
"69690","https://www.city.honjo.lg.jp/soshiki/keizaikankyo/shoukoukankou/tantoujouhou/1582769004878.html","https://www.city.honjo.lg.jp/soshiki/keizaikankyo/shoukoukankou/tantoujouhou/1582769004878.html"
"69692","https://www.city.honjo.lg.jp/soshiki/toshiseibi/sigaiti/tantoujouhou/1527832770142.html","https://www.city.honjo.lg.jp/soshiki/toshiseibi/sigaiti/tantoujouhou/1527832770142.html"
"69694","https://www.city.honjo.lg.jp/soshiki/hoken/kenko/oshirase/kotuzui.html","https://www.city.honjo.lg.jp/soshiki/hoken/kenko/oshirase/kotuzui.html"
"69702","https://www.city.ibaraki.osaka.jp/kikou/sangyo/noutomidori/menu/nougyounikansurukoto/nougyousha/nougyoushiennotamenohojyokinnitsuite/46827.html","https://www.city.ibaraki.osaka.jp/kikou/sangyo/noutomidori/menu/nougyounikansurukoto/nougyousha/nougyoushiennotamenohojyokinnitsuite/46827.html"
"69716","https://www.city.kanzaki.saga.jp/site_files/file/2020/202004/p1e5glrv5k1ovc16ii1o3j1isuqoi4.pdf","https://www.city.kanzaki.saga.jp/main/11194.html | https://www.city.kanzaki.saga.jp/site_files/file/2020/202004/p1e5glrv5k1ovc16ii1o3j1isuqoi4.pdf"
"69757","https://www.city.beppu.oita.jp/seikatu/kankyou_gomi/petto_doubutu/cat_kyosei.html","https://www.city.beppu.oita.jp/seikatu/kankyou_gomi/petto_doubutu/cat_kyosei.html"
"69759","https://www.city.sakaide.lg.jp/uploaded/attachment/34621.pdf","https://www.city.sakaide.lg.jp/soshiki/sangyoukankou/setumeikai.html | https://www.city.sakaide.lg.jp/uploaded/attachment/34621.pdf"
"69762","https://www.city.hida.gifu.jp/soshiki/20/52441.html","https://www.city.hida.gifu.jp/soshiki/20/52441.html"
"69763","https://www.city.hida.gifu.jp/soshiki/20/52441.html","https://www.city.hida.gifu.jp/soshiki/20/52441.html"
"69773","https://www.city.tottori.lg.jp/www/contents/1705292656521/index.html","https://www.city.tottori.lg.jp/www/contents/1705292656521/index.html"
"69777","https://www.city.tatsuno.lg.jp/jinkensuishin/jyoseikatsuyakusien.html","https://www.city.tatsuno.lg.jp/jinkensuishin/jyoseikatsuyakusien.html"
"69788","https://www.town.oiso.kanagawa.jp/soshiki/sangyokankoubu/sangyo/tanto/nourinsuisan/nousanbutsu/16096.html","https://www.town.oiso.kanagawa.jp/soshiki/sangyokankoubu/sangyo/tanto/nourinsuisan/nousanbutsu/16096.html"
"69789","https://www.city.hino.lg.jp/kurashi/shiminkatsudo/jichikai/1025941.html","https://www.city.hino.lg.jp/kurashi/shiminkatsudo/jichikai/1025941.html"
"69804","https://www.city.usa.oita.jp/usacoco/kosodate/7/syokudou/15220.html","https://www.city.usa.oita.jp/usacoco/kosodate/7/syokudou/15220.html"
"69792","https://www.town.taishi.osaka.jp/busyo/machidukurisuisinbu/kankyounourinka/nousei/nousakumotuhigaibousi.html","https://www.town.taishi.osaka.jp/busyo/machidukurisuisinbu/kankyounourinka/nousei/nousakumotuhigaibousi.html"
"69805","https://www.city.tatsuno.lg.jp/soumu/jichikaihozyokinn.html","https://www.city.tatsuno.lg.jp/soumu/jichikaihozyokinn.html"
"69807","https://www.city.taketa.oita.jp/kurashi_tetsuzuki/sumai_tochi/8971.html","https://www.city.taketa.oita.jp/kurashi_tetsuzuki/sumai_tochi/8971.html"
"69806","https://www.city.hita.oita.jp/soshiki/shiminkankyobu/kankyoka/kikakusuishin/seikatu/kankyo/hojyo/2563.html","https://www.city.hita.oita.jp/soshiki/shiminkankyobu/kankyoka/kikakusuishin/seikatu/kankyo/hojyo/2563.html"
"69808","https://www.city.nasukarasuyama.lg.jp/page/page004050.html","https://www.city.nasukarasuyama.lg.jp/page/page004050.html"
"69822","https://www.town.ichinohe.iwate.jp/soshikikarasagasu/shokokankoka/chushokigyonadoshien/5440.html","https://www.town.ichinohe.iwate.jp/soshikikarasagasu/shokokankoka/chushokigyonadoshien/5440.html"
"69823","https://www.town.ichinohe.iwate.jp/soshikikarasagasu/shokokankoka/chushokigyonadoshien/2420.html","https://www.town.ichinohe.iwate.jp/soshikikarasagasu/shokokankoka/chushokigyonadoshien/2420.html"
"69824","https://www.town.ichinohe.iwate.jp/soshikikarasagasu/shokokankoka/kigyo_sogyoshien/3776.html","https://www.town.ichinohe.iwate.jp/soshikikarasagasu/shokokankoka/kigyo_sogyoshien/3776.html"
"69827","https://www.town.sekigahara.gifu.jp/2844.htm","https://www.town.sekigahara.gifu.jp/2844.htm"
"69825","https://www.jsps.go.jp/file/storage/j-pd/pd-koyou/data/scheme.pdf","https://www.jsps.go.jp/j-pd/pd-koyou/ | https://www.jsps.go.jp/file/storage/j-pd/pd-koyou/data/scheme.pdf"
"69901","https://www.city.mihara.hiroshima.jp/uploaded/attachment/156167.pdf","https://www.city.mihara.hiroshima.jp/soshiki/24/syougyoukasseikahojokin1.html | https://www.city.mihara.hiroshima.jp/uploaded/attachment/156167.pdf"
"69830","https://www.city.takahagi.ibaraki.jp/kurashi/news/page005502.html","https://www.city.takahagi.ibaraki.jp/kurashi/news/page005502.html"
"69898","https://www.city.minoh.lg.jp/childpolicy/seishonen/documents/20230901gekireikin.pdf","https://www.city.minoh.lg.jp/childpolicy/seishonen/syoureikin.html | https://www.city.minoh.lg.jp/childpolicy/seishonen/documents/20230901gekireikin.pdf"
"69903","https://www.city.mihara.hiroshima.jp/uploaded/attachment/157154.pdf","https://www.city.mihara.hiroshima.jp/soshiki/24/tyuushinshigaiti-shinkishutten.html | https://www.city.mihara.hiroshima.jp/uploaded/attachment/157154.pdf"
"69906","https://www.city.mihara.hiroshima.jp/uploaded/attachment/45001.pdf","https://www.city.mihara.hiroshima.jp/soshiki/15/144299.html | https://www.city.mihara.hiroshima.jp/uploaded/attachment/45001.pdf"
"69908","https://www.city.makinohara.shizuoka.jp/soshiki/23/32316.html","https://www.city.makinohara.shizuoka.jp/soshiki/23/32316.html"
"69913","https://www.city.gero.lg.jp/soshiki/17/22436.html","https://www.city.gero.lg.jp/soshiki/17/22436.html"
"69915","https://www.town.yabuki.fukushima.jp/page/page009029.html","https://www.town.yabuki.fukushima.jp/page/page009029.html"
"69914","https://www.town.yabuki.fukushima.jp/page/page009016.html","https://www.town.yabuki.fukushima.jp/page/page009016.html"
"69918","https://www.town.yabuki.fukushima.jp/page/page005948.html","https://www.town.yabuki.fukushima.jp/page/page005948.html"
"69928","https://town.matsuda.kanagawa.jp/soshiki/9/boushisaku.html","https://town.matsuda.kanagawa.jp/soshiki/9/boushisaku.html"
"69923","https://town.matsuda.kanagawa.jp/soshiki/9/shuunoushien.html","https://town.matsuda.kanagawa.jp/soshiki/9/shuunoushien.html"
"69958","https://www.city.futtsu.lg.jp/0000007719.html","https://www.city.futtsu.lg.jp/0000007719.html"
"69973","https://www.city.minamishimabara.lg.jp/kiji0039233/3_9233_62429_up_8b5tuwwe.pdf","https://www.city.minamishimabara.lg.jp/kiji0039233/index.html | https://www.city.minamishimabara.lg.jp/kiji0039233/3_9233_62429_up_8b5tuwwe.pdf"
"69983","https://www.town.okuizumo.shimane.jp/www/contents/1707456255065/index.html","https://www.town.okuizumo.shimane.jp/www/contents/1707456255065/index.html"
"70001","https://www.city.fussa.tokyo.jp/life/child/1018608/1018609.html","https://www.city.fussa.tokyo.jp/life/child/1018608/1018609.html"
"70004","https://www.city.higashiomi.shiga.jp/0000007949.html","https://www.city.higashiomi.shiga.jp/0000007949.html"
"70002","https://www.city.sammu.lg.jp/page/page001531.html","https://www.city.sammu.lg.jp/page/page001531.html"
"70005","https://www.city.kakamigahara.lg.jp/shisei/shisaku/sangyo/1008446/1022027/1011510.html","https://www.city.kakamigahara.lg.jp/shisei/shisaku/sangyo/1008446/1022027/1011510.html | https://www.city.kakamigahara.lg.jp/cgi-bin/contacts/G007100/agreement"
"70011","https://www.city.futtsu.lg.jp/0000002587.html","https://www.city.futtsu.lg.jp/0000002587.html"
"70007","https://www.city.kakamigahara.lg.jp/kodomo/shien/1002060/1009219/1002073.html","https://www.city.kakamigahara.lg.jp/kodomo/shien/1002060/1009219/1002073.html"
"70018","https://shigotamaonline.com/challenge/company/","https://shigotamaonline.com/challenge/company/ | https://shigotamaonline.com/challenge/"
"70016","https://www.town.tokushima-naka.lg.jp/gyosei/mobile/docs/2016050.html","https://www.town.tokushima-naka.lg.jp/gyosei/mobile/docs/2016050.html"
"70027","https://www.town.yusui.kagoshima.jp/soshiki/32/414.html","https://www.town.yusui.kagoshima.jp/soshiki/32/414.html"
"70030","https://www.city.ayabe.lg.jp/cmsfiles/contents/0000001/1683/challenge.pdf","https://www.city.ayabe.lg.jp/0000001683.html | https://www.city.ayabe.lg.jp/cmsfiles/contents/0000001/1683/challenge.pdf"
"70037","https://www.city.tomi.nagano.jp/file/147420.pdf","https://www.city.tomi.nagano.jp/category/joseijigyou/164928.html | https://www.city.tomi.nagano.jp/file/147420.pdf"
"70038","https://www.city.ota.tokyo.jp/sangyo/kogyo/joseikin/ricchisdgsjosei.html","https://www.city.ota.tokyo.jp/sangyo/kogyo/joseikin/ricchisdgsjosei.html"
"70050","https://www.vill.achi.lg.jp/soshiki/33/tokusanhozyo.html","https://www.vill.achi.lg.jp/soshiki/33/tokusanhozyo.html"
"70052","https://www.vill.achi.lg.jp/soshiki/33/kazyunougyoukeieizyoseizigyou.html","https://www.vill.achi.lg.jp/soshiki/33/kazyunougyoukeieizyoseizigyou.html"
"70053","https://www.vill.achi.lg.jp/soshiki/33/sinkousakumotuhozyo.html","https://www.vill.achi.lg.jp/soshiki/33/sinkousakumotuhozyo.html"
"70054","https://www.vill.achi.lg.jp/soshiki/33/katikubouekihozyo.html","https://www.vill.achi.lg.jp/soshiki/33/katikubouekihozyo.html"
"70058","https://www.town.kotohira.kagawa.jp/site/ijyuu/1356.html","https://www.town.kotohira.kagawa.jp/site/ijyuu/1356.html"
"70062","https://www.pref.ishikawa.lg.jp/kinyuu/keieishien/nariwai.html","https://www.chusho.meti.go.jp/keiei/shokibo/2024/240228nariwai.html | https://www.chusho.meti.go.jp/saigai/r6_noto_jishin/dl/nariwai.pdf | https://www.pref.ishikawa.lg.jp/kinyuu/keieishien/nariwai.html | https://www.pref.toyama.jp/1300/sangyou/shoukoukensetsu/shoukougyou/nariwai/nariwai_top.html | https://www.pref.fukui.lg.jp/doc/sinsan/nariwai.html"
"70068","https://www.fukui-saiseifund.com/","https://www.fukui-saiseifund.com/"
"70099","https://www.town.nakatosa.lg.jp/life/detail.php?hdnKey=1157","https://www.town.nakatosa.lg.jp/life/detail.php?hdnKey=1157"
"70092","https://www.city.yamaguchi.lg.jp/uploaded/attachment/92585.pdf","https://www.city.yamaguchi.lg.jp/soshiki/21/154008.html | https://www.city.yamaguchi.lg.jp/uploaded/attachment/92585.pdf"
"70112","https://www.city.isumi.lg.jp/material/files/group/26/chirashi.pdf","https://www.city.isumi.lg.jp/soshikikarasagasu/kenkokoreishashienka/kaigohokenhan/2/714.html | https://www.city.isumi.lg.jp/material/files/group/26/chirashi.pdf"
"70127","https://www.town.shinano.lg.jp/docs/115711.html","https://www.town.shinano.lg.jp/docs/115711.html"
"70130","https://www.city.izu.shizuoka.jp/soshiki/1027/1/1/758.html","https://www.city.izu.shizuoka.jp/soshiki/1027/1/1/758.html"
"70131","https://www.city.tomakomai.hokkaido.jp/kenko/iryo/boshikenko/nonsmoking/kinenkahojo.html","https://www.city.tomakomai.hokkaido.jp/kenko/iryo/boshikenko/nonsmoking/kinenkahojo.html"
"70153","https://www.town.miyashiro.lg.jp/cmsfiles/contents/0000022/22018/saronchirashi.pdf","https://www.town.miyashiro.lg.jp/0000022018.html | https://www.town.miyashiro.lg.jp/cmsfiles/contents/0000022/22018/saronchirashi.pdf"
"70154","https://www.town.miyashiro.lg.jp/0000001322.html","https://www.town.miyashiro.lg.jp/0000001322.html"
"70161","https://www.city.warabi.saitama.jp/kurashi/kotsu/jitensha/1001550.html","https://www.city.warabi.saitama.jp/kurashi/kotsu/jitensha/1001550.html"
"70164","https://www.town.tokigawa.lg.jp/Info/1507","https://www.town.tokigawa.lg.jp/Info/1507"
"70173","https://www.town.tsuno.lg.jp/article?articleId=60c9b0584f3b5d0caef0f6c3","https://www.town.tsuno.lg.jp/article?articleId=60c9b0584f3b5d0caef0f6c3 | https://prdurbanostnoapp1.blob.core.windows.net/common-article/60c9b0584f3b5d0caef0f6c3/%E3%83%91%E3%83%B3%E3%83%95%E3%83%AC%E3%83%83%E3%83%88.pdf"
"70226","https://www.city-yuzawa.jp/soshiki/45/4838.html","https://www.city-yuzawa.jp/soshiki/45/4838.html"
"70178","https://www.city.katsuyama.fukui.jp/uploaded/attachment/19328.pdf","https://www.city.katsuyama.fukui.jp/soshiki/5/281.html | https://www.city.katsuyama.fukui.jp/uploaded/attachment/19328.pdf"
"70229","https://www.town.tako.chiba.jp/docs/2022031400022/","https://www.town.tako.chiba.jp/docs/2022031400022/"
"70232","https://www.city.tajimi.lg.jp/kosodate/kosodate/shien/miraiouen1.html","https://www.city.tajimi.lg.jp/kosodate/kosodate/shien/miraiouen1.html"
"70237","https://www.city.chuo.yamanashi.jp/soshiki/fukushi/shakai_fukushi/12195.html","https://www.city.chuo.yamanashi.jp/soshiki/fukushi/shakai_fukushi/12195.html"
"70241","https://www.city.katsuyama.fukui.jp/soshiki/13/13993.html","https://www.city.katsuyama.fukui.jp/soshiki/13/13993.html"
"70249","https://www.ubuyama-v.jp/soshikikarasagasu/kikakushinkoka/communitysupport/751.html","https://www.ubuyama-v.jp/soshikikarasagasu/kikakushinkoka/communitysupport/751.html"
"70252","https://www.ubuyama-v.jp/soshikikarasagasu/kikakushinkoka/communitysupport/752.html","https://www.ubuyama-v.jp/soshikikarasagasu/kikakushinkoka/communitysupport/752.html"
"70251","https://www.city.minamata.lg.jp/kiji0033620/3_3620_up_rqqgbjv2.pdf","https://www.city.minamata.lg.jp/kiji0033620/index.html | https://www.city.minamata.lg.jp/kiji0033620/3_3620_up_rqqgbjv2.pdf"
"70262","https://www.city.tomioka.lg.jp/www/contents/1616657461056/index.html","https://www.city.tomioka.lg.jp/www/contents/1616657461056/index.html"
"70267","https://www.city.tomioka.lg.jp/www/contents/1532906326648/index.html","https://www.city.tomioka.lg.jp/www/contents/1532906326648/index.html"
"70270","https://www.city.nagaokakyo.lg.jp/0000012559.html","https://www.city.nagaokakyo.lg.jp/0000012559.html"
"70271","https://www.city.ikeda.osaka.jp/material/files/group/63/tirashi202406.pdf","https://www.city.ikeda.osaka.jp/soshiki/kodomo/kosodateshien/kodomo_shokudo/syokudou.html | https://www.city.ikeda.osaka.jp/material/files/group/63/tirashi202406.pdf"
"70282","https://www.city.warabi.saitama.jp/kurashi/kotsu/jitensha/1001550.html","https://www.city.warabi.saitama.jp/kurashi/kotsu/jitensha/1001550.html"
"70279","https://www.city.kasai.hyogo.jp/soshiki/6/38987.html","https://www.city.kasai.hyogo.jp/soshiki/6/38987.html"
"70327","https://www.village.ohira.miyagi.jp/soshiki/5/1176.html","https://www.village.ohira.miyagi.jp/soshiki/5/1176.html"
"70297","https://www.city.hokuto.hokkaido.jp/docs/13963.html","https://www.city.hokuto.hokkaido.jp/docs/13963.html"
"70325","https://www.city-kirishima.jp/shoukoushinkou/machizukuri/shokogyo/shotengai/hojokin.html","https://www.city-kirishima.jp/shoukoushinkou/machizukuri/shokogyo/shotengai/hojokin.html"
"70335","https://www.town.yahaba.iwate.jp/yahabatown/switch/2018/2018042000054/sougyouhozyo_s.pdf","https://www.town.yahaba.iwate.jp/soshiki/sangyou/kankousangyou/2018042000054/ | https://www.town.yahaba.iwate.jp/yahabatown/switch/2018/2018042000054/sougyouhozyo_s.pdf"
"70339","https://www.town.kagoshima-osaki.lg.jp/ns_chikusan/sangyo/hojokin/oosakityoutikusansisetuseibi.html","https://www.town.kagoshima-osaki.lg.jp/ns_chikusan/sangyo/hojokin/oosakityoutikusansisetuseibi.html"
"70338","https://www.town.kagoshima-osaki.lg.jp/kn_eisei/nekohojyokin.html","https://www.town.kagoshima-osaki.lg.jp/kn_eisei/nekohojyokin.html"
"70340","https://www.town.kagoshima-osaki.lg.jp/ns_einousuishin/sangyo/nogyo/documents/syunyuhokenrihuretto.pdf","https://www.town.kagoshima-osaki.lg.jp/ns_einousuishin/sangyo/nogyo/syunyuhokenhozyokin.html | https://www.town.kagoshima-osaki.lg.jp/ns_einousuishin/sangyo/nogyo/documents/syunyuhokenrihuretto.pdf"
"70341","https://www.city.tomioka.lg.jp/www/contents/1000000002053/index.html","https://www.city.tomioka.lg.jp/www/contents/1000000002053/index.html"
"70347","https://www.vill.chikuhoku.lg.jp/subsidy/461","https://www.vill.chikuhoku.lg.jp/subsidy/461"
"70349","https://www.city.iga.lg.jp/0000003634.html","https://www.city.iga.lg.jp/0000003634.html"
"70351","https://www.inacity.jp/iju/ijunoshien/sumai_jyosei/jyutakusyutoku/174jkzabunnjyouhojyo.html","https://www.inacity.jp/iju/ijunoshien/sumai_jyosei/jyutakusyutoku/174jkzabunnjyouhojyo.html"
"70367","https://www.city.mino.gifu.jp/docs/671872.html","https://www.city.mino.gifu.jp/docs/671872.html"
"70427","https://www.pref.fukui.lg.jp/doc/kenchikujyuutakuka/blockwall.html","https://www.pref.fukui.lg.jp/doc/kenchikujyuutakuka/blockwall.html"
"70418","https://www.city.minoh.lg.jp/animal/neko/nekojyosei.html","https://www.city.minoh.lg.jp/animal/neko/nekojyosei.html"
"70369","https://www.city.mino.gifu.jp/docs/1078247.html","https://www.city.mino.gifu.jp/docs/1078247.html"
"70434","https://www.city.shijonawate.lg.jp/uploaded/attachment/26095.pdf","https://www.city.shijonawate.lg.jp/soshiki/19/3256.html | https://www.city.shijonawate.lg.jp/uploaded/attachment/26095.pdf"
"70440","https://www.town.naraha.lg.jp/work/cat340/cat/008827.html","https://www.town.naraha.lg.jp/work/cat340/cat/008827.html"
"70461","https://www.city.matsumoto.nagano.jp/soshiki/75/131757.html","https://www.city.matsumoto.nagano.jp/soshiki/75/131757.html"
"70462","https://www.city.hakodate.hokkaido.jp/docs/2023062900031/","https://www.city.hakodate.hokkaido.jp/docs/2023062900031/"
"70509","https://www.city.takahashi.lg.jp/uploaded/attachment/26646.pdf","https://www.city.takahashi.lg.jp/soshiki/18/papamama-syoureikin.html | https://www.city.takahashi.lg.jp/uploaded/attachment/26646.pdf"
"70521","https://www.town.tawaramoto.nara.jp/soshki/sangyo/tiiki/bushiness/nourin/17351.html","https://www.town.tawaramoto.nara.jp/soshki/sangyo/tiiki/bushiness/nourin/17351.html"
"70548","https://vill.higashinaruse.lg.jp/wp-content/uploads/2023/05/cc0777077aefa7263ffc59da3e6be378.pdf","https://vill.higashinaruse.lg.jp/iju-teiju/joseikin/post-23167/ | https://vill.higashinaruse.lg.jp/wp-content/uploads/2023/05/cc0777077aefa7263ffc59da3e6be378.pdf"
"70538","https://www.city.kasaoka.okayama.jp/soshiki/19/22564.html","https://www.city.kasaoka.okayama.jp/soshiki/19/22564.html"
"70537","https://www.city.kasaoka.okayama.jp/soshiki/18/1795.html","https://www.city.kasaoka.okayama.jp/soshiki/18/1795.html"
"70549","https://www.city.sukagawa.fukushima.jp/shigoto_sangyo/sangyoshinkou/1011304/hanrokakudai/1003301.html","https://www.city.sukagawa.fukushima.jp/shigoto_sangyo/sangyoshinkou/1011304/hanrokakudai/1003301.html"
"70554","https://www.mhlw.go.jp/content/001207335.pdf","https://www.mhlw.go.jp/stf/seisakunitsuite/bunya/hukushi_kaigo/shougaishahukushi/minaoshi/index_00007.html | https://www.mhlw.go.jp/content/001207335.pdf | https://www.mhlw.go.jp/content/001207336.pdf | https://www.mhlw.go.jp/content/001223662.pdf"
"70587","https://www.city.annaka.lg.jp/gyousei/miryoku_sousyutsu/rokuzisangyo.html","https://www.city.annaka.lg.jp/gyousei/miryoku_sousyutsu/rokuzisangyo.html | https://www.city.annaka.lg.jp/form/detail.php?sec_sec1=20&lif_id=1969"
"70612","https://www.town.aichi-higashiura.lg.jp/soshiki/kankyo/kankyomana/gyomu/nekonituite/9557.html","https://www.town.aichi-higashiura.lg.jp/soshiki/kankyo/kankyomana/gyomu/nekonituite/9557.html"
"70590","https://www.city.annaka.lg.jp/gyousei/miryoku_sousyutsu/denkisaku1.html","https://www.city.annaka.lg.jp/gyousei/miryoku_sousyutsu/denkisaku1.html"
"70618","https://www.pref.kochi.lg.jp/soshiki/160601/2022021400025.html","https://www.pref.kochi.lg.jp/soshiki/160601/2022021400025.html"
"70621","https://www.town.tsunan.niigata.jp/soshiki/kankou/jinzaiikusei-hojo.html","https://www.town.tsunan.niigata.jp/soshiki/kankou/jinzaiikusei-hojo.html"
"70627","https://www.maff.go.jp/j/g_biki/hojyo/kenbetu/230413_15.html","https://www.maff.go.jp/j/g_biki/hojyo/kenbetu/230413_15.html"
"70628","https://www.town.tsunan.niigata.jp/uploaded/life/23086_93607_misc.pdf","https://www.town.tsunan.niigata.jp/soshiki/kankou/iju-tour.html | https://www.town.tsunan.niigata.jp/uploaded/life/23086_93607_misc.pdf"
"70638","https://www.city.uda.nara.jp/kodomo/kodomosyokudou.html","https://www.city.uda.nara.jp/kodomo/kodomosyokudou.html"
"70643","https://www.maff.go.jp/j/g_biki/hojyo/kenbetu/230413_13.html","https://www.maff.go.jp/j/g_biki/hojyo/kenbetu/230413_13.html"
"70640","https://www.maff.go.jp/j/g_biki/hojyo/kenbetu/230413_14.html","https://www.maff.go.jp/j/g_biki/hojyo/kenbetu/230413_14.html"
"70648","https://www.city.mihara.hiroshima.jp/soshiki/26/bougosakuhojo.html","https://www.city.mihara.hiroshima.jp/soshiki/26/bougosakuhojo.html"
"70647","https://www.city.toyonaka.osaka.jp/kosodate/ibasyo/kodomomirai/ikottohojo.files/ikohojotirasi3.pdf","https://www.city.toyonaka.osaka.jp/kosodate/ibasyo/kodomomirai/ikottohojo.html | https://www.city.toyonaka.osaka.jp/kosodate/ibasyo/kodomomirai/ikottohojo.files/ikohojotirasi3.pdf"
"70649","https://www.city.osaka.lg.jp/kodomo/page/0000499238.html","https://www.city.osaka.lg.jp/kodomo/page/0000499238.html"
"70654","https://www.city.shibushi.lg.jp/uploaded/life/24790_93192_misc.pdf","https://www.city.shibushi.lg.jp/soshiki/9/24760.html | https://www.city.shibushi.lg.jp/uploaded/life/24790_93192_misc.pdf"
"70660","https://www.town.kitahiroshima.lg.jp/soshiki/14/1316.html","https://www.town.kitahiroshima.lg.jp/soshiki/14/1316.html"
"70656","https://www.city.shibushi.lg.jp/uploaded/life/24790_93192_misc.pdf","https://www.city.shibushi.lg.jp/soshiki/9/24760.html | https://www.city.shibushi.lg.jp/uploaded/life/24790_93192_misc.pdf"
"70662","https://www.mhlw.go.jp/content/11606000/001217096.pdf","https://www.mhlw.go.jp/stf/newpage_38156.html | https://www.mhlw.go.jp/content/11606000/001217096.pdf | https://www.mhlw.go.jp/content/11600000/001243700.pdf"
"70672","https://www.city.tamba.lg.jp/soshiki/bunkasupotsuka/gyomuannai/1/1581.html","https://www.city.tamba.lg.jp/soshiki/bunkasupotsuka/gyomuannai/1/1581.html"
"70682","https://www.city.yaita.tochigi.jp/soshiki/kensetu/mitibusin.html","https://www.city.yaita.tochigi.jp/soshiki/kensetu/mitibusin.html"
"70703","https://www.pref.kochi.lg.jp/doc/2015060100117/","https://www.pref.kochi.lg.jp/doc/2015060100117/"
"70725","https://www.city.chino.lg.jp/uploaded/attachment/28205.pdf","https://www.city.chino.lg.jp/soshiki/syoukou/727.html | https://www.city.chino.lg.jp/uploaded/attachment/28205.pdf"
"70704","https://www.city.shizuoka.lg.jp/s2746/s005245.html","https://www.city.shizuoka.lg.jp/s2746/s005245.html"
"70726","https://www.city.chino.lg.jp/soshiki/kenkoudukuri/570.html","https://www.city.chino.lg.jp/soshiki/kenkoudukuri/570.html"
"70727","https://www.city.chino.lg.jp/uploaded/attachment/28055.pdf","https://www.city.chino.lg.jp/soshiki/syoukou/sougyou-shien.html | https://www.city.chino.lg.jp/uploaded/attachment/28055.pdf"
"70728","https://www.city.chino.lg.jp/soshiki/nourin/1507.html","https://www.city.chino.lg.jp/soshiki/nourin/1507.html"
"70729","https://www.city.yaita.tochigi.jp/soshiki/nougyosinkou/yuugaihojyo.html","https://www.city.yaita.tochigi.jp/soshiki/nougyosinkou/yuugaihojyo.html"
"70739","https://www.city.akaiwa.lg.jp/annai/sougouseisaku/machihitoshigotososei/kokyokotsu/7200.html","https://www.city.akaiwa.lg.jp/annai/sougouseisaku/machihitoshigotososei/kokyokotsu/7200.html"
"70750","https://www.city.sendai.jp/shisetsushien/shisetsu/syoubouhojokin.html","https://www.city.sendai.jp/shisetsushien/shisetsu/syoubouhojokin.html"
"70774","https://www.pref.ishikawa.lg.jp/shinrin/mokuzai/r6jishin_seizai_tokuyou_shien.html","https://www.pref.ishikawa.lg.jp/shinrin/mokuzai/r6jishin_seizai_tokuyou_shien.html"
"70781","https://www.pref.ishikawa.lg.jp/suisanka/gyosensien.html","https://www.pref.ishikawa.lg.jp/suisanka/gyosensien.html"
"70783","https://www.town.kanmaki.nara.jp/soshiki/machizukuri/gyomu/pet_animal/gaiju_gaichu/529.html","https://www.town.kanmaki.nara.jp/soshiki/machizukuri/gyomu/pet_animal/gaiju_gaichu/529.html"
"70784","https://www.city.oshu.iwate.jp/soshiki/7/1057/4/3103.html","https://www.city.oshu.iwate.jp/soshiki/7/1057/4/3103.html"
"70795","http://www.fishfund.or.jp/jigyou11.html","http://www.fishfund.or.jp/jigyou11.html"
"70785","https://www.city.ozu.ehime.jp/soshiki/kenkou/33137.html","https://www.city.ozu.ehime.jp/soshiki/kenkou/33137.html"
"70797","http://www.fishfund.or.jp/jigyou9.html","http://www.fishfund.or.jp/jigyou9.html"
"70800","https://www.pref.ishikawa.lg.jp/nousei/documents/shienmenu.pdf","https://www.pref.ishikawa.lg.jp/nousei/documents/shienmenu.pdf"
"70799","http://www.fishfund.or.jp/jigyou12.html","http://www.fishfund.or.jp/jigyou12.html"
"70801","https://www.pref.ishikawa.lg.jp/nousei/documents/shienmenu.pdf","https://www.pref.ishikawa.lg.jp/nousei/documents/shienmenu.pdf"
"70802","https://www.pref.ishikawa.lg.jp/nousei/documents/shienmenu.pdf","https://www.pref.ishikawa.lg.jp/nousei/documents/shienmenu.pdf"
"70804","https://www.pref.ishikawa.lg.jp/nousei/documents/shienmenu.pdf","https://www.pref.ishikawa.lg.jp/nousei/documents/shienmenu.pdf"
"70817","https://www.city.chino.lg.jp/soshiki/nourin/1507.html","https://www.city.chino.lg.jp/soshiki/nourin/1507.html"
"70818","https://www.city.chino.lg.jp/soshiki/nourin/1507.html","https://www.city.chino.lg.jp/soshiki/nourin/1507.html"
"70821","https://www.city.isehara.kanagawa.jp/docs/2024030100248/","https://www.city.isehara.kanagawa.jp/docs/2024030100248/"
"70824","https://www.city.tsubame.niigata.jp/kogyo/nogyo/3/4089.html","https://www.city.tsubame.niigata.jp/kogyo/nogyo/3/4089.html | https://logoform.jp/form/JYpZ/75844"
"70823","https://www.city.tsubame.niigata.jp/kogyo/nogyo/3/10019.html","https://www.city.tsubame.niigata.jp/kogyo/nogyo/3/10019.html | https://logoform.jp/form/JYpZ/75844"
"70828","https://www.city.ninohe.lg.jp/info/3674","https://www.city.ninohe.lg.jp/info/3674"
"70832","https://www.city.kochi.kochi.jp/soshiki/102/syokuhinkakou.html","https://www.city.kochi.kochi.jp/soshiki/102/syokuhinkakou.html"
"70841","https://www.town.ogawa.saitama.jp/0000005674.html","https://www.town.ogawa.saitama.jp/0000005674.html"
"70837","https://www.town.showa.yamanashi.jp/soshiki/8/1693.html","https://www.town.showa.yamanashi.jp/soshiki/8/1693.html"
"70855","https://www.town.hirono.iwate.jp/doc/2020041300080/","https://www.town.hirono.iwate.jp/doc/2020041300080/"
"70859","https://www.town.oi.kanagawa.jp/soshiki/10/sinse-taishokukin.html","https://www.town.oi.kanagawa.jp/soshiki/10/sinse-taishokukin.html"
"70856","https://www.town.rifu.miyagi.jp/material/files/group/47/ibasyodukurihozyokin.pdf","https://www.town.rifu.miyagi.jp/gyosei/soshikikarasagasu/kenkou/nagaiki/5405.html | https://www.town.rifu.miyagi.jp/material/files/group/47/ibasyodukurihozyokin.pdf | https://www.town.rifu.miyagi.jp/cgi-bin/inquiry.php/85?page_no=5405"
"70861","https://tanocho.jp/cms/wp-content/uploads/2018/09/ac01bbb81f6319fd1510bbafc58aea68-2.pdf","https://tanocho.jp/5575 | https://tanocho.jp/cms/wp-content/uploads/2018/09/ac01bbb81f6319fd1510bbafc58aea68-2.pdf"
"70862","https://tanocho.jp/cms/wp-content/uploads/2022/03/00goiyou_s.pdf","https://tanocho.jp/kurashi/kurashi-11114 | https://tanocho.jp/cms/wp-content/uploads/2022/03/00goiyou_s.pdf"
"70868","https://www.city.komoro.lg.jp/soshikikarasagasu/sangyoushinkoubu/shokokankoka/2/4/13624.html","https://www.city.komoro.lg.jp/soshikikarasagasu/sangyoushinkoubu/shokokankoka/2/4/13624.html"
"70872","https://www.pref.ibaraki.jp/nourinsuisan/chikusan/keiei/documents/tikusankurasutaashisethuseibi.pdf","https://www.pref.ibaraki.jp/nourinsuisan/chikusan/keiei/chikusankurasuta.html | https://www.pref.ibaraki.jp/nourinsuisan/chikusan/keiei/documents/tikusankurasutaashisethuseibi.pdf"
"70873","https://www.pref.ibaraki.jp/nourinsuisan/chikusan/keiei/documents/r5_kikaidounyuukeaflet.pdf","https://www.pref.ibaraki.jp/nourinsuisan/chikusan/keiei/chikusankurasuta.html | https://www.pref.ibaraki.jp/nourinsuisan/chikusan/keiei/documents/r5_kikaidounyuukeaflet.pdf"
"70875","https://www.town.kawasaki.miyagi.jp/soshiki/nourin/506.html","https://www.town.kawasaki.miyagi.jp/soshiki/nourin/506.html"
"70880","https://www.city.kasukabe.lg.jp/jigyoshamuke/shokogyo/17994.html","https://www.city.kasukabe.lg.jp/jigyoshamuke/shokogyo/17994.html"
"70916","https://www.city.kumamoto.jp/kiji00353592/index.html","https://www.city.kumamoto.jp/kiji00353592/index.html"
"70921","https://www.city.kosai.shizuoka.jp/soshikiichiran/sangyoshinkoka/nogyo_suisanshinkogakari/higaitaisaku/1768.html","https://www.city.kosai.shizuoka.jp/soshikiichiran/sangyoshinkoka/nogyo_suisanshinkogakari/higaitaisaku/1768.html"
"70935","https://www.city.kasukabe.lg.jp/jigyoshamuke/shokogyo/17994.html","https://www.city.kasukabe.lg.jp/jigyoshamuke/shokogyo/17994.html"
"70936","https://www.city.kasukabe.lg.jp/jigyoshamuke/shokogyo/17994.html","https://www.city.kasukabe.lg.jp/jigyoshamuke/shokogyo/17994.html"
"70937","https://www.city.kasukabe.lg.jp/jigyoshamuke/shokogyo/17994.html","https://www.city.kasukabe.lg.jp/jigyoshamuke/shokogyo/17994.html"
"70939","https://www.city.uozu.toyama.jp/guide/svGuideDtl.aspx?servno=22947&cdkb=ctg&cd=0804&topkb=B","https://www.city.uozu.toyama.jp/guide/svGuideDtl.aspx?servno=22947&cdkb=ctg&cd=0804&topkb=B"
"70966","https://gov.town.shimane-misato.lg.jp/information/information01/872","https://gov.town.shimane-misato.lg.jp/information/information01/872"
"70959","https://www.city-yanai.jp/soshiki/15/chutaikyo.html","https://www.city-yanai.jp/soshiki/15/chutaikyo.html"
"70975","https://www.town.kamiichi.toyama.jp/uploaded/attachment/1788.pdf","https://www.town.kamiichi.toyama.jp/page/1580.html | https://www.town.kamiichi.toyama.jp/uploaded/attachment/1788.pdf"
"70974","https://www.town.kamiichi.toyama.jp/page/1580.html","https://www.town.kamiichi.toyama.jp/page/1580.html"
"70970","https://www.town.kamiichi.toyama.jp/uploaded/attachment/1788.pdf","https://www.town.kamiichi.toyama.jp/page/1580.html | https://www.town.kamiichi.toyama.jp/uploaded/attachment/1788.pdf"
"70984","https://www.town.aisho.shiga.jp/soshiki/fukushika/1/826.html","https://www.town.aisho.shiga.jp/soshiki/fukushika/1/826.html"
"70983","https://www.town.toei.aichi.jp/4019.htm","https://www.town.toei.aichi.jp/4019.htm"
"70982","https://www.town.toei.aichi.jp/4015.htm","https://www.town.toei.aichi.jp/4015.htm"
"70986","https://www.city.dazaifu.lg.jp/uploaded/attachment/20007.pdf","https://www.city.dazaifu.lg.jp/soshiki/20/30445.html | https://www.city.dazaifu.lg.jp/uploaded/attachment/20007.pdf"
"71012","https://www.vill.chihayaakasaka.osaka.jp/kakuka/sangyokensetsu/nourinshoko/nougyou/hojokin/7837.html","https://www.vill.chihayaakasaka.osaka.jp/kakuka/sangyokensetsu/nourinshoko/nougyou/hojokin/7837.html"
"70989","https://www.pref.nagano.lg.jp/shinrin/sangyo/ringyo/seibi/zorin/index.html","https://www.pref.nagano.lg.jp/shinrin/sangyo/ringyo/seibi/zorin/index.html"
"71014","https://www.vill.chihayaakasaka.osaka.jp/kakuka/sangyokensetsu/nourinshoko/nougyou/hojokin/7835.html","https://www.vill.chihayaakasaka.osaka.jp/kakuka/sangyokensetsu/nourinshoko/nougyou/hojokin/7835.html"
"71013","https://www.vill.chihayaakasaka.osaka.jp/kakuka/sangyokensetsu/nourinshoko/nougyou/hojokin/7838.html","https://www.vill.chihayaakasaka.osaka.jp/kakuka/sangyokensetsu/nourinshoko/nougyou/hojokin/7838.html"
"71018","https://www.town.rebun.hokkaido.jp/iju/detail/00002042.html","https://www.town.rebun.hokkaido.jp/iju/detail/00002042.html"
"71023","https://www.city.kasai.hyogo.jp/soshiki/20/1940.html","https://www.city.kasai.hyogo.jp/soshiki/20/1940.html"
"71037","https://www.town.urakawa.hokkaido.jp/gyosei/business/?content=2605","https://www.town.urakawa.hokkaido.jp/gyosei/business/?content=2605"
"71030","https://www.city.hakodate.hokkaido.jp/docs/2023072800031/","https://www.city.hakodate.hokkaido.jp/docs/2023072800031/"
"71094","https://www.city.inzai.lg.jp/cmsfiles/contents/0000006/6828/tisanntisyou.pdf","https://www.city.inzai.lg.jp/0000006828.html | https://www.city.inzai.lg.jp/cmsfiles/contents/0000006/6828/tisanntisyou.pdf"
"71114","https://www.city.miyazaki.miyazaki.jp/health/long_term_care_insurance/procedure/12330.html","https://www.city.miyazaki.miyazaki.jp/health/long_term_care_insurance/procedure/12330.html"
"71109","https://www.pref.kochi.lg.jp/doc/2020091500089/","https://www.pref.kochi.lg.jp/doc/2020091500089/"
"71161","https://www.city.wajima.ishikawa.jp/docs/2023091500028/","https://www.city.wajima.ishikawa.jp/docs/2023091500028/"
"71162","https://www.city.wajima.ishikawa.jp/article/2023072700010/","https://www.city.wajima.ishikawa.jp/article/2023072700010/"
"71166","https://www.city.wajima.ishikawa.jp/docs/2013041800056/","https://www.city.wajima.ishikawa.jp/docs/2013041800056/"
"71167","https://www.city.wajima.ishikawa.jp/docs/2013041900039/","https://www.city.wajima.ishikawa.jp/docs/2013041900039/"
"71172","https://www.town.katsuura.lg.jp/docs/2023080100048/","https://www.town.katsuura.lg.jp/docs/2023080100048/"
"71179","https://www.env.go.jp/park/effort/toilet.html","https://www.env.go.jp/park/effort/toilet.html"
"71180","https://www.city.nishio.aichi.jp/kurashi/kotsu/1001409/1002034.html","https://www.city.nishio.aichi.jp/kurashi/kotsu/1001409/1002034.html"
"71210","https://www.city.minamiuonuma.niigata.jp/docs/28605.html","https://www.city.minamiuonuma.niigata.jp/docs/28605.html"
"71204","http://www.town.shibecha.hokkaido.jp/kakuka/kyouikuiinkai-shakaikyouiku/news/sportsshinkoujoseikin.html","http://www.town.shibecha.hokkaido.jp/kakuka/kyouikuiinkai-shakaikyouiku/news/sportsshinkoujoseikin.html"
"71211","https://www.city.minamiuonuma.niigata.jp/docs/50775.html","https://www.city.minamiuonuma.niigata.jp/docs/50775.html"
"71213","https://www.city.minamiuonuma.niigata.jp/docs/1440.html","https://www.city.minamiuonuma.niigata.jp/docs/1440.html"
"71214","https://www.city.sagae.yamagata.jp/jigyou/nougyou/nougyoiinkai/yukyunochi.html","https://www.city.sagae.yamagata.jp/jigyou/nougyou/nougyoiinkai/yukyunochi.html"
"71215","https://www.city.minamiuonuma.niigata.jp/docs/1185.html","https://www.city.minamiuonuma.niigata.jp/docs/1185.html"
"71216","https://www.city.annaka.lg.jp/gyousei/miryoku_sousyutsu/denkisaku1.html","https://www.city.annaka.lg.jp/gyousei/miryoku_sousyutsu/denkisaku1.html"
"71218","https://www.city.sagae.yamagata.jp/jigyou/nougyou/nougyoiinkai/yukyunochi.html","https://www.city.sagae.yamagata.jp/jigyou/nougyou/nougyoiinkai/yukyunochi.html"
"71226","https://www.vill.izumizaki.fukushima.jp/page/page001400.html","https://www.vill.izumizaki.fukushima.jp/page/page001400.html"
"71227","https://www.pref.kochi.lg.jp/doc/2020031300090/","https://www.pref.kochi.lg.jp/doc/2020031300090/"
"71230","https://www.city.nanto.toyama.jp/cms-sypher/www/service/detail.jsp?id=24130","https://www.city.nanto.toyama.jp/cms-sypher/www/service/detail.jsp?id=24130"
"71233","https://www.city.kanuma.tochigi.jp/0570/info-0000006590-1.html","https://www.city.kanuma.tochigi.jp/0570/info-0000006590-1.html"
"71238","https://www.vill.takagi.nagano.jp/doc/2016081000028/","https://www.vill.takagi.nagano.jp/doc/2016081000028/"
"71237","https://www.vill.takagi.nagano.jp/doc/2016042800094/","https://www.vill.takagi.nagano.jp/doc/2016042800094/"
"71239","https://www.town.misato.akita.jp/syoukougyou/2735","https://www.town.misato.akita.jp/syoukougyou/2735"
"71242","https://www.city.konan.lg.jp/_res/projects/default_project/_page_/001/011/325/sinkouhozyokin_chirashi2.pdf","https://www.city.konan.lg.jp/jigyou/shoukou/1005754/1011325.html | https://www.city.konan.lg.jp/_res/projects/default_project/_page_/001/011/325/sinkouhozyokin_chirashi2.pdf"
"71240","https://www.town.misato.akita.jp/chihanchisho/2734","https://www.town.misato.akita.jp/chihanchisho/2734"
"71247","https://www.city.nagahama.lg.jp/0000012809.html","https://www.city.nagahama.lg.jp/0000012809.html"
"71254","https://www.town.taiki.hokkaido.jp/shigoto-sangyo/sangyoshinko/5/1468.html","https://www.town.taiki.hokkaido.jp/shigoto-sangyo/sangyoshinko/5/1468.html"
"71257","https://www.city.takaishi.lg.jp/kakuka/kyouiku/kosodatesien_ka/topics/3948.html","https://www.city.takaishi.lg.jp/kakuka/kyouiku/kosodatesien_ka/topics/3948.html"
"71273","https://www.pref.kochi.lg.jp/doc/2024031400590/","https://www.pref.kochi.lg.jp/doc/2024031400590/"
"71288","https://www.town.oizumi.gunma.jp/s019/jigyo/020/030/20220208163253.html","https://www.town.oizumi.gunma.jp/s019/jigyo/020/030/20220208163253.html"
"71301","https://www.city.hirosaki.aomori.jp/sangyo/ringyo/sinrinkankyouhozyo050401.html","https://www.city.hirosaki.aomori.jp/sangyo/ringyo/sinrinkankyouhozyo050401.html"
"71303","https://www.city.katsuyama.fukui.jp/soshiki/10/976.html","https://www.city.katsuyama.fukui.jp/soshiki/10/976.html"
"71308","https://www.city.hofu.yamaguchi.jp/soshiki/16/sigenkasuishin.html","https://www.city.hofu.yamaguchi.jp/soshiki/16/sigenkasuishin.html"
"71345","https://www.city.uenohara.yamanashi.jp/page/1011596.html","https://www.city.uenohara.yamanashi.jp/page/1011596.html"
"71347","https://www.town.ashiya.lg.jp/soshiki/8/24782.html","https://www.town.ashiya.lg.jp/soshiki/8/24782.html"
"71349","https://www.city.tsuyama.lg.jp/index2.php?id=10149","https://www.city.tsuyama.lg.jp/index2.php?id=10149"
"71385","https://www.town.haboro.lg.jp/kurashi/sangyou/roudou/koyousokushin.html","https://www.town.haboro.lg.jp/kurashi/sangyou/roudou/koyousokushin.html"
"71389","https://www.town.haboro.lg.jp/kurashi/sangyou/syoukougyou/kigyousinkou.html","https://www.town.haboro.lg.jp/kurashi/sangyou/syoukougyou/kigyousinkou.html"
"71393","https://www.town.haboro.lg.jp/kurashi/sangyou/syoukougyou/kigyousinkou.html","https://www.town.haboro.lg.jp/kurashi/sangyou/syoukougyou/kigyousinkou.html"
"71434","https://www.city.aki.kochi.jp/life/dtl.php?hdnKey=7407","https://www.city.aki.kochi.jp/life/dtl.php?hdnKey=7407"
"71439","https://www.city.sado.niigata.jp/uploaded/attachment/43357.pdf","https://www.city.sado.niigata.jp/soshiki/2015/58666.html | https://www.city.sado.niigata.jp/uploaded/attachment/43357.pdf"
"71461","https://www.city.kasai.hyogo.jp/soshiki/34/42462.html","https://www.city.kasai.hyogo.jp/soshiki/34/42462.html"
"71479","https://www.town.obira.hokkaido.jp/hotnews/detail/00003593.html","https://www.town.obira.hokkaido.jp/hotnews/detail/00003593.html"
"71495","https://www.city.morioka.iwate.jp/jigyousha/1026070/shogyo/1023778.html","https://www.city.morioka.iwate.jp/jigyousha/1026070/shogyo/1023778.html"
"71490","https://www.city.yatomi.lg.jp/kurashi/1000511/1000512/1002689/1000547.html","https://www.city.yatomi.lg.jp/kurashi/1000511/1000512/1002689/1000547.html"
"71496","https://www.pref.hiroshima.lg.jp/soshiki/35/r5chusankan-digital.html","https://www.pref.hiroshima.lg.jp/soshiki/35/r5chusankan-digital.html"
"71501","https://www.city.nagahama.lg.jp/0000014307.html","https://www.city.nagahama.lg.jp/0000014307.html"
"71509","https://www.city.seiyo.ehime.jp/miryoku/seiyoshibunkazai/bunkazai/todokehojo/7846.html","https://www.city.seiyo.ehime.jp/miryoku/seiyoshibunkazai/bunkazai/todokehojo/7846.html"
"71531","https://www.vill.ogawa.nagano.jp/docs/6939.html","https://www.vill.ogawa.nagano.jp/docs/6939.html"
"71532","https://www.vill.ogawa.nagano.jp/docs/6959.html","https://www.vill.ogawa.nagano.jp/docs/6959.html"
"71541","https://www.city.aizuwakamatsu.fukushima.jp/docs/2024031400033/","https://www.city.aizuwakamatsu.fukushima.jp/docs/2024031400033/"
"71542","https://www.city.aizuwakamatsu.fukushima.jp/docs/2024031400033/","https://www.city.aizuwakamatsu.fukushima.jp/docs/2024031400033/"
"71543","https://www.city.aizuwakamatsu.fukushima.jp/docs/2024031300043/","https://www.city.aizuwakamatsu.fukushima.jp/docs/2024031300043/"
"71560","https://www.city.awara.lg.jp/mokuteki/industry/keikanokugaikoukoku/p013906.html","https://www.city.awara.lg.jp/mokuteki/industry/keikanokugaikoukoku/p013906.html"
"71545","https://www.city.aizuwakamatsu.fukushima.jp/docs/2019040100029/","https://www.city.aizuwakamatsu.fukushima.jp/docs/2019040100029/ | https://www.city.aizuwakamatsu.fukushima.jp/docs/2024031400033/"
"71568","http://www.town.kaisei.kanagawa.jp/info/1949","http://www.town.kaisei.kanagawa.jp/info/1949"
"71579","https://www.town.ashiya.lg.jp/uploaded/attachment/16532.pdf","https://www.town.ashiya.lg.jp/soshiki/2/1404.html | https://www.town.ashiya.lg.jp/uploaded/attachment/16532.pdf"
"71582","https://www.city.kyoto.lg.jp/tokei/cmsfiles/contents/0000324/324027/24kouhoushiryou.pdf","https://www.city.kyoto.lg.jp/tokei/page/0000324027.html | https://www.city.kyoto.lg.jp/tokei/cmsfiles/contents/0000324/324027/24kouhoushiryou.pdf"
"71589","https://www.city.toyota.aichi.jp/kurashi/fukushi/shougaisha/1030041/1024003.html","https://www.city.toyota.aichi.jp/kurashi/fukushi/shougaisha/1030041/1024003.html"
"71600","https://www.city.sumoto.lg.jp/soshiki/19/1212.html","https://www.city.sumoto.lg.jp/soshiki/19/1212.html"
"71590","https://www.city.uto.lg.jp/article/view/1243/245.html","https://www.city.uto.lg.jp/article/view/1243/245.html"
"71608","https://www.town.waki.lg.jp/soshiki/1/121.html","https://www.town.waki.lg.jp/soshiki/1/121.html"
"71628","http://www.city.abiko.chiba.jp/kenko/kenkou/iryou_kikan/syonikasinryojohojo.html","http://www.city.abiko.chiba.jp/kenko/kenkou/iryou_kikan/syonikasinryojohojo.html"
"71611","https://www.pref.kochi.lg.jp/doc/taisinnsinndann/file_contents/file_20243295164734_1.pdf","https://www.pref.kochi.lg.jp/doc/taisinnsinndann/ | https://www.pref.kochi.lg.jp/doc/taisinnsinndann/file_contents/file_20243295164734_1.pdf"
"71632","https://www.town.kanegasaki.iwate.jp/articles/2023073100055/","https://www.town.kanegasaki.iwate.jp/articles/2023073100055/"
"71642","https://www.pref.kochi.lg.jp/doc/2022040400105/file_contents/jigyougaiyou.pdf","https://www.pref.kochi.lg.jp/doc/2022040400105/ | https://www.pref.kochi.lg.jp/doc/2022040400105/file_contents/jigyougaiyou.pdf"
"71641","https://www.pref.akita.lg.jp/pages/genre/72334","https://www.pref.akita.lg.jp/pages/genre/72334"
"71645","https://www.pref.akita.lg.jp/pages/genre/72334","https://www.pref.akita.lg.jp/pages/genre/72334"
"71654","https://www.city.shiso.lg.jp/jigyosha/yushiseido/18201.html","https://www.city.shiso.lg.jp/jigyosha/yushiseido/18201.html | https://www.city.shiso.lg.jp/cgi-bin/inquiry.php/7?page_no=18201"
"71657","https://www.pref.yamanashi.jp/shigaku-kgk/shuugaku/koukousei.html","https://www.pref.yamanashi.jp/shigaku-kgk/shuugaku/koukousei.html"
"71667","https://www.town.nishikawa.yamagata.jp/soshiki/midori/5045.html","https://www.town.nishikawa.yamagata.jp/soshiki/midori/5045.html"
"71669","https://www.town.nishikawa.yamagata.jp/soshiki/midori/2043.html","https://www.town.nishikawa.yamagata.jp/soshiki/midori/2043.html"
"71674","https://www.city.ishinomaki.lg.jp/cont/10452000a/383/6jikaleafletR5.pdf","https://www.city.ishinomaki.lg.jp/cont/10452000a/383/20140411131013.html | https://www.city.ishinomaki.lg.jp/cont/10452000a/383/6jikaleafletR5.pdf"
"71680","https://www.pref.fukui.lg.jp/doc/sityousinkou/furusato/sinfukuifurusatochaya.html","https://www.pref.fukui.lg.jp/doc/sityousinkou/furusato/sinfukuifurusatochaya.html"
"71681","https://www.pref.fukui.lg.jp/doc/sityousinkou/furusato/syuraku2024.html","https://www.pref.fukui.lg.jp/doc/sityousinkou/furusato/syuraku2024.html"
"71682","https://www.pref.fukui.lg.jp/doc/sityousinkou/furusato/fukuichihousousei.html","https://www.pref.fukui.lg.jp/doc/sityousinkou/furusato/fukuichihousousei.html"
"71685","https://www.pref.ishikawa.lg.jp/suisanka/documents/documents/20240311.html","https://www.pref.ishikawa.lg.jp/suisanka/documents/documents/20240311.html"
"71727","https://www.city.obu.aichi.jp/_res/projects/default_project/_page_/001/026/880/chirashi.pdf","https://www.city.obu.aichi.jp/jigyo/sangyo_shinko/1015864/1026880.html | https://www.city.obu.aichi.jp/_res/projects/default_project/_page_/001/026/880/chirashi.pdf"
"71721","https://www.city.obu.aichi.jp/kurashi/hojyokin/jyutaku/1002267.html","https://www.city.obu.aichi.jp/kurashi/hojyokin/jyutaku/1002267.html"
"71728","https://www.sazacho-nagasaki.jp/kiji0034648/index.html","https://www.sazacho-nagasaki.jp/kiji0034648/index.html"
"71740","https://www.city.kawasaki.jp/500/cmsfiles/contents/0000017/17980/dansakaishoupanhuretto_R6.1.pdf","https://www.city.kawasaki.jp/kurashi/category/24-4-16-2-0-0-0-0-0-0.html | https://www.city.kawasaki.jp/500/cmsfiles/contents/0000017/17980/dansakaishoupanhuretto_R6.1.pdf"
"71744","https://www.city.morioka.iwate.jp/jigyousha/1026070/nogyo/1008179.html","https://www.city.morioka.iwate.jp/jigyousha/1026070/nogyo/1008179.html"
"71746","https://www.city.morioka.iwate.jp/jigyousha/1026070/nogyo/1008180.html","https://www.city.morioka.iwate.jp/jigyousha/1026070/nogyo/1008180.html"
"71748","https://www.city.morioka.iwate.jp/jigyousha/1026070/nogyo/1008198.html","https://www.city.morioka.iwate.jp/jigyousha/1026070/nogyo/1008198.html"
"71754","https://www.city.kawasaki.jp/250/page/0000076881.html","https://www.city.kawasaki.jp/250/page/0000076881.html"
"71764","https://www.city.kasugai.lg.jp/_res/projects/default_project/_page_/001/008/651/pamphlet.pdf","https://www.city.kasugai.lg.jp/shisei/machi/keikan/1008651/index.html | https://www.city.kasugai.lg.jp/_res/projects/default_project/_page_/001/008/651/pamphlet.pdf"
"71765","https://www.pref.ishikawa.lg.jp/nouson/nouchihozen/documents/joen.html","https://www.pref.ishikawa.lg.jp/nouson/nouchihozen/documents/joen.html"
"71774","https://www.city.chofu.lg.jp/070030/p041170.html","https://www.city.chofu.lg.jp/070030/p041170.html"
"71775","https://www.city.chofu.lg.jp/060050/p035048.html","https://www.city.chofu.lg.jp/060050/p035048.html"
"71802","https://www.town.minowa.lg.jp/sangyo/midoridukuri_002.html","https://www.town.minowa.lg.jp/sangyo/midoridukuri_002.html"
"71817","https://www.city.morioka.iwate.jp/kankou/sports/1039314.html","https://www.city.morioka.iwate.jp/kankou/sports/1039314.html"
"71828","https://www.town.kawakita.ishikawa.jp/gyosei1/sankei/entry-1239.html","https://www.town.kawakita.ishikawa.jp/gyosei1/sankei/entry-1239.html"
"71833","https://www.city.takahama.lg.jp/uploaded/attachment/24538.pdf","https://www.city.takahama.lg.jp/soshiki/keizai/28805.html | https://www.city.takahama.lg.jp/uploaded/attachment/24538.pdf"
"71880","https://www.town.hiji.lg.jp/kurashi_tetsuzuki/gomi_kankyo_eisei/pet_chiikinecokatsudo/2809.html","https://www.town.hiji.lg.jp/kurashi_tetsuzuki/gomi_kankyo_eisei/pet_chiikinecokatsudo/2809.html"
"71883","https://www.city.naha.okinawa.jp/kurasitetuduki/life/kentiku/sonota/TSIDOU00320240318164102662.html","https://www.city.naha.okinawa.jp/kurasitetuduki/life/kentiku/sonota/TSIDOU00320240318164102662.html"
"71884","https://www.city.hiratsuka.kanagawa.jp/nenkin/page22_00061.html","https://www.city.hiratsuka.kanagawa.jp/nenkin/page22_00061.html"
"71898","https://www.city.fukui-sakai.lg.jp/machi-zukuri/jichikaihojyokin.html","https://www.city.fukui-sakai.lg.jp/machi-zukuri/jichikaihojyokin.html"
"71918","https://www.city.utsunomiya.lg.jp/_res/projects/default_project/_page_/001/006/926/ninaiteikuseikin00.pdf","https://www.city.utsunomiya.lg.jp/sangyo/nougyou/shuno/1006926.html | https://www.city.utsunomiya.lg.jp/_res/projects/default_project/_page_/001/006/926/ninaiteikuseikin00.pdf"
"71919","https://www.town.urakawa.hokkaido.jp/assets/images/content/content_20240326_132752.pdf","https://www.town.urakawa.hokkaido.jp/gyosei/education/?content=2659 | https://www.town.urakawa.hokkaido.jp/assets/images/content/content_20240326_132752.pdf"
"71936","https://www.city.iwakuni.lg.jp/soshiki/12/92861.html","https://www.city.iwakuni.lg.jp/soshiki/12/92861.html"
"71957","https://www.city.nishio.aichi.jp/_res/projects/default_project/_page_/001/009/588/1.pdf","https://www.city.nishio.aichi.jp/sangyo/kigyoyuchi/1009588.html | https://www.city.nishio.aichi.jp/_res/projects/default_project/_page_/001/009/588/1.pdf"
"72035","https://www.city.sunagawa.hokkaido.jp/sangyou/shoukou/files/R6.4shikakusyutoku.pdf","https://www.city.sunagawa.hokkaido.jp/sangyou/shoukou/chuushoukigyou_hojokin.html#%E8%B3%87%E6%A0%BC%E7%AD%89%E5%8F%96%E5%BE%97%E6%94%AF%E6%8F%B4%E4%BA%8B%E6%A5%AD | https://www.city.sunagawa.hokkaido.jp/sangyou/shoukou/files/R6.4shikakusyutoku.pdf"
"72037","https://www.city.sunagawa.hokkaido.jp/sangyou/shoukou/files/jyugyouinyatinshien.pdf","https://www.city.sunagawa.hokkaido.jp/sangyou/shoukou/chuushoukigyou_hojokin.html#%E5%BE%93%E6%A5%AD%E5%93%A1%E5%AE%B6%E8%B3%83%E6%94%AF%E6%8F%B4%E4%BA%8B%E6%A5%AD | https://www.city.sunagawa.hokkaido.jp/sangyou/shoukou/files/jyugyouinyatinshien.pdf"
"72038","https://www.city.sunagawa.hokkaido.jp/sangyou/shoukou/2022-0912-1318-45.html","https://www.city.sunagawa.hokkaido.jp/sangyou/shoukou/2022-0912-1318-45.html"
"72051","https://www.tokara.jp/2024/03/27/21109/","https://www.tokara.jp/2024/03/27/21109/"
"72048","https://web.pref.hyogo.lg.jp/nk14/sekkeishien.html","https://web.pref.hyogo.lg.jp/nk14/sekkeishien.html | https://www.hyogoforest.or.jp/sc/material/sc_sekkeishien_01.pdf"
"72061","https://www.city.tokoname.aichi.jp/kurashi/zeikin/1007444/1007611.html","https://www.city.tokoname.aichi.jp/kurashi/zeikin/1007444/1007611.html"
"72087","https://www.city.takatsuki.osaka.jp/soshiki/38/010740.html","https://www.city.takatsuki.osaka.jp/soshiki/38/010740.html"
"72076","https://www.town.higashiagatsuma.gunma.jp/www/contents/1710999747266/index.html","https://www.town.higashiagatsuma.gunma.jp/www/contents/1710999747266/index.html"
"72137","https://www.city.uwajima.ehime.jp/soshiki/5/uwajima-bosaikatudo.html","https://www.city.uwajima.ehime.jp/soshiki/5/uwajima-bosaikatudo.html"
"72116","https://www.pref.akita.lg.jp/uploads/public/archive_0000080379_00/%E3%83%81%E3%83%A9%E3%82%B7.pdf","https://www.pref.akita.lg.jp/pages/archive/80379 | https://www.pref.akita.lg.jp/uploads/public/archive_0000080379_00/%E3%83%81%E3%83%A9%E3%82%B7.pdf"
"72140","https://www.city.uwajima.ehime.jp/soshiki/5/uwajima-kasseikasiennjigyo.html","https://www.city.uwajima.ehime.jp/soshiki/5/uwajima-kasseikasiennjigyo.html"
"72143","https://www.city.kameyama.mie.jp/docs/2024020800011/","https://www.city.kameyama.mie.jp/docs/2024020800011/"
"72177","https://www.pref.kochi.lg.jp/doc/2022021400056/","https://www.pref.kochi.lg.jp/doc/2022021400056/"
"72150","https://www.city.uwajima.ehime.jp/soshiki/14/chiikidukuri-hojokin01.html","https://www.city.uwajima.ehime.jp/soshiki/14/chiikidukuri-hojokin01.html"
"72181","https://www.city.tokamachi.lg.jp/soshiki/sangyokankobu/norinka/3/gyomu/1450421641674.html","https://www.city.tokamachi.lg.jp/soshiki/sangyokankobu/norinka/3/gyomu/1450421641674.html"
"72201","http://www.town.kagoshima-osaki.lg.jp/kn_eisei/kurashi/sekatsukankyo/gesuidou_jokaso_hojo.html","http://www.town.kagoshima-osaki.lg.jp/kn_eisei/kurashi/sekatsukankyo/gesuidou_jokaso_hojo.html"
"72204","https://www.town.fuso.lg.jp/_res/projects/default_project/_page_/001/004/022/jinzaikakuho_tirashi2.pdf","https://www.town.fuso.lg.jp/sangyo/1002145/1004022.html | https://www.town.fuso.lg.jp/_res/projects/default_project/_page_/001/004/022/jinzaikakuho_tirashi2.pdf"
"72213","https://www.city.nishiwaki.lg.jp/material/files/group/5/danntairiyoujyousyakennkounyuuhojyotirasi.pdf","https://www.city.nishiwaki.lg.jp/kakukanogoannai/toshikeieibu/machizukurika/public_transport/jrkakogawasen/27913.html | https://www.city.nishiwaki.lg.jp/material/files/group/5/danntairiyoujyousyakennkounyuuhojyotirasi.pdf"
"72217","https://www.city.sakata.lg.jp/bunka/geijyutsu/geijyutsubunka/artproject.files/gaiyou.pdf","https://www.city.sakata.lg.jp/bunka/geijyutsu/geijyutsubunka/artproject.html | https://www.city.sakata.lg.jp/bunka/geijyutsu/geijyutsubunka/artproject.files/gaiyou.pdf"
"72220","https://www.city.omuta.lg.jp/kiji00319059/3_19059_103114_up_q78dp4q7.pdf","https://www.city.omuta.lg.jp/kiji00319059/index.html | https://www.city.omuta.lg.jp/kiji00319059/3_19059_103114_up_q78dp4q7.pdf"
"72233","https://www.city.hashimoto.lg.jp/guide/shobohonbu/soski/syouboudan/16335.html","https://www.city.hashimoto.lg.jp/guide/shobohonbu/soski/syouboudan/16335.html"
"72232","https://www.city.bungotakada.oita.jp/soshiki/13/22852.html","https://www.city.bungotakada.oita.jp/soshiki/13/22852.html"
"72234","https://www.city.omuta.lg.jp/kiji00319059/index.html","https://www.city.omuta.lg.jp/kiji00319059/index.html"
"72236","https://www.city.omuta.lg.jp/kiji00319059/index.html","https://www.city.omuta.lg.jp/kiji00319059/index.html"
"72249","https://www.city.kyoto.lg.jp/ukyo/cmsfiles/contents/0000323/323247/03bupin.pdf","https://www.city.kyoto.lg.jp/ukyo/page/0000323247.html | https://www.city.kyoto.lg.jp/ukyo/cmsfiles/contents/0000323/323247/03bupin.pdf"
"72242","https://www.city.omuta.lg.jp/kiji00319059/index.html","https://www.city.omuta.lg.jp/kiji00319059/index.html"
"72267","https://www.city.matsumoto.nagano.jp/site/benricho/3121.html","https://www.city.matsumoto.nagano.jp/site/benricho/3121.html"
"72279","https://www.city.oita.oita.jp/o160/shigotosangyo/norinsuisangyo/documents/6r5koukyoutirasi.pdf","https://www.city.oita.oita.jp/o160/shigotosangyo/norinsuisangyo/r6koukyusisetu.html | https://www.city.oita.oita.jp/o160/shigotosangyo/norinsuisangyo/documents/6r5koukyoutirasi.pdf"
"72287","https://www.city.niigata.lg.jp/kurashi/kankyo/hozen/shizenfureai/jugaitaisaku.html","https://www.city.niigata.lg.jp/kurashi/kankyo/hozen/shizenfureai/jugaitaisaku.html"
"72295","https://www.jeed.go.jp/disability/subsidy/shokubatekiou_joseikin/q2k4vk000003ohj0-att/q2k4vk000003ohkw.pdf","https://www.jeed.go.jp/disability/subsidy/shokubatekiou_joseikin/sub04_houmongata.html | https://www.jeed.go.jp/location/shibu/index.html | https://www.jeed.go.jp/disability/subsidy/shokubatekiou_joseikin/q2k4vk000003ohj0-att/q2k4vk000003ohkw.pdf"
"72292","https://www.city.yatsushiro.lg.jp/kiji00321796/3_21796_118791_up_ipwis200.pdf","https://www.city.yatsushiro.lg.jp/kiji00321796/index.html | https://www.city.yatsushiro.lg.jp/kiji00321796/3_21796_118791_up_ipwis200.pdf"
"72300","https://www.jeed.go.jp/disability/subsidy/shokubatekiou_joseikin/q2k4vk000003ohj0-att/q2k4vk000003ohkw.pdf","https://www.jeed.go.jp/disability/subsidy/shokubatekiou_joseikin/sub04_kigyouzaisekigata_shokubatekiou.html | https://www.jeed.go.jp/location/shibu/index.html | https://www.jeed.go.jp/disability/subsidy/shokubatekiou_joseikin/q2k4vk000003ohj0-att/q2k4vk000003ohkw.pdf"
"72337","https://www.pref.akita.lg.jp/uploads/public/archive_0000080348_00/%E3%80%90%E6%96%BD%E8%A1%8C%E3%80%91%E4%B8%AD%E5%B0%8F%E4%BC%81%E6%A5%AD%EF%BC%A2%EF%BC%A3%EF%BC%B0%E5%AE%9F%E5%8A%B9%E6%80%A7%E7%A2%BA%E4%BF%9D%E6%94%AF%E6%8F%B4%E4%BA%8B%E6%A5%AD%E3%83%81%E3%83%A9%E3%82%B7.pdf","https://www.pref.akita.lg.jp/pages/archive/80348 | https://www.pref.akita.lg.jp/uploads/public/archive_0000080348_00/%E3%80%90%E6%96%BD%E8%A1%8C%E3%80%91%E4%B8%AD%E5%B0%8F%E4%BC%81%E6%A5%AD%EF%BC%A2%EF%BC%A3%EF%BC%B0%E5%AE%9F%E5%8A%B9%E6%80%A7%E7%A2%BA%E4%BF%9D%E6%94%AF%E6%8F%B4%E4%BA%8B%E6%A5%AD%E3%83%81%E3%83%A9%E3%82%B7.pdf"
"72343","https://www.city.tamana.lg.jp/q/aview/308/28826.html","https://www.city.tamana.lg.jp/q/aview/308/28826.html"
"72346","https://www.city.omuta.lg.jp/kiji00318970/index.html","https://www.city.omuta.lg.jp/kiji00318970/index.html"
"72362","https://www.city.asahikawa.hokkaido.jp/kurashi/408/409/412/p006139.html","https://www.city.asahikawa.hokkaido.jp/kurashi/408/409/412/p006139.html"
"72382","https://www.city.shimonoseki.lg.jp/soshiki/40/83754.html","https://www.city.shimonoseki.lg.jp/soshiki/40/83754.html"
"72394","https://www.city.atami.lg.jp/kurashi/kaigo/1015224.html","https://www.city.atami.lg.jp/kurashi/kaigo/1015224.html"
"72409","https://www.city.toyooka.lg.jp/_res/projects/default_project/_page_/001/029/154/syuutitirasi.pdf","https://www.city.toyooka.lg.jp/koreisha/kaigojigyo/1029154.html | https://www.city.toyooka.lg.jp/_res/projects/default_project/_page_/001/029/154/syuutitirasi.pdf"
"72423","https://www.city.ishinomaki.lg.jp/cont/10452000a/0003/555/chirashi.pdf","https://www.city.ishinomaki.lg.jp/cont/10452000a/0003/555/20240326170501.html | https://www.city.ishinomaki.lg.jp/cont/10452000a/0003/555/chirashi.pdf"
"72415","https://www.town.bihoro.hokkaido.jp/docs/2024031200015/","https://www.town.bihoro.hokkaido.jp/docs/2024031200015/"
"72449","https://www.city.okayama.jp/jigyosha/cmsfiles/contents/0000058/58030/03chirashi.pdf","https://www.city.okayama.jp/jigyosha/0000058030.html | https://www.city.okayama.jp/jigyosha/cmsfiles/contents/0000058/58030/03chirashi.pdf"
"72495","https://www.vill.noda.iwate.jp/soshiki/miraizukurisuishinka/ijuteijuhan/juminkatsudo_community/1626.html","https://www.vill.noda.iwate.jp/soshiki/miraizukurisuishinka/ijuteijuhan/juminkatsudo_community/1626.html"
"72480","https://www.city.nagano.nagano.jp/n160500/contents/p006142.html","https://www.city.nagano.nagano.jp/n160500/contents/p006142.html"
"72505","https://www.city.nakano.nagano.jp/docs/2024032400049","https://www.city.nakano.nagano.jp/docs/2024032400049"
"72507","https://www.city.amakusa.kumamoto.jp/kiji0039164/3_9164_47583_up_57lzzbbz.pdf","https://www.city.amakusa.kumamoto.jp/kiji0039164/index.html | https://www.city.amakusa.kumamoto.jp/kiji0039164/3_9164_47583_up_57lzzbbz.pdf"
"72499","https://www.city.toyonaka.osaka.jp/machi/kouen_midori/shizen/3gen.files/R6tirasi.pdf","https://www.city.toyonaka.osaka.jp/machi/kouen_midori/shizen/3gen.html | https://www.city.toyonaka.osaka.jp/machi/kouen_midori/shizen/3gen.files/R6tirasi.pdf"
"72512","https://www.city.oita.oita.jp/o155/shigotosangyo/kigyoshien/keieiryokukyouka.html","https://www.city.oita.oita.jp/o155/shigotosangyo/kigyoshien/keieiryokukyouka.html"
"72509","https://www.city.oita.oita.jp/o155/shigotosangyo/kigyoshien/documents/chirashi.pdf","https://www.city.oita.oita.jp/o155/shigotosangyo/kigyoshien/keieiryokukyouka.html | https://www.city.oita.oita.jp/o155/shigotosangyo/kigyoshien/documents/chirashi.pdf"
"72514","https://www.city.oita.oita.jp/o155/shigotosangyo/kigyoshien/keieiryokukyouka.html","https://www.city.oita.oita.jp/o155/shigotosangyo/kigyoshien/keieiryokukyouka.html"
"72515","https://www.town.ino.kochi.jp/pdf/post14069_1.pdf","https://www.town.ino.kochi.jp/shigoto/nogyo/nogyo_keikaku/12097 | https://www.town.ino.kochi.jp/pdf/post14069_1.pdf"
"72525","https://www.pref.kanagawa.jp/docs/n7j/cnt/f6880/solarcarport.html","https://www.pref.kanagawa.jp/docs/n7j/cnt/f6880/solarcarport.html"
"72517","https://www.city.oita.oita.jp/o155/shigotosangyo/kigyoshien/jigyoshokei2025.html","https://www.city.oita.oita.jp/o155/shigotosangyo/kigyoshien/jigyoshokei2025.html"
"72527","http://www.city.ako.lg.jp/kenkou/kaigo/kaigokenshuhiyozyosei.html","http://www.city.ako.lg.jp/kenkou/kaigo/kaigokenshuhiyozyosei.html"
"72541","http://www.city.kurume.fukuoka.jp/1050kurashi/2060dourokasen/3040machizukuri/2024-0313-0921-98.html","http://www.city.kurume.fukuoka.jp/1050kurashi/2060dourokasen/3040machizukuri/2024-0313-0921-98.html"
"72540","https://www.city.tsuruga.lg.jp/about_city/business/kigyo/machisougyou.html","https://www.city.tsuruga.lg.jp/about_city/business/kigyo/machisougyou.html"
"72552","https://www.city.yatomi.lg.jp/kurashi/1000403/1005537/1005539.html","https://www.city.yatomi.lg.jp/kurashi/1000403/1005537/1005539.html"
"72556","https://www.town.nanae.hokkaido.jp/hotnews/detail/00014669.html","https://www.town.nanae.hokkaido.jp/hotnews/detail/00014669.html"
"72554","https://www.town.nanae.hokkaido.jp/hotnews/detail/00014669.html","https://www.town.nanae.hokkaido.jp/hotnews/detail/00014669.html"
"72561","https://www.town.kaminokawa.lg.jp/0081/info-0000003284-0.html","https://www.town.kaminokawa.lg.jp/0081/info-0000003284-0.html"
"72587","https://www.city.minato.tokyo.jp/chikyukankyou/saiene-support-yushi.html","https://www.city.minato.tokyo.jp/chikyukankyou/saiene-support-yushi.html"
"72586","https://www.city.chiyoda.lg.jp/documents/31220/pamphlet.pdf","https://www.city.chiyoda.lg.jp/koho/machizukuri/kankyo/hojo/datsutansoadvisor-josei.html | https://www.city.chiyoda.lg.jp/documents/31220/pamphlet.pdf"
"72590","https://www.city.inagi.tokyo.jp/kanko/kanko_tokusyoku/Inagi_Free_Wi-Fi/wi-fi_hozyokin.files/chirashi.pdf","https://www.city.inagi.tokyo.jp/kanko/kanko_tokusyoku/Inagi_Free_Wi-Fi/wi-fi_hozyokin.html | https://www.city.inagi.tokyo.jp/kanko/kanko_tokusyoku/Inagi_Free_Wi-Fi/wi-fi_hozyokin.files/chirashi.pdf"
"72597","https://www.city.shimonoseki.lg.jp/soshiki/66/109439.html","https://www.city.shimonoseki.lg.jp/soshiki/66/109439.html"
"72602","https://www.city.taito.lg.jp/kenchiku/machibika/kosyu/0153796.files/chirashi2024.pdf","https://www.city.taito.lg.jp/kenchiku/machibika/kosyu/0153796.html | https://www.city.taito.lg.jp/kenchiku/machibika/kosyu/0153796.files/chirashi2024.pdf"
"72638","https://www.town.kanegasaki.iwate.jp/articles/2024030500024/","https://www.town.kanegasaki.iwate.jp/articles/2024030500024/"
"72668","https://www.town.karuizawa.lg.jp/www/contents/1711672051073/index.html","https://www.town.karuizawa.lg.jp/www/contents/1711672051073/index.html"
"72640","https://www.city.toda.saitama.jp/soshiki/234/chojukaigo-kaigorobot.html","https://www.city.toda.saitama.jp/soshiki/234/chojukaigo-kaigorobot.html"
"72669","https://www.city.sosa.lg.jp/page/page005256.html","https://www.city.sosa.lg.jp/page/page005256.html"
"72681","https://www.city.sasebo.lg.jp/keizai/syouko/jinzaikuse.html","https://www.city.sasebo.lg.jp/keizai/syouko/jinzaikuse.html"
"72671","https://www.city.sosa.lg.jp/page/page005255.html","https://www.city.sosa.lg.jp/page/page005255.html"
"72683","https://www.city.kitakata.fukushima.jp/uploaded/attachment/43769.pdf","https://www.city.kitakata.fukushima.jp/soshiki/hoken/48267.html | https://www.city.kitakata.fukushima.jp/uploaded/attachment/43769.pdf"
"72685","https://www.city.kitakata.fukushima.jp/uploaded/attachment/43681.pdf","https://www.city.kitakata.fukushima.jp/soshiki/kikaku/46641.html | https://www.city.kitakata.fukushima.jp/uploaded/attachment/43681.pdf"
"72693","https://www.town.kawamata.lg.jp/site/kurashi-tetsuzuki/jisyubousaihojokin.html","https://www.town.kawamata.lg.jp/site/kurashi-tetsuzuki/jisyubousaihojokin.html"
"72694","https://www.city.nagoya.jp/kenkofukushi/page/0000173470.html","https://www.city.nagoya.jp/kenkofukushi/page/0000173470.html"
"72710","https://www.city.hanno.lg.jp/soshikikarasagasu/kankyokeizaibu/sangyoshinkoka/kigyoyuchi/1903.html","https://www.city.hanno.lg.jp/soshikikarasagasu/kankyokeizaibu/sangyoshinkoka/kigyoyuchi/1903.html"
"72717","https://www.city.toyokawa.lg.jp/kurashi/gomirecycle/recycle/yukabutsukofukin.html","https://www.city.toyokawa.lg.jp/kurashi/gomirecycle/recycle/yukabutsukofukin.html"
"72720","https://www.town.oizumi.gunma.jp/s005/gyosei/010/010/202303291724/20200817181902.html","https://www.town.oizumi.gunma.jp/s005/gyosei/010/010/202303291724/20200817181902.html"
"72722","https://www.pref.tottori.lg.jp/secure/1351287/mode.pdf","https://www.pref.tottori.lg.jp/316568.htm | https://www.pref.tottori.lg.jp/secure/1351287/mode.pdf"
"72731","https://www.pref.akita.lg.jp/uploads/public/archive_0000079732_00/%E5%91%A8%E7%9F%A5%E3%83%BB%E5%8B%9F%E9%9B%86%E3%83%81%E3%83%A9%E3%82%B7%EF%BC%88%E6%88%91%E3%81%8C%E7%A4%BE%E3%81%AE%E8%84%B1%E7%82%AD%E7%B4%A0%E5%8C%96%E4%BF%83%E9%80%B2%E4%BA%8B%E6%A5%AD%E8%B2%BB%E8%A3%9C%E5%8A%A9%E9%87%91%E5%88%B6%E5%BA%A6%EF%BC%89.pdf","https://www.pref.akita.lg.jp/pages/archive/79732 | https://www.pref.akita.lg.jp/uploads/public/archive_0000079732_00/%E5%91%A8%E7%9F%A5%E3%83%BB%E5%8B%9F%E9%9B%86%E3%83%81%E3%83%A9%E3%82%B7%EF%BC%88%E6%88%91%E3%81%8C%E7%A4%BE%E3%81%AE%E8%84%B1%E7%82%AD%E7%B4%A0%E5%8C%96%E4%BF%83%E9%80%B2%E4%BA%8B%E6%A5%AD%E8%B2%BB%E8%A3%9C%E5%8A%A9%E9%87%91%E5%88%B6%E5%BA%A6%EF%BC%89.pdf"
"72732","https://www.vill.achi.lg.jp/soshiki/3/20240417neko.html","https://www.vill.achi.lg.jp/soshiki/3/20240417neko.html"
"72736","https://www.city.joetsu.niigata.jp/soshiki/sangyou/wlb-ninntei-hozyo.html","https://www.city.joetsu.niigata.jp/soshiki/sangyou/wlb-ninntei-hozyo.html"
"72740","https://www.town.kumamoto-yamato.lg.jp/kiji0039098/index.html","https://www.town.kumamoto-yamato.lg.jp/kiji0039098/index.html"
"72744","https://www.pref.akita.lg.jp/uploads/public/archive_0000079732_00/%E5%91%A8%E7%9F%A5%E3%83%BB%E5%8B%9F%E9%9B%86%E3%83%81%E3%83%A9%E3%82%B7%EF%BC%88%E6%88%91%E3%81%8C%E7%A4%BE%E3%81%AE%E8%84%B1%E7%82%AD%E7%B4%A0%E5%8C%96%E4%BF%83%E9%80%B2%E4%BA%8B%E6%A5%AD%E8%B2%BB%E8%A3%9C%E5%8A%A9%E9%87%91%E5%88%B6%E5%BA%A6%EF%BC%89.pdf","https://www.pref.akita.lg.jp/pages/archive/79732 | https://www.pref.akita.lg.jp/uploads/public/archive_0000079732_00/%E5%91%A8%E7%9F%A5%E3%83%BB%E5%8B%9F%E9%9B%86%E3%83%81%E3%83%A9%E3%82%B7%EF%BC%88%E6%88%91%E3%81%8C%E7%A4%BE%E3%81%AE%E8%84%B1%E7%82%AD%E7%B4%A0%E5%8C%96%E4%BF%83%E9%80%B2%E4%BA%8B%E6%A5%AD%E8%B2%BB%E8%A3%9C%E5%8A%A9%E9%87%91%E5%88%B6%E5%BA%A6%EF%BC%89.pdf"
"72747","https://www.town.hokkaido-mori.lg.jp/docs/2024030600021/","https://www.town.hokkaido-mori.lg.jp/docs/2024030600021/"
"72755","https://www.city.tomioka.lg.jp/www/contents/1707875528360/index.html","https://www.city.tomioka.lg.jp/www/contents/1707875528360/index.html"
"72758","https://www.city.nakano.nagano.jp/docs/2024032500015/","https://www.city.nakano.nagano.jp/docs/2024032500015/"
"72764","https://www.higashikagawa.jp/soshikikarasagasu/chojuhokenka/gyomuannai/3/1/5321.html","https://www.higashikagawa.jp/soshikikarasagasu/chojuhokenka/gyomuannai/3/1/5321.html"
"72761","https://www.city.sosa.lg.jp/page/page005308.html","https://www.city.sosa.lg.jp/page/page005308.html"
"72768","https://www.city.kosai.shizuoka.jp/material/files/group/23/zissyouzikkennzigyou.pdf","https://www.city.kosai.shizuoka.jp/soshikiichiran/sangyoshinkoka/shokoroseikakari/5/14521.html | https://www.city.kosai.shizuoka.jp/material/files/group/23/zissyouzikkennzigyou.pdf"
"72773","https://www.city.kiryu.lg.jp/_res/projects/default_project/_page_/001/023/747/chirashi.pdf","https://www.city.kiryu.lg.jp/sangyou/1018120/hojo/1023747.html | https://www.city.kiryu.lg.jp/_res/projects/default_project/_page_/001/023/747/chirashi.pdf"
"72813","https://www.city.nagoya.jp/jutakutoshi/page/0000172715.html","https://www.city.nagoya.jp/jutakutoshi/page/0000172715.html"
"72824","https://www.town.tadaoka.osaka.jp/soshiki/sangyo_kenchiku/2/4_2/4181.html","https://www.town.tadaoka.osaka.jp/soshiki/sangyo_kenchiku/2/4_2/4181.html"
"72861","https://www.city.katsushika.lg.jp/_res/projects/default_project/_page_/001/034/599/tira20240401.pdf","https://www.city.katsushika.lg.jp/business/1000011/1034399/1031748/1034599.html | https://www.city.katsushika.lg.jp/_res/projects/default_project/_page_/001/034/599/tira20240401.pdf"
"72883","https://www.city.sakura.lg.jp/soshiki/kikikanrika/227/18932.html","https://www.city.sakura.lg.jp/soshiki/kikikanrika/227/18932.html"
"72903","https://www.town.otaki.chiba.jp/gyousei/citypromotion/4/1306.html","https://www.town.otaki.chiba.jp/gyousei/citypromotion/4/1306.html"
"72910","https://www.city.nakatsugawa.lg.jp/works/ci/4/21734.html","https://www.city.nakatsugawa.lg.jp/works/ci/4/21734.html"
"72906","https://www.city.niigata.lg.jp/business/norinsuisan/noson/R6jisinshosaigai.html","https://www.city.niigata.lg.jp/business/norinsuisan/noson/R6jisinshosaigai.html"
"72911","https://www.city.hamura.tokyo.jp/prsite/cmsfiles/contents/0000007/7594/tirasi.pdf","https://www.city.hamura.tokyo.jp/prsite/0000007594.html | https://www.city.hamura.tokyo.jp/prsite/cmsfiles/contents/0000007/7594/tirasi.pdf"
"72915","https://www.town.kawakita.ishikawa.jp/gyosei1/sankei/entry-1245.html","https://www.town.kawakita.ishikawa.jp/gyosei1/sankei/entry-1245.html"
"72918","https://www.pref.kochi.lg.jp/doc/2024030600267/","https://www.pref.kochi.lg.jp/doc/2024030600267/"
"72925","https://www.pref.kochi.lg.jp/doc/2024032600319/","https://www.pref.kochi.lg.jp/doc/2024032600319/"
"72948","https://www.pref.oita.jp/soshiki/14240/chinetsuriyou.html","https://www.pref.oita.jp/soshiki/14240/chinetsuriyou.html"
"72978","https://www.city.tomisato.lg.jp/0000015127.html","https://www.city.tomisato.lg.jp/0000015127.html"
"73005","https://www.town.yokoshibahikari.chiba.jp/soshiki/11/1005.html","https://www.town.yokoshibahikari.chiba.jp/soshiki/11/1005.html"
"73024","https://www.pref.yamaguchi.lg.jp/soshiki/86/251120.html","https://www.pref.yamaguchi.lg.jp/soshiki/86/251120.html"
"73020","https://www.city.minamiawaji.hyogo.jp/uploaded/attachment/318009.pdf","https://www.city.minamiawaji.hyogo.jp/soshiki/furusato/chusho.html | https://www.city.minamiawaji.hyogo.jp/uploaded/attachment/318009.pdf"
"73026","https://www.city.ayase.kanagawa.jp/shigoto_sangyo_machizukuri/sangyoshinko/chushokigyotoshien/17531.html","https://www.city.ayase.kanagawa.jp/shigoto_sangyo_machizukuri/sangyoshinko/chushokigyotoshien/17531.html | https://www.city.ayase.kanagawa.jp/cgi-bin/inquiry.php/100?page_no=17531"
"73065","https://www.city.hanno.lg.jp/kurashi_seikatsukankyo/anzen_bohan/3/9553.html","https://www.city.hanno.lg.jp/kurashi_seikatsukankyo/anzen_bohan/3/9553.html"
"73063","https://www.teshiotown.hokkaido.jp/?p=22843","https://www.teshiotown.hokkaido.jp/?p=22843"
"73068","http://www.townhamanaka.jp/sangyou_shigoto/syoukou/2024-0229-1504-28.html","http://www.townhamanaka.jp/sangyou_shigoto/syoukou/2024-0229-1504-28.html"
"73094","https://www.town.tako.chiba.jp/docs/2024040400055/","https://www.town.tako.chiba.jp/docs/2024040400055/"
"73088","https://www.city.toyokawa.lg.jp/kurashi/fukushikaigo/shogaifukushi/sabetsukaisyo/shofuku20240401.html","https://www.city.toyokawa.lg.jp/kurashi/fukushikaigo/shogaifukushi/sabetsukaisyo/shofuku20240401.html"
"73105","https://www.town.taketoyo.lg.jp/kurashi/1001508/1001593/1004756.html","https://www.town.taketoyo.lg.jp/kurashi/1001508/1001593/1004756.html"
"73095","https://www.town.tako.chiba.jp/docs/2024040400048/","https://www.town.tako.chiba.jp/docs/2024040400048/"
"73096","https://www.town.taketoyo.lg.jp/kurashi/1001508/1001593/1004805.html","https://www.town.taketoyo.lg.jp/kurashi/1001508/1001593/1004805.html"
"73110","https://www.town.ooki.lg.jp/soshiki/chiiki/manabi/kodomokai/3799.html","https://www.town.ooki.lg.jp/soshiki/chiiki/manabi/kodomokai/3799.html"
"73116","https://www.town.toyono.osaka.jp/page/page006568.html","https://www.town.toyono.osaka.jp/page/page006568.html"
"73117","https://www.town.shisui.chiba.jp/docs/2023122000022/","https://www.town.shisui.chiba.jp/docs/2023122000022/"
"73129","https://www.town.minamiechizen.lg.jp/kurasi/104/131/p010418.html","https://www.town.minamiechizen.lg.jp/kurasi/104/131/p010418.html"
"73134","https://www.city.sumoto.lg.jp/uploaded/attachment/14911.pdf","https://www.city.sumoto.lg.jp/soshiki/28/25670.html | https://www.city.sumoto.lg.jp/uploaded/attachment/14911.pdf"
"73130","https://www.city.shiso.lg.jp/jigyosha/yushiseido/18336.html","https://www.city.shiso.lg.jp/jigyosha/yushiseido/18336.html"
"73139","https://www.city.matsue.lg.jp/material/files/group/24/hozyotaisyou.pdf","https://www.city.matsue.lg.jp/sangyo_business/sangyoshinko/9/3/19486.html | https://www.city.matsue.lg.jp/material/files/group/24/hozyotaisyou.pdf"
"73150","https://www.rinya.maff.go.jp/j/keikaku/kouzoukaizen/koufukin2.html","https://www.rinya.maff.go.jp/j/keikaku/kouzoukaizen/koufukin2.html"
"73144","https://www.maff.go.jp/j/seisaku_tokatu/antei/keiei_antei.html","https://www.maff.go.jp/j/seisaku_tokatu/antei/keiei_antei.html"
"73195","https://www.pref.miyazaki.lg.jp/iryoseisaku/kurashi/iryo/kango/20231215164355.html","https://www.pref.miyazaki.lg.jp/iryoseisaku/kurashi/iryo/kango/20231215164355.html"
"73206","https://www.rinya.maff.go.jp/j/seibi/zourinkikaku/shinrinseibi_aramashi.html","https://www.rinya.maff.go.jp/j/seibi/zourinkikaku/shinrinseibi_aramashi.html"
"73198","http://www.townhamanaka.jp/sangyou_shigoto/syoukou/2024-0228-1455-28.html","http://www.townhamanaka.jp/sangyou_shigoto/syoukou/2024-0228-1455-28.html"
"73210","http://www.town.makubetsu.lg.jp/kanko_sangyo/nogyo/thikusan/yu-ryo-wagyuu.html","http://www.town.makubetsu.lg.jp/kanko_sangyo/nogyo/thikusan/yu-ryo-wagyuu.html"
"73220","https://www.town.yubetsu.lg.jp/administration/news/detail.html?news=255","https://www.town.yubetsu.lg.jp/administration/news/detail.html?news=255"
"73211","https://www.city.niigata.lg.jp/business/norinsuisan/noson/tanbodamsienjigyou.html","https://www.city.niigata.lg.jp/business/norinsuisan/noson/tanbodamsienjigyou.html"
"73228","https://www.city.nishiwaki.lg.jp/kakukanogoannai/toshikeieibu/machizukurika/public_transport/jrkakogawasen/28086.html","https://www.city.nishiwaki.lg.jp/kakukanogoannai/toshikeieibu/machizukurika/public_transport/jrkakogawasen/28086.html"
"73234","https://www.town.tako.chiba.jp/docs/2024040400017/#4","https://www.town.tako.chiba.jp/docs/2024040400017/#4"
"73231","https://www.town.tako.chiba.jp/docs/2024040400017/#2","https://www.town.tako.chiba.jp/docs/2024040400017/#2"
"73236","https://www.town.tako.chiba.jp/docs/2024083000014/#:~:text=%E5%A4%9A%E5%8F%A4%E7%94%BA%E8%89%AF%E8%B3%AA%E7%B1%B3%E4%BF%9D%E6%8C%81%E4%BA%8B%E6%A5%AD%E8%A3%9C%E5%8A%A9%E9%87%91%EF%BC%88%E7%94%BA%E4%BA%8B%E6%A5%AD%EF%BC%89","https://www.town.tako.chiba.jp/docs/2024083000014/#:~:text=%E5%A4%9A%E5%8F%A4%E7%94%BA%E8%89%AF%E8%B3%AA%E7%B1%B3%E4%BF%9D%E6%8C%81%E4%BA%8B%E6%A5%AD%E8%A3%9C%E5%8A%A9%E9%87%91%EF%BC%88%E7%94%BA%E4%BA%8B%E6%A5%AD%EF%BC%89"
"73251","https://www.city.minamiawaji.hyogo.jp/uploaded/attachment/317882.pdf","https://www.city.minamiawaji.hyogo.jp/soshiki/furusato/akiyasaisei.html | https://www.city.minamiawaji.hyogo.jp/uploaded/attachment/317882.pdf"
"73245","https://www.city.himi.toyama.jp/gyosei/soshiki/norinchikusan/2/9555.html","https://www.city.himi.toyama.jp/gyosei/soshiki/norinchikusan/2/9555.html"
"73280","https://www.city.asahikawa.hokkaido.jp/kurashi/364/392/work0002/d079421.html","https://www.city.asahikawa.hokkaido.jp/kurashi/364/392/work0002/d079421.html"
"73285","https://www.city.minamiawaji.hyogo.jp/uploaded/attachment/317774.pdf","https://www.city.minamiawaji.hyogo.jp/soshiki/toshi/akiyakakuho.html | https://www.city.minamiawaji.hyogo.jp/uploaded/attachment/317774.pdf"
"73289","https://kouseikyoku.mhlw.go.jp/kantoshinetsu/kenko_fukushi/20130618-3.html","https://kouseikyoku.mhlw.go.jp/kantoshinetsu/kenko_fukushi/20130618-3.html"
"73291","https://www.city.nakagawa.lg.jp/soshiki/17/zyoukasoukigyou.html","https://www.city.nakagawa.lg.jp/soshiki/17/zyoukasoukigyou.html"
"73292","https://www.city.anjo.aichi.jp/kurasu/bika/suisosuteisyon/suisosetubiseibi.html","https://www.city.anjo.aichi.jp/kurasu/bika/suisosuteisyon/suisosetubiseibi.html"
"73300","https://www.town.matsuno.ehime.jp/soshiki/4/9586.html","https://www.town.matsuno.ehime.jp/soshiki/4/9586.html"
"73301","https://www.city.yoshinogawa.lg.jp/docs/2024022800064/","https://www.city.yoshinogawa.lg.jp/docs/2024022800064/"
"73318","https://www.city.aichi-miyoshi.lg.jp/sosiki/shiminkeizai/kankyo/hojokin/7893.html","https://www.city.aichi-miyoshi.lg.jp/sosiki/shiminkeizai/kankyo/hojokin/7893.html"
"73314","https://www.city.adachi.tokyo.jp/documents/24481/annnaichirashi.pdf","https://www.city.adachi.tokyo.jp/chusho/kensyuu.html | https://www.city.adachi.tokyo.jp/documents/24481/annnaichirashi.pdf"
"73319","https://www.city.komaki.aichi.jp/material/files/group/13/jibasanpin.pdf","https://www.city.komaki.aichi.jp/admin/soshiki/chiikikassei/syoukou/1/6/2/44651.html | https://www.city.komaki.aichi.jp/material/files/group/13/jibasanpin.pdf"
"73328","https://www.town.shimokawa.hokkaido.jp/section/2024/04/post-288.html","https://www.town.shimokawa.hokkaido.jp/section/2024/04/post-288.html"
"73323","https://www.town.nyuzen.toyama.jp/gyosei/soshiki/hoken_fukushi/2/2/3/5935.html","https://www.town.nyuzen.toyama.jp/gyosei/soshiki/hoken_fukushi/2/2/3/5935.html"
"73336","https://www.city.nakatsugawa.lg.jp/works/ci/4/5967.html","https://www.city.nakatsugawa.lg.jp/works/ci/4/5967.html"
"73357","https://www.city.takahashi.lg.jp/soshiki/22/tiikisyougyou.html","https://www.city.takahashi.lg.jp/soshiki/22/tiikisyougyou.html"
"73354","https://www.pref.okayama.jp/page/727512.html","https://www.pref.okayama.jp/page/727512.html"
"73368","https://www.pref.kagawa.lg.jp/documents/47145/r6gaiyou2.pdf","https://www.pref.kagawa.lg.jp/sangyo/startupsquare2024.html | https://www.pref.kagawa.lg.jp/documents/47145/r6gaiyou2.pdf | https://www.pref.kagawa.lg.jp/documents/47145/r6bosyu.pdf"
"73386","https://www.city.iwata.shizuoka.jp/_res/projects/default_project/_page_/001/013/276/lemon_chirashi2.pdf","https://www.city.iwata.shizuoka.jp/sangyou_business/nougyou/1008767/1013276.html | https://www.city.iwata.shizuoka.jp/_res/projects/default_project/_page_/001/013/276/lemon_chirashi2.pdf"
"73394","https://www.maff.go.jp/j/nousin/kanri/attach/pdf/tamen_siharai-157.pdf","https://www.maff.go.jp/j/nousin/kanri/tamen_siharai.html | https://www.maff.go.jp/j/nousin/kanri/attach/pdf/tamen_siharai-157.pdf"
"73415","https://www.city.nanto.toyama.jp/cms-sypher/open_imgs/service/0000086437.pdf","https://www.city.nanto.toyama.jp/cms-sypher/www/service/detail.jsp?id=19660 | https://www.city.nanto.toyama.jp/cms-sypher/open_imgs/service/0000086437.pdf"
"73419","https://www.city.seki.lg.jp/0000020781.html","https://www.city.seki.lg.jp/0000020781.html"
"73416","https://www.city.toyama.lg.jp/kurashi/jichi/1010388/1012281.html","https://www.city.toyama.lg.jp/kurashi/jichi/1010388/1012281.html"
"73425","https://www.pref.miyazaki.lg.jp/iryoseisaku/kurashi/iryo/kangojinzai.html","https://www.pref.miyazaki.lg.jp/iryoseisaku/kurashi/iryo/kangojinzai.html"
"73434","https://www.city.ibaraki-koga.lg.jp/soshiki/kankyo/kabon/18666.html","https://www.city.ibaraki-koga.lg.jp/soshiki/kankyo/kabon/18666.html"
"73437","https://www.city.musashino.lg.jp/_res/projects/default_project/_page_/001/046/910/jinzaiteityaku.pdf","https://www.city.musashino.lg.jp/kenko_fukushi/koureisha_fukushi/event_koureisha/1046910.html | https://www.city.musashino.lg.jp/_res/projects/default_project/_page_/001/046/910/jinzaiteityaku.pdf"
"73438","https://www.city.tokamachi.lg.jp/soshiki/sangyokankobu/sangyoseisakuka/2/gyomu/1453877611548.html","https://www.city.tokamachi.lg.jp/soshiki/sangyokankobu/sangyoseisakuka/2/gyomu/1453877611548.html"
"73444","https://www.city.ishinomaki.lg.jp/cont/10351000/1559/20240328090652.html","https://www.city.ishinomaki.lg.jp/cont/10351000/1559/20240328090652.html"
"73446","https://www.city.bibai.hokkaido.jp/uploaded/attachment/15189.pdf","https://www.city.bibai.hokkaido.jp/soshiki/16/1056.html | https://www.city.bibai.hokkaido.jp/uploaded/attachment/15189.pdf"
"73449","http://www.town.kagoshima-osaki.lg.jp/sy_syoko/hanrokakudai.html","http://www.town.kagoshima-osaki.lg.jp/sy_syoko/hanrokakudai.html"
"73452","https://www.city.itoigawa.lg.jp/module/12161.htm#moduleid12161","https://www.city.itoigawa.lg.jp/module/12161.htm#moduleid12161"
"73451","https://www.city.kitakata.fukushima.jp/uploaded/attachment/43651.pdf","https://www.city.kitakata.fukushima.jp/soshiki/hoken/48342.html | https://www.city.kitakata.fukushima.jp/uploaded/attachment/43651.pdf"
"73453","http://www.city.fujiyoshida.yamanashi.jp/info/5043","http://www.city.fujiyoshida.yamanashi.jp/info/5043"
"73458","https://www.city.sagamihara.kanagawa.jp/shisei/1026823/machitsukuri/1030336.html","https://www.city.sagamihara.kanagawa.jp/shisei/1026823/machitsukuri/1030336.html"
"73456","https://www.city.higashihiroshima.lg.jp/material/files/group/38/shinkisyunoshien.pdf","https://www.city.higashihiroshima.lg.jp/soshiki/sangyo/8/6/39546.html | https://www.city.higashihiroshima.lg.jp/material/files/group/38/shinkisyunoshien.pdf"
"73461","https://www.city.ichikikushikino.lg.jp/shokan1/20240403.html","https://www.city.ichikikushikino.lg.jp/shokan1/20240403.html"
"73469","https://www.city.gero.lg.jp/soshiki/17/27511.html","https://www.city.gero.lg.jp/soshiki/17/27511.html"
"73465","https://www.city.ichikikushikino.lg.jp/shokan1/20240403.html","https://www.city.ichikikushikino.lg.jp/shokan1/20240403.html"
"73471","https://www.city.gero.lg.jp/soshiki/17/27518.html","https://www.city.gero.lg.jp/soshiki/17/27518.html"
"73493","https://www.city.sagamihara.kanagawa.jp/_res/projects/default_project/_page_/001/006/682/seibi_hojokin_tetuduki_h29.pdf","https://www.city.sagamihara.kanagawa.jp/kosodate/1026602/kosodate/1026604/1018528/1006682.html | https://www.city.sagamihara.kanagawa.jp/_res/projects/default_project/_page_/001/006/682/seibi_hojokin_tetuduki_h29.pdf"
"73491","https://www.city.iiyama.nagano.jp/soshiki/shoukou/shoukou/yuusi/dejitalhojokin","https://www.city.iiyama.nagano.jp/soshiki/shoukou/shoukou/yuusi/dejitalhojokin"