policy_id,primary_url,all_urls
"80172","https://www.city.iki.nagasaki.jp/material/files/group/4/R6hojyokinitiran.pdf","https://www.city.iki.nagasaki.jp/soshiki/zaiseika/hojokin/4943.html | https://www.city.iki.nagasaki.jp/material/files/group/4/R6hojyokinitiran.pdf"
"80173","https://www.city.iki.nagasaki.jp/material/files/group/4/R6hojyokinitiran.pdf","https://www.city.iki.nagasaki.jp/soshiki/zaiseika/hojokin/4943.html | https://www.city.iki.nagasaki.jp/material/files/group/4/R6hojyokinitiran.pdf"
"80175","https://www.city.iki.nagasaki.jp/material/files/group/4/R6hojyokinitiran.pdf","https://www.city.iki.nagasaki.jp/soshiki/zaiseika/hojokin/4943.html | https://www.city.iki.nagasaki.jp/material/files/group/4/R6hojyokinitiran.pdf"
"80179","https://www.city.iki.nagasaki.jp/material/files/group/4/R6hojyokinitiran.pdf","https://www.city.iki.nagasaki.jp/soshiki/zaiseika/hojokin/4943.html | https://www.city.iki.nagasaki.jp/material/files/group/4/R6hojyokinitiran.pdf"
"80174","https://www.town.shimizu.hokkaido.jp/living/05/details/post_8.html","https://www.town.shimizu.hokkaido.jp/living/05/details/post_8.html"
"80180","https://www.town.shimizu.hokkaido.jp/living/08/details/post_12.html","https://www.town.shimizu.hokkaido.jp/living/08/details/post_12.html"
"80181","https://www.city.iki.nagasaki.jp/material/files/group/4/R6hojyokinitiran.pdf","https://www.city.iki.nagasaki.jp/soshiki/zaiseika/hojokin/4943.html | https://www.city.iki.nagasaki.jp/material/files/group/4/R6hojyokinitiran.pdf"
"80183","https://www.city.iki.nagasaki.jp/material/files/group/4/R6hojyokinitiran.pdf","https://www.city.iki.nagasaki.jp/kosodate/9020.html | https://www.city.iki.nagasaki.jp/material/files/group/4/R6hojyokinitiran.pdf"
"80184","https://www.vill.hakuba.lg.jp/gyosei/soshikikarasagasu/somuka/seisakukikakugakari/1_1/furusato_npo-support/1248.html","https://www.vill.hakuba.lg.jp/gyosei/soshikikarasagasu/somuka/seisakukikakugakari/1_1/furusato_npo-support/1248.html"
"80185","https://www.town.shimizu.hokkaido.jp/living/08/details/post_11.html","https://www.town.shimizu.hokkaido.jp/living/08/details/post_11.html"
"80187","https://www.city.oyama.tochigi.jp/kurashi/gomi-seikatsu/gomi-recycle/page006525.html","https://www.city.oyama.tochigi.jp/kurashi/gomi-seikatsu/gomi-recycle/page006525.html"
"80205","https://www.town.urakawa.hokkaido.jp/gyosei/business/?content=2655","https://www.town.urakawa.hokkaido.jp/gyosei/business/?content=2655"
"80202","https://mombetsu.jp/business/?content=1211","https://mombetsu.jp/business/?content=1211"
"80189","https://www.city.tosa.lg.jp/life/detail.php?hdnKey=5276","https://www.city.tosa.lg.jp/life/detail.php?hdnKey=5276"
"80206","https://www.town.urakawa.hokkaido.jp/gyosei/business/?content=78","https://www.town.urakawa.hokkaido.jp/gyosei/business/?content=78"
"80218","https://www.city.tarumizu.lg.jp/nosei/kurashi/sangyo/nogyo/nogyo/rokujisangyouka.html","https://www.city.tarumizu.lg.jp/nosei/kurashi/sangyo/nogyo/nogyo/rokujisangyouka.html"
"80209","https://www.town.yazu.tottori.jp/soshiki/11/1277.html","https://www.town.yazu.tottori.jp/soshiki/11/1277.html"
"80221","https://www.u-agrinet.jp/promo/","https://www.u-agrinet.jp/promo/"
"80219","https://www.city.minamikyushu.lg.jp/shigoto_sangyo/sangyoshinko/3870.html","https://www.city.minamikyushu.lg.jp/shigoto_sangyo/sangyoshinko/3870.html"
"80222","https://www.city.isahaya.nagasaki.jp/soshiki/43/1646.html","https://www.city.isahaya.nagasaki.jp/soshiki/43/1646.html"
"80229","https://www.town.omachi.lg.jp/kiji003400/index.html","https://www.town.omachi.lg.jp/kiji003400/index.html"
"80226","https://mombetsu.jp/assets/images/content/content_20240404_113611.pdf","https://mombetsu.jp/business/?content=2793 | https://mombetsu.jp/assets/images/content/content_20240404_113611.pdf"
"80224","https://www.city.iki.nagasaki.jp/mokuteki/hojokin/9430.html","https://www.city.iki.nagasaki.jp/mokuteki/hojokin/9430.html"
"80231","https://www.town.kamigori.hyogo.jp/sangyo_shigoto/sangyoshinko/5106.html","https://www.town.kamigori.hyogo.jp/sangyo_shigoto/sangyoshinko/5106.html"
"80238","https://www.town.kamigori.hyogo.jp/sangyo_shigoto/sangyoshinko/kigyo_sogyoshien/1/3753.html","https://www.town.kamigori.hyogo.jp/sangyo_shigoto/sangyoshinko/kigyo_sogyoshien/1/3753.html"
"80235","https://www.city.awara.lg.jp/mokuteki/life/life06/life0608/p014265.html","https://www.city.awara.lg.jp/mokuteki/life/life06/life0608/p014265.html"
"80240","https://www.town.matsuno.ehime.jp/soshiki/3/13400.html","https://www.town.matsuno.ehime.jp/soshiki/3/13400.html"
"80244","https://www.town.kamigori.hyogo.jp/sangyo_shigoto/sangyoshinko/nogyo_ringyo_suisangyo/3/1/3271.html","https://www.town.kamigori.hyogo.jp/sangyo_shigoto/sangyoshinko/nogyo_ringyo_suisangyo/3/1/3271.html"
"80242","https://www4.city.kanazawa.lg.jp/soshikikarasagasu/zeroc/ondankataisaku/jigyousyamukehojokin/24040.html","https://www4.city.kanazawa.lg.jp/soshikikarasagasu/zeroc/ondankataisaku/jigyousyamukehojokin/24040.html"
"80248","https://www.city.furano.hokkaido.jp/life/docs/2015022200244.html?cat=/life/machizukuri/shiminkatsudou/","https://www.city.furano.hokkaido.jp/life/docs/2015022200244.html?cat=/life/machizukuri/shiminkatsudou/"
"80255","https://www.city.oyama.tochigi.jp/sangyou-sigoto/shokogyo/shogyo/page003800.html","https://www.city.oyama.tochigi.jp/sangyou-sigoto/shokogyo/shogyo/page003800.html"
"80258","https://www.town.omachi.lg.jp/kiji003135/index.html","https://www.town.omachi.lg.jp/kiji003135/index.html"
"80269","https://www.city.minamikyushu.lg.jp/material/files/group/29/seisoukatudousyoureigaiyou.pdf","https://www.city.minamikyushu.lg.jp/kurashi_tetsuzuki/hojo_josei/7044.html | https://www.city.minamikyushu.lg.jp/material/files/group/29/seisoukatudousyoureigaiyou.pdf"
"80263","https://www.town.ichinomiya.chiba.jp/machizukuri/syokogyo/445.html","https://www.town.ichinomiya.chiba.jp/machizukuri/syokogyo/445.html"
"80273","https://www.city.kikuchi.lg.jp/article/view/1054/498.html","https://www.city.kikuchi.lg.jp/article/view/1054/498.html"
"80275","https://www.city.isesaki.lg.jp/sangyo_nyusatsu_kaihatsu/sangyoshinko/kigyoshien_hojokin_yushi_menjonado/17514.html","https://www.city.isesaki.lg.jp/sangyo_nyusatsu_kaihatsu/sangyoshinko/kigyoshien_hojokin_yushi_menjonado/17514.html"
"80280","https://www.city.minamata.lg.jp/kiji0031371/index.html","https://www.city.minamata.lg.jp/kiji0031371/index.html"
"80285","https://www.city.uto.lg.jp/article/view/1111/1250.html","https://www.city.uto.lg.jp/article/view/1111/1250.html | https://www.city.uto.lg.jp/inquiry_a/form/1250.html"
"80289","https://www.town.kumamoto-misato.lg.jp/material/files/group/12/misatomachi_sougyoushien_beppyou1.pdf","https://www.town.kumamoto-misato.lg.jp/soshiki/utsukushisatosose/2477.html | https://www.town.kumamoto-misato.lg.jp/material/files/group/12/misatomachi_sougyoushien_beppyou1.pdf"
"80290","https://www.city.miyakojima.lg.jp/soshiki/shityo/nourin/tikusan/chiku4boueki.html","https://www.city.miyakojima.lg.jp/soshiki/shityo/nourin/tikusan/chiku4boueki.html"
"80291","https://www.city.miyakojima.lg.jp/soshiki/shityo/nourin/tikusan/chiku4boueki.html","https://www.city.miyakojima.lg.jp/soshiki/shityo/nourin/tikusan/chiku4boueki.html"
"80292","https://www.city.sasebo.lg.jp/keizai/syouko/documents/sougyousokusinntirasi.pdf","https://www.city.sasebo.lg.jp/keizai/syouko/sougyouhojokin.html | https://www.city.sasebo.lg.jp/keizai/syouko/documents/sougyousokusinntirasi.pdf"
"80297","https://www.city.miyakojima.lg.jp/soshiki/shityo/nourin/tikusan/chiku2ushi.html","https://www.city.miyakojima.lg.jp/soshiki/shityo/nourin/tikusan/chiku2ushi.html"
"80294","https://www.city.miyazaki.miyazaki.jp/business/architecture/asbestos/196589.html","https://www.city.miyazaki.miyazaki.jp/business/architecture/asbestos/196589.html"
"80300","https://www.city.kikuchi.lg.jp/d?q=f5e02ffc77a7f8bab523691eb671ed7f.pdf","https://www.city.kikuchi.lg.jp/article/view/1043/3614.html | https://www.city.kikuchi.lg.jp/d?q=f5e02ffc77a7f8bab523691eb671ed7f.pdf"
"80298","https://www.town.saitama-misato.lg.jp/0000002112.html","https://www.town.saitama-misato.lg.jp/0000002112.html"
"80299","https://www.city.miyazaki.miyazaki.jp/fs/7/9/2/3/3/8/_/792338.pdf","https://www.city.miyazaki.miyazaki.jp/business/loan/353291.html | https://www.city.miyazaki.miyazaki.jp/fs/7/9/2/3/3/8/_/792338.pdf"
"80307","https://www.city.kikuchi.lg.jp/article/view/1043/8956.html","https://www.city.kikuchi.lg.jp/article/view/1043/8956.html"
"80306","https://www.city.minamikyushu.lg.jp/shigoto_sangyo/sangyoshinko/1/6777.html","https://www.city.minamikyushu.lg.jp/shigoto_sangyo/sangyoshinko/1/6777.html"
"80303","https://www.town.shimizu.hokkaido.jp/living/08/details/post_6.html","https://www.town.shimizu.hokkaido.jp/living/08/details/post_6.html"
"80318","https://db.pref.tottori.jp/yosan/R2HojyokinKoukai01.nsf/42082f5af50424aa4925755c00386b7c/9fe434f4723ab1d4492585340034c8dc?OpenDocument","https://db.pref.tottori.jp/yosan/R2HojyokinKoukai01.nsf/42082f5af50424aa4925755c00386b7c/9fe434f4723ab1d4492585340034c8dc?OpenDocument"
"80326","https://www.city.minamikyushu.lg.jp/shigoto_sangyo/nogyo_ringyo_suisangyo/3/3761.html","https://www.city.minamikyushu.lg.jp/shigoto_sangyo/nogyo_ringyo_suisangyo/3/3761.html"
"80316","https://www.city.iki.nagasaki.jp/mokuteki/hojokin/3075.html","https://www.city.iki.nagasaki.jp/mokuteki/hojokin/3075.html"
"80336","https://www.town.hidakagawa.lg.jp/shigoto/ringyou/shienseido/rin_shiitakegoma.html","https://www.town.hidakagawa.lg.jp/shigoto/ringyou/shienseido/rin_shiitakegoma.html"
"80347","https://www.town.hidakagawa.lg.jp/shigoto/ringyou/shienseido/rin_kanbatsu.html","https://www.town.hidakagawa.lg.jp/shigoto/ringyou/shienseido/rin_kanbatsu.html"
"80339","https://www.city.takaoka.toyama.jp/gyosei/sangyo_business/sangyoshinko/2/7383.html","https://www.city.takaoka.toyama.jp/gyosei/sangyo_business/sangyoshinko/2/7383.html"
"80348","https://www.town.hidakagawa.lg.jp/shigoto/ringyou/shienseido/rin-yamanomegumi.html","https://www.town.hidakagawa.lg.jp/shigoto/ringyou/shienseido/rin-yamanomegumi.html"
"80352","https://www.town.kyotamba.kyoto.jp/shigoto_sangyo/sangyoshinko/nogyo_ringyo_suisangyo/4/4555.html","https://www.town.kyotamba.kyoto.jp/shigoto_sangyo/sangyoshinko/nogyo_ringyo_suisangyo/4/4555.html"
"80350","https://www.city.takaoka.toyama.jp/gyosei/sangyo_business/sangyoshinko/5/1/5630.html","https://www.city.takaoka.toyama.jp/gyosei/sangyo_business/sangyoshinko/5/1/5630.html"
"80355","https://www.town.hidakagawa.lg.jp/shigoto/nougyou/shienseido/paipu.html","https://www.town.hidakagawa.lg.jp/shigoto/nougyou/shienseido/paipu.html"
"80357","https://www.town.hidakagawa.lg.jp/shigoto/nougyou/shienseido/kikai.html","https://www.town.hidakagawa.lg.jp/shigoto/nougyou/shienseido/kikai.html"
"80356","https://www.city.takaoka.toyama.jp/gyosei/sangyo_business/sangyoshinko/5960.html","https://www.city.takaoka.toyama.jp/gyosei/sangyo_business/sangyoshinko/5960.html"
"80360","https://www.town.hidakagawa.lg.jp/shigoto/nougyou/shienseido/nenyu.html","https://www.town.hidakagawa.lg.jp/shigoto/nougyou/shienseido/nenyu.html"
"80359","https://www.town.hidakagawa.lg.jp/shigoto/nougyou/shienseido/nouchihozen.html","https://www.town.hidakagawa.lg.jp/shigoto/nougyou/shienseido/nouchihozen.html"
"80361","https://www.town.hidakagawa.lg.jp/shigoto/nougyou/shienseido/tyoujugai.html","https://www.town.hidakagawa.lg.jp/shigoto/nougyou/shienseido/tyoujugai.html"
"80374","https://www.city.takaoka.toyama.jp/material/files/group/17/chirashi.pdf","https://www.city.takaoka.toyama.jp/gyosei/sangyo_business/sangyoshinko/10222.html | https://www.city.takaoka.toyama.jp/material/files/group/17/chirashi.pdf"
"80369","https://www.city.takaoka.toyama.jp/gyosei/sangyo_business/sangyoshinko/5/1/5629.html","https://www.city.takaoka.toyama.jp/gyosei/sangyo_business/sangyoshinko/5/1/5629.html"
"80366","https://www.town.kyotamba.kyoto.jp/kanko_bunka_sports/sports/7116.html","https://www.town.kyotamba.kyoto.jp/kanko_bunka_sports/sports/7116.html"
"80379","https://www.city.maebashi.gunma.jp/gyosei/2/5/2/8/41463.html","https://www.city.maebashi.gunma.jp/gyosei/2/5/2/8/41463.html"
"80382","https://www.town.kyotamba.kyoto.jp/shigoto_sangyo/sangyoshinko/nogyo_ringyo_suisangyo/3/7110.html","https://www.town.kyotamba.kyoto.jp/shigoto_sangyo/sangyoshinko/nogyo_ringyo_suisangyo/3/7110.html"
"80385","https://www.town.kunitomi.miyazaki.jp/main/tourism/commerce/page001868.html","https://www.town.kunitomi.miyazaki.jp/main/tourism/commerce/page001868.html"
"80386","http://www.city.katsuyama.fukui.jp/soshiki/15/29081.html","http://www.city.katsuyama.fukui.jp/soshiki/15/29081.html"
"80397","https://www.vill.oshino.lg.jp/page/1699.html","https://www.vill.oshino.lg.jp/page/1699.html"
"80395","https://www.city.ichikikushikino.lg.jp/shokan1/20240403.html","https://www.city.ichikikushikino.lg.jp/shokan1/20240403.html"
"80399","https://www.town.motoyama.kochi.jp/soshikikarasagasu/machizukurisuishinka/5/1096.html","https://www.town.motoyama.kochi.jp/soshikikarasagasu/machizukurisuishinka/5/1096.html"
"80405","https://www.city.akune.lg.jp/material/files/group/104/5046_1_2_r0702.pdf","https://www.city.akune.lg.jp/kurashi_tetsuzuki/2/5047.html | https://www.city.akune.lg.jp/material/files/group/104/5046_1_2_r0702.pdf"
"80409","https://www.town.shirahama.wakayama.jp/material/files/group/27/bustour_chirashi.pdf","https://www.town.shirahama.wakayama.jp/kanko/2878.html | https://www.town.shirahama.wakayama.jp/material/files/group/27/bustour_chirashi.pdf"
"80412","https://www.city.soo.kagoshima.jp/sangyou_business/syoukougyou/2022-0804-1056-16.html","https://www.city.soo.kagoshima.jp/sangyou_business/syoukougyou/2022-0804-1056-16.html"
"80418","https://www.city.yurihonjo.lg.jp/_res/projects/default_project/_page_/001/004/105/1004105_001.pdf","https://www.city.yurihonjo.lg.jp/1000005/1001972/1001977/1004105.html | https://www.city.yurihonjo.lg.jp/_res/projects/default_project/_page_/001/004/105/1004105_001.pdf"
"80420","https://www.city.takaoka.toyama.jp/material/files/group/16/senmonkahaken.pdf","https://www.city.takaoka.toyama.jp/gyosei/sangyo_business/sangyoshinko/2/7378.html | https://www.city.takaoka.toyama.jp/material/files/group/16/senmonkahaken.pdf"
"80421","https://www.city.takaoka.toyama.jp/soshiki/kyoikuiinkai_shogaigakushu_sportska/2/7/4562.html","https://www.city.takaoka.toyama.jp/soshiki/kyoikuiinkai_shogaigakushu_sportska/2/7/4562.html"
"80424","https://www.city.takaoka.toyama.jp/gyosei/sangyo_business/sangyoshinko/1/6259.html","https://www.city.takaoka.toyama.jp/gyosei/sangyo_business/sangyoshinko/1/6259.html"
"80427","https://www.city.kikuchi.lg.jp/article/view/1044/9202.html","https://www.city.kikuchi.lg.jp/article/view/1044/9202.html"
"80431","https://mombetsu.jp/business/?content=1223","https://mombetsu.jp/business/?content=1223"
"80432","https://www.city.takaoka.toyama.jp/gyosei/sangyo_business/sangyoshinko/11/7413.html","https://www.city.takaoka.toyama.jp/gyosei/sangyo_business/sangyoshinko/11/7413.html"
"80433","https://mombetsu.jp/business/?content=1209","https://mombetsu.jp/business/?content=1209"
"80434","https://mombetsu.jp/business/?content=1210","https://mombetsu.jp/business/?content=1210"
"80443","https://www.town.ine.kyoto.jp/jigyosha/tetsuzuki/1049.html","https://www.town.ine.kyoto.jp/jigyosha/tetsuzuki/1049.html"
"80439","https://www.town.yazu.tottori.jp/site/gomi/1418.html","https://www.town.yazu.tottori.jp/site/gomi/1418.html"
"80445","https://www.town.shintomi.lg.jp/item/13392.htm","https://www.town.shintomi.lg.jp/item/13392.htm"
"80449","https://www.city.namegata.ibaraki.jp/page/page002426.html","https://www.city.namegata.ibaraki.jp/page/page002426.html"
"80451","https://www.city.ishioka.lg.jp/shigoto_sangyo_machi/nouringyo/hojojigyo/page007842.html","https://www.city.ishioka.lg.jp/shigoto_sangyo_machi/nouringyo/hojojigyo/page007842.html"
"80469","https://www.city.ozu.ehime.jp/soshiki/chiikishinkou/61617.html","https://www.city.ozu.ehime.jp/soshiki/chiikishinkou/61617.html"
"80462","https://www.city.oshu.iwate.jp/kigyoshien/shien/2624.html","https://www.city.oshu.iwate.jp/kigyoshien/shien/2624.html"
"80456","https://www.pref.shimane.lg.jp/industry/norin/nougyo/nougyo_shien/hojyojigyou/hausutouseibi/","https://www.pref.shimane.lg.jp/industry/norin/nougyo/nougyo_shien/hojyojigyou/hausutouseibi/"
"80475","https://www.city.oshu.iwate.jp/shigoto_sangyo/sangyoshinko/4/8235.html","https://www.city.oshu.iwate.jp/shigoto_sangyo/sangyoshinko/4/8235.html"
"80476","https://www.town.mitane.akita.jp/shigoto_sangyo/sangyoshinko/1/1908.html","https://www.town.mitane.akita.jp/shigoto_sangyo/sangyoshinko/1/1908.html"
"80477","https://www.town.mitane.akita.jp/shigoto_sangyo/sangyoshinko/1/1917.html","https://www.town.mitane.akita.jp/shigoto_sangyo/sangyoshinko/1/1917.html"
"80483","https://town.mogami.lg.jp/life/06bousai/08jisyu-bousai-hojyo.php","https://town.mogami.lg.jp/life/06bousai/08jisyu-bousai-hojyo.php"
"80486","https://town.mogami.lg.jp/info/09chiiki-zukuri/23jyosei.php","https://town.mogami.lg.jp/info/09chiiki-zukuri/23jyosei.php"
"80480","https://www.town.mitane.akita.jp/shinseisho_download/hojokin_joseikin/3107.html","https://www.town.mitane.akita.jp/shinseisho_download/hojokin_joseikin/3107.html"
"80489","https://www.city.hitachiomiya.lg.jp/kurashi_gyousei/business/nouti/nougyou/page003186.html","https://www.city.hitachiomiya.lg.jp/kurashi_gyousei/business/nouti/nougyou/page003186.html"
"80490","https://www.city.hitachiomiya.lg.jp/kurashi_gyousei/business/nouti/nougyou/page000143.html","https://www.city.hitachiomiya.lg.jp/kurashi_gyousei/business/nouti/nougyou/page000143.html"
"80501","https://www.town.mibu.tochigi.jp/docs/2024071200013/","https://www.town.mibu.tochigi.jp/docs/2024071200013/"
"80506","https://www.city.hitachiomiya.lg.jp/kurashi_gyousei/business/kigyou_shien/page000140.html","https://www.city.hitachiomiya.lg.jp/kurashi_gyousei/business/kigyou_shien/page000140.html"
"80507","https://www.town.shimizu.shizuoka.jp/chiiki/chiiki00030.html","https://www.town.shimizu.shizuoka.jp/chiiki/chiiki00030.html"
"80510","https://www.town.mitane.akita.jp/shigoto_sangyo/sangyoshinko/1/1907.html","https://www.town.mitane.akita.jp/shigoto_sangyo/sangyoshinko/1/1907.html"
"80512","https://www.town.mitane.akita.jp/shigoto_sangyo/sangyoshinko/1/1907.html","https://www.town.mitane.akita.jp/shigoto_sangyo/sangyoshinko/1/1907.html"
"80515","https://www.town.mitane.akita.jp/shigoto_sangyo/sangyoshinko/1/1910.html","https://www.town.mitane.akita.jp/shigoto_sangyo/sangyoshinko/1/1910.html"
"80517","https://www.town.mitane.akita.jp/shigoto_sangyo/sangyoshinko/1/1910.html","https://www.town.mitane.akita.jp/shigoto_sangyo/sangyoshinko/1/1910.html"
"80519","https://www.town.mitane.akita.jp/shigoto_sangyo/sangyoshinko/1/2216.html","https://www.town.mitane.akita.jp/shigoto_sangyo/sangyoshinko/1/2216.html"
"80521","https://www.town.mitane.akita.jp/shinseisho_download/hojokin_joseikin/3113.html","https://www.town.mitane.akita.jp/shinseisho_download/hojokin_joseikin/3113.html | https://www.town.mitane.akita.jp/cgi-bin/inquiry.php/12?page_no=3113"
"80520","https://www.city.inabe.mie.jp/kenko/kaigo/1012346/1012363.html","https://www.city.inabe.mie.jp/kenko/kaigo/1012346/1012363.html"
"80550","https://www.city.hitachiomiya.lg.jp/kurashi_gyousei/iryou_kenkou_fukushi/kaigo/koureisha_shien/page006378.html","https://www.city.hitachiomiya.lg.jp/kurashi_gyousei/iryou_kenkou_fukushi/kaigo/koureisha_shien/page006378.html"
"80549","https://www.city.hitachiomiya.lg.jp/kurashi_gyousei/kurashi/pet_shokubutsu/yugai/page007244.html","https://www.city.hitachiomiya.lg.jp/kurashi_gyousei/kurashi/pet_shokubutsu/yugai/page007244.html"
"80523","https://www.city.tome.miyagi.jp/business/shisejoho/shokogyo/shogyo/documents/akitennpokatuyoureiwa6.pdf","https://www.city.tome.miyagi.jp/business/shisejoho/shokogyo/shogyo/akitenpohojyokin_001.html | https://www.city.tome.miyagi.jp/business/shisejoho/shokogyo/shogyo/documents/akitennpokatuyoureiwa6.pdf"
"80554","https://www.city.tome.miyagi.jp/business/shisejoho/shokogyo/kigyoyuchi/documents/icttirasi.pdf","https://www.city.tome.miyagi.jp/business/shisejoho/shokogyo/kigyoyuchi/ictcreative.html | https://www.city.tome.miyagi.jp/business/shisejoho/shokogyo/kigyoyuchi/documents/icttirasi.pdf"
"80551","https://www.city.hitachiomiya.lg.jp/kurashi_gyousei/kankou_bunka/sports/page000088.html","https://www.city.hitachiomiya.lg.jp/kurashi_gyousei/kankou_bunka/sports/page000088.html"
"80556","https://www.city.tome.miyagi.jp/business/shisejoho/shokogyo/kogyo/seisanseikoujoutokubetusotihou.html","https://www.city.tome.miyagi.jp/business/shisejoho/shokogyo/kogyo/seisanseikoujoutokubetusotihou.html"
"80558","https://www.town.kaneyama.yamagata.jp/shigoto_sangyo/shigoto/852.html","https://www.town.kaneyama.yamagata.jp/shigoto_sangyo/shigoto/852.html"
"80566","https://www.city.minamikyushu.lg.jp/shigoto_sangyo/nogyo_ringyo_suisangyo/3/3761.html","https://www.city.minamikyushu.lg.jp/shigoto_sangyo/nogyo_ringyo_suisangyo/3/3761.html | https://www.city.minamikyushu.lg.jp/cgi-bin/inquiry.php/16?page_no=5465"
"80564","https://www.town.kaneyama.yamagata.jp/kurashi_tetsuzuki/subsidy/3380.html","https://www.town.kaneyama.yamagata.jp/kurashi_tetsuzuki/subsidy/3380.html"
"80567","https://town.mogami.lg.jp/life/14kekkon/01kekkon-sien.php#ouen","https://town.mogami.lg.jp/life/14kekkon/01kekkon-sien.php#ouen"
"80569","https://www.town.kaneyama.yamagata.jp/shigoto_sangyo/shigoto/853.html","https://www.town.kaneyama.yamagata.jp/shigoto_sangyo/shigoto/853.html"
"80584","https://www.city.nagano.nagano.jp/n160500/contents/p006156.html","https://www.city.nagano.nagano.jp/n160500/contents/p006156.html"
"80585","https://www.vill.kijimadaira.lg.jp/articles/2024071600028/","https://www.vill.kijimadaira.lg.jp/articles/2024071600028/"
"80588","https://www.city.komae.tokyo.jp/index.cfm/44,134205,338,html","https://www.city.komae.tokyo.jp/index.cfm/44,134205,338,html"
"80589","https://www.town.omachi.lg.jp/list00201.html","https://www.town.omachi.lg.jp/list00201.html"
"80614","https://www2.city.mine.lg.jp/shigoto_sangyo_machizukuri/sangyo/noringyo/nogyo/11065.html","https://www2.city.mine.lg.jp/shigoto_sangyo_machizukuri/sangyo/noringyo/nogyo/11065.html"
"80605","https://www.city.chiba.jp/hokenfukushi/koreishogai/shogaifukushi/sodankeikaku-hojyokin.html","https://www.city.chiba.jp/hokenfukushi/koreishogai/shogaifukushi/sodankeikaku-hojyokin.html"
"80624","https://www2.city.mine.lg.jp/shigoto_sangyo_machizukuri/sangyo/noringyo/nogyo/5839.html","https://www2.city.mine.lg.jp/shigoto_sangyo_machizukuri/sangyo/noringyo/nogyo/5839.html"
"80625","https://www.city.chiba.jp/shimin/shimin/chiikianzen/syoutengaigairotou.html","https://www.city.chiba.jp/shimin/shimin/chiikianzen/syoutengaigairotou.html"
"80632","https://www.niigatachuuouku-syakyo.jp/wp-content/uploads/2024/04/03641240da3888f8a1f1dea0e4b2aadc.pdf","https://www.niigatachuuouku-syakyo.jp/subsidy/ | https://www.niigatachuuouku-syakyo.jp/wp-content/uploads/2024/04/03641240da3888f8a1f1dea0e4b2aadc.pdf"
"80626","https://www.pref.fukushima.lg.jp/uploaded/attachment/445385.pdf","https://www.pref.fukushima.lg.jp/site/portal/ps-tokusoho1070.html | https://www.pref.fukushima.lg.jp/uploaded/attachment/445385.pdf"
"80635","https://www.niigatachuuouku-syakyo.jp/subsidy/","https://www.niigatachuuouku-syakyo.jp/subsidy/"
"80638","https://www.city.kochi.kochi.jp/soshiki/40/ritti.html","https://www.city.kochi.kochi.jp/soshiki/40/ritti.html"
"80636","https://www.city.sakai.lg.jp/kosodate/hughug/kosodatekankyo/shien/syukusya.html","https://www.city.sakai.lg.jp/kosodate/hughug/kosodatekankyo/shien/syukusya.html"
"80640","https://www.city.sakai.lg.jp/kenko/kenko/gyosyabosyu/kekkakutaisaku.html","https://www.city.sakai.lg.jp/kenko/kenko/gyosyabosyu/kekkakutaisaku.html"
"80646","https://www.city.takaoka.toyama.jp/gyosei/sangyo_business/sangyoshinko/3/10013.html","https://www.city.takaoka.toyama.jp/gyosei/sangyo_business/sangyoshinko/3/10013.html"
"80642","https://www.nvcb.or.jp/ncn/2-3","https://www.nvcb.or.jp/ncn/2-3"
"80647","https://www.city.mito.lg.jp/uploaded/attachment/45416.pdf","https://www.city.mito.lg.jp/page/78022.html | https://www.city.mito.lg.jp/uploaded/attachment/45416.pdf"
"80653","https://www.city.oita.oita.jp/o096/kekkaku2024.html","https://www.city.oita.oita.jp/o096/kekkaku2024.html"
"80656","https://www.city.asago.hyogo.jp/soshiki/27/16606.html","https://www.city.asago.hyogo.jp/soshiki/27/16606.html"
"80659","https://www.city.hirado.nagasaki.jp/kurashi/industry/syokou/2020_support_for_new_product_development.html","https://www.city.hirado.nagasaki.jp/kurashi/industry/syokou/2020_support_for_new_product_development.html"
"80671","https://www.city.kasugai.lg.jp/business/kigyo/setsubi/1034111.html","https://www.city.kasugai.lg.jp/business/kigyo/setsubi/1034111.html"
"80675","https://www.city.nanao.lg.jp/soumu/kurashi/machizukuri/documents/hojyokin_nagare.pdf","https://www.city.nanao.lg.jp/chiiki-d/kurashi/machizukuri/syukaisyosaiken.html | https://www.city.nanao.lg.jp/soumu/kurashi/machizukuri/documents/hojyokin_nagare.pdf"
"80680","https://www.city.saiki.oita.jp/kiji0032250/index.html","https://www.city.saiki.oita.jp/kiji0032250/index.html"
"80686","https://www.city.kasugai.lg.jp/business/kigyo/koujobuturyu/tomonau.html","https://www.city.kasugai.lg.jp/business/kigyo/koujobuturyu/tomonau.html"
"80685","https://www.city.kasugai.lg.jp/business/kigyo/koujobuturyu/tomonau.html","https://www.city.kasugai.lg.jp/business/kigyo/koujobuturyu/tomonau.html"
"80689","https://www.city.kasugai.lg.jp/business/kigyo/koujobuturyu/tomonau.html","https://www.city.kasugai.lg.jp/business/kigyo/koujobuturyu/tomonau.html"
"80696","https://www.city.kasugai.lg.jp/business/kigyo/kenkyu/chitekizaisan.html","https://www.city.kasugai.lg.jp/business/kigyo/kenkyu/chitekizaisan.html"
"80699","https://www.city.kasugai.lg.jp/business/kigyo/kenkyu/sinbunya.html","https://www.city.kasugai.lg.jp/business/kigyo/kenkyu/sinbunya.html"
"80701","https://www.city.kasugai.lg.jp/business/kigyo/jinzaikakuho/1009865.html","https://www.city.kasugai.lg.jp/business/kigyo/jinzaikakuho/1009865.html"
"80703","https://www.city.kasugai.lg.jp/business/kigyo/hanro/marketing.html","https://www.city.kasugai.lg.jp/business/kigyo/hanro/marketing.html"
"80705","https://www.city.kasugai.lg.jp/business/kigyo/hanro/1034125.html","https://www.city.kasugai.lg.jp/business/kigyo/hanro/1034125.html"
"80708","https://www.city.kasugai.lg.jp/business/kigyo/hanro/shinyoryoku.html","https://www.city.kasugai.lg.jp/business/kigyo/hanro/shinyoryoku.html"
"80713","https://www.city.kasugai.lg.jp/business/kigyo/shotengai/kyodozigyo_gairoto.html","https://www.city.kasugai.lg.jp/business/kigyo/shotengai/kyodozigyo_gairoto.html"
"80711","https://www.city.kasugai.lg.jp/business/kigyo/shotengai/1020207.html","https://www.city.kasugai.lg.jp/business/kigyo/shotengai/1020207.html"
"80715","https://www.city.kasugai.lg.jp/business/kigyo/shotengai/1017393.html","https://www.city.kasugai.lg.jp/business/kigyo/shotengai/1017393.html"
"80724","https://www.city.sendai.jp/toshigata/jigyosha/kezai/kigyo/gaiyo/documents/tatekae.pdf","https://www.city.sendai.jp/toshigata/jigyosha/kezai/kigyo/gaiyo/tatekaeitenjoseikin.html | https://www.city.sendai.jp/toshigata/jigyosha/kezai/kigyo/gaiyo/documents/tatekae.pdf"
"80723","https://www.city.sendai.jp/toshigata/jigyosha/kezai/kigyo/gaiyo/callcenter.html","https://www.city.sendai.jp/toshigata/jigyosha/kezai/kigyo/gaiyo/callcenter.html"
"80728","https://www.nishi.or.jp/kenko/fukushi/machizukuri/goritekihairyozyosei.files/gouritekihairyojoseitirashi.pdf","https://www.nishi.or.jp/kenko/fukushi/machizukuri/goritekihairyozyosei.html | https://www.nishi.or.jp/kenko/fukushi/machizukuri/goritekihairyozyosei.files/gouritekihairyojoseitirashi.pdf"
"80729","https://www.pref.miyagi.jp/soshiki/shinsan/houshakouchinryou.html","https://www.pref.miyagi.jp/soshiki/shinsan/houshakouchinryou.html"
"80730","https://www.nishi.or.jp/jigyoshajoho/fukushiservice/syougai_hojokin/020211223132300020.html","https://www.nishi.or.jp/jigyoshajoho/fukushiservice/syougai_hojokin/020211223132300020.html"
"80753","https://www.city.tokyo-nakano.lg.jp/kenko_hukushi/kenkodukuri/iryohi-jyosei/syokuikusuishin.html","https://www.city.tokyo-nakano.lg.jp/kenko_hukushi/kenkodukuri/iryohi-jyosei/syokuikusuishin.html"
"80772","https://www.town.tsunagi.lg.jp/page4097.html","https://www.town.tsunagi.lg.jp/page4097.html"
"80778","https://www.city.joso.lg.jp/kurashi_gyousei/jigyousha/nougyou_ringyou/agriculture_forestry_support/page003458.html","https://www.city.joso.lg.jp/kurashi_gyousei/jigyousha/nougyou_ringyou/agriculture_forestry_support/page003458.html | https://www.city.joso.lg.jp/inq.php?mode=detail&code=20&code2=0"
"80801","https://www.city.tama.lg.jp/shisei/jigyosha/shogyo/shoutenkai/1005626.html","https://www.city.tama.lg.jp/shisei/jigyosha/shogyo/shoutenkai/1005626.html"
"80803","https://www.city.gujo.gifu.jp/admin/info/post-1972.html","https://www.city.gujo.gifu.jp/admin/info/post-1972.html"
"80802","https://www.city.tama.lg.jp/shisei/jigyosha/shogyo/shoutenkai/1005625.html","https://www.city.tama.lg.jp/shisei/jigyosha/shogyo/shoutenkai/1005625.html"
"80815","https://www.city.matsue.lg.jp/soshikikarasagasu/kankyoenergybu_recycletoshisuishinka/1/201.html","https://www.city.matsue.lg.jp/soshikikarasagasu/kankyoenergybu_recycletoshisuishinka/1/201.html"
"80817","https://www.city.mito.lg.jp/site/spo-jyo/3960.html","https://www.city.mito.lg.jp/site/spo-jyo/3960.html"
"80820","https://www.city.mito.lg.jp/site/othello/1541.html","https://www.city.mito.lg.jp/site/othello/1541.html"
"80822","https://www.city.mito.lg.jp/uploaded/attachment/9450.pdf","https://www.city.mito.lg.jp/page/3687.html | https://www.city.mito.lg.jp/uploaded/attachment/9450.pdf"
"80821","https://www.city.hachioji.tokyo.jp/emergency/bousai/m7914685/010/p032985.html","https://www.city.hachioji.tokyo.jp/emergency/bousai/m7914685/010/p032985.html"
"80831","https://www.city.chiba.jp/keizainosei/keizai/kigyoritchi/nogyohojin.html","https://www.city.chiba.jp/keizainosei/keizai/kigyoritchi/nogyohojin.html"
"80832","https://www.city.kyotanabe.lg.jp/cmsfiles/contents/0000010/10992/d-egg_nyukyoshienjigyohojokinseido.pdf","https://www.city.kyotanabe.lg.jp/0000010992.html | https://www.city.kyotanabe.lg.jp/cmsfiles/contents/0000010/10992/d-egg_nyukyoshienjigyohojokinseido.pdf"
"80852","https://www.city.ishioka.lg.jp/shigoto_sangyo_machi/nouringyo/hojojigyo/page006340.html","https://www.city.ishioka.lg.jp/shigoto_sangyo_machi/nouringyo/hojojigyo/page006340.html"
"80853","https://shoryokuka.smrj.go.jp/assets/pdf/product_catalog.pdf","https://shoryokuka.smrj.go.jp/ | https://shoryokuka.smrj.go.jp/assets/pdf/product_catalog.pdf"
"80864","https://www.city.tono.iwate.jp/index.cfm/46,62787,c,html/62787/20220128-160914.pdf","https://www.city.tono.iwate.jp/index.cfm/46,62787,288,511,html | https://www.city.tono.iwate.jp/index.cfm/46,62787,c,html/62787/20220128-160914.pdf"
"80857","https://www.town.hidakagawa.lg.jp/shigoto/nougyou/shienseido/noutikatuyousien.html","https://www.town.hidakagawa.lg.jp/shigoto/nougyou/shienseido/noutikatuyousien.html"
"80858","https://www.smrj.go.jp/reconstruction/eastjapan2011/support/temp/fbrion0000002nbu-att/fbrion0000002s9v.pdf","https://www.smrj.go.jp/reconstruction/eastjapan2011/support/temp/index.html | https://www.smrj.go.jp/reconstruction/eastjapan2011/support/temp/fbrion0000002nbu-att/fbrion0000002s9v.pdf"
"80870","https://www.city.koriyama.lg.jp/soshiki/119/4792.html","https://www.city.koriyama.lg.jp/soshiki/119/4792.html"
"80871","https://www.city.itami.lg.jp/business_sangyo/2_1/15611.html","https://www.city.itami.lg.jp/business_sangyo/2_1/15611.html"
"80875","https://www.city.natori.miyagi.jp/uploaded/attachment/14460.pdf","https://www.city.natori.miyagi.jp/page/4891.html | https://www.city.natori.miyagi.jp/uploaded/attachment/14460.pdf"
"80882","https://www.city.natori.miyagi.jp/page/4907.html","https://www.city.natori.miyagi.jp/page/4907.html"
"80891","https://www.city.nikaho.akita.jp/gyosei/shigoto_sangyo/sangyoshinko/kigyo_sogyoshien/1/1995.html","https://www.city.nikaho.akita.jp/gyosei/shigoto_sangyo/sangyoshinko/kigyo_sogyoshien/1/1995.html"
"80893","https://www.city.kasukabe.lg.jp/jigyoshamuke/nogyo/nogyoshashien/2/9080.html","https://www.city.kasukabe.lg.jp/jigyoshamuke/nogyo/nogyoshashien/2/9080.html"
"80912","https://www.city.kyotanabe.lg.jp/0000007994.html","https://www.city.kyotanabe.lg.jp/0000007994.html"
"80913","https://mitokoumon.com/convention/content/images/2022/06/%E2%98%85%E3%82%B3%E3%83%B3%E3%83%99%E3%83%B3%E3%82%B7%E3%83%A7%E3%83%B3%E9%96%8B%E5%82%AC%E5%8A%A9%E6%88%90%E9%87%91%E5%88%B6%E5%BA%A6%E3%83%81%E3%83%A9%E3%82%B7%E8%A1%A8_202206.pdf","https://mitokoumon.com/convention/support/ | https://mitokoumon.com/convention/content/images/2022/06/%E2%98%85%E3%82%B3%E3%83%B3%E3%83%99%E3%83%B3%E3%82%B7%E3%83%A7%E3%83%B3%E9%96%8B%E5%82%AC%E5%8A%A9%E6%88%90%E9%87%91%E5%88%B6%E5%BA%A6%E3%83%81%E3%83%A9%E3%82%B7%E8%A1%A8_202206.pdf"
"80897","https://www.city.tonami.lg.jp/service/34852p/","https://www.city.tonami.lg.jp/service/34852p/"
"80914","https://mitokoumon.com/convention/content/images/2022/06/%E2%98%85%E3%82%B3%E3%83%B3%E3%83%99%E3%83%B3%E3%82%B7%E3%83%A7%E3%83%B3%E9%96%8B%E5%82%AC%E5%8A%A9%E6%88%90%E9%87%91%E5%88%B6%E5%BA%A6%E3%83%81%E3%83%A9%E3%82%B7%E8%A3%8F_202206.pdf","https://mitokoumon.com/convention/support/ | https://mitokoumon.com/convention/content/images/2022/06/%E2%98%85%E3%82%B3%E3%83%B3%E3%83%99%E3%83%B3%E3%82%B7%E3%83%A7%E3%83%B3%E9%96%8B%E5%82%AC%E5%8A%A9%E6%88%90%E9%87%91%E5%88%B6%E5%BA%A6%E3%83%81%E3%83%A9%E3%82%B7%E8%A3%8F_202206.pdf"
"80915","https://www.city.matsue.lg.jp/material/files/group/42/panfu.pdf","https://www.city.matsue.lg.jp/soshikikarasagasu/kenkofukushibu_kenkofukushisomuka/kenko_fukushiseisaku/1/814.html | https://www.city.matsue.lg.jp/material/files/group/42/panfu.pdf"
"80921","https://www.city.chiba.jp/keizainosei/nosei/nosei/toti1.html","https://www.city.chiba.jp/keizainosei/nosei/nosei/toti1.html"
"80922","https://www.city.morioka.iwate.jp/jigyousha/1026070/ringyo/1026570.html","https://www.city.morioka.iwate.jp/jigyousha/1026070/ringyo/1026570.html"
"80931","https://www.city.chiba.jp/kodomomirai/kodomomirai/kikaku/cafe.html","https://www.city.chiba.jp/kodomomirai/kodomomirai/kikaku/cafe.html"
"80933","https://www.city.chiba.jp/sogoseisaku/miraitoshi/smartcity/chosei/documents/hozyokinyoukou.pdf","https://www.city.chiba.jp/sogoseisaku/miraitoshi/smartcity/chosei/documents/hozyokinyoukou.pdf"
"80934","https://www.city.katsushika.lg.jp/information/1030313/1036131.html","https://www.city.katsushika.lg.jp/information/1030313/1036131.html"
"80957","https://kobenoseikosha.jp/sato/recl.html#:~:text=%E3%80%8C-,%E8%BE%B2%E6%9D%91%E7%89%88%20%E7%A7%BB%E4%BD%8F%E3%83%BB%E8%B5%B7%E6%A5%AD%E3%83%AF%E3%83%B3%E3%82%B9%E3%83%88%E3%83%83%E3%83%97%E7%9B%B8%E8%AB%87%E7%AA%93%E5%8F%A3,-%E3%80%8D%0A%E7%9B%B8%E8%AB%87%E8%80%85","https://kobenoseikosha.jp/sato/recl.html#:~:text=%E3%80%8C-,%E8%BE%B2%E6%9D%91%E7%89%88%20%E7%A7%BB%E4%BD%8F%E3%83%BB%E8%B5%B7%E6%A5%AD%E3%83%AF%E3%83%B3%E3%82%B9%E3%83%88%E3%83%83%E3%83%97%E7%9B%B8%E8%AB%87%E7%AA%93%E5%8F%A3,-%E3%80%8D%0A%E7%9B%B8%E8%AB%87%E8%80%85"
"80952","https://www.samani.jp/news/2024/07/post-957.html","https://www.samani.jp/news/2024/07/post-957.html"
"80958","https://www.town.minowa.lg.jp/soshiki/midori_senryaku/gyomu/5/1/5/695.html","https://www.town.minowa.lg.jp/soshiki/midori_senryaku/gyomu/5/1/5/695.html"
"80959","https://www.town.mishima.fukushima.jp/soshiki/chiiki-seisaku/4768.html","https://www.town.mishima.fukushima.jp/soshiki/chiiki-seisaku/4768.html"
"80966","https://www.city.ogi.lg.jp/site_files/file/2022/202212/p1gkd9tht01nfqdtr11nc1c6pb7r4.pdf","https://www.city.ogi.lg.jp/main/14849.html | https://www.city.ogi.lg.jp/site_files/file/2022/202212/p1gkd9tht01nfqdtr11nc1c6pb7r4.pdf"
"80967","https://www.city.aomori.aomori.jp/shisei/shiminkyoudou_jinken_heiwa/1006025/1006026/1006029.html#:~:text=%E3%81%AE%E7%A8%AE%E9%A1%9E-,%E9%9D%92%E6%A3%AE%E5%B8%82%E5%9C%B0%E5%9F%9F%E3%82%B3%E3%83%9F%E3%83%A5%E3%83%8B%E3%83%86%E3%82%A3%E6%B4%BB%E6%80%A7%E5%8C%96%E4%BA%8B%E6%A5%AD%E8%A3%9C%E5%8A%A9%E9%87%91,-%E5%9C%B0%E5%9F%9F%E3%81%AE","https://www.city.aomori.aomori.jp/shisei/shiminkyoudou_jinken_heiwa/1006025/1006026/1006029.html#:~:text=%E3%81%AE%E7%A8%AE%E9%A1%9E-,%E9%9D%92%E6%A3%AE%E5%B8%82%E5%9C%B0%E5%9F%9F%E3%82%B3%E3%83%9F%E3%83%A5%E3%83%8B%E3%83%86%E3%82%A3%E6%B4%BB%E6%80%A7%E5%8C%96%E4%BA%8B%E6%A5%AD%E8%A3%9C%E5%8A%A9%E9%87%91,-%E5%9C%B0%E5%9F%9F%E3%81%AE"
"80969","https://www.city.aomori.aomori.jp/shisei/shiminkyoudou_jinken_heiwa/1006025/1006026/1006029.html#:~:text=%E5%9C%B0%E5%9F%9F%E5%B8%82%E6%B0%91%E9%A4%A8%E9%81%8B%E5%96%B6%E5%8A%A9%E6%88%90%E9%87%91","https://www.city.aomori.aomori.jp/shisei/shiminkyoudou_jinken_heiwa/1006025/1006026/1006029.html#:~:text=%E5%9C%B0%E5%9F%9F%E5%B8%82%E6%B0%91%E9%A4%A8%E9%81%8B%E5%96%B6%E5%8A%A9%E6%88%90%E9%87%91"
"80968","https://www.city.aomori.aomori.jp/shisei/shiminkyoudou_jinken_heiwa/1006025/1006026/1006029.html#:~:text=%E7%94%BA%E4%BC%9A%E5%9C%B0%E5%9F%9F%E6%B4%BB%E5%8B%95%E8%B2%BB%E5%8A%A9%E6%88%90%E9%87%91","https://www.city.aomori.aomori.jp/shisei/shiminkyoudou_jinken_heiwa/1006025/1006026/1006029.html#:~:text=%E7%94%BA%E4%BC%9A%E5%9C%B0%E5%9F%9F%E6%B4%BB%E5%8B%95%E8%B2%BB%E5%8A%A9%E6%88%90%E9%87%91"
"80970","https://www.city.aomori.aomori.jp/shisei/shiminkyoudou_jinken_heiwa/1006025/1006026/1006029.html#:~:text=%E5%9C%B0%E5%9F%9F%E5%B8%82%E6%B0%91%E9%A4%A8%E6%95%B4%E5%82%99%E4%BA%8B%E6%A5%AD%E8%A3%9C%E5%8A%A9%E9%87%91","https://www.city.aomori.aomori.jp/shisei/shiminkyoudou_jinken_heiwa/1006025/1006026/1006029.html#:~:text=%E5%9C%B0%E5%9F%9F%E5%B8%82%E6%B0%91%E9%A4%A8%E6%95%B4%E5%82%99%E4%BA%8B%E6%A5%AD%E8%A3%9C%E5%8A%A9%E9%87%91"
"80971","https://www.city.aomori.aomori.jp/shisei/shiminkyoudou_jinken_heiwa/1006025/1006026/1006029.html#:~:text=%E4%B8%80%E8%88%AC%E3%82%B3%E3%83%9F%E3%83%A5%E3%83%8B%E3%83%86%E3%82%A3%E5%8A%A9%E6%88%90%E4%BA%8B%E6%A5%AD","https://www.city.aomori.aomori.jp/shisei/shiminkyoudou_jinken_heiwa/1006025/1006026/1006029.html#:~:text=%E4%B8%80%E8%88%AC%E3%82%B3%E3%83%9F%E3%83%A5%E3%83%8B%E3%83%86%E3%82%A3%E5%8A%A9%E6%88%90%E4%BA%8B%E6%A5%AD"
"80972","https://www.city.chiba.jp/sogoseisaku/kikikanri/bosai/hinannjounneiiinnkaihojokinn.html","https://www.city.chiba.jp/sogoseisaku/kikikanri/bosai/hinannjounneiiinnkaihojokinn.html"
"80973","https://www.city.aomori.aomori.jp/shisei/shiminkyoudou_jinken_heiwa/1006025/1006026/1006029.html#:~:text=%E8%87%AA%E4%B8%BB%E9%98%B2%E7%81%BD%E7%B5%84%E7%B9%94%E3%81%AE%E8%82%B2%E6%88%90%E6%94%AF%E6%8F%B4","https://www.city.aomori.aomori.jp/shisei/shiminkyoudou_jinken_heiwa/1006025/1006026/1006029.html#:~:text=%E8%87%AA%E4%B8%BB%E9%98%B2%E7%81%BD%E7%B5%84%E7%B9%94%E3%81%AE%E8%82%B2%E6%88%90%E6%94%AF%E6%8F%B4"
"80975","https://www.city.aomori.aomori.jp/shisei/shiminkyoudou_jinken_heiwa/1006025/1006026/1006029.html#:~:text=%E8%80%81%E4%BA%BA%E3%82%AF%E3%83%A9%E3%83%96%E9%81%8B%E5%96%B6%E4%BA%8B%E6%A5%AD%E8%A3%9C%E5%8A%A9%E9%87%91","https://www.city.aomori.aomori.jp/shisei/shiminkyoudou_jinken_heiwa/1006025/1006026/1006029.html#:~:text=%E8%80%81%E4%BA%BA%E3%82%AF%E3%83%A9%E3%83%96%E9%81%8B%E5%96%B6%E4%BA%8B%E6%A5%AD%E8%A3%9C%E5%8A%A9%E9%87%91"
"80974","https://www.city.aomori.aomori.jp/shisei/shiminkyoudou_jinken_heiwa/1006025/1006026/1006029.html#:~:text=%E8%B3%87%E6%BA%90%E7%89%A9%E9%9B%86%E5%9B%A3%E5%9B%9E%E5%8F%8E%E5%A5%A8%E5%8A%B1%E9%87%91","https://www.city.aomori.aomori.jp/shisei/shiminkyoudou_jinken_heiwa/1006025/1006026/1006029.html#:~:text=%E8%B3%87%E6%BA%90%E7%89%A9%E9%9B%86%E5%9B%A3%E5%9B%9E%E5%8F%8E%E5%A5%A8%E5%8A%B1%E9%87%91 | https://www.city.aomori.aomori.jp/seiso-kanri/kurashi-guide/gomi-recycle-shinyo/recycle/genryou-recycle/syuudan-kaisyuu/02.html"
"80977","https://www.city.aomori.aomori.jp/shisei/shiminkyoudou_jinken_heiwa/1006025/1006026/1006029.html#:~:text=%E5%85%AC%E5%9C%92%E6%84%9B%E8%AD%B7%E4%BC%9A%E8%82%B2%E6%88%90%E4%BA%8B%E6%A5%AD","https://www.city.aomori.aomori.jp/shisei/shiminkyoudou_jinken_heiwa/1006025/1006026/1006029.html#:~:text=%E5%85%AC%E5%9C%92%E6%84%9B%E8%AD%B7%E4%BC%9A%E8%82%B2%E6%88%90%E4%BA%8B%E6%A5%AD"
"80983","https://www.city.chiba.jp/toshi/koenryokuchi/ryokusei/midoritohana/okujouhekimennryokka.html","https://www.city.chiba.jp/toshi/koenryokuchi/ryokusei/midoritohana/okujouhekimennryokka.html"
"80985","https://www.city.chiba.jp/toshi/toshi/machizukuri/umibe_minato/use-pier.html","https://www.city.chiba.jp/toshi/toshi/machizukuri/umibe_minato/use-pier.html"
"80988","https://www.city.chiba.jp/hokenfukushi/koreishogai/shogaifukushi/ghchunneihihojyo.html","https://www.city.chiba.jp/hokenfukushi/koreishogai/shogaifukushi/ghchunneihihojyo.html"
"81005","https://www.city.oita.oita.jp/o081/kenko/fukushi/060201.html","https://www.city.oita.oita.jp/o081/kenko/fukushi/060201.html"
"80989","https://www.city.chiba.jp/toshi/toshi/machizukuri/ayattemiyouyoseido.html","https://www.city.chiba.jp/toshi/toshi/machizukuri/ayattemiyouyoseido.html"
"81006","https://www.city.oita.oita.jp/o041/kurashi/anshinanzen/1274404713050.html","https://www.city.oita.oita.jp/o041/kurashi/anshinanzen/1274404713050.html"
"81012","https://www.mhlw.go.jp/content/001472912.pdf","https://www.mhlw.go.jp/stf/seisakunitsuite/bunya/kodomo/shokuba_kosodate/ryouritsu01/index.html | https://www.mhlw.go.jp/content/001472912.pdf"
"81007","https://www.city.tono.iwate.jp/index.cfm/46,31776,288,614,html","https://www.city.tono.iwate.jp/index.cfm/46,31776,288,614,html"
"81016","https://www.city.oita.oita.jp/o243/bunkasports/guide/1448590367384.html","https://www.city.oita.oita.jp/o243/bunkasports/guide/1448590367384.html"
"81029","https://www.city.hachioji.tokyo.jp/kurashi/life/003/001/sefunettojyutaku/p029376.html","https://www.city.hachioji.tokyo.jp/kurashi/life/003/001/sefunettojyutaku/p029376.html"
"81025","https://www.chisou.go.jp/tiiki/tiikisaisei/pdf/R060329gaiyou.pdf","https://www.chisou.go.jp/tiiki/tiikisaisei/kigyou_furusato.html | https://www.chisou.go.jp/tiiki/tiikisaisei/pdf/R060329gaiyou.pdf | https://www.chisou.go.jp/tiiki/tiikisaisei/portal/pdf/R060401_zinzaihakengata.pdf | https://www.chisou.go.jp/tiiki/tiikisaisei/portal/pdf/R3panph1.pdf"
"81032","https://www.city.oita.oita.jp/o040/kurashi/volunteer/1359359756533.html","https://www.city.oita.oita.jp/o040/kurashi/volunteer/1359359756533.html"
"81035","https://www.city.chiba.jp/sogoseisaku/kikikanri/bosai/zisyubousetti.html","https://www.city.chiba.jp/sogoseisaku/kikikanri/bosai/zisyubousetti.html"
"81033","https://www.city.hachioji.tokyo.jp/kurashi/sangyo/004/001/004/p032564_d/fil/chirashi.pdf","https://www.city.hachioji.tokyo.jp/kurashi/sangyo/004/001/004/p032564.html | https://www.city.hachioji.tokyo.jp/kurashi/sangyo/004/001/004/p032564_d/fil/chirashi.pdf"
"81036","https://www.city.oita.oita.jp/o165/machizukuri/kanri/1233903833781.html","https://www.city.oita.oita.jp/o165/machizukuri/kanri/1233903833781.html"
"81038","https://www.city.chiba.jp/sogoseisaku/kikikanri/bosai/zisyubousetti.html","https://www.city.chiba.jp/sogoseisaku/kikikanri/bosai/zisyubousetti.html"
"81037","https://www.city.chiba.jp/sogoseisaku/kikikanri/bosai/zisyubousetti.html","https://www.city.chiba.jp/sogoseisaku/kikikanri/bosai/zisyubousetti.html"
"81039","https://www.city.chiba.jp/keizainosei/keizai/sangyo/documents/siennmenu.pdf","https://www.city.chiba.jp/keizainosei/keizai/sangyo/shoutenngai_guide.html | https://www.city.chiba.jp/keizainosei/keizai/sangyo/documents/siennmenu.pdf"
"81063","https://www.city.kagoshima.lg.jp/nouseisoumu/sangyo/norin/nochi/katsuyo.html","https://www.city.kagoshima.lg.jp/nouseisoumu/sangyo/norin/nochi/katsuyo.html"
"81066","https://www.town.kamimine.lg.jp/kiji0031317/index.html","https://www.town.kamimine.lg.jp/kiji0031317/index.html"
"81067","https://www.town.kamimine.lg.jp/kiji0031318/index.html","https://www.town.kamimine.lg.jp/kiji0031318/index.html"
"81068","https://www.city.hamura.tokyo.jp/0000005823.html#:~:text=%E5%B8%82%E7%94%BA%E6%9D%91%E3%81%AB%E3%82%8F%E3%81%9F%E3%82%8B%E6%B4%BB%E5%8B%95-,%E5%BA%83%E5%9F%9F%E7%9A%84%E5%B8%82%E6%B0%91%E3%83%8D%E3%83%83%E3%83%88%E3%83%AF%E3%83%BC%E3%82%AF%E6%B4%BB%E5%8B%95,-%E6%94%AF%E6%8F%B4%E5%88%B6%E5%BA%A6%E3%80%90%E6%B4%BB%E5%8B%95","https://www.city.hamura.tokyo.jp/0000005823.html#:~:text=%E5%B8%82%E7%94%BA%E6%9D%91%E3%81%AB%E3%82%8F%E3%81%9F%E3%82%8B%E6%B4%BB%E5%8B%95-,%E5%BA%83%E5%9F%9F%E7%9A%84%E5%B8%82%E6%B0%91%E3%83%8D%E3%83%83%E3%83%88%E3%83%AF%E3%83%BC%E3%82%AF%E6%B4%BB%E5%8B%95,-%E6%94%AF%E6%8F%B4%E5%88%B6%E5%BA%A6%E3%80%90%E6%B4%BB%E5%8B%95"
"81073","https://www.city.kasumigaura.lg.jp/page/page000423.html","https://www.city.kasumigaura.lg.jp/page/page000423.html"
"81077","https://www.city.tachikawa.lg.jp/kurashi/shiminkatsudo/1002049/1002080.html","https://www.city.tachikawa.lg.jp/kurashi/shiminkatsudo/1002049/1002080.html"
"81076","https://www.city.tachikawa.lg.jp/kurashi/shiminkatsudo/1002049/1002085.html","https://www.city.tachikawa.lg.jp/kurashi/shiminkatsudo/1002049/1002085.html"
"81082","https://www.town.iwaizumi.lg.jp/docs/2017092100011/","https://www.town.iwaizumi.lg.jp/docs/2017092100011/"
"81085","https://www.city.tachikawa.lg.jp/sangyo/shokogyo/1003809/1003830.html","https://www.city.tachikawa.lg.jp/sangyo/shokogyo/1003809/1003830.html"
"81089","https://www.city.tachikawa.lg.jp/kurashi/shiminkatsudo/1002049/1002081.html","https://www.city.tachikawa.lg.jp/kurashi/shiminkatsudo/1002049/1002081.html"
"81087","https://www.city.tachikawa.lg.jp/kurashi/shiminkatsudo/1002049/1002081.html","https://www.city.tachikawa.lg.jp/kurashi/shiminkatsudo/1002049/1002081.html"
"81103","https://www.city.tachikawa.lg.jp/kurashi/shiminkatsudo/1002049/1002079.html","https://www.city.tachikawa.lg.jp/kurashi/shiminkatsudo/1002049/1002079.html"
"81100","https://www.city.akita.lg.jp/shisei/machizukuri/1011485/1007502/1007907.html","https://www.city.akita.lg.jp/shisei/machizukuri/1011485/1007502/1007907.html"
"81108","https://www.city.akita.lg.jp/kurashi/recycle/1006070/1006207.html","https://www.city.akita.lg.jp/kurashi/recycle/1006070/1006207.html"
"81109","https://www.city.tachikawa.lg.jp/kurashi/seikatsu/1001871/1021661.html","https://www.city.tachikawa.lg.jp/kurashi/seikatsu/1001871/1021661.html"
"81129","https://www.city.akita.lg.jp/shisei/machizukuri/1011485/1007497/1022420.html","https://www.city.akita.lg.jp/shisei/machizukuri/1011485/1007497/1022420.html"
"81125","https://www.city.matsumoto.nagano.jp/soshiki/72/143882.html","https://www.city.matsumoto.nagano.jp/soshiki/72/143882.html"
"81142","https://www.ciaj.or.jp/ad_freq01.html","https://www.ciaj.or.jp/ad_freq01.html"
"81132","https://www.city.noshiro.lg.jp/up/files/www/sangyo/shogyo/hojo/%E9%A6%96%E9%83%BD%E5%9C%8F%E7%AD%89%E4%BA%BA%E6%9D%90%E6%8E%A1%E7%94%A8%E6%94%AF%E6%8F%B4%E8%A3%9C%E5%8A%A9%E9%87%91%E3%83%81%E3%83%A9%E3%82%B7.pdf","https://www.city.noshiro.lg.jp/sangyo/shogyo/hojo/24433 | https://www.city.noshiro.lg.jp/up/files/www/sangyo/shogyo/hojo/%E9%A6%96%E9%83%BD%E5%9C%8F%E7%AD%89%E4%BA%BA%E6%9D%90%E6%8E%A1%E7%94%A8%E6%94%AF%E6%8F%B4%E8%A3%9C%E5%8A%A9%E9%87%91%E3%83%81%E3%83%A9%E3%82%B7.pdf"
"81130","https://www.city.niigata.lg.jp/business/shoko/shokoshien/kigyo_jinzaiikusei.files/jinzai.pdf","https://www.city.niigata.lg.jp/business/shoko/shokoshien/kigyo_jinzaiikusei.html | https://www.city.niigata.lg.jp/business/shoko/shokoshien/kigyo_jinzaiikusei.files/jinzai.pdf"
"81145","https://www.city.soka.saitama.jp/cont/s1406/020/040/PAGE000000000000065152.html","https://www.city.soka.saitama.jp/cont/s1406/020/040/PAGE000000000000065152.html"
"81148","https://www.city.akita.lg.jp/jigyosha/1038525/1038626.html","https://www.city.akita.lg.jp/jigyosha/1038525/1038626.html"
"81154","https://www.city.akita.lg.jp/kurashi/sports/1009791/1002402.html","https://www.city.akita.lg.jp/kurashi/sports/1009791/1002402.html"
"81158","https://www.city.kawanishi.hyogo.jp/_res/projects/default_project/_page_/001/019/632/beppyou.pdf","https://www.city.kawanishi.hyogo.jp/business/nouringyo/1012522/1019632.html | https://www.city.kawanishi.hyogo.jp/_res/projects/default_project/_page_/001/019/632/beppyou.pdf"
"81171","https://www.town.karuizawa.lg.jp/www/contents/1716786832064/index.html","https://www.town.karuizawa.lg.jp/www/contents/1716786832064/index.html"
"81167","https://www.town.karuizawa.lg.jp/www/contents/1001000000154/index.html","https://www.town.karuizawa.lg.jp/www/contents/1001000000154/index.html"
"81175","https://www.vill.kamikoani.akita.jp/info/688","https://www.vill.kamikoani.akita.jp/info/688"
"81183","https://www.city.kawanishi.hyogo.jp/business/nouringyo/1012522/1011324.html","https://www.city.kawanishi.hyogo.jp/business/nouringyo/1012522/1011324.html"
"81177","https://www.city.akita.lg.jp/jigyosha/norinsuisangyo/1006812/1006953.html","https://www.city.akita.lg.jp/jigyosha/norinsuisangyo/1006812/1006953.html"
"81190","https://kizuna.town.tamaki.mie.jp/sangyobusiness/noringyo/shuno_sienjigyo.html","https://kizuna.town.tamaki.mie.jp/sangyobusiness/noringyo/shuno_sienjigyo.html"
"81197","https://www.city.yurihonjo.lg.jp/1000005/1001972/1010465.html","https://www.city.yurihonjo.lg.jp/1000005/1001972/1010465.html"
"81192","https://kizuna.town.tamaki.mie.jp/sangyobusiness/noringyo/shuno_sienjigyo.html","https://kizuna.town.tamaki.mie.jp/sangyobusiness/noringyo/shuno_sienjigyo.html"
"81201","https://www.city.soka.saitama.jp/cont/s1403/020/010/030/01.html#:~:text=%E3%82%82%E3%81%AE%EF%BC%88%E3%82%A4%E3%83%99%E3%83%B3%E3%83%88%E5%AE%9F%E7%B8%BE%EF%BC%89-,%E8%A1%97%E8%B7%AF%E7%81%AF%E7%B6%AD%E6%8C%81%E7%AE%A1%E7%90%86%E4%BA%8B%E6%A5%AD,-%E8%A3%9C%E5%8A%A9%E9%A1%8D","https://www.city.soka.saitama.jp/cont/s1403/020/010/030/01.html#:~:text=%E3%82%82%E3%81%AE%EF%BC%88%E3%82%A4%E3%83%99%E3%83%B3%E3%83%88%E5%AE%9F%E7%B8%BE%EF%BC%89-,%E8%A1%97%E8%B7%AF%E7%81%AF%E7%B6%AD%E6%8C%81%E7%AE%A1%E7%90%86%E4%BA%8B%E6%A5%AD,-%E8%A3%9C%E5%8A%A9%E9%A1%8D"
"81205","https://www.city.soka.saitama.jp/cont/s1403/020/010/030/01.html#:~:text=%E3%81%A8%E8%AA%8D%E3%82%81%E3%82%8B%E3%82%82%E3%81%AE-,%E5%95%86%E5%BA%97%E8%A1%97%E7%92%B0%E5%A2%83%E6%95%B4%E5%82%99%E4%BA%8B%E6%A5%AD,-%E8%A3%9C%E5%8A%A9%E7%8E%87%E8%A3%9C%E5%8A%A9","https://www.city.soka.saitama.jp/cont/s1403/020/010/030/01.html#:~:text=%E3%81%A8%E8%AA%8D%E3%82%81%E3%82%8B%E3%82%82%E3%81%AE-,%E5%95%86%E5%BA%97%E8%A1%97%E7%92%B0%E5%A2%83%E6%95%B4%E5%82%99%E4%BA%8B%E6%A5%AD,-%E8%A3%9C%E5%8A%A9%E7%8E%87%E8%A3%9C%E5%8A%A9"
"81199","https://www.city.soka.saitama.jp/cont/s1403/020/010/030/01.html","https://www.city.soka.saitama.jp/cont/s1403/020/010/030/01.html"
"81207","https://www.pref.akita.lg.jp/uploads/public/archive_0000081993_00/%E5%A4%A2%E3%81%82%E3%82%8B%E5%9C%92%E8%8A%B8%E7%94%A3%E5%9C%B0%E5%89%B5%E9%80%A0%E4%BA%8B%E6%A5%ADPR%E7%89%88.pdf","https://www.pref.akita.lg.jp/pages/archive/81993 | https://www.pref.akita.lg.jp/uploads/public/archive_0000081993_00/%E5%A4%A2%E3%81%82%E3%82%8B%E5%9C%92%E8%8A%B8%E7%94%A3%E5%9C%B0%E5%89%B5%E9%80%A0%E4%BA%8B%E6%A5%ADPR%E7%89%88.pdf"
"81210","https://www.city.minokamo.lg.jp/soshiki/13/1676.html","https://www.city.minokamo.lg.jp/soshiki/13/1676.html"
"81228","https://www.city.hekinan.lg.jp/soshiki/shiminkyoudou/bosai/2/22063.html","https://www.city.hekinan.lg.jp/soshiki/shiminkyoudou/bosai/2/22063.html"
"81231","https://www.pref.fukushima.lg.jp/uploaded/attachment/645339.pdf","https://www.pref.fukushima.lg.jp/sec/36021e/kinyuu09.html | https://www.pref.fukushima.lg.jp/uploaded/attachment/645339.pdf"
"81237","https://www.pref.aomori.lg.jp//soshiki/nourin/ringo/files/zigyougaiyou.pdf","http://www.pref.aomori.lg.jp//soshiki/nourin/ringo/r6_sentangijutudounyuuzigyou_koumissyounaegi.html?ref=rss | https://www.pref.aomori.lg.jp//soshiki/nourin/ringo/files/zigyougaiyou.pdf"
"81236","https://www.city.minokamo.lg.jp/soshiki/12/1567.html","https://www.city.minokamo.lg.jp/soshiki/12/1567.html"
"81239","https://www.city.oyama.tochigi.jp/kurashi/gomi-seikatsu/gomi-recycle/page006922.html","https://www.city.oyama.tochigi.jp/kurashi/gomi-seikatsu/gomi-recycle/page006922.html"
"81259","https://www.city.minamishimabara.lg.jp/kiji0038583/index.html","https://www.city.minamishimabara.lg.jp/kiji0038583/index.html"
"81242","https://www.city.oyama.tochigi.jp/kurashi/bosai-bohan/bouhan/torikumi-dantai/page001872.html","https://www.city.oyama.tochigi.jp/kurashi/bosai-bohan/bouhan/torikumi-dantai/page001872.html"
"81260","https://www.city.kofu.yamanashi.jp/shoko/taiyo.html","https://www.city.kofu.yamanashi.jp/shoko/taiyo.html"
"81261","https://www.city.minamishimabara.lg.jp/kiji0038583/index.html","https://www.city.minamishimabara.lg.jp/kiji0038583/index.html"
"81262","https://www.city.kazuno.lg.jp/soshiki/shiminkyodo/kyodosuisin/gyomu/1/1/5/1658.html","https://www.city.kazuno.lg.jp/soshiki/shiminkyodo/kyodosuisin/gyomu/1/1/5/1658.html"
"81263","https://www.city.minamishimabara.lg.jp/kiji0038583/index.html","https://www.city.minamishimabara.lg.jp/kiji0038583/index.html"
"81280","https://www.city.habikino.lg.jp/material/files/group/127/sougyouhojokinchirashiR5.pdf","https://www.city.habikino.lg.jp/soshiki/toshimiryoku/keizairoudou/syoko/8534.html | https://www.city.habikino.lg.jp/material/files/group/127/sougyouhojokinchirashiR5.pdf"
"81279","https://www.city.settsu.osaka.jp/soshiki/seikatukannkyou/sangyoushinkouka/shoukougyou/kigyoujigyoushoshien/sougyoushienn/23257.html","https://www.city.settsu.osaka.jp/soshiki/seikatukannkyou/sangyoushinkouka/shoukougyou/kigyoujigyoushoshien/sougyoushienn/23257.html"
"81283","https://www.pref.shimane.lg.jp/industry/norin/nougyo/nougyo_shien/hojyojigyou/santisouseijigyou/","https://www.pref.shimane.lg.jp/industry/norin/nougyo/nougyo_shien/hojyojigyou/santisouseijigyou/"
"81282","https://www.town.taishi.osaka.jp/busyo/machidukurisuisinbu/kankousangyou/sangyo_rodo/sougyoushien/3308.html","https://www.town.taishi.osaka.jp/busyo/machidukurisuisinbu/kankousangyou/sangyo_rodo/sougyoushien/3308.html"
"81285","https://www.akitacci.or.jp/keiei/page-1152/shoudan/","https://www.akitacci.or.jp/keiei/page-1152/shoudan/"
"81301","https://www.city.ise.mie.jp/machi/keikan/1005049.html","https://www.city.ise.mie.jp/machi/keikan/1005049.html"
"81286","https://www.city.akita.lg.jp/jigyosha/norinsuisangyo/1006807/1007062.html","https://www.city.akita.lg.jp/jigyosha/norinsuisangyo/1006807/1007062.html"
"81303","https://www.pref.nagano.lg.jp/kaigo-shien/shisetsu/kikin.html","https://www.pref.nagano.lg.jp/kaigo-shien/shisetsu/kikin.html"
"81306","https://www.city.toyohashi.lg.jp/57923.htm","https://www.city.toyohashi.lg.jp/57923.htm"
"81307","https://www.city.toyohashi.lg.jp/18575.htm","https://www.city.toyohashi.lg.jp/18575.htm"
"81308","https://www.pref.nagano.lg.jp/mokuzai/miriyousystem.html","https://www.pref.nagano.lg.jp/mokuzai/miriyousystem.html"
"81311","https://www.pref.nagano.lg.jp/chiiki-fukushi/kenko/fukushi/fukushi/josekin.html","https://www.pref.nagano.lg.jp/chiiki-fukushi/kenko/fukushi/fukushi/josekin.html"
"81315","https://www.pref.nagano.lg.jp/kotsu/kurashi/kotsu/bus/unyujigyo_hojokin.html","https://www.pref.nagano.lg.jp/kotsu/kurashi/kotsu/bus/unyujigyo_hojokin.html"
"81318","https://www.city.mito.lg.jp/uploaded/attachment/31148.pdf","https://www.city.mito.lg.jp/page/4893.html | https://www.city.mito.lg.jp/site/mito-sougyou/1934.html | https://www.city.mito.lg.jp/uploaded/attachment/31148.pdf"
"81328","https://www.city.yamagata-yamagata.lg.jp/kurashi/shiminkatsudo/1006602/1011554/1012629.html","https://www.city.yamagata-yamagata.lg.jp/kurashi/shiminkatsudo/1006602/1011554/1012629.html"
"81326","https://www.city.yamagata-yamagata.lg.jp/kurashi/shiminkatsudo/1006602/1011554/1012628.html","https://www.city.yamagata-yamagata.lg.jp/kurashi/shiminkatsudo/1006602/1011554/1012628.html"
"81324","https://www.city.yamagata-yamagata.lg.jp/kurashi/shiminkatsudo/1006602/1012631.html","https://www.city.yamagata-yamagata.lg.jp/kurashi/shiminkatsudo/1006602/1012631.html"
"81335","https://www.city.yamagata-yamagata.lg.jp/jigyosya/kighoshien/1006774/1003602.html","https://www.city.yamagata-yamagata.lg.jp/jigyosya/kighoshien/1006774/1003602.html"
"81330","https://www.city.morioka.iwate.jp/_res/projects/default_project/_page_/001/047/825/QandA.pdf","https://www.city.morioka.iwate.jp/jigyousha/1026070/ringyo/1047825.html | https://www.city.morioka.iwate.jp/_res/projects/default_project/_page_/001/047/825/QandA.pdf"
"81334","https://www.city.morioka.iwate.jp/_res/projects/default_project/_page_/001/019/526/R6dennkisakutirasi.pdf","https://www.city.morioka.iwate.jp/kurashi/pet/yaseidobutsu/1019526.html | https://www.city.morioka.iwate.jp/_res/projects/default_project/_page_/001/019/526/R6dennkisakutirasi.pdf"
"81350","https://www.pref.nagano.lg.jp/kodomo-katei/kyoiku/kodomo/shisaku/yamahoiku/30fieldhojo.html","https://www.pref.nagano.lg.jp/kodomo-katei/kyoiku/kodomo/shisaku/yamahoiku/30fieldhojo.html"
"81351","https://www.pref.shimane.lg.jp/medical/fukushi/syougai/ippan/shurou/setubi.html","https://www.pref.shimane.lg.jp/medical/fukushi/syougai/ippan/shurou/setubi.html"
"81355","https://www.city.fukui-sakai.lg.jp/kosodate2/kosodate/kosodate/shien/documents/jidoushouyuenchi-tebiki.pdf","https://www.city.fukui-sakai.lg.jp/kosodate2/kosodate/kosodate/shien/zidoushouyuenchihojyokin.html | https://www.city.fukui-sakai.lg.jp/kosodate2/kosodate/kosodate/shien/documents/jidoushouyuenchi-tebiki.pdf"
"81362","https://www.city.fukui-sakai.lg.jp/machi-zukuri/kurashi/machi-zukuri/kyodo/ku/documents/dezi.pdf","https://www.city.fukui-sakai.lg.jp/machi-zukuri/kurashi/machi-zukuri/kyodo/ku/syukai-shisetsu.html | https://www.city.fukui-sakai.lg.jp/machi-zukuri/kurashi/machi-zukuri/kyodo/ku/documents/dezi.pdf"
"81358","https://www.city.fukui-sakai.lg.jp/machi-zukuri/kurashi/machi-zukuri/kyodo/ku/documents/shuukai_2.pdf","https://www.city.fukui-sakai.lg.jp/machi-zukuri/kurashi/machi-zukuri/kyodo/ku/syukai-shisetsu.html | https://www.city.fukui-sakai.lg.jp/machi-zukuri/kurashi/machi-zukuri/kyodo/ku/documents/shuukai_2.pdf"
"81363","https://www.pref.shimane.lg.jp/medical/kenko/kenko/shippei/hansenbyou/hansen-rikaisokushinkatsudoujyoseikin.data/joseikin-chirashi.pdf","https://www.pref.shimane.lg.jp/medical/kenko/kenko/shippei/hansenbyou/hansen-rikaisokushinkatsudoujyoseikin.html | https://www.pref.shimane.lg.jp/medical/kenko/kenko/shippei/hansenbyou/hansen-rikaisokushinkatsudoujyoseikin.data/joseikin-chirashi.pdf"
"81370","https://www.city.fukui-sakai.lg.jp/nogyoshinko/jigyosha/norin/nogyo/shinki-syuno.html","https://www.city.fukui-sakai.lg.jp/nogyoshinko/jigyosha/norin/nogyo/shinki-syuno.html"
"81366","https://www.city.fukui-sakai.lg.jp/machi-zukuri/kurashi/machi-zukuri/kyodo/ku/syukai-shisetsu.html","https://www.city.fukui-sakai.lg.jp/machi-zukuri/kurashi/machi-zukuri/kyodo/ku/syukai-shisetsu.html"
"81368","https://www.pref.shimane.lg.jp/admin/region/access/tetudo/tetudouriyounosusume.data/2024tirasi.pdf","https://www.pref.shimane.lg.jp/life/region/access/tetudo/tetudouriyounosusume.html | https://www.pref.shimane.lg.jp/admin/region/access/tetudo/tetudouriyounosusume.data/2024tirasi.pdf"
"81372","https://www.city.ise.mie.jp/machi/community/katsudo/1001382.html","https://www.city.ise.mie.jp/machi/community/katsudo/1001382.html"
"81376","https://www.city.fukui-sakai.lg.jp/nogyoshinko/jigyosha/norin/nogyo/shinki-syuno.html","https://www.city.fukui-sakai.lg.jp/nogyoshinko/jigyosha/norin/nogyo/shinki-syuno.html"
"81373","https://www.city.fukui-sakai.lg.jp/nogyoshinko/jigyosha/norin/nogyo/shinki-syuno.html","https://www.city.fukui-sakai.lg.jp/nogyoshinko/jigyosha/norin/nogyo/shinki-syuno.html"
"81383","https://www.city.ise.mie.jp/kyouiku/sports/hojo/index.html","https://www.city.ise.mie.jp/kyouiku/sports/hojo/index.html"
"81378","https://www.city.fukui-sakai.lg.jp/nogyoshinko/jigyosha/norin/nogyo/shinki-syuno.html","https://www.city.fukui-sakai.lg.jp/nogyoshinko/jigyosha/norin/nogyo/shinki-syuno.html"
"81386","https://www.city.ise.mie.jp/kurashi/gomi/hojo/index.html","https://www.city.ise.mie.jp/kurashi/gomi/hojo/index.html"
"81387","https://www.city.maibara.lg.jp/soshiki/kenko_fukushi/koureifukusi/oshirase/20988.html","https://www.city.maibara.lg.jp/soshiki/kenko_fukushi/koureifukusi/oshirase/20988.html"
"81391","https://www.city.susono.shizuoka.jp/kurashi/9/8/2642.html","https://www.city.susono.shizuoka.jp/kurashi/9/8/2642.html"
"81388","https://www.city.ise.mie.jp/kurashi/gomi/hojo/1001464.html","https://www.city.ise.mie.jp/kurashi/gomi/hojo/1001464.html"
"81415","https://www.city.sasebo.lg.jp/nourinsuisan/nouchiku/documents/02_nougyousannyuukigyoutousiennjigyou_jigyouime-ji.pdf","https://www.city.sasebo.lg.jp/nourinsuisan/nouchiku/nougyousannnyuukigyousienn.html | https://www.city.sasebo.lg.jp/nourinsuisan/nouchiku/documents/02_nougyousannyuukigyoutousiennjigyou_jigyouime-ji.pdf | https://www.city.sasebo.lg.jp/nourinsuisan/nouchiku/documents/01_nougyousannyuukigyoutousiennjigyou_jigyounaiyou.pdf"
"81420","https://www.city.ogi.lg.jp/main/15569.html","https://www.city.ogi.lg.jp/main/15569.html"
"81421","https://www.city.ogi.lg.jp/main/1317.html","https://www.city.ogi.lg.jp/main/1317.html"
"81426","https://www.city.ena.lg.jp/soshikiichiran/kensetsubu/kensetsuka/1/3/1/1873.html","https://www.city.ena.lg.jp/soshikiichiran/kensetsubu/kensetsuka/1/3/1/1873.html"
"81434","https://www.city.fukuoka.lg.jp/nosui/inoshishi/life/nougyousyachoujuutaisakushien.html","https://www.city.fukuoka.lg.jp/nosui/inoshishi/life/nougyousyachoujuutaisakushien.html | https://www.city.fukuoka.lg.jp/data/open/cnt/3/121773/1/1.pdf?20240726102322"
"81440","https://www.city.toyama.lg.jp/business/shokogyo/1010602/1015817/1015838.html","https://www.city.toyama.lg.jp/business/shokogyo/1010602/1015817/1015838.html"
"81458","https://www.city.toyama.lg.jp/business/shokogyo/1010602/1015817/1015818.html","https://www.city.toyama.lg.jp/business/shokogyo/1010602/1015817/1015818.html"
"81461","https://www.city.kishiwada.osaka.jp/soshiki/43/syoutengai-ibento.html","https://www.city.kishiwada.osaka.jp/soshiki/43/syoutengai-ibento.html"
"81441","https://www.city.fukuoka.lg.jp/nosui/inoshishi/life/nougyousyachoujuutaisakushien.html","https://www.city.fukuoka.lg.jp/nosui/inoshishi/life/nougyousyachoujuutaisakushien.html | https://www.city.fukuoka.lg.jp/data/open/cnt/3/121773/1/chiikigurumi-chirashi.pdf?20240726102322"
"81465","https://www.city.saga.lg.jp/main/3595.html","https://www.city.saga.lg.jp/main/3595.html"
"81466","https://www.city.chiba.jp/hokenfukushi/koreishogai/shogaifukushi/kakutankyuuintoukennsyuu.html","https://www.city.chiba.jp/hokenfukushi/koreishogai/shogaifukushi/kakutankyuuintoukennsyuu.html"
"81468","https://www.city.chiba.jp/hokenfukushi/koreishogai/shogaifukushi/kyoudokoudousyougai.html","https://www.city.chiba.jp/hokenfukushi/koreishogai/shogaifukushi/kyoudokoudousyougai.html"
"81471","https://www.city.chiba.jp/hokenfukushi/koreishogai/shogaifukushi/koureizyuudo.html","https://www.city.chiba.jp/hokenfukushi/koreishogai/shogaifukushi/koureizyuudo.html"
"81470","https://www.city.tachikawa.lg.jp/kurashi/shiminkatsudo/1002049/1002086.html","https://www.city.tachikawa.lg.jp/kurashi/shiminkatsudo/1002049/1002086.html"
"81472","https://www.city.saga.lg.jp/main/2324.html","https://www.city.saga.lg.jp/main/2324.html"
"81489","https://www.city.sosa.lg.jp/page/page005514.html","https://www.city.sosa.lg.jp/page/page005514.html"
"81490","https://www.city.yukuhashi.fukuoka.jp/soshiki/41/30397.html","https://www.city.yukuhashi.fukuoka.jp/soshiki/41/30397.html"
"81493","https://vill.toho-info.com/60000/cat/post-593.html","https://vill.toho-info.com/60000/cat/post-593.html"
"81538","https://www.pref.osaka.lg.jp/o120100/nosei_seibi/saigaifukkyuseido/index.html","https://www.pref.osaka.lg.jp/o120100/nosei_seibi/saigaifukkyuseido/index.html"
"81547","https://www.city.bizen.okayama.jp/uploaded/attachment/25218.pdf","https://www.city.bizen.okayama.jp/soshiki/105/30395.html | https://www.city.bizen.okayama.jp/uploaded/attachment/25218.pdf"
"81552","https://www.city.hakusan.lg.jp/kurashi/mynumber/1012914.html","https://www.city.hakusan.lg.jp/kurashi/mynumber/1012914.html"
"81583","https://www.city.fukuchiyama.lg.jp/soshiki/5/13742.html","https://www.city.fukuchiyama.lg.jp/soshiki/5/13742.html"
"81581","https://www.town.ami.lg.jp/cmsfiles/contents/0000013/13464/chireshi.pdf","https://www.town.ami.lg.jp/0000013464.html | https://www.town.ami.lg.jp/cmsfiles/contents/0000013/13464/chireshi.pdf"
"81590","https://www.city.saga.lg.jp/main/38533.html","https://www.city.saga.lg.jp/main/38533.html"
"81592","https://www.city.saga.lg.jp/main/83241.html","https://www.city.saga.lg.jp/main/83241.html"
"81594","https://www.city.saga.lg.jp/main/3128.html","https://www.city.saga.lg.jp/main/3128.html"
"81607","https://www.city.saga.lg.jp/main/97415.html","https://www.city.saga.lg.jp/main/97415.html"
"81609","https://www.city.saga.lg.jp/main/69116.html","https://www.city.saga.lg.jp/main/69116.html"
"81623","https://www.city.saga.lg.jp/main/2942.html","https://www.city.saga.lg.jp/main/2942.html"
"81611","https://www.town.mibu.tochigi.jp/docs/2024040300027/","https://www.town.mibu.tochigi.jp/docs/2024040300027/"
"81627","https://www.city.wakayama.wakayama.jp/kurashi/sangyo_koyo_roudou/nougyou/1024549.html","https://www.city.wakayama.wakayama.jp/kurashi/sangyo_koyo_roudou/nougyou/1024549.html"
"81641","https://www.city.nagasaki.lg.jp/fukushi/430000/435000/p007397.html","https://www.city.nagasaki.lg.jp/fukushi/430000/435000/p007397.html"
"81629","https://www.city.wakayama.wakayama.jp/1044142/1044148/1044221.html","https://www.city.wakayama.wakayama.jp/1044142/1044148/1044221.html"
"81644","https://www.city.shibuya.tokyo.jp/jigyosha/shoko-rodo-sodan/syoutengaishinkoujigyou/tiikirenkei.html","https://www.city.shibuya.tokyo.jp/jigyosha/shoko-rodo-sodan/syoutengaishinkoujigyou/tiikirenkei.html"
"81645","https://www.city.shibuya.tokyo.jp/jigyosha/shoko-rodo-sodan/syoutengaishinkoujigyou/kasseika.html","https://www.city.shibuya.tokyo.jp/jigyosha/shoko-rodo-sodan/syoutengaishinkoujigyou/kasseika.html"
"81646","https://www.city.shibuya.tokyo.jp/jigyosha/shoko-rodo-sodan/syoutengaishinkoujigyou/ledka.html","https://www.city.shibuya.tokyo.jp/jigyosha/shoko-rodo-sodan/syoutengaishinkoujigyou/ledka.html"
"81649","https://www.city.nagasaki.lg.jp/shimin/190000/192000/p003639.html","https://www.city.nagasaki.lg.jp/shimin/190000/192000/p003639.html"
"81648","https://www.city.shibuya.tokyo.jp/jigyosha/shoko-rodo-sodan/syoutengaishinkoujigyou/bouhansetubiseibi.html","https://www.city.shibuya.tokyo.jp/jigyosha/shoko-rodo-sodan/syoutengaishinkoujigyou/bouhansetubiseibi.html"
"81650","https://www.city.shibuya.tokyo.jp/jigyosha/shoko-rodo-sodan/syoutengaishinkoujigyou/tyarenjisenryaku.html","https://www.city.shibuya.tokyo.jp/jigyosha/shoko-rodo-sodan/syoutengaishinkoujigyou/tyarenjisenryaku.html"
"81651","https://www.city.shibuya.tokyo.jp/jigyosha/shoko-rodo-sodan/syoutengaishinkoujigyou/ibentohojyokin.html","https://www.city.shibuya.tokyo.jp/jigyosha/shoko-rodo-sodan/syoutengaishinkoujigyou/ibentohojyokin.html"
"81653","https://www.city.shibuya.tokyo.jp/jigyosha/shoko-rodo-sodan/syoutengaishinkoujigyou/bouhansetubiiji.html","https://www.city.shibuya.tokyo.jp/jigyosha/shoko-rodo-sodan/syoutengaishinkoujigyou/bouhansetubiiji.html"
"81663","https://www.city.seiyo.ehime.jp/kakuka/sangyo_kensetsu/ringyo/15943.html","https://www.city.seiyo.ehime.jp/kakuka/sangyo_kensetsu/ringyo/15943.html"
"81669","https://www.town.minano.saitama.jp/section/kankou/35965/","https://www.town.minano.saitama.jp/section/kankou/35965/"
"81677","https://www.city.takasaki.gunma.jp/page/6830.html","https://www.city.takasaki.gunma.jp/page/6830.html"
"81693","https://www.city.ono.fukui.jp/kosodate/shogaigakushu/seinenhojo.html","https://www.city.ono.fukui.jp/kosodate/shogaigakushu/seinenhojo.html"
"81695","https://www.city.uonuma.lg.jp/page/1024167.html","https://www.city.uonuma.lg.jp/page/1024167.html"
"81702","https://kizuna.town.tamaki.mie.jp/sangyobusiness/noringyo/shuno_sienjigyo.html","https://kizuna.town.tamaki.mie.jp/sangyobusiness/noringyo/shuno_sienjigyo.html"
"81709","https://www.city.maebashi.gunma.jp/soshiki/sangyokeizai/sangyoseisaku/shinseisho/34922.html","https://www.city.maebashi.gunma.jp/soshiki/sangyokeizai/sangyoseisaku/shinseisho/34922.html"
"81710","https://www.city.tottori.lg.jp/www/contents/1504077694684/index.html","https://www.city.tottori.lg.jp/www/contents/1504077694684/index.html"
"81716","https://www.city.tottori.lg.jp/www/contents/1716359337441/index.html","https://www.city.tottori.lg.jp/www/contents/1716359337441/index.html"
"81719","https://www.city.tottori.lg.jp/www/contents/1372312423076/index.html","https://www.city.tottori.lg.jp/www/contents/1372312423076/index.html"
"81724","https://www.city.takamatsu.kagawa.jp/smph/kurashi/kenkou/koreisha_shien/ikigai/boshu.html","https://www.city.takamatsu.kagawa.jp/smph/kurashi/kenkou/koreisha_shien/ikigai/boshu.html"
"81727","https://www.city.tottori.lg.jp/www/contents/1518740177055/index.html","https://www.city.tottori.lg.jp/www/contents/1518740177055/index.html"
"81721","https://www.city.tottori.lg.jp/www/contents/1404439794498/index.html","https://www.city.tottori.lg.jp/www/contents/1404439794498/index.html"
"81730","https://www.city.tottori.lg.jp/www/contents/1372306926679/index.html","https://www.city.tottori.lg.jp/www/contents/1372306926679/index.html"
"81743","https://www.city.amagasaki.hyogo.jp/sangyo/yusi_josei/keiei_sien/1006270.html","https://www.city.amagasaki.hyogo.jp/sangyo/yusi_josei/keiei_sien/1006270.html"
"81759","https://www.pref.gunma.jp/uploaded/attachment/627703.pdf","https://www.pref.gunma.jp/site/hojokin/640657.html | https://www.pref.gunma.jp/uploaded/attachment/627703.pdf"
"81773","https://www.city.tama.lg.jp/kurashi/bousai/kunren/1001582.html","https://www.city.tama.lg.jp/kurashi/bousai/kunren/1001582.html"
"81774","https://www.city.tama.lg.jp/kurashi/bousai/kunren/1001582.html#group2","https://www.city.tama.lg.jp/kurashi/bousai/kunren/1001582.html#group2"
"81776","https://www.city.fukui.lg.jp/kurasi/bosai/bosai/katudouhozyo.html","https://www.city.fukui.lg.jp/kurasi/bosai/bosai/katudouhozyo.html"
"81777","https://www.city.matsuyama.ehime.jp/kurashi/gomi/haishori/syorigyou/kaijouyusouhihojokin.files/ritoutaisaku.pdf","https://www.city.matsuyama.ehime.jp/kurashi/gomi/haishori/syorigyou/kaijouyusouhihojokin.html | https://www.city.matsuyama.ehime.jp/kurashi/gomi/haishori/syorigyou/kaijouyusouhihojokin.files/ritoutaisaku.pdf"
"81779","https://www.town.yabuki.fukushima.jp/page/page010158.html","https://www.town.yabuki.fukushima.jp/page/page010158.html"
"81778","https://www.city.fukui.lg.jp/sisei/hojyo/kurasi/jitikaigappei.html","https://www.city.fukui.lg.jp/sisei/hojyo/kurasi/jitikaigappei.html"
"81786","https://www.town.ichinohe.iwate.jp/soshikikarasagasu/norinka/nogyoshinkogakari/1_1/780.html","https://www.town.ichinohe.iwate.jp/soshikikarasagasu/norinka/nogyoshinkogakari/1_1/780.html"
"81791","https://www.city.fukui.lg.jp/sisei/hojyo/kurasi/bouhanntousetti.html","https://www.city.fukui.lg.jp/sisei/hojyo/kurasi/bouhanntousetti.html"
"81789","https://www.city.tottori.lg.jp/www/contents/1524296150687/index.html","https://www.city.tottori.lg.jp/www/contents/1524296150687/index.html"
"81792","https://www.city.maebashi.gunma.jp/material/files/group/59/hirosejoseiannai_r2.pdf","https://www.city.maebashi.gunma.jp/gyosei/2/5/2/10/15503.html | https://www.city.maebashi.gunma.jp/material/files/group/59/hirosejoseiannai_r2.pdf"
"81796","https://www.city.fukushima.fukushima.jp/suidou/?p=15396","https://www.city.fukushima.fukushima.jp/suidou/?p=15396"
"81794","https://www.city.tottori.lg.jp/icity/browser?ActionCode=content&ContentID=1534394125153&SiteID=0000000000000","https://www.city.tottori.lg.jp/icity/browser?ActionCode=content&ContentID=1534394125153&SiteID=0000000000000"
"81800","https://www.city.matsuyama.ehime.jp/kurashi/kurashi/hojokin/jisyubouhozyokin.html","https://www.city.matsuyama.ehime.jp/kurashi/kurashi/hojokin/jisyubouhozyokin.html"
"81802","https://www.city.maebashi.gunma.jp/soshiki/kensetsu/koenryokuchi/shinseisho/7269.html","https://www.city.maebashi.gunma.jp/soshiki/kensetsu/koenryokuchi/shinseisho/7269.html"
"81803","https://www.city.matsuyama.ehime.jp/shisei/keikaku/mitsukasseika/mitsuhamajosei.html","https://www.city.matsuyama.ehime.jp/shisei/keikaku/mitsukasseika/mitsuhamajosei.html"
"81804","https://www.city.matsuyama.ehime.jp/shisei/keikaku/kazahayaretro/hojyo.html","https://www.city.matsuyama.ehime.jp/shisei/keikaku/kazahayaretro/hojyo.html"
"81805","https://www.city.tottori.lg.jp/www/contents/1554787076818/index.html","https://www.city.tottori.lg.jp/www/contents/1554787076818/index.html"
"81807","https://www.city.matsuyama.ehime.jp/kurashi/iryo/kyubyokyukyu/syonikakaigyo.files/R4.4syounikakaigyou.leaflet.big.pdf","https://www.city.matsuyama.ehime.jp/kurashi/iryo/kyubyokyukyu/syonikakaigyo.html | https://www.city.matsuyama.ehime.jp/kurashi/iryo/kyubyokyukyu/syonikakaigyo.files/R4.4syounikakaigyou.leaflet.big.pdf"
"81809","https://www.city.kudamatsu.lg.jp/sangyou/sangyou/documents/ikukyuushutoku_chirashi.pdf","https://www.city.kudamatsu.lg.jp/sangyou/sangyou/ikukyuushutokusokushin.html | https://www.city.kudamatsu.lg.jp/sangyou/sangyou/documents/ikukyuushutoku_chirashi.pdf"
"81812","https://www.city.kofu.yamanashi.jp/shushu/kurashi/gomi/hojo/net.html","https://www.city.kofu.yamanashi.jp/shushu/kurashi/gomi/hojo/net.html"
"81813","https://www.city.fukushima.fukushima.jp/tyouzyu-tiiki/kenko/tiiki/documents/ninntisyoutirasi.pdf","https://www.city.fukushima.fukushima.jp/tyouzyu-tiiki/kenko/tiiki/ninntisyou-hozyo.html | https://www.city.fukushima.fukushima.jp/tyouzyu-tiiki/kenko/tiiki/documents/ninntisyoutirasi.pdf"
"81817","https://www.pref.yamanashi.jp/noson-sink/mirai_hojyokin.html","https://www.pref.yamanashi.jp/noson-sink/mirai_hojyokin.html"
"81820","https://www.city.kofu.yamanashi.jp/kikikanri/bosai/bohan/hojoseido/hojoseidor2.html","https://www.city.kofu.yamanashi.jp/kikikanri/bosai/bohan/hojoseido/hojoseidor2.html"
"81827","https://www.city.fukushima.fukushima.jp/machizukuri-kankyo/doro/2/9224.html","https://www.city.fukushima.fukushima.jp/machizukuri-kankyo/doro/2/9224.html"
"81832","https://www.city.chikuma.lg.jp/soshiki/kodomomirai/ikuji_shochugakusei/1/1/796.html","https://www.city.chikuma.lg.jp/soshiki/kodomomirai/ikuji_shochugakusei/1/1/796.html"
"81835","https://vill.toho-info.com/60000/cat/post-594.html","https://vill.toho-info.com/60000/cat/post-594.html"
"81834","https://www.city.katsushika.lg.jp/_res/projects/default_project/_page_/001/028/441/01_.pdf","https://www.city.katsushika.lg.jp/information/1000084/1006021/1028441.html | https://www.city.katsushika.lg.jp/_res/projects/default_project/_page_/001/028/441/01_.pdf"
"81837","https://www.city.ichikikushikino.lg.jp/kankyo1/inutoneko/chiikinekokatudou.html","https://www.city.ichikikushikino.lg.jp/kankyo1/inutoneko/chiikinekokatudou.html"
"81838","https://www.pref.ishikawa.lg.jp/shinkou/numberplate/yoshimoto-tokuteichiikidukuri.html","https://www.pref.ishikawa.lg.jp/shinkou/numberplate/yoshimoto-tokuteichiikidukuri.html"
"81841","https://www.city.hirosaki.aomori.jp/sangyo/sangyo/files/03_gaiyo_startup.pdf","http://www.city.hirosaki.aomori.jp/sangyo/sangyo/startup_hojyokinn.html | https://www.city.hirosaki.aomori.jp/sangyo/sangyo/files/03_gaiyo_startup.pdf"
"81844","https://www.city.yamaga.kumamoto.jp/kiji0031816/3_1816_up_6rjyob05.pdf","https://www.city.yamaga.kumamoto.jp/kiji0031816/index.html | https://www.city.yamaga.kumamoto.jp/kiji0031816/3_1816_up_6rjyob05.pdf"
"81850","https://www.city.taketa.oita.jp/soshiki/jogesuidoka/1/10120.html","https://www.city.taketa.oita.jp/soshiki/jogesuidoka/1/10120.html"
"81847","https://www.city.mima.lg.jp/gyosei/docs/1533813.html","https://www.city.mima.lg.jp/gyosei/docs/1533813.html"
"81853","https://www.city.tama.lg.jp/_res/projects/default_project/_page_/001/002/151/garbageProcessingEquipmentFlyer.pdf","https://www.city.tama.lg.jp/kurashi/kankyo/hozen/1010568/1010572.html | https://www.city.tama.lg.jp/_res/projects/default_project/_page_/001/002/151/garbageProcessingEquipmentFlyer.pdf"
"81858","https://www.city.izumisano.lg.jp/material/files/group/69/0808-1-1.pdf","https://www.city.izumisano.lg.jp/kakuka/seicyou/omotenasi/menu/kigyouban/13720.html | https://www.city.izumisano.lg.jp/material/files/group/69/0808-1-1.pdf"
"81856","https://www.city.kochi.kochi.jp/soshiki/58/taishintaisakukinkyusokushin2908.html","https://www.city.kochi.kochi.jp/soshiki/58/taishintaisakukinkyusokushin2908.html"
"81863","https://www.city.shimotsuma.lg.jp/kurashi-tetsuzuki/gomi-recycle/gominodashikata-recycle/page007020.html","https://www.city.shimotsuma.lg.jp/kurashi-tetsuzuki/gomi-recycle/gominodashikata-recycle/page007020.html"
"81866","https://www.city.hakui.lg.jp/soshiki/sangyoukensetsubu/syoukoukankouka/6notoearthquakeforbusiness/14942.html","https://www.city.hakui.lg.jp/soshiki/sangyoukensetsubu/syoukoukankouka/6notoearthquakeforbusiness/14942.html"
"81865","https://www.city.kochi.kochi.jp/soshiki/79/jitikouminnkantaisinntaisaku2022.html","https://www.city.kochi.kochi.jp/soshiki/79/jitikouminnkantaisinntaisaku2022.html"
"81869","https://www.city.kochi.kochi.jp/uploaded/attachment/83414.pdf","https://www.city.kochi.kochi.jp/soshiki/21/kochi-kodomofund.html | https://www.city.kochi.kochi.jp/uploaded/attachment/83414.pdf"
"81887","https://www.city.fukushima.fukushima.jp/jyuutaku-seisaku/wakamonosumai.html","https://www.city.fukushima.fukushima.jp/jyuutaku-seisaku/wakamonosumai.html"
"81888","https://www.city.fukushima.fukushima.jp/syougai-syomu/kenko/fukushi/shogai/torikumi/13060301.html","https://www.city.fukushima.fukushima.jp/syougai-syomu/kenko/fukushi/shogai/torikumi/13060301.html"
"81906","https://www.city.nagano.nagano.jp/n160500/contents/p006161.html","https://www.city.nagano.nagano.jp/n160500/contents/p006161.html"
"81899","https://www.city.ena.lg.jp/kanko_sangyo_business/sangyo/ringyo/2822.html","https://www.city.ena.lg.jp/kanko_sangyo_business/sangyo/ringyo/2822.html"
"81924","https://www.city.tsubame.niigata.jp/soshiki/shimin_seikatsu/3/1/2/1786.html","https://www.city.tsubame.niigata.jp/soshiki/shimin_seikatsu/3/1/2/1786.html"
"81935","https://www.city.namerikawa.toyama.jp/soshiki/13/sonota/1568.html","https://www.city.namerikawa.toyama.jp/soshiki/13/sonota/1568.html"
"81925","https://www.city.tsubame.niigata.jp/soshiki/kyoiku/3/10564/118/2267.html","https://www.city.tsubame.niigata.jp/soshiki/kyoiku/3/10564/118/2267.html"
"81936","https://www.city.ena.lg.jp/kanko_sangyo_business/sangyo/nogyo/2790.html","https://www.city.ena.lg.jp/kanko_sangyo_business/sangyo/nogyo/2790.html"
"81937","https://www.city.ena.lg.jp/kanko_sangyo_business/sangyo/nogyo/2789.html","https://www.city.ena.lg.jp/kanko_sangyo_business/sangyo/nogyo/2789.html"
"81938","https://www.city.yaita.tochigi.jp/site/discoveryaita/kaigaihanro.html","https://www.city.yaita.tochigi.jp/site/discoveryaita/kaigaihanro.html"
"81941","https://www.city.yonezawa.yamagata.jp/soshiki/4/1017/sinnryoujyohojyokinn/hojyosinnsetu.html","https://www.city.yonezawa.yamagata.jp/soshiki/4/1017/sinnryoujyohojyokinn/hojyosinnsetu.html"
"81943","https://www.town.uryu.hokkaido.jp/docs/sinnkisyuunousyasien.html","https://www.town.uryu.hokkaido.jp/docs/sinnkisyuunousyasien.html"
"81948","https://www.city.yonago.lg.jp/secure/58855/tirasi_20250612.pdf","https://www.city.yonago.lg.jp/item/58855.htm | https://www.city.yonago.lg.jp/secure/58855/tirasi_20250612.pdf"
"81954","https://www.city.shimada.shizuoka.jp/gyosei-docs/821248266.html","https://www.city.shimada.shizuoka.jp/gyosei-docs/821248266.html"
"81959","https://www.vill.tamakawa.fukushima.jp/guide/project/assets/%E6%A6%82%E8%A6%81%E3%83%81%E3%83%A9%E3%82%B7.pdf","https://www.vill.tamakawa.fukushima.jp/guide/project/004271.html | https://www.vill.tamakawa.fukushima.jp/guide/project/assets/%E6%A6%82%E8%A6%81%E3%83%81%E3%83%A9%E3%82%B7.pdf"
"81958","https://www.city.bizen.okayama.jp/uploaded/attachment/23356.pdf","https://www.city.bizen.okayama.jp/soshiki/19/17504.html | https://www.city.bizen.okayama.jp/uploaded/attachment/23356.pdf"
"81961","https://www.city.fujinomiya.lg.jp/entrepreneur/b4l1vf0000003csa.html","https://www.city.fujinomiya.lg.jp/entrepreneur/b4l1vf0000003csa.html"
"81968","https://www.city.musashino.lg.jp/kurashi_tetsuzuki/bosai_anzen/bosai_anzen_center_web/bouhantaisaku_seido/1032167.html","https://www.city.musashino.lg.jp/kurashi_tetsuzuki/bosai_anzen/bosai_anzen_center_web/bouhantaisaku_seido/1032167.html"
"81973","https://www.pref.tottori.lg.jp/312267.htm","https://www.pref.tottori.lg.jp/312267.htm"
"81975","https://www.smrj.go.jp/supporter/fund_investment/fbrion0000004bys-att/supportter_fund_investment_03.pdf","https://www.smrj.go.jp/supporter/fund_investment/index.html | https://www.smrj.go.jp/supporter/fund_investment/fbrion0000004bys-att/supportter_fund_investment_03.pdf"
"81983","https://www.pref.tottori.lg.jp/311625.htm","https://www.pref.tottori.lg.jp/311625.htm"
"81977","https://www.chusho.meti.go.jp/pamflet/g_book/2024/download/2024gbookall.pdf#page=94","https://www.chusho.meti.go.jp/pamflet/g_book/2024/download/2024gbookall.pdf#page=94"
"81992","https://www.town.kumatori.lg.jp/material/files/group/14/goannai1-29.pdf","https://www.town.kumatori.lg.jp/soshiki/sangyo_shinko/gyomu/sangyo_shinko/shokogyo/2362.html | https://www.town.kumatori.lg.jp/material/files/group/14/goannai1-29.pdf | https://www.town.kumatori.lg.jp/material/files/group/14/qa1-29.pdf"
"82033","https://www.city.shinjo.yamagata.jp/s011/020/030/050/akitenpo2024.pdf","https://www.city.shinjo.yamagata.jp/s011/020/030/050/20150220132845.html | https://www.city.shinjo.yamagata.jp/s011/020/030/050/akitenpo2024.pdf"
"81995","https://www.town.kumatori.lg.jp/material/files/group/14/goannai1-29.pdf","https://www.town.kumatori.lg.jp/sangyo_kanko/sangyo_shinko/kikin/5169.html | https://www.town.kumatori.lg.jp/material/files/group/14/goannai1-29.pdf | https://www.town.kumatori.lg.jp/material/files/group/14/qa1-29.pdf"
"82041","https://www.pref.nagano.lg.jp/kaigo-shien/jinzai/gaikokuzinhounitimae.html","https://www.pref.nagano.lg.jp/kaigo-shien/jinzai/gaikokuzinhounitimae.html"
"82099","https://www.city.seki.lg.jp/0000021229.html","https://www.city.seki.lg.jp/0000021229.html"
"82108","https://www.city.higashiomi.shiga.jp/cmsfiles/contents/0000017/17905/flyer.pdf","https://www.city.higashiomi.shiga.jp/0000017905.html | https://www.city.higashiomi.shiga.jp/cmsfiles/contents/0000017/17905/flyer.pdf"
"82117","https://www.city.amakusa.kumamoto.jp/kiji00312277/3_12277_60955_up_cc8l4ggg.pdf","https://www.city.amakusa.kumamoto.jp/kiji00312277/index.html | https://www.city.amakusa.kumamoto.jp/kiji00312277/3_12277_60955_up_cc8l4ggg.pdf"
"82121","https://www.city.iiyama.nagano.jp/soshiki/nourin/nougyoushinkou/shienseido/55495","https://www.city.iiyama.nagano.jp/soshiki/nourin/nougyoushinkou/shienseido/55495"
"82127","https://www.city.sakaide.lg.jp/uploaded/attachment/23989.pdf","https://www.city.sakaide.lg.jp/soshiki/sangyoukankou/tokkyo.html | https://www.city.sakaide.lg.jp/uploaded/attachment/23989.pdf"
"82118","https://www.city.amakusa.kumamoto.jp/kiji0033277/index.html","https://www.city.amakusa.kumamoto.jp/kiji0033277/index.html"
"82131","https://www.town.nakafurano.lg.jp/hotnews/detail/00003180.html","https://www.town.nakafurano.lg.jp/hotnews/detail/00003180.html"
"82129","https://www.tmpc.or.jp/Portals/0/images/05_assisting/download/r6_p_sign_leaflet.pdf","https://www.tmpc.or.jp/05_assisting/p_sign.html | https://www.tmpc.or.jp/Portals/0/images/05_assisting/download/r6_p_sign_leaflet.pdf"
"82135","https://www.town.hiji.lg.jp/shigoto_sangyo/shokogyo/hojokin_joseikin/3490.html","https://www.town.hiji.lg.jp/shigoto_sangyo/shokogyo/hojokin_joseikin/3490.html"
"82142","https://www.town.kamijima.lg.jp/soshiki/4/275.html","https://www.town.kamijima.lg.jp/soshiki/4/275.html"
"82144","https://www.kago-shinkou.jp/pdf/product/01_gaiyou.pdf","https://www.kago-shinkou.jp/product.htm#product | https://www.kago-shinkou.jp/pdf/product/01_gaiyou.pdf | https://www.kago-shinkou.jp/pdf/product/02_flow.pdf"
"82143","https://www.town.miki.lg.jp/life/dtl.php?hdnKey=8019","https://www.town.miki.lg.jp/life/dtl.php?hdnKey=8019"
"82177","https://www.town.minami.lg.jp/docs/189.html","https://www.town.minami.lg.jp/docs/189.html"
"82168","https://www.city.sakuragawa.lg.jp/shisei/nouringyou/page009207.html","https://www.city.sakuragawa.lg.jp/shisei/nouringyou/page009207.html"
"82182","https://www.city.iga.lg.jp/cmsfiles/contents/0000012/12412/chirashi.pdf","https://www.city.iga.lg.jp/0000012412.html | https://www.city.iga.lg.jp/cmsfiles/contents/0000012/12412/chirashi.pdf"
"82190","https://reihoku-kumamoto.jp/kiji003957/index.html","https://reihoku-kumamoto.jp/kiji003957/index.html"
"82198","https://www.city.musashino.lg.jp/gomi_kankyo/shoene_eco/joseiseido/1005095.html","https://www.city.musashino.lg.jp/gomi_kankyo/shoene_eco/joseiseido/1005095.html"
"82207","https://www.city.hachinohe.aomori.jp/soshikikarasagasu/shokoka/hojo/chusho/21595.html","https://www.city.hachinohe.aomori.jp/soshikikarasagasu/shokoka/hojo/chusho/21595.html"
"82211","https://www.city.mitaka.lg.jp/c_service/048/048568.html","https://www.city.mitaka.lg.jp/c_service/048/048568.html"
"82212","https://www.city.izu.shizuoka.jp/soshiki/1008/5/1/5051.html","https://www.city.izu.shizuoka.jp/soshiki/1008/5/1/5051.html"
"82226","https://www.town.kikuyo.lg.jp/kiji0034370/index.html","https://www.town.kikuyo.lg.jp/kiji0034370/index.html"
"82241","https://www.city.hokuto.yamanashi.jp/docs/29292.html","https://www.city.hokuto.yamanashi.jp/docs/29292.html"
"82247","https://www.city.daisen.lg.jp/docs/2024080900010/","https://www.city.daisen.lg.jp/docs/2024080900010/"
"82246","https://www.town.mimata.lg.jp/contents/1957.html","https://www.town.mimata.lg.jp/contents/1957.html"
"82248","https://www.town.hatoyama.saitama.jp/kurashi/shouhiseikatsu_soudan_jinken/news/town_development_of_contact.html","https://www.town.hatoyama.saitama.jp/kurashi/shouhiseikatsu_soudan_jinken/news/town_development_of_contact.html"
"82251","https://www.city.setouchi.lg.jp/soshiki/8/3662.html","https://www.city.setouchi.lg.jp/soshiki/8/3662.html"
"82249","https://www.town.mimata.lg.jp/contents/1956.html","https://www.town.mimata.lg.jp/contents/1956.html"
"82261","https://www.vill.kamikoani.akita.jp/div/shoukou/pdf/eakon.pdf","https://www.vill.kamikoani.akita.jp/info/337 | https://www.vill.kamikoani.akita.jp/div/shoukou/pdf/eakon.pdf"
"82264","https://www.city.tome.miyagi.jp/chojyukaigo/kurashi/fukushi/koresha/kaigoshien/keirougyouji.html","https://www.city.tome.miyagi.jp/chojyukaigo/kurashi/fukushi/koresha/kaigoshien/keirougyouji.html"
"82270","https://www.city.mitaka.lg.jp/c_service/090/090259.html","https://www.city.mitaka.lg.jp/c_service/090/090259.html"
"82271","https://www.city.mitaka.lg.jp/c_service/078/078620.html","https://www.city.mitaka.lg.jp/c_service/078/078620.html"
"82273","https://www.city.mitaka.lg.jp/c_service/109/109522.html","https://www.city.mitaka.lg.jp/c_service/109/109522.html"
"82274","https://www.city.fukushima.fukushima.jp/koutsuu-seisaku/kurashi/kotsu/kotsukikan/tiisanakoutuu.html","https://www.city.fukushima.fukushima.jp/koutsuu-seisaku/kurashi/kotsu/kotsukikan/tiisanakoutuu.html"
"82276","https://www.city.fukushima.fukushima.jp/soshiki/6/1025/3/5384.html","https://www.city.fukushima.fukushima.jp/soshiki/6/1025/3/5384.html"
"82277","https://www.city.mitaka.lg.jp/c_service/107/107900.html","https://www.city.mitaka.lg.jp/c_service/107/107900.html"
"82282","https://www.city.fukushima.fukushima.jp/chiki-kyoudou-chiki/shitsumon/kankyo/machizukuri/documents/syukaijo_hojoyoukour030401.pdf","https://www.city.fukushima.fukushima.jp/chiki-kyoudou-chiki/shitsumon/kankyo/machizukuri/documents/syukaijo_hojoyoukour030401.pdf"
"82283","https://www.city.yokohama.lg.jp/kurashi/kyodo-manabi/shiminkyodo/jichikai/kaikan.html","https://www.city.yokohama.lg.jp/kurashi/kyodo-manabi/shiminkyodo/jichikai/kaikan.html"
"82287","https://www.city.yokohama.lg.jp/business/bunyabetsu/kenchiku/bosai/taishin/hojokinshienseido/mantai/sindan/sindan.files/0063_20240604.pdf","https://www.city.yokohama.lg.jp/business/bunyabetsu/kenchiku/bosai/taishin/hojokinshienseido/mantai/sindan/sindan.html | https://www.city.yokohama.lg.jp/business/bunyabetsu/kenchiku/bosai/taishin/hojokinshienseido/mantai/sindan/sindan.files/0063_20240604.pdf"
"82285","https://www.city.yokohama.lg.jp/kurashi/machizukuri-kankyo/toshiseibi/bosai/hojoshinsei/mijika/midika.files/0050_20230328.pdf","https://www.city.yokohama.lg.jp/kurashi/machizukuri-kankyo/toshiseibi/bosai/hojoshinsei/mijika/midika.html | https://www.city.yokohama.lg.jp/kurashi/machizukuri-kankyo/toshiseibi/bosai/hojoshinsei/mijika/midika.files/0050_20230328.pdf | https://www.city.yokohama.lg.jp/kurashi/machizukuri-kankyo/toshiseibi/bosai/hojoshinsei/mijika/midika.files/0054_20230328.pdf"
"82289","https://www.city.imabari.ehime.jp/recycle/volunteer_seisou/","https://www.city.imabari.ehime.jp/recycle/volunteer_seisou/"
"82302","https://www.city.ome.tokyo.jp/soshiki/76/69594.html","https://www.city.ome.tokyo.jp/soshiki/76/69594.html"
"82290","https://www.city.yokohama.lg.jp/business/bunyabetsu/kenchiku/bosai/taishin/hojokinshienseido/mantai/kaishu.files/man.panhu.kani.pdf","https://www.city.yokohama.lg.jp/business/bunyabetsu/kenchiku/bosai/taishin/hojokinshienseido/mantai/kaishu.html | https://www.city.yokohama.lg.jp/business/bunyabetsu/kenchiku/bosai/taishin/hojokinshienseido/mantai/kaishu.files/man.panhu.kani.pdf"
"82310","https://www.city.ome.tokyo.jp/soshiki/30/70910.html","https://www.city.ome.tokyo.jp/soshiki/30/70910.html"
"82311","https://www.city.chigasaki.kanagawa.jp/otoshiyori/ikigai/1050412.html","https://www.city.chigasaki.kanagawa.jp/otoshiyori/ikigai/1050412.html"
"82319","https://www.city.ome.tokyo.jp/soshiki/31/719.html","https://www.city.ome.tokyo.jp/soshiki/31/719.html"
"82320","https://www.city.onomichi.hiroshima.jp/soshiki/25/3365.html","https://www.city.onomichi.hiroshima.jp/soshiki/25/3365.html"
"82325","https://www.city.kamakura.kanagawa.jp/shoukou/sien/syouten1.html","https://www.city.kamakura.kanagawa.jp/shoukou/sien/syouten1.html"
"82323","https://www.city.ome.tokyo.jp/site/ome-tky/3029.html","https://www.city.ome.tokyo.jp/site/ome-tky/3029.html"
"82326","https://www.city.kamakura.kanagawa.jp/shoukou/sien/syouten1.html","https://www.city.kamakura.kanagawa.jp/shoukou/sien/syouten1.html"
"82330","https://www.city.kamakura.kanagawa.jp/shoukou/sien/syouten1.html","https://www.city.kamakura.kanagawa.jp/shoukou/sien/syouten1.html"
"82333","https://www.city.fuchu.tokyo.jp/jigyosha/keesha/noukeinouti/nousannbutuchisannchishou.html","https://www.city.fuchu.tokyo.jp/jigyosha/keesha/noukeinouti/nousannbutuchisannchishou.html"
"82334","https://www.city.kamakura.kanagawa.jp/npo/koukaidou.html","https://www.city.kamakura.kanagawa.jp/npo/koukaidou.html"
"82337","https://www.city.kamakura.kanagawa.jp/sougoubousai/jishubousai.html","https://www.city.kamakura.kanagawa.jp/sougoubousai/jishubousai.html"
"82335","https://www.city.kamakura.kanagawa.jp/npo/koukaidou.html","https://www.city.kamakura.kanagawa.jp/npo/koukaidou.html"
"82342","https://www.city.hagi.lg.jp/uploaded/attachment/22445.pdf","https://www.city.hagi.lg.jp/soshiki/108/h53104.html | https://www.city.hagi.lg.jp/uploaded/attachment/22445.pdf"
"82338","https://www.city.fuchu.tokyo.jp/jigyosha/keesha/noukeinouti/nougyoukeieikaizennjigyou.html","https://www.city.fuchu.tokyo.jp/jigyosha/keesha/noukeinouti/nougyoukeieikaizennjigyou.html"
"82339","https://www.city.kamakura.kanagawa.jp/seisyo/shinseisho_29kodomokai.html","https://www.city.kamakura.kanagawa.jp/seisyo/shinseisho_29kodomokai.html"
"82343","https://www.city.kamakura.kanagawa.jp/gomi/reuse_shokki.html","https://www.city.kamakura.kanagawa.jp/gomi/reuse_shokki.html"
"82345","https://www.city.fuchu.tokyo.jp/kenko/korenokata/nintisyo/ninnchisyoukannrennjigyou/ninchisyoucafehojyokinn.html","https://www.city.fuchu.tokyo.jp/kenko/korenokata/nintisyo/ninnchisyoukannrennjigyou/ninchisyoucafehojyokinn.html"
"82344","https://www.city.tokamachi.lg.jp/material/files/group/3/chirashi.pdf","https://www.city.tokamachi.lg.jp/soshiki/somubu/kikakuseisakuka/2/gyomu/9853.html | https://www.city.tokamachi.lg.jp/material/files/group/3/chirashi.pdf"