policy_id,primary_url,all_urls
"84192","https://www.town.higashiizu.shizuoka.jp/bg/town_gov/ent/3440.html","https://www.town.higashiizu.shizuoka.jp/bg/town_gov/ent/3440.html"
"84198","https://www.town.matsuzaki.shizuoka.jp/docs/2016020400766/","https://www.town.matsuzaki.shizuoka.jp/docs/2016020400766/"
"84196","https://www.town.minamiizu.shizuoka.jp/docs/2019080600039/","https://www.town.minamiizu.shizuoka.jp/docs/2019080600039/"
"84194","https://www.pref.nagano.lg.jp/kotsu/kurashi/kotsu/bus/kotsukuhaku_hojokin.html","https://www.pref.nagano.lg.jp/kotsu/kurashi/kotsu/bus/kotsukuhaku_hojokin.html"
"84208","https://www.town.matsuzaki.shizuoka.jp/docs/2016020400056/","https://www.town.matsuzaki.shizuoka.jp/docs/2016020400056/"
"84200","https://www.town.matsuzaki.shizuoka.jp/docs/2018060500055/","https://www.town.matsuzaki.shizuoka.jp/docs/2018060500055/"
"84209","https://www.town.matsuzaki.shizuoka.jp/docs/2016020300448/","https://www.town.matsuzaki.shizuoka.jp/docs/2016020300448/"
"84210","https://www.town.matsuzaki.shizuoka.jp/docs/2019031500012/file_contents/chirashi.pdf","https://www.town.matsuzaki.shizuoka.jp/docs/2019031500012/ | https://www.town.matsuzaki.shizuoka.jp/docs/2019031500012/file_contents/chirashi.pdf"
"84212","https://www.city.motosu.lg.jp/cmsfiles/contents/0000002/2612/image_jigyo.pdf","https://www.city.motosu.lg.jp/0000002612.html | https://www.city.motosu.lg.jp/cmsfiles/contents/0000002/2612/image_jigyo.pdf | https://www.city.motosu.lg.jp/cmsfiles/contents/0000002/2612/image_shien.pdf"
"84216","https://www.town.kannami.shizuoka.jp/material/files/group/8/syouenekadennhozyo-tirssi-1.pdf","https://www.town.kannami.shizuoka.jp/kurashi_tetsuzuki/hojokin/2/4278.html | https://www.town.kannami.shizuoka.jp/material/files/group/8/syouenekadennhozyo-tirssi-1.pdf"
"84217","https://www.town.kannami.shizuoka.jp/kurashi_tetsuzuki/hojokin/2/4815.html","https://www.town.kannami.shizuoka.jp/kurashi_tetsuzuki/hojokin/2/4815.html"
"84220","https://www.town.kannami.shizuoka.jp/soshiki/1009/2/1/1114.html","https://www.town.kannami.shizuoka.jp/soshiki/1009/2/1/1114.html"
"84218","https://www.town.kannami.shizuoka.jp/soshiki/1017/4/4287.html","https://www.town.kannami.shizuoka.jp/soshiki/1017/4/4287.html"
"84223","https://www.city.ureshino.lg.jp/kenko/bunka/_24634/_31248.html","https://www.city.ureshino.lg.jp/kenko/bunka/_24634/_31248.html"
"84226","https://town.kotake.lg.jp/hpkiji/pub/detail.aspx?c_id=3&id=2699&type=search&q=%e5%ad%90%e8%82%b2%e3%81%a6%e5%bf%9c%e6%8f%b4%e3%82%b5%e3%83%bc%e3%82%af%e3%83%ab%e7%ad%89%e6%b4%bb%e5%8b%95%e6%94%af%e6%8f%b4%e8%a3%9c%e5%8a%a9%e9%87%91&radiobutton=4&now_P=1&show_num=20&sc_id=2","https://town.kotake.lg.jp/hpkiji/pub/detail.aspx?c_id=3&id=2699&type=search&q=%e5%ad%90%e8%82%b2%e3%81%a6%e5%bf%9c%e6%8f%b4%e3%82%b5%e3%83%bc%e3%82%af%e3%83%ab%e7%ad%89%e6%b4%bb%e5%8b%95%e6%94%af%e6%8f%b4%e8%a3%9c%e5%8a%a9%e9%87%91&radiobutton=4&now_P=1&show_num=20&sc_id=2"
"84227","https://www.town.shimizu.shizuoka.jp/chiiki/chiiki00215.html","https://www.town.shimizu.shizuoka.jp/chiiki/chiiki00215.html"
"84246","https://www.town.nagaizumi.lg.jp/soshiki/sangyo/7/5/8252.html","https://www.town.nagaizumi.lg.jp/soshiki/sangyo/7/5/8252.html"
"84229","https://www.city.nagaoka.niigata.jp/kurashi/cate19/trap-purchase.html","https://www.city.nagaoka.niigata.jp/kurashi/cate19/trap-purchase.html"
"84240","https://www.city.tonami.lg.jp/info/73459p/","https://www.city.tonami.lg.jp/info/73459p/"
"84248","https://www.town.nagaizumi.lg.jp/soshiki/sangyo/7/5/8253.html","https://www.town.nagaizumi.lg.jp/soshiki/sangyo/7/5/8253.html"
"84249","https://www.town.nagaizumi.lg.jp/soshiki/sangyo/7/5/8255.html","https://www.town.nagaizumi.lg.jp/soshiki/sangyo/7/5/8255.html"
"84252","https://www.town.nagaizumi.lg.jp/soshiki/sangyo/7/5/8256.html","https://www.town.nagaizumi.lg.jp/soshiki/sangyo/7/5/8256.html"
"84253","https://www.town.nagaizumi.lg.jp/soshiki/sangyo/7/5/8257.html","https://www.town.nagaizumi.lg.jp/soshiki/sangyo/7/5/8257.html"
"84256","https://ageowww.city.ageo.lg.jp/page/038120210827.html","https://ageowww.city.ageo.lg.jp/page/038120210827.html"
"84254","https://ageowww.city.ageo.lg.jp/page/038120210827.html","https://ageowww.city.ageo.lg.jp/page/038120210827.html"
"84257","https://www.town.nagaizumi.lg.jp/soshiki/sangyo/7/5/8263.html","https://www.town.nagaizumi.lg.jp/soshiki/sangyo/7/5/8263.html"
"84258","https://www.city.hashima.lg.jp/1698.html","https://www.city.hashima.lg.jp/1698.html"
"84260","https://www.town.nagaizumi.lg.jp/soshiki/sangyo/7/5/8259.html","https://www.town.nagaizumi.lg.jp/soshiki/sangyo/7/5/8259.html"
"84261","https://www.town.nagaizumi.lg.jp/soshiki/sangyo/7/5/8260.html","https://www.town.nagaizumi.lg.jp/soshiki/sangyo/7/5/8260.html"
"84269","https://www.city.tonami.lg.jp/info/73471p/","https://www.city.tonami.lg.jp/info/73471p/"
"84270","https://www.town.nagaizumi.lg.jp/soshiki/sangyo/7/5/8261.html","https://www.town.nagaizumi.lg.jp/soshiki/sangyo/7/5/8261.html"
"84271","https://www.city.inzai.lg.jp/cmsfiles/contents/0000018/18630/jigyouri-huretto.pdf","https://www.city.inzai.lg.jp/0000018630.html | https://www.city.inzai.lg.jp/cmsfiles/contents/0000018/18630/jigyouri-huretto.pdf | https://www.city.inzai.lg.jp/module/shareform.php?so_cd=6-2-1-0-0"
"84274","https://www.town.nagaizumi.lg.jp/parenting_education/parenting/3/8456.html","https://www.town.nagaizumi.lg.jp/parenting_education/parenting/3/8456.html"
"84272","https://www.town.nagaizumi.lg.jp/parenting_education/parenting/3/5458.html","https://www.town.nagaizumi.lg.jp/parenting_education/parenting/3/5458.html"
"84275","https://www.city.nagaoka.niigata.jp/kurashi/cate15/file/bouhantou-11a.pdf","https://www.city.nagaoka.niigata.jp/kurashi/cate15/bouhantou.html | https://www.city.nagaoka.niigata.jp/kurashi/cate15/file/bouhantou-11a.pdf"
"84280","https://www.city.nagaoka.niigata.jp/kurashi/cate06/bus-setti.html","https://www.city.nagaoka.niigata.jp/kurashi/cate06/bus-setti.html"
"84279","https://www.town.nagaizumi.lg.jp/soshiki/bousai/downlord/364.html","https://www.town.nagaizumi.lg.jp/soshiki/bousai/downlord/364.html"
"84281","https://www.city.nagaoka.niigata.jp/sangyou/cate04/ninaite/new-farmer.html","https://www.city.nagaoka.niigata.jp/sangyou/cate04/ninaite/new-farmer.html"
"84283","https://www.city.nagaoka.niigata.jp/sangyou/cate04/ninaite/new-farmer.html","https://www.city.nagaoka.niigata.jp/sangyou/cate04/ninaite/new-farmer.html"
"84282","https://www.town.nagaizumi.lg.jp/soshiki/cyojyu/4/5/10960.html","https://www.town.nagaizumi.lg.jp/soshiki/cyojyu/4/5/10960.html"
"84284","https://www.city.nagaoka.niigata.jp/sangyou/cate04/ninaite/new-farmer.html","https://www.city.nagaoka.niigata.jp/sangyou/cate04/ninaite/new-farmer.html"
"84285","https://www.town.nagaizumi.lg.jp/material/files/group/13/tyuusyoukigyousya.pdf","https://www.town.nagaizumi.lg.jp/soshiki/kurashikankyo/3_1/7450.html | https://www.town.nagaizumi.lg.jp/material/files/group/13/tyuusyoukigyousya.pdf"
"84291","https://www.fuji-oyama.jp/kenkou_03_anGWLmKZ.html","https://www.fuji-oyama.jp/kenkou_03_anGWLmKZ.html"
"84292","https://www.city.saku.nagano.jp/machizukuri/nogyo/sangyo/sinksyuunou/teityakushien.html","https://www.city.saku.nagano.jp/machizukuri/nogyo/sangyo/sinksyuunou/teityakushien.html"
"84303","http://www.city.amami.lg.jp/somu/bosai/bosai/jishusoshiki.html","http://www.city.amami.lg.jp/somu/bosai/bosai/jishusoshiki.html"
"84297","https://www.fuji-oyama.jp/sangyoumachi_qcyjFU6O_202003181514000.html","https://www.fuji-oyama.jp/sangyoumachi_qcyjFU6O_202003181514000.html"
"84315","https://www.ustamsha.or.jp/grant/","https://www.ustamsha.or.jp/grant/"
"84325","https://www.fuji-oyama.jp/sangyoumachi_9QFs-olB_202409241412530.html","https://www.fuji-oyama.jp/sangyoumachi_9QFs-olB_202409241412530.html"
"84321","https://www.city.miyako.iwate.jp/material/files/group/24/SYUNYUHOKENHOJO_ANNAI_R6.pdf","https://www.city.miyako.iwate.jp/gyosei/soshiki/norin/2/1/1/3140.html | https://www.city.miyako.iwate.jp/material/files/group/24/SYUNYUHOKENHOJO_ANNAI_R6.pdf"
"84327","https://www.fuji-oyama.jp/kurashi_04_taiyoukouhatsuden.html","https://www.fuji-oyama.jp/kurashi_04_taiyoukouhatsuden.html"
"84332","https://www.fuji-oyama.jp/kenkoufukushikyouiku_202203301709052.html","https://www.fuji-oyama.jp/kenkoufukushikyouiku_202203301709052.html"
"84328","https://www.city.shiso.lg.jp/material/files/group/40/danzyo_hozyokin_chirashi.pdf","https://www.city.shiso.lg.jp/shinseisho/sonota/18980.html | https://www.city.shiso.lg.jp/material/files/group/40/danzyo_hozyokin_chirashi.pdf"
"84335","https://www.city.koriyama.lg.jp/uploaded/attachment/62189.pdf","https://www.city.koriyama.lg.jp/soshiki/74/7178.html | https://www.city.koriyama.lg.jp/uploaded/attachment/62189.pdf"
"84334","https://www.fuji-oyama.jp/kurashi_04_202207201037590.html","https://www.fuji-oyama.jp/kurashi_04_202207201037590.html"
"84336","https://www.town.yoshida.shizuoka.jp/secure/9559/%E5%90%89%E7%94%B0%E7%94%BA%E8%A8%BA%E7%99%82%E6%89%80%E7%AD%89%E9%96%8B%E8%A8%AD%E8%A3%9C%E5%8A%A9%E9%87%91%E3%81%AE%E3%81%94%E6%A1%88%E5%86%85.pdf","https://www.town.yoshida.shizuoka.jp/7238.htm | https://www.town.yoshida.shizuoka.jp/secure/9559/%E5%90%89%E7%94%B0%E7%94%BA%E8%A8%BA%E7%99%82%E6%89%80%E7%AD%89%E9%96%8B%E8%A8%AD%E8%A3%9C%E5%8A%A9%E9%87%91%E3%81%AE%E3%81%94%E6%A1%88%E5%86%85.pdf"
"84337","https://www.town.yoshida.shizuoka.jp/7130.htm","https://www.town.yoshida.shizuoka.jp/7130.htm"
"84338","https://www.city.hashima.lg.jp/1706.html","https://www.city.hashima.lg.jp/1706.html"
"84339","https://www.town.yoshida.shizuoka.jp/7608.htm","https://www.town.yoshida.shizuoka.jp/7608.htm"
"84340","https://www.city.nagaoka.niigata.jp/kurashi/cate12/sports/maintenance.html","https://www.city.nagaoka.niigata.jp/kurashi/cate12/sports/maintenance.html"
"84345","https://www.town.yoshida.shizuoka.jp/5004.htm","https://www.town.yoshida.shizuoka.jp/5004.htm"
"84341","https://www.town.yoshida.shizuoka.jp/2007.htm","https://www.town.yoshida.shizuoka.jp/2007.htm"
"84349","https://www.town.yoshida.shizuoka.jp/4097.htm","https://www.town.yoshida.shizuoka.jp/4097.htm"
"84373","https://www.city.akashi.lg.jp/hokensyo/h-yobou/kekkaku/kekkakuhojyo.html","https://www.city.akashi.lg.jp/hokensyo/h-yobou/kekkaku/kekkakuhojyo.html"
"84374","https://www.town.kawanehon.shizuoka.jp/kurashi_tetsuduki/hojokinitiran/nougyou/12406.html","https://www.town.kawanehon.shizuoka.jp/kurashi_tetsuduki/hojokinitiran/nougyou/12406.html"
"84375","https://www.town.kawanehon.shizuoka.jp/kurashi_tetsuduki/hojokinitiran/nougyou/12408.html","https://www.town.kawanehon.shizuoka.jp/kurashi_tetsuduki/hojokinitiran/nougyou/12408.html"
"84376","https://www.town.kawanehon.shizuoka.jp/kurashi_tetsuduki/hojokinitiran/nougyou/13040.html","https://www.town.kawanehon.shizuoka.jp/kurashi_tetsuduki/hojokinitiran/nougyou/13040.html"
"84378","https://www.city.nagaoka.niigata.jp/kurashi/cate19/buffer-zone.html","https://www.city.nagaoka.niigata.jp/kurashi/cate19/buffer-zone.html"
"84379","https://www.town.kawanehon.shizuoka.jp/kurashi_tetsuduki/hojokinitiran/sonohoka/12422.html","https://www.town.kawanehon.shizuoka.jp/kurashi_tetsuduki/hojokinitiran/sonohoka/12422.html"
"84381","https://www.city.hakodate.hokkaido.jp/docs/2017071400019/","https://www.city.hakodate.hokkaido.jp/docs/2017071400019/"
"84380","https://www.town.kawanehon.shizuoka.jp/kurashi_tetsuduki/hojokinitiran/sonohoka/12423.html","https://www.town.kawanehon.shizuoka.jp/kurashi_tetsuduki/hojokinitiran/sonohoka/12423.html"
"84382","https://www.town.kawanehon.shizuoka.jp/kurashi_tetsuduki/hojokinitiran/sonohoka/12425.html","https://www.town.kawanehon.shizuoka.jp/kurashi_tetsuduki/hojokinitiran/sonohoka/12425.html"
"84384","https://www.town.kawanehon.shizuoka.jp/kurashi_tetsuduki/hojokinitiran/sonohoka/12885.html","https://www.town.kawanehon.shizuoka.jp/kurashi_tetsuduki/hojokinitiran/sonohoka/12885.html"
"84387","https://www.town.kawanehon.shizuoka.jp/soshiki/sangyoshinko/ringyo/13308.html","https://www.town.kawanehon.shizuoka.jp/soshiki/sangyoshinko/ringyo/13308.html"
"84389","https://www.town.kawanehon.shizuoka.jp/soshiki/keiei/machizukurisuishin/13935.html","https://www.town.kawanehon.shizuoka.jp/soshiki/keiei/machizukurisuishin/13935.html"
"84388","https://www.town.kawanehon.shizuoka.jp/soshiki/sangyoshinko/ringyo/13068.html","https://www.town.kawanehon.shizuoka.jp/soshiki/sangyoshinko/ringyo/13068.html"
"84390","https://www.town.kawanehon.shizuoka.jp/soshiki/sangyoshinko/ringyo/13309.html","https://www.town.kawanehon.shizuoka.jp/soshiki/sangyoshinko/ringyo/13309.html"
"84391","https://www.city.koriyama.lg.jp/soshiki/33/4917.html","https://www.city.koriyama.lg.jp/soshiki/33/4917.html"
"84392","https://www.city.koriyama.lg.jp/soshiki/33/4917.html","https://www.city.koriyama.lg.jp/soshiki/33/4917.html"
"84393","https://www.city.nagaoka.niigata.jp/kurashi/cate19/buffer-maintain.html","https://www.city.nagaoka.niigata.jp/kurashi/cate19/buffer-maintain.html"
"84395","https://www.city.koriyama.lg.jp/soshiki/33/4917.html","https://www.city.koriyama.lg.jp/soshiki/33/4917.html"
"84394","https://www.town.kawanehon.shizuoka.jp/soshiki/sangyoshinko/ringyo/13311.html","https://www.town.kawanehon.shizuoka.jp/soshiki/sangyoshinko/ringyo/13311.html"
"84396","https://www.city.koriyama.lg.jp/uploaded/attachment/78604.pdf","https://www.city.koriyama.lg.jp/soshiki/33/4924.html | https://www.city.koriyama.lg.jp/uploaded/attachment/78604.pdf"
"84398","https://www.city.hakodate.hokkaido.jp/docs/2014021200170/file_contents/2014021200170_hk_docs_2014021200170_files_tyoukaikoufukin.pdf","https://www.city.hakodate.hokkaido.jp/docs/2014021200170/ | https://www.city.hakodate.hokkaido.jp/docs/2014021200170/file_contents/2014021200170_hk_docs_2014021200170_files_tyoukaikoufukin.pdf"
"84399","https://www.town.morimachi.shizuoka.jp/gyosei/machinososhiki/somuka/gyoseigakari/9/3617.html","https://www.town.morimachi.shizuoka.jp/gyosei/machinososhiki/somuka/gyoseigakari/9/3617.html"
"84401","https://www.city.hakodate.hokkaido.jp/docs/2017071400026/","https://www.city.hakodate.hokkaido.jp/docs/2017071400026/"
"84402","https://www.town.morimachi.shizuoka.jp/gyosei/machinososhiki/kenkokodomoka/kenkozukurikakari/3/4632.html","https://www.town.morimachi.shizuoka.jp/gyosei/machinososhiki/kenkokodomoka/kenkozukurikakari/3/4632.html"
"84404","https://www.town.morimachi.shizuoka.jp/gyosei/machinososhiki/juminseikatsuka/seikatsukankyokakari/1/2/3839.html","https://www.town.morimachi.shizuoka.jp/gyosei/machinososhiki/juminseikatsuka/seikatsukankyokakari/1/2/3839.html"
"84403","https://www.city.hakodate.hokkaido.jp/docs/2019010700051/","https://www.city.hakodate.hokkaido.jp/docs/2019010700051/"
"84406","https://www.city.hakodate.hokkaido.jp/docs/2014031100682/","https://www.city.hakodate.hokkaido.jp/docs/2014031100682/"
"84408","https://www.city.hakodate.hokkaido.jp/docs/2024032600067/","https://www.city.hakodate.hokkaido.jp/docs/2024032600067/"
"84414","https://www.town.yoshida.shizuoka.jp/7608.htm","https://www.town.yoshida.shizuoka.jp/7608.htm"
"84420","https://www.city.ashibetsu.hokkaido.jp/docs/1713913.html","https://www.city.ashibetsu.hokkaido.jp/docs/1713913.html"
"84429","https://www.city.sanjo.niigata.jp/soshiki/keizaibu/shokoka/yushi_hojo/18175.html","https://www.city.sanjo.niigata.jp/soshiki/keizaibu/shokoka/yushi_hojo/18175.html"
"84417","https://www.jpaa.or.jp/activity/support/assistance/","https://www.jpaa.or.jp/activity/support/assistance/"
"84433","https://www.city.kagoshima-izumi.lg.jp/files/SpcDocumentDetail/134/SpcDocumentDetail_134984_file.pdf","https://www.city.kagoshima-izumi.lg.jp/page/page_010350.html | https://www.city.kagoshima-izumi.lg.jp/files/SpcDocumentDetail/134/SpcDocumentDetail_134984_file.pdf"
"84434","https://www.city.tokamachi.lg.jp/material/files/group/11/houmonnb_danntai.pdf","https://www.city.tokamachi.lg.jp/soshiki/shiminfukushibu/tiikikeasuishinka/1/gyomu/10054.html | https://www.city.tokamachi.lg.jp/material/files/group/11/houmonnb_danntai.pdf"
"84444","https://www.town.nakai.kanagawa.jp/soshiki/sangyoshinkokasangyoshinkohan/chushokigyonadoshien/3123.html#:~:text=Word%E3%83%95%E3%82%A1%E3%82%A4%E3%83%AB%3A18.7KB)-,%E3%83%AA%E3%83%8E%E3%83%99%E3%83%BC%E3%82%B7%E3%83%A7%E3%83%B3%E6%94%AF%E6%8F%B4%E4%BA%8B%E6%A5%AD,-%E5%88%A9%E7%94%A8%E8%B3%87%E6%A0%BC","https://www.town.nakai.kanagawa.jp/soshiki/sangyoshinkokasangyoshinkohan/chushokigyonadoshien/3123.html#:~:text=Word%E3%83%95%E3%82%A1%E3%82%A4%E3%83%AB%3A18.7KB)-,%E3%83%AA%E3%83%8E%E3%83%99%E3%83%BC%E3%82%B7%E3%83%A7%E3%83%B3%E6%94%AF%E6%8F%B4%E4%BA%8B%E6%A5%AD,-%E5%88%A9%E7%94%A8%E8%B3%87%E6%A0%BC"
"84445","https://www.pref.fukuoka.lg.jp/uploaded/attachment/222156.pdf","https://www.pref.fukuoka.lg.jp/contents/syotengai.html | https://www.pref.fukuoka.lg.jp/uploaded/attachment/222156.pdf"
"84451","https://www.city.sanjo.niigata.jp/soshiki/shimimbu/chiikikeieika/tiikishinkou/jichikai/967.html","https://www.city.sanjo.niigata.jp/soshiki/shimimbu/chiikikeieika/tiikishinkou/jichikai/967.html"
"84449","https://www.city.sanjo.niigata.jp/soshiki/kensetsubu/kensetsuka/kensetukanri/3027.html","https://www.city.sanjo.niigata.jp/soshiki/kensetsubu/kensetsuka/kensetukanri/3027.html"
"84452","https://www.city.sanjo.niigata.jp/soshiki/kensetsubu/kensetsuka/kensetukanri/2981.html","https://www.city.sanjo.niigata.jp/soshiki/kensetsubu/kensetsuka/kensetukanri/2981.html"
"84454","https://www.city.sanjo.niigata.jp/material/files/group/18/000107839.pdf","https://www.city.sanjo.niigata.jp/soshiki/keizaibu/eigyosenryakushitsu/eisen/2345.html | https://www.city.sanjo.niigata.jp/material/files/group/18/000107839.pdf"
"84466","https://www.city.nasushiobara.tochigi.jp/machizukuri/kankyo/kikouhendoutaisaku/jigyousya/21702.html","https://www.city.nasushiobara.tochigi.jp/machizukuri/kankyo/kikouhendoutaisaku/jigyousya/21702.html"
"84468","https://www.city.nasushiobara.tochigi.jp/soshikikarasagasu/cn/jigyosya/3/19496.html","https://www.city.nasushiobara.tochigi.jp/soshikikarasagasu/cn/jigyosya/3/19496.html"
"84470","https://www.city.ritto.lg.jp/soshiki/kensetsu/tokei/shinseisyo/1118.html","https://www.city.ritto.lg.jp/soshiki/kensetsu/tokei/shinseisyo/1118.html"
"84471","https://www.town.miharu.fukushima.jp/soshiki/28/news/bunkakatudoushienkouhukin.html","https://www.town.miharu.fukushima.jp/soshiki/28/news/bunkakatudoushienkouhukin.html"
"84476","https://www.city.otsu.lg.jp/soshiki/035/1303/g/j/63758.html","https://www.city.otsu.lg.jp/soshiki/035/1303/g/j/63758.html"
"84480","https://www.city.otsu.lg.jp/soshiki/010/2406/g/hojo/1387861267104.html","https://www.city.otsu.lg.jp/soshiki/010/2406/g/hojo/1387861267104.html"
"84479","https://webtown.nagayo.jp/kiji0035172/index.html","https://webtown.nagayo.jp/kiji0035172/index.html"
"84481","https://www.city.otsu.lg.jp/soshiki/010/2406/g/hojo/1387874423872.html","https://www.city.otsu.lg.jp/soshiki/010/2406/g/hojo/1387874423872.html"
"84483","http://www.city.tarumizu.lg.jp/nosei/kurashi/sangyo/nogyo/sien/syuunousya_sien.html","http://www.city.tarumizu.lg.jp/nosei/kurashi/sangyo/nogyo/sien/syuunousya_sien.html"
"84485","https://www.city.tarumizu.lg.jp/nosei/kurashi/sangyo/nogyo/sien/syuunousya_sien.html","https://www.city.tarumizu.lg.jp/nosei/kurashi/sangyo/nogyo/sien/syuunousya_sien.html"
"84486","https://www.city.otsu.lg.jp/soshiki/025/1601/g/hojo/29003.html","https://www.city.otsu.lg.jp/soshiki/025/1601/g/hojo/29003.html"
"84490","https://www.city.tarumizu.lg.jp/nosei/kurashi/sangyo/nogyo/sien/syuunousya_sien.html","https://www.city.tarumizu.lg.jp/nosei/kurashi/sangyo/nogyo/sien/syuunousya_sien.html"
"84491","https://www.city.otsu.lg.jp/soshiki/020/1437/g/hj/40343.html","https://www.city.otsu.lg.jp/soshiki/020/1437/g/hj/40343.html"
"84494","https://www.city.hikone.lg.jp/benri/teate/5/23688.html","https://www.city.hikone.lg.jp/benri/teate/5/23688.html"
"84493","https://www.city.otsu.lg.jp/soshiki/010/1130/g/jitikai/50965.html","https://www.city.otsu.lg.jp/soshiki/010/1130/g/jitikai/50965.html"
"84495","https://www.city.hikone.lg.jp/benri/teate/5/23687.html","https://www.city.hikone.lg.jp/benri/teate/5/23687.html"
"84496","https://www.city.hikone.lg.jp/kakuka/shimin_kankyo/5/gomi/2/3659.html","https://www.city.hikone.lg.jp/kakuka/shimin_kankyo/5/gomi/2/3659.html"
"84499","https://www.city.nagahama.lg.jp/0000010638.html","https://www.city.nagahama.lg.jp/0000010638.html"
"84500","https://www.city.kashiwazaki.lg.jp/sangyo_business/jigyoshonei/sogyo_venture/10234.html","https://www.city.kashiwazaki.lg.jp/sangyo_business/jigyoshonei/sogyo_venture/10234.html"
"84501","https://www.city.nagahama.lg.jp/0000001847.html","https://www.city.nagahama.lg.jp/0000001847.html"
"84502","https://www.city.hakodate.hokkaido.jp/docs/2014031100446/","https://www.city.hakodate.hokkaido.jp/docs/2014031100446/"
"84513","https://www.town.noto.lg.jp/www/info/detail.jsp?common_id=21762","https://www.town.noto.lg.jp/www/info/detail.jsp?common_id=21762"
"84519","https://www.city.nagahama.lg.jp/0000004107.html","https://www.city.nagahama.lg.jp/0000004107.html"
"84520","https://www.city.nagahama.lg.jp/0000001922.html","https://www.city.nagahama.lg.jp/0000001922.html"
"84522","https://www.city.nagahama.lg.jp/0000012177.html","https://www.city.nagahama.lg.jp/0000012177.html"
"84530","https://www.city.nagahama.lg.jp/cmsfiles/contents/0000002/2017/ridousuiro_gaiyou.pdf","https://www.city.nagahama.lg.jp/0000002017.html | https://www.city.nagahama.lg.jp/cmsfiles/contents/0000002/2017/ridousuiro_gaiyou.pdf"
"84526","https://www.city.nagahama.lg.jp/0000001783.html","https://www.city.nagahama.lg.jp/0000001783.html"
"84524","https://www.city.nagahama.lg.jp/0000006337.html","https://www.city.nagahama.lg.jp/0000006337.html"
"84531","https://www.city.nagahama.lg.jp/0000006251.html","https://www.city.nagahama.lg.jp/0000006251.html"
"84532","https://www.city.nagahama.lg.jp/0000002042.html","https://www.city.nagahama.lg.jp/0000002042.html"
"84533","https://www.city.nagahama.lg.jp/cmsfiles/contents/0000001/1738/01gaiyou.pdf","https://www.city.nagahama.lg.jp/0000001738.html | https://www.city.nagahama.lg.jp/cmsfiles/contents/0000001/1738/01gaiyou.pdf"
"84537","https://www.city.nagahama.lg.jp/0000001749.html","https://www.city.nagahama.lg.jp/0000001749.html"
"84539","https://www.city.nagahama.lg.jp/cmsfiles/contents/0000012/12454/01_060401gaiyou.pdf","https://www.city.nagahama.lg.jp/0000012454.html | https://www.city.nagahama.lg.jp/cmsfiles/contents/0000012/12454/01_060401gaiyou.pdf"
"84538","https://www.city.yamato.lg.jp/gyosei/soshik/35/taisinka/4792.html","https://www.city.yamato.lg.jp/gyosei/soshik/35/taisinka/4792.html"
"84541","https://www.city.yamato.lg.jp/gyosei/soshik/60/ninchisho/soudan/6661.html","https://www.city.yamato.lg.jp/gyosei/soshik/60/ninchisho/soudan/6661.html"
"84551","http://oosumi-ringyou.com/pdf/pdf_4.pdf","https://oosumi-ringyou.com/sub_1/bassai_1.htm | http://oosumi-ringyou.com/pdf/pdf_4.pdf"
"84556","https://www.city.yamato.lg.jp/gyosei/soshik/40/sangyo/shogyo/shien_seibi_todokede/4161.html","https://www.city.yamato.lg.jp/gyosei/soshik/40/sangyo/shogyo/shien_seibi_todokede/4161.html"
"84558","https://www.city.nagahama.lg.jp/0000001575.html","https://www.city.nagahama.lg.jp/0000001575.html"
"84561","https://www.city.yamato.lg.jp/gyosei/soshik/40/sangyo/shogyo/shien_seibi_todokede/4243.html","https://www.city.yamato.lg.jp/gyosei/soshik/40/sangyo/shogyo/shien_seibi_todokede/4243.html"
"84562","https://www.city.nagahama.lg.jp/0000012806.html","https://www.city.nagahama.lg.jp/0000012806.html"
"84565","https://www.city.nagahama.lg.jp/0000011668.html","https://www.city.nagahama.lg.jp/0000011668.html"
"84568","https://www.city.nagahama.lg.jp/0000001645.html","https://www.city.nagahama.lg.jp/0000001645.html"
"84567","https://www.city.yamato.lg.jp/gyosei/soshik/40/sangyo/shogyo/shien_seibi_todokede/4243.html","https://www.city.yamato.lg.jp/gyosei/soshik/40/sangyo/shogyo/shien_seibi_todokede/4243.html"
"84569","https://www.city.yamato.lg.jp/gyosei/soshik/64/jichikai/21532.html","https://www.city.yamato.lg.jp/gyosei/soshik/64/jichikai/21532.html"
"84598","https://www.city.kyoto.lg.jp/tokei/cmsfiles/contents/0000333/333204/chirashi2.pdf","https://www.city.kyoto.lg.jp/tokei/page/0000333204.html | https://www.city.kyoto.lg.jp/tokei/cmsfiles/contents/0000333/333204/chirashi2.pdf"
"84590","https://www.town.ichinomiya.chiba.jp/subsidy/6.html","https://www.town.ichinomiya.chiba.jp/subsidy/6.html"
"84606","https://www.city.omihachiman.lg.jp/soshiki/fukushi_seisaku/1/1/1183.html","https://www.city.omihachiman.lg.jp/soshiki/fukushi_seisaku/1/1/1183.html"
"84604","https://www.town.kaminokuni.lg.jp/hotnews/detail/00003034.html","https://www.town.kaminokuni.lg.jp/hotnews/detail/00003034.html"
"84609","https://www.city.kusatsu.shiga.jp/kurashi/sangyobusiness/sangyo/hojyo/daigakurenkei.html","https://www.city.kusatsu.shiga.jp/kurashi/sangyobusiness/sangyo/hojyo/daigakurenkei.html"
"84614","https://www.city.kusatsu.shiga.jp/kurashi/chikicommunity/chonaikai/househozyo.html","https://www.city.kusatsu.shiga.jp/kurashi/chikicommunity/chonaikai/househozyo.html"
"84616","https://www.city.kusatsu.shiga.jp/kurashi/shinseishodownload/tyounaikai/zitikaikatudouhoken.html","https://www.city.kusatsu.shiga.jp/kurashi/shinseishodownload/tyounaikai/zitikaikatudouhoken.html"
"84630","https://www.city.sanda.lg.jp/soshiki/19/hojo_josei/15556.html","https://www.city.sanda.lg.jp/soshiki/19/hojo_josei/15556.html"
"84632","https://www.city.kusatsu.shiga.jp/kurashi/gomirecycle/hojoseido/gomishusekihojokin.html","https://www.city.kusatsu.shiga.jp/kurashi/gomirecycle/hojoseido/gomishusekihojokin.html"
"84633","https://www.city.kusatsu.shiga.jp/kurashi/chikicommunity/chonaikai/keizibanhozyo.html","https://www.city.kusatsu.shiga.jp/kurashi/chikicommunity/chonaikai/keizibanhozyo.html"
"84634","https://www.city.kusatsu.shiga.jp/kurashi/gomirecycle/hojoseido/shigenshoreikin.html","https://www.city.kusatsu.shiga.jp/kurashi/gomirecycle/hojoseido/shigenshoreikin.html"
"84635","https://www.city.kusatsu.shiga.jp/bunka/sports/shinko/shoreikin.html","https://www.city.kusatsu.shiga.jp/bunka/sports/shinko/shoreikin.html"
"84640","https://www.city.kashiwazaki.lg.jp/kurashi_tetsuzuki/hojo/sumai_seikatsu/41613.html","https://www.city.kashiwazaki.lg.jp/kurashi_tetsuzuki/hojo/sumai_seikatsu/41613.html"
"84639","https://www.city.moriyama.lg.jp/machikankyobousai/chiikicommu/1002162/1006839/1005707/1005711.html","https://www.city.moriyama.lg.jp/machikankyobousai/chiikicommu/1002162/1006839/1005707/1005711.html"
"84641","https://www.town.inagawa.lg.jp/soshiki/1041/gyomu/6/1/2415.html","https://www.town.inagawa.lg.jp/soshiki/1041/gyomu/6/1/2415.html"
"84642","https://www.city.kashiwazaki.lg.jp/kurashi_tetsuzuki/hojo/sumai_seikatsu/41645.html","https://www.city.kashiwazaki.lg.jp/kurashi_tetsuzuki/hojo/sumai_seikatsu/41645.html"
"84646","https://www.city.kashiwazaki.lg.jp/material/files/group/22/20240501chirashi.pdf","https://www.city.kashiwazaki.lg.jp/kurashi_tetsuzuki/hojo/kenko_iryo/41630.html | https://www.city.kashiwazaki.lg.jp/material/files/group/22/20240501chirashi.pdf"
"84652","https://www.city.koka.lg.jp/secure/31407/machinamisyukeitirashi.pdf","https://www.city.koka.lg.jp/19272.htm | https://www.city.koka.lg.jp/secure/31407/machinamisyukeitirashi.pdf"
"84658","https://www.city.akashi.lg.jp/fukushi/k_kaigo_shitsu/kaigohoken/kaigogenbaharasumentohojyokin.html","https://www.city.akashi.lg.jp/fukushi/k_kaigo_shitsu/kaigohoken/kaigogenbaharasumentohojyokin.html"
"84653","https://www.city.koka.lg.jp/16083.htm","https://www.city.koka.lg.jp/16083.htm"
"84659","https://www.city.koka.lg.jp/15084.htm","https://www.city.koka.lg.jp/15084.htm"
"84662","https://www.city.koka.lg.jp/9343.htm","https://www.city.koka.lg.jp/9343.htm"
"84661","https://www.city.koka.lg.jp/6567.htm","https://www.city.koka.lg.jp/6567.htm"
"84664","https://www.city.kashiwazaki.lg.jp/material/files/group/28/kigyousinnkoujourei_shoureikinn_tirashi.pdf","https://www.city.kashiwazaki.lg.jp/kurashi_tetsuzuki/hojo/sangyoshinko/41654.html | https://www.city.kashiwazaki.lg.jp/material/files/group/28/kigyousinnkoujourei_shoureikinn_tirashi.pdf"
"84665","https://www.city.koka.lg.jp/secure/11649/gaiyouban.pdf","https://www.city.koka.lg.jp/7406.htm | https://www.city.koka.lg.jp/secure/11649/gaiyouban.pdf"
"84667","https://www.city.koka.lg.jp/12173.htm","https://www.city.koka.lg.jp/12173.htm"
"84669","https://www.city.koka.lg.jp/13854.htm","https://www.city.koka.lg.jp/13854.htm"
"84671","https://www.city.kawagoe.saitama.jp/kurashi/chiiki/1001783/1001786.html","https://www.city.kawagoe.saitama.jp/kurashi/chiiki/1001783/1001786.html"
"84670","https://www.city.kawagoe.saitama.jp/sangyo/shushoku/chushokigyo/1012044/1012059.html","https://www.city.kawagoe.saitama.jp/sangyo/shushoku/chushokigyo/1012044/1012059.html"
"84675","https://www.city.yasu.lg.jp/soshiki/kodomo/hoikusisyukusyakariage/1554463479627.html","https://www.city.yasu.lg.jp/soshiki/kodomo/hoikusisyukusyakariage/1554463479627.html"
"84676","https://www.city.yasu.lg.jp/kenko/kenkou/seishin/1655095857211.html","https://www.city.yasu.lg.jp/kenko/kenkou/seishin/1655095857211.html"
"84677","https://www.city.kashiwazaki.lg.jp/kurashi_tetsuzuki/hojo/sangyoshinko/41559.html","https://www.city.kashiwazaki.lg.jp/kurashi_tetsuzuki/hojo/sangyoshinko/41559.html"
"84683","https://www.city.aizuwakamatsu.fukushima.jp/docs/2007080801167/","https://www.city.aizuwakamatsu.fukushima.jp/docs/2007080801167/"
"84679","https://www.city.kashiwazaki.lg.jp/kurashi_tetsuzuki/hojo/sangyoshinko/41596.html","https://www.city.kashiwazaki.lg.jp/kurashi_tetsuzuki/hojo/sangyoshinko/41596.html"
"84681","https://www.city.kumagaya.lg.jp/about/soshiki/sangyo/kigyokatsudo/hojyokin/sinseihinkaihatu.html","https://www.city.kumagaya.lg.jp/about/soshiki/sangyo/kigyokatsudo/hojyokin/sinseihinkaihatu.html"
"84684","https://www.city.yasu.lg.jp/soshiki/kenkousuishin/seishin/syougaihojo/1655102882606.html","https://www.city.yasu.lg.jp/soshiki/kenkousuishin/seishin/syougaihojo/1655102882606.html"
"84686","https://www.city.aizuwakamatsu.fukushima.jp/docs/2007080801167/#:~:text=%E7%9B%B8%E8%AB%87%E3%81%8F%E3%81%A0%E3%81%95%E3%81%84%E3%80%82-,%E4%BC%9A%E6%B4%A5%E6%BC%86%E5%99%A8%E6%8A%80%E8%A1%93%E5%BE%8C%E7%B6%99%E8%80%85%E8%A8%93%E7%B7%B4%E5%A5%A8%E5%8A%B1%E9%87%91,-%E5%88%B6%E5%BA%A6%E6%A6%82%E8%A6%81","https://www.city.aizuwakamatsu.fukushima.jp/docs/2007080801167/#:~:text=%E7%9B%B8%E8%AB%87%E3%81%8F%E3%81%A0%E3%81%95%E3%81%84%E3%80%82-,%E4%BC%9A%E6%B4%A5%E6%BC%86%E5%99%A8%E6%8A%80%E8%A1%93%E5%BE%8C%E7%B6%99%E8%80%85%E8%A8%93%E7%B7%B4%E5%A5%A8%E5%8A%B1%E9%87%91,-%E5%88%B6%E5%BA%A6%E6%A6%82%E8%A6%81"
"84685","https://www.city.kashiwazaki.lg.jp/material/files/group/28/20240401_chitekizaisan_chirashi_merged.pdf","https://www.city.kashiwazaki.lg.jp/kurashi_tetsuzuki/hojo/sangyoshinko/41639.html | https://www.city.kashiwazaki.lg.jp/material/files/group/28/20240401_chitekizaisan_chirashi_merged.pdf"
"84687","https://www.city.yasu.lg.jp/soshiki/koureifukushi/kourei/1450767354766.html","https://www.city.yasu.lg.jp/soshiki/koureifukushi/kourei/1450767354766.html"
"84688","https://www.city.kumagaya.lg.jp/about/soshiki/sangyo/shogyokanko/s-oshirase/1111111.files/tirasi2001.pdf","https://www.city.kumagaya.lg.jp/about/soshiki/sangyo/shogyokanko/s-oshirase/1111111.html | https://www.city.kumagaya.lg.jp/about/soshiki/sangyo/shogyokanko/s-oshirase/1111111.files/tirasi2001.pdf"
"84689","https://www.city.aizuwakamatsu.fukushima.jp/docs/2007082200050/","https://www.city.aizuwakamatsu.fukushima.jp/docs/2007082200050/"
"84703","https://www.town.anamizu.lg.jp/uploaded/life/102759_104422_misc.pdf","https://www.town.anamizu.lg.jp/page/102759.html | https://www.town.anamizu.lg.jp/uploaded/life/102759_104422_misc.pdf"
"84718","https://www.city.higashiomi.shiga.jp/0000001136.html","https://www.city.higashiomi.shiga.jp/0000001136.html"
"84705","https://www.city.shiga-konan.lg.jp/kanko/supotsu/4035.html","https://www.city.shiga-konan.lg.jp/kanko/supotsu/4035.html"
"84724","https://www.city.maibara.lg.jp/kurashi/ziti/jichikaikatsudouhojokin/16142.html","https://www.city.maibara.lg.jp/kurashi/ziti/jichikaikatsudouhojokin/16142.html"
"84729","https://www.city.maibara.lg.jp/soshiki/kenko_fukushi/chiikihokatsu_center/nintisyou/21492.html","https://www.city.maibara.lg.jp/soshiki/kenko_fukushi/chiikihokatsu_center/nintisyou/21492.html"
"84723","https://www.city.kashiwazaki.lg.jp/material/files/group/27/toraiaru_tirashi_R6.pdf","https://www.city.kashiwazaki.lg.jp/kurashi_tetsuzuki/hojo/jigyoshonei/41595.html | https://www.city.kashiwazaki.lg.jp/material/files/group/27/toraiaru_tirashi_R6.pdf"
"84730","https://www.city.hiratsuka.kanagawa.jp/kigyo/page-c_01600.html","https://www.city.hiratsuka.kanagawa.jp/kigyo/page-c_01600.html"
"84732","https://www.city.maibara.lg.jp/soshiki/kenko_fukushi/chiikihokatsu_center/kaigoyobou/21491.html","https://www.city.maibara.lg.jp/soshiki/kenko_fukushi/chiikihokatsu_center/kaigoyobou/21491.html"
"84736","https://www.city.kashiwazaki.lg.jp/material/files/group/27/zigyohikitsugisienhozyokintirashi_2024.pdf","https://www.city.kashiwazaki.lg.jp/kurashi_tetsuzuki/hojo/jigyoshonei/41607.html | https://www.city.kashiwazaki.lg.jp/material/files/group/27/zigyohikitsugisienhozyokintirashi_2024.pdf"
"84738","https://www.city.kashiwazaki.lg.jp/material/files/group/27/R6zyoseikatuyaku.pdf","https://www.city.kashiwazaki.lg.jp/kurashi_tetsuzuki/hojo/jigyoshonei/41612.html | https://www.city.kashiwazaki.lg.jp/material/files/group/27/R6zyoseikatuyaku.pdf"
"84744","https://www.town.shiga-hino.lg.jp/0000006293.html","https://www.town.shiga-hino.lg.jp/0000006293.html"
"84742","https://www.town.shiga-hino.lg.jp/0000004008.html","https://www.town.shiga-hino.lg.jp/0000004008.html"
"84755","https://www.town.taga.lg.jp/contents_detail.php?co=cat&frmId=1503&frmCd=1-3-14-0-0","https://www.town.taga.lg.jp/contents_detail.php?co=cat&frmId=1503&frmCd=1-3-14-0-0"
"84753","https://www.town.taga.lg.jp/contents_detail.php?co=cat&frmId=428&frmCd=1-3-11-0-0","https://www.town.taga.lg.jp/contents_detail.php?co=cat&frmId=428&frmCd=1-3-11-0-0"
"84748","https://www.town.ryuoh.shiga.jp/life/kourei_kaigo/rojin_club.html","https://www.town.ryuoh.shiga.jp/life/kourei_kaigo/rojin_club.html"
"84763","https://www.town.taga.lg.jp/contents_detail.php?co=cat&frmId=1768&frmCd=1-6-11-0-0","https://www.town.taga.lg.jp/contents_detail.php?co=cat&frmId=1768&frmCd=1-6-11-0-0"
"84765","https://www.city.ibara.okayama.jp/uploaded/life/11617_15163_misc.pdf","https://www.city.ibara.okayama.jp/soshiki/16/11596.html | https://www.city.ibara.okayama.jp/uploaded/life/11617_15163_misc.pdf"
"84766","https://www.city.ibara.okayama.jp/site/bousai/1062.html","https://www.city.ibara.okayama.jp/site/bousai/1062.html"
"84772","https://www.city.ibara.okayama.jp/soshiki/16/1142.html","https://www.city.ibara.okayama.jp/soshiki/16/1142.html"
"84769","https://www.city.ibara.okayama.jp/soshiki/16/1167.html","https://www.city.ibara.okayama.jp/soshiki/16/1167.html"
"84774","https://www.city.ibara.okayama.jp/soshiki/25/2123.html","https://www.city.ibara.okayama.jp/soshiki/25/2123.html"
"84775","https://www.city.ibara.okayama.jp/soshiki/25/1819.html","https://www.city.ibara.okayama.jp/soshiki/25/1819.html"
"84778","https://www.city.kurashiki.okayama.jp/secure/5254/%E3%80%90%E6%96%B0%E3%80%91%E5%9C%B0%E5%9F%9F%E9%9B%86%E4%BC%9A%E6%89%80%E8%A3%9C%E5%8A%A9%E6%A6%82%E8%A6%81%EF%BC%88R6.4.1%E6%94%B9%E6%AD%A3%EF%BC%89.pdf","https://www.city.kurashiki.okayama.jp/2697.htm | https://www.city.kurashiki.okayama.jp/secure/5254/%E3%80%90%E6%96%B0%E3%80%91%E5%9C%B0%E5%9F%9F%E9%9B%86%E4%BC%9A%E6%89%80%E8%A3%9C%E5%8A%A9%E6%A6%82%E8%A6%81%EF%BC%88R6.4.1%E6%94%B9%E6%AD%A3%EF%BC%89.pdf"
"84779","https://www.city.kashiwazaki.lg.jp/soshikiichiran/sogokikakubu/kikakuseisakuka/2/16/26948.html","https://www.city.kashiwazaki.lg.jp/soshikiichiran/sogokikakubu/kikakuseisakuka/2/16/26948.html"
"84780","https://www.city.kurashiki.okayama.jp/19495.htm","https://www.city.kurashiki.okayama.jp/19495.htm"
"84788","https://www.city.kurashiki.okayama.jp/2935.htm","https://www.city.kurashiki.okayama.jp/2935.htm"
"84781","https://www.city.kurashiki.okayama.jp/secure/152785/20221117%E6%B0%91%E6%9C%89%E5%9C%B0%E7%B7%91%E5%8C%96%E5%8A%A9%E6%88%90%E5%88%B6%E5%BA%A6%E3%83%81%E3%83%A9%E3%82%B7.pdf","https://www.city.kurashiki.okayama.jp/39553.htm | https://www.city.kurashiki.okayama.jp/secure/152785/20221117%E6%B0%91%E6%9C%89%E5%9C%B0%E7%B7%91%E5%8C%96%E5%8A%A9%E6%88%90%E5%88%B6%E5%BA%A6%E3%83%81%E3%83%A9%E3%82%B7.pdf"
"84790","https://www.city.kurashiki.okayama.jp/29084.htm","https://www.city.kurashiki.okayama.jp/29084.htm"
"84807","https://www.city.tsuyama.lg.jp/life/index2.php?id=1895","https://www.city.tsuyama.lg.jp/life/index2.php?id=1895"
"84811","https://www.city.hakodate.hokkaido.jp/docs/2017033100025/file_contents/kaigo_shikakushutoku.pdf","https://www.city.hakodate.hokkaido.jp/docs/2017033100025/ | https://www.city.hakodate.hokkaido.jp/docs/2017033100025/file_contents/kaigo_shikakushutoku.pdf"
"84814","https://www.city.hakodate.hokkaido.jp/docs/2016051200014/file_contents/2016051200014_hk_docs_2016051200014_files_About-haken.pdf","https://www.city.hakodate.hokkaido.jp/docs/2016051200014/ | https://www.city.hakodate.hokkaido.jp/docs/2016051200014/file_contents/2016051200014_hk_docs_2016051200014_files_About-haken.pdf"
"84820","https://www.city.shibata.lg.jp/machidukuri/joho/joho/1026078.html","https://www.city.shibata.lg.jp/machidukuri/joho/joho/1026078.html"
"84821","https://www.city.tamano.lg.jp/soshiki/17/6062.html","https://www.city.tamano.lg.jp/soshiki/17/6062.html"
"84838","https://www.city.tamano.lg.jp/site/recycle/1799.html","https://www.city.tamano.lg.jp/site/recycle/1799.html"
"84839","https://www.city.tamano.lg.jp/uploaded/attachment/21635.pdf","https://www.city.tamano.lg.jp/soshiki/8/1525.html | https://www.city.tamano.lg.jp/uploaded/attachment/21635.pdf"
"84842","https://www.city.tamano.lg.jp/soshiki/8/5242.html","https://www.city.tamano.lg.jp/soshiki/8/5242.html"
"84846","https://www.pref.ibaraki.jp/doboku/doiji/kanri/09bora/documents/borapannhuretto.pdf","https://www.pref.ibaraki.jp/doboku/urado/kanri/04dorosatooya.html | https://www.pref.ibaraki.jp/doboku/doiji/kanri/09bora/documents/borapannhuretto.pdf"
"84847","https://www.city.tamano.lg.jp/soshiki/8/5243.html","https://www.city.tamano.lg.jp/soshiki/8/5243.html"
"84845","https://www.city.sakata.lg.jp/sangyo/nogyo/R60725_nogyo_shien/norinsyoukibo.files/01setumei.pdf","https://www.city.sakata.lg.jp/sangyo/nogyo/R60725_nogyo_shien/norinsyoukibo.html | https://www.city.sakata.lg.jp/sangyo/nogyo/R60725_nogyo_shien/norinsyoukibo.files/01setumei.pdf"
"84849","https://www.city.kasaoka.okayama.jp/soshiki/30/2210.html","https://www.city.kasaoka.okayama.jp/soshiki/30/2210.html"
"84852","https://www.city.kasaoka.okayama.jp/soshiki/39/2434.html","https://www.city.kasaoka.okayama.jp/soshiki/39/2434.html"
"84851","https://www.city.kasaoka.okayama.jp/soshiki/24/17917.html","https://www.city.kasaoka.okayama.jp/soshiki/24/17917.html"
"84854","https://www.city.kasaoka.okayama.jp/site/teijyuu/44546.html","https://www.city.kasaoka.okayama.jp/site/teijyuu/44546.html"
"84858","https://www.city.ibara.okayama.jp/soshiki/25/1766.html","https://www.city.ibara.okayama.jp/soshiki/25/1766.html"
"84860","https://www.city.soja.okayama.jp/kenkouiryou/iryou_fukushi/kenkoutukuri/byouinshisetsu-seibi.html","https://www.city.soja.okayama.jp/kenkouiryou/iryou_fukushi/kenkoutukuri/byouinshisetsu-seibi.html"
"84865","https://www.city.hakodate.hokkaido.jp/docs/2019061800052/","https://www.city.hakodate.hokkaido.jp/docs/2019061800052/"
"84861","https://www.city.soja.okayama.jp/norin/sangyo_machi/nogyo/yacho_saku.html","https://www.city.soja.okayama.jp/norin/sangyo_machi/nogyo/yacho_saku.html"
"84866","https://www.city.soja.okayama.jp/jinken-machi/kurashi/jitisosiki/syukaijo_hojo.html","https://www.city.soja.okayama.jp/jinken-machi/kurashi/jitisosiki/syukaijo_hojo.html"
"84869","https://www.city.takahashi.lg.jp/soshiki/8/satoyamarinseibi3.html","https://www.city.takahashi.lg.jp/soshiki/8/satoyamarinseibi3.html"
"84871","https://www.town.nakai.kanagawa.jp/soshiki/sangyoshinkokasangyoshinkohan/chushokigyonadoshien/3123.html","https://www.town.nakai.kanagawa.jp/soshiki/sangyoshinkokasangyoshinkohan/chushokigyonadoshien/3123.html"
"84872","https://www.city.takahashi.lg.jp/soshiki/102/zishubou-hojyokin.html","https://www.city.takahashi.lg.jp/soshiki/102/zishubou-hojyokin.html"
"84874","https://www.city.takahashi.lg.jp/soshiki/14/gomigennryoukakyouryokudantai.html","https://www.city.takahashi.lg.jp/soshiki/14/gomigennryoukakyouryokudantai.html"
"84875","https://www.pref.okayama.jp/uploaded/life/903836_8623154_misc.pdf","https://www.pref.okayama.jp/page/645307.html | https://www.pref.okayama.jp/uploaded/life/903836_8623154_misc.pdf"
"84876","https://www.city.takahashi.lg.jp/soshiki/18/kodomosyokudou.html","https://www.city.takahashi.lg.jp/soshiki/18/kodomosyokudou.html"
"84878","https://www.city.takahashi.lg.jp/soshiki/10/kokibo.html","https://www.city.takahashi.lg.jp/soshiki/10/kokibo.html"
"84880","https://www.city.shibata.lg.jp/jigyosha/nourin/nougyo/keiei/1004695.html","https://www.city.shibata.lg.jp/jigyosha/nourin/nougyo/keiei/1004695.html"
"84879","https://www.city.takahashi.lg.jp/soshiki/9/ekisyuuhenmatidukuri.html","https://www.city.takahashi.lg.jp/soshiki/9/ekisyuuhenmatidukuri.html"
"84881","https://www.city.takahashi.lg.jp/site/kyouikuiinkai/kenzenikusei.html","https://www.city.takahashi.lg.jp/site/kyouikuiinkai/kenzenikusei.html"
"84886","https://www.city.shibata.lg.jp/kurashi/suido/gesuido/1007601/1024717.html","https://www.city.shibata.lg.jp/kurashi/suido/gesuido/1007601/1024717.html"
"84885","https://kouseikyoku.mhlw.go.jp/kantoshinetsu/kenko_fukushi/tiikikaigo.html","https://kouseikyoku.mhlw.go.jp/kantoshinetsu/kenko_fukushi/tiikikaigo.html"
"84910","https://www.pref.ehime.jp/page/8905.html","https://www.pref.ehime.jp/page/8905.html"
"84890","https://www.city.niimi.okayama.jp/business/business_detail/index/1706.html","https://www.city.niimi.okayama.jp/business/business_detail/index/1706.html"
"84888","https://www.city.shibata.lg.jp/_res/projects/default_project/_page_/001/001/433/jichikaitebiki_reiwa1nendoban.pdf","https://www.city.shibata.lg.jp/kurashi/kotsu/bus/1001433.html | https://www.city.shibata.lg.jp/_res/projects/default_project/_page_/001/001/433/jichikaitebiki_reiwa1nendoban.pdf"
"84911","https://www.city.niimi.okayama.jp/media_images/files/keikakuchirashi.pdf","https://www.city.niimi.okayama.jp/business/business_detail/index/183.html | https://www.city.niimi.okayama.jp/media_images/files/keikakuchirashi.pdf"
"84913","https://www.city.niimi.okayama.jp/gyosei/gyosei_detail/index/333.html","https://www.city.niimi.okayama.jp/gyosei/gyosei_detail/index/333.html"
"84912","https://www.city.niimi.okayama.jp/kurashi/kurashi_detail/index/32629.html","https://www.city.niimi.okayama.jp/kurashi/kurashi_detail/index/32629.html"
"84914","https://www.city.niimi.okayama.jp/kurashi/kurashi_detail/index/18105.html","https://www.city.niimi.okayama.jp/kurashi/kurashi_detail/index/18105.html"
"84924","https://www.city.niimi.okayama.jp/business/business_detail/index/23.html#:~:text=%E4%B8%AD%E5%B0%8F%E4%BC%81%E6%A5%AD%E5%A4%A7%E5%AD%A6%E6%A0%A1%E7%AD%89%E7%A0%94%E4%BF%AE%E4%BA%8B%E6%A5%AD%E8%A3%9C%E5%8A%A9%E9%87%91","https://www.city.niimi.okayama.jp/business/business_detail/index/23.html#:~:text=%E4%B8%AD%E5%B0%8F%E4%BC%81%E6%A5%AD%E5%A4%A7%E5%AD%A6%E6%A0%A1%E7%AD%89%E7%A0%94%E4%BF%AE%E4%BA%8B%E6%A5%AD%E8%A3%9C%E5%8A%A9%E9%87%91"
"84915","https://www.city.niimi.okayama.jp/kurashi/kurashi_detail/index/340.html","https://www.city.niimi.okayama.jp/kurashi/kurashi_detail/index/340.html"
"84927","https://www.city.gyoda.lg.jp/material/files/group/19/tirashi.pdf","https://www.city.gyoda.lg.jp/soshiki/kankyokeizaibu/shoko_kanko/gyomu/sangyo_shinko/kigyo_sogyo/1942.html | https://www.city.gyoda.lg.jp/material/files/group/19/tirashi.pdf"
"84925","https://www.city.niimi.okayama.jp/business/business_detail/index/2666.html","https://www.city.niimi.okayama.jp/business/business_detail/index/2666.html"
"84928","https://www.city.nagaoka.niigata.jp/sangyou/cate01/vacanthouse.html","https://www.city.nagaoka.niigata.jp/sangyou/cate01/vacanthouse.html"
"84930","https://www.city.niimi.okayama.jp/kurashi/kurashi_detail/index/471.html","https://www.city.niimi.okayama.jp/kurashi/kurashi_detail/index/471.html"
"84932","https://www.city.toyota.aichi.jp/kurashi/fukushi/shougaisha/1030041/1003257.html","https://www.city.toyota.aichi.jp/kurashi/fukushi/shougaisha/1030041/1003257.html"
"84931","https://www.city.niimi.okayama.jp/kurashi/kurashi_detail/index/2710.html","https://www.city.niimi.okayama.jp/kurashi/kurashi_detail/index/2710.html"
"84935","https://www.city.niimi.okayama.jp/kurashi/kurashi_detail/index/27604.html","https://www.city.niimi.okayama.jp/kurashi/kurashi_detail/index/27604.html"
"84936","https://www.city.shibata.lg.jp/kurashi/iza/sonae/soshiki/1008886.html","https://www.city.shibata.lg.jp/kurashi/iza/sonae/soshiki/1008886.html"
"84938","https://www.city.bizen.okayama.jp/soshiki/105/29842.html","https://www.city.bizen.okayama.jp/soshiki/105/29842.html"
"84940","https://www.city.bizen.okayama.jp/uploaded/attachment/25349.pdf","https://www.city.bizen.okayama.jp/site/bizen/712.html | https://www.city.bizen.okayama.jp/uploaded/attachment/25349.pdf"
"84943","https://www.city.bizen.okayama.jp/soshiki/19/30048.html","https://www.city.bizen.okayama.jp/soshiki/19/30048.html"
"84942","https://www.city.fukui-sakai.lg.jp/kankou/tayounasyukuhaku.html","https://www.city.fukui-sakai.lg.jp/kankou/tayounasyukuhaku.html"
"84944","https://www.city.bizen.okayama.jp/soshiki/19/10910.html","https://www.city.bizen.okayama.jp/soshiki/19/10910.html"
"84946","https://www.city.bizen.okayama.jp/soshiki/19/30148.html","https://www.city.bizen.okayama.jp/soshiki/19/30148.html"
"84947","https://www.town.anamizu.lg.jp/uploaded/attachment/101325.pdf","https://www.town.anamizu.lg.jp/page/100351.html | https://www.town.anamizu.lg.jp/uploaded/attachment/101325.pdf"
"84948","https://www.city.bizen.okayama.jp/soshiki/11/11318.html","https://www.city.bizen.okayama.jp/soshiki/11/11318.html"
"84950","https://www.city.kazuno.lg.jp/material/files/group/14/panhurettosougyou.pdf","https://www.city.kazuno.lg.jp/soshiki/sangyokatsuryoku/shokoshinko/gyomu/2/1/1889.html | https://www.city.kazuno.lg.jp/material/files/group/14/panhurettosougyou.pdf"
"84954","https://www.maff.go.jp/j/kanbo/smart/attach/pdf/houritsu-75.pdf","https://www.maff.go.jp/j/kanbo/smart/houritsu.html | https://www.maff.go.jp/j/kanbo/smart/attach/pdf/houritsu-75.pdf | https://www.maff.go.jp/j/kanbo/smart/attach/pdf/houritsu-76.pdf"
"84957","https://www.town.nakafurano.lg.jp/hotnews/files/00003000/00003093/20240604143940.pdf","https://www.town.nakafurano.lg.jp/hotnews/detail/00003093.html | https://www.town.nakafurano.lg.jp/hotnews/files/00003000/00003093/20240604143940.pdf"
"84959","https://www.town.nakafurano.lg.jp/hotnews/files/00003400/00003407/20250623155802.pdf","https://www.town.nakafurano.lg.jp/hotnews/detail/00003407.html?u=1751240279#:~:text=+%E6%94%B9%E8%89%AF%E7%B2%BE%E6%B6%B2%E3%83%BB%E5%8F%97%E7%B2%BE%E5%8D%B5%E5%B0%8E%E5%85%A5%E5%A5%A8%E5%8A%B1%E4%BA%8B%E6%A5%AD%E8%A3%9C%E5%8A%A9%E9%87%91 | https://www.town.nakafurano.lg.jp/hotnews/files/00003400/00003407/20250623155802.pdf"
"84958","https://www.town.nakafurano.lg.jp/hotnews/files/00003400/00003407/20250623155723.pdf","https://www.town.nakafurano.lg.jp/hotnews/detail/00003407.html?u=1751240279#:~:text=%E8%87%AA%E7%B5%A6%E7%B2%97%E9%A3%BC%E6%96%99%E7%94%9F%E7%94%A3%E5%9F%BA%E7%9B%A4%E5%BC%B7%E5%8C%96%E4%BA%8B%E6%A5%AD%E8%A3%9C%E5%8A%A9%E9%87%91 | https://www.town.nakafurano.lg.jp/hotnews/files/00003400/00003407/20250623155723.pdf"
"84961","https://www.town.nakafurano.lg.jp/hotnews/files/00003400/00003407/20250623165146.pdf","https://www.town.nakafurano.lg.jp/hotnews/detail/00003407.html?u=1751240279#:~:text=%E5%B0%8F%E8%A6%8F%E6%A8%A1%E4%BA%8B%E6%A5%AD%E8%80%85%E7%B5%8C%E5%96%B6%E6%94%B9%E5%96%84%E8%B3%87%E9%87%91%E5%88%A9%E5%AD%90%E8%A3%9C%E7%B5%A6%E8%A3%9C%E5%8A%A9%E9%87%91 | https://www.town.nakafurano.lg.jp/hotnews/files/00003400/00003407/20250623165146.pdf"
"84963","https://www.town.nakafurano.lg.jp/hotnews/files/00003400/00003407/20250623165250.pdf","https://www.town.nakafurano.lg.jp/hotnews/detail/00003407.html?u=1751240279#:~:text=%E9%80%A0%E6%9E%97%E7%AD%89%E6%8E%A8%E9%80%B2%E4%BA%8B%E6%A5%AD%E8%A3%9C%E5%8A%A9%E9%87%91 | https://www.town.nakafurano.lg.jp/hotnews/files/00003400/00003407/20250623165250.pdf"
"84966","https://www.city.chikusei.lg.jp/page/page011782.html","https://www.city.chikusei.lg.jp/page/page011782.html"
"84971","https://www.town.anamizu.lg.jp/uploaded/attachment/102752.pdf","https://www.town.anamizu.lg.jp/page/102760.html | https://www.town.anamizu.lg.jp/uploaded/attachment/102752.pdf"
"84975","https://www.city.setagaya.lg.jp/02412/2115.html","https://www.city.setagaya.lg.jp/02412/2115.html"
"84974","https://www.city.himeji.lg.jp/kurashi/0000012814.html","https://www.city.himeji.lg.jp/kurashi/0000012814.html"
"84978","https://www.city.yokosuka.kanagawa.jp/4840/sidouka/documents/goannnai.pdf","https://www.city.yokosuka.kanagawa.jp/4840/sidouka/ijikanri_asubesutohojokin.html | https://www.city.yokosuka.kanagawa.jp/4840/sidouka/documents/goannnai.pdf"
"84989","https://www.city.fujisawa.kanagawa.jp/kaigo-j/gaikokujinkaigosyokuin.html","https://www.city.fujisawa.kanagawa.jp/kaigo-j/gaikokujinkaigosyokuin.html"
"84991","https://www.town.ono.fukushima.jp/soshiki/7/akitenpo.html","https://www.town.ono.fukushima.jp/soshiki/7/akitenpo.html"
"84993","https://www.city.setouchi.lg.jp/soshiki/3/1256.html","https://www.city.setouchi.lg.jp/soshiki/3/1256.html"
"84994","https://www.city.setouchi.lg.jp/soshiki/22/3217.html","https://www.city.setouchi.lg.jp/soshiki/22/3217.html"
"84998","https://www.city.moriyama.lg.jp/machikankyobousai/chiikicommu/1002162/1006839/1005715/1005719.html","https://www.city.moriyama.lg.jp/machikankyobousai/chiikicommu/1002162/1006839/1005715/1005719.html"
"85001","https://www.city.setouchi.lg.jp/uploaded/attachment/115661.pdf","https://www.city.setouchi.lg.jp/soshiki/3/133575.html | https://www.city.setouchi.lg.jp/uploaded/attachment/115661.pdf"
"84999","https://www.city.setouchi.lg.jp/soshiki/22/118192.html","https://www.city.setouchi.lg.jp/soshiki/22/118192.html"
"85000","https://www.city.setouchi.lg.jp/soshiki/38/135906.html","https://www.city.setouchi.lg.jp/soshiki/38/135906.html"
"85003","https://www.city.fujisawa.kanagawa.jp/kikikanri/bosai/bosai/yobo/jishubosai/documents/hozyokinntirashi.pdf","https://www.city.fujisawa.kanagawa.jp/kikikanri/bosai/bosai/yobo/jishubosai/ikuse.html | https://www.city.fujisawa.kanagawa.jp/kikikanri/bosai/bosai/yobo/jishubosai/documents/hozyokinntirashi.pdf | https://www.city.fujisawa.kanagawa.jp/kikikanri/bosai/bosai/yobo/jishubosai/documents/zishubousaisoshikinominasamahe.pdf"
"85004","https://www.city.akaiwa.lg.jp/material/files/group/20/kigyokasyoreikin_chirashi.pdf","https://www.city.akaiwa.lg.jp/annai/sangyoushinkou/syoukoukankou/jigyousya/shien/912.html#an1 | https://www.city.akaiwa.lg.jp/material/files/group/20/kigyokasyoreikin_chirashi.pdf"
"85005","https://www.city.akaiwa.lg.jp/material/files/group/20/tirashi1.pdf","https://www.city.akaiwa.lg.jp/annai/sangyoushinkou/syoukoukankou/jigyousya/shien/912.html#an2 | https://www.city.akaiwa.lg.jp/material/files/group/20/tirashi1.pdf"
"85008","https://www.city.akaiwa.lg.jp/material/files/group/20/tirashi2.pdf","https://www.city.akaiwa.lg.jp/annai/sangyoushinkou/syoukoukankou/jigyousya/shien/912.html#an3 | https://www.city.akaiwa.lg.jp/material/files/group/20/tirashi2.pdf"
"85016","https://www.city.fujisawa.kanagawa.jp/jutaku/mansyon/kanri_sisaku.html","https://www.city.fujisawa.kanagawa.jp/jutaku/mansyon/kanri_sisaku.html"
"85014","https://www.city.fujisawa.kanagawa.jp/jutaku/mansyon/kanri_sisaku.html","https://www.city.fujisawa.kanagawa.jp/jutaku/mansyon/kanri_sisaku.html"
"85018","https://www.city.maniwa.lg.jp/uploaded/attachment/37400.pdf","https://www.city.maniwa.lg.jp/soshiki/40/2156.html | https://www.city.maniwa.lg.jp/uploaded/attachment/37400.pdf"
"85030","https://www.vill.nozawaonsen.nagano.jp/www/contents/1050000000153/index.html","https://www.vill.nozawaonsen.nagano.jp/www/contents/1050000000153/index.html"
"85029","http://www.town.kagoshima-osaki.lg.jp/ns_einousuishin/sangyo/nogyo/nougyoujosei/oyamotosyuunou.html","http://www.town.kagoshima-osaki.lg.jp/ns_einousuishin/sangyo/nogyo/nougyoujosei/oyamotosyuunou.html"
"85031","http://www.town.kagoshima-osaki.lg.jp/ns_einousuishin/sangyo/nogyo/nougyoujosei/sinkisyuunou.html","http://www.town.kagoshima-osaki.lg.jp/ns_einousuishin/sangyo/nogyo/nougyoujosei/sinkisyuunou.html"
"85036","https://www.city.maniwa.lg.jp/soshiki/12/83462.html","https://www.city.maniwa.lg.jp/soshiki/12/83462.html"
"85033","https://www.town.kumiyama.lg.jp/0000005866.html","https://www.town.kumiyama.lg.jp/0000005866.html"
"85040","https://www.city.maniwa.lg.jp/uploaded/attachment/32763.pdf","https://www.city.maniwa.lg.jp/soshiki/42/64109.html | https://www.city.maniwa.lg.jp/uploaded/attachment/32763.pdf"
"85041","https://www.city.ojiya.niigata.jp/soshiki/bousai/jisyubou-hojyokin.html","https://www.city.ojiya.niigata.jp/soshiki/bousai/jisyubou-hojyokin.html"
"85043","https://www.city.ojiya.niigata.jp/soshiki/bousai/jisyubou-syoureikin.html","https://www.city.ojiya.niigata.jp/soshiki/bousai/jisyubou-syoureikin.html"
"85044","https://www.city.maniwa.lg.jp/soshiki/44/2240.html","https://www.city.maniwa.lg.jp/soshiki/44/2240.html"
"85045","https://www.city.maniwa.lg.jp/soshiki/13/56965.html","https://www.city.maniwa.lg.jp/soshiki/13/56965.html"
"85049","https://www.city.ojiya.niigata.jp/soshiki/nigiwai/tyounaisyuukaisisetsu.html","https://www.city.ojiya.niigata.jp/soshiki/nigiwai/tyounaisyuukaisisetsu.html"
"85050","https://www.city.ojiya.niigata.jp/uploaded/attachment/35443.pdf","https://www.city.ojiya.niigata.jp/soshiki/fukushi/kaigo-zinzai-hojo-hozin.html | https://www.city.ojiya.niigata.jp/uploaded/attachment/35443.pdf"
"85051","https://www.city.maniwa.lg.jp/soshiki/14/1818.html","https://www.city.maniwa.lg.jp/soshiki/14/1818.html"
"85052","https://www.city.mimasaka.lg.jp/material/files/group/25/syurin.pdf","https://www.city.mimasaka.lg.jp/mokutekibetsu/teatejosei/Jigyousya/4511.html | https://www.city.mimasaka.lg.jp/material/files/group/25/syurin.pdf"
"85053","https://www.city.omitama.lg.jp/0555/info-0000008401-0.html#b054-3421-730f-7f8f-441ad67de49fa696","https://www.city.omitama.lg.jp/0555/info-0000008401-0.html#b054-3421-730f-7f8f-441ad67de49fa696"
"85054","https://www.city.omitama.lg.jp/0555/info-0000008401-0.html#b054-3421-730f-7f8f-441ad67de49fa696","https://www.city.omitama.lg.jp/0555/info-0000008401-0.html#b054-3421-730f-7f8f-441ad67de49fa696"
"85061","https://www.city.mimasaka.lg.jp/mokutekibetsu/teatejosei/Nouringyou/1622602002984.html","https://www.city.mimasaka.lg.jp/mokutekibetsu/teatejosei/Nouringyou/1622602002984.html"
"85062","https://www.city.mimasaka.lg.jp/mokutekibetsu/teatejosei/Nouringyou/4793.html","https://www.city.mimasaka.lg.jp/mokutekibetsu/teatejosei/Nouringyou/4793.html"
"85063","https://www.city.mimasaka.lg.jp/mokutekibetsu/teatejosei/Nouringyou/1453343914200.html","https://www.city.mimasaka.lg.jp/mokutekibetsu/teatejosei/Nouringyou/1453343914200.html"
"85064","https://www.city.mimasaka.lg.jp/soshiki/hoken/fukushi/jigyousya/1473755030466.html","https://www.city.mimasaka.lg.jp/soshiki/hoken/fukushi/jigyousya/1473755030466.html"
"85065","https://www.city.mimasaka.lg.jp/material/files/group/4/20210625bouhanntosettihojyokinnnosinnsinnseinituite.pdf","https://www.city.mimasaka.lg.jp/soshiki/soumu/soumu/shinsei/1451547506451.html | https://www.city.mimasaka.lg.jp/material/files/group/4/20210625bouhanntosettihojyokinnnosinnsinnseinituite.pdf"
"85066","https://www.city.mimasaka.lg.jp/soshiki/shimin/kurashi/shinsei/1539153359730.html","https://www.city.mimasaka.lg.jp/soshiki/shimin/kurashi/shinsei/1539153359730.html"
"85067","https://www.city.mimasaka.lg.jp/soshiki/kikaku/sports/shinsei/1534403731448.html","https://www.city.mimasaka.lg.jp/soshiki/kikaku/sports/shinsei/1534403731448.html"
"85070","https://www.city.asakuchi.lg.jp/page/9907.html","https://www.city.asakuchi.lg.jp/page/9907.html"
"85074","https://www.city.tokamachi.lg.jp/material/files/group/15/juugyouinn_chirasi.pdf","https://www.city.tokamachi.lg.jp/shigoto_sangyo/sangyoshinko/chushokigyonadoshien/9486.html | https://www.city.tokamachi.lg.jp/material/files/group/15/juugyouinn_chirasi.pdf"
"85073","https://www.city.midori.gunma.jp/sangyou/1001653/1001823/1006288.html","https://www.city.midori.gunma.jp/sangyou/1001653/1001823/1006288.html"
"85075","https://www.city.asakuchi.lg.jp/page/2008.html","https://www.city.asakuchi.lg.jp/page/2008.html"
"85080","https://www.city.tokyo-nakano.lg.jp/machizukuri/koutsu/jitensya/mineijitensya.html","https://www.city.tokyo-nakano.lg.jp/machizukuri/koutsu/jitensya/mineijitensya.html"
"85078","https://www.city.tokamachi.lg.jp/shigoto_sangyo/sangyoshinko/kigyo_sogyoshien/2926.html","https://www.city.tokamachi.lg.jp/shigoto_sangyo/sangyoshinko/kigyo_sogyoshien/2926.html"
"85081","https://www.town.wake.lg.jp/material/files/group/1/dousoukaisienn.pdf","https://www.town.wake.lg.jp/news/2059.html | https://www.town.wake.lg.jp/material/files/group/1/dousoukaisienn.pdf"
"85083","https://www.city.tokamachi.lg.jp/soshiki/sangyokankobu/sangyoseisakuka/2/gyomu/1450419586496.html","https://www.city.tokamachi.lg.jp/soshiki/sangyokankobu/sangyoseisakuka/2/gyomu/1450419586496.html"
"85084","https://www.town.wake.lg.jp/soshiki/sangyoshinko/gyomu/12/1/1/153.html","https://www.town.wake.lg.jp/soshiki/sangyoshinko/gyomu/12/1/1/153.html"
"85085","https://www.town.wake.lg.jp/material/files/group/10/bougosakuannnai.pdf","https://www.town.wake.lg.jp/soshiki/sangyoshinko/gyomu/12/2/2036.html | https://www.town.wake.lg.jp/material/files/group/10/bougosakuannnai.pdf"
"85094","https://www.city.kameoka.kyoto.jp/soshiki/25/68521.html","https://www.city.kameoka.kyoto.jp/soshiki/25/68521.html"
"85095","https://www.city.kameoka.kyoto.jp/soshiki/25/68521.html","https://www.city.kameoka.kyoto.jp/soshiki/25/68521.html"
"85097","https://www.town.hayashima.lg.jp/soshiki/machizukuri_kikaku/gyomu/jumin_katsudo/1424.html","https://www.town.hayashima.lg.jp/soshiki/machizukuri_kikaku/gyomu/jumin_katsudo/1424.html"
"85098","https://www.town.hayashima.lg.jp/soshiki/kenkofukushi/gyomu/kourei_fukushi_kaigo/kenkozukuri_korei/1796.html","https://www.town.hayashima.lg.jp/soshiki/kenkofukushi/gyomu/kourei_fukushi_kaigo/kenkozukuri_korei/1796.html"
"85101","https://www.town.satosho.okayama.jp/site/recycle/8554.html","https://www.town.satosho.okayama.jp/site/recycle/8554.html"
"85102","https://www.town.satosho.okayama.jp/site/recycle/8553.html","https://www.town.satosho.okayama.jp/site/recycle/8553.html"
"85107","https://www.town.satosho.okayama.jp/soshiki/5/6280.html","https://www.town.satosho.okayama.jp/soshiki/5/6280.html"
"85104","https://www.town.satosho.okayama.jp/uploaded/attachment/8663.pdf","https://www.town.satosho.okayama.jp/soshiki/5/7751.html | https://www.town.satosho.okayama.jp/uploaded/attachment/8663.pdf"
"85111","https://www.pref.aichi.jp/soshiki/shugyo/k-2020-502.html","https://www.pref.aichi.jp/soshiki/shugyo/k-2020-502.html"
"85113","https://www4.city.kanazawa.lg.jp/material/files/group/28/hisaijigyousha.pdf","https://www4.city.kanazawa.lg.jp/soshikikarasagasu/shokogyoshinkoka/gyomuannai/3/27761.html | https://www4.city.kanazawa.lg.jp/material/files/group/28/hisaijigyousha.pdf"
"85115","https://www.city.tokamachi.lg.jp/material/files/group/15/bftirasiv2.pdf","https://www.city.tokamachi.lg.jp/shigoto_sangyo/sangyoshinko/shokogyo/9480.html | https://www.city.tokamachi.lg.jp/material/files/group/15/bftirasiv2.pdf"
"85116","https://www.pref.fukushima.lg.jp/sec/36021a/einousaikaishienjigyou.html","https://www.pref.fukushima.lg.jp/sec/36021a/einousaikaishienjigyou.html"
"85117","https://www.city.tokamachi.lg.jp/material/files/group/15/sinsyouhintirashi.pdf","https://www.city.tokamachi.lg.jp/shigoto_sangyo/sangyoshinko/chushokigyonadoshien/5502.html | https://www.city.tokamachi.lg.jp/material/files/group/15/sinsyouhintirashi.pdf"
"85121","https://www.city.shimonoseki.lg.jp/uploaded/attachment/76164.pdf","https://www.shimonoseki-port.com/91495.html | https://www.city.shimonoseki.lg.jp/uploaded/attachment/76164.pdf"
"85124","https://www.city.tokamachi.lg.jp/material/files/group/16/10_R6mokkou_shousai.pdf","https://www.city.tokamachi.lg.jp/shigoto_sangyo/sangyoshinko/ringyo/9418.html | https://www.city.tokamachi.lg.jp/material/files/group/16/10_R6mokkou_shousai.pdf"
"85128","https://www.city.tokamachi.lg.jp/soshiki/sangyokankobu/norinka/4/gyomu/1450420853292.html","https://www.city.tokamachi.lg.jp/soshiki/sangyokankobu/norinka/4/gyomu/1450420853292.html"
"85129","https://www.town.satosho.okayama.jp/soshiki/3/5410.html","https://www.town.satosho.okayama.jp/soshiki/3/5410.html"
"85130","https://www.town.satosho.okayama.jp/soshiki/2/1257.html","https://www.town.satosho.okayama.jp/soshiki/2/1257.html"
"85137","https://www.town.satosho.okayama.jp/soshiki/3/1321.html","https://www.town.satosho.okayama.jp/soshiki/3/1321.html"
"85132","https://www.town.satosho.okayama.jp/soshiki/5/11406.html","https://www.town.satosho.okayama.jp/soshiki/5/11406.html"
"85139","https://www.town.satosho.okayama.jp/soshiki/5/10410.html","https://www.town.satosho.okayama.jp/soshiki/5/10410.html"
"85141","https://www.city.tokamachi.lg.jp/soshiki/somubu/bosaianzenka/4/gyomu/1480055053573.html","https://www.city.tokamachi.lg.jp/soshiki/somubu/bosaianzenka/4/gyomu/1480055053573.html"
"85140","https://www.town.satosho.okayama.jp/soshiki/5/3845.html","https://www.town.satosho.okayama.jp/soshiki/5/3845.html"
"85142","http://www.town.yakage.okayama.jp/life/teijyu/hojyo.html","http://www.town.yakage.okayama.jp/life/teijyu/hojyo.html"
"85143","http://www.town.yakage.okayama.jp/life/kankyo/hojyo.html","http://www.town.yakage.okayama.jp/life/kankyo/hojyo.html"
"85144","http://www.town.yakage.okayama.jp/life/kankyo/hojyo.html","http://www.town.yakage.okayama.jp/life/kankyo/hojyo.html"
"85145","https://www.city.tokamachi.lg.jp/soshiki/kensetsubu/kensetsuka/3/gyomu/1450419308822.html","https://www.city.tokamachi.lg.jp/soshiki/kensetsubu/kensetsuka/3/gyomu/1450419308822.html"
"85150","https://www.zenshinhoren.or.jp/model-case/shokei/#:~:text=8%2C000%E4%B8%87%E5%86%86-,%E4%BA%8B%E6%A5%AD%E6%89%BF%E7%B6%99%E3%82%B5%E3%83%9D%E3%83%BC%E3%83%88%E4%BF%9D%E8%A8%BC,-%E6%8C%81%E6%A0%AA%E4%BC%9A%E7%A4%BE%E3%82%92","https://www.zenshinhoren.or.jp/model-case/shokei/#:~:text=8%2C000%E4%B8%87%E5%86%86-,%E4%BA%8B%E6%A5%AD%E6%89%BF%E7%B6%99%E3%82%B5%E3%83%9D%E3%83%BC%E3%83%88%E4%BF%9D%E8%A8%BC,-%E6%8C%81%E6%A0%AA%E4%BC%9A%E7%A4%BE%E3%82%92 | https://www.zenshinhoren.or.jp/nearest/"
"85149","http://www.town.yakage.okayama.jp/life/bosai/led2.html","http://www.town.yakage.okayama.jp/life/bosai/led2.html"
"85151","http://www.town.yakage.okayama.jp/life/bosai/led.html","http://www.town.yakage.okayama.jp/life/bosai/led.html"
"85153","https://www.city.muroran.lg.jp/life/?content=498","https://www.city.muroran.lg.jp/life/?content=498"
"85152","http://www.town.yakage.okayama.jp/life/machi/machipica.html","http://www.town.yakage.okayama.jp/life/machi/machipica.html"
"85154","https://www.city.muroran.lg.jp/life/?content=498","https://www.city.muroran.lg.jp/life/?content=498"
"85158","https://www.jfc.go.jp/n/company/sme/pdf/gaiyo.pdf","https://www.jfc.go.jp/n/company/sme/insurance_system.html | https://www.jfc.go.jp/n/company/sme/pdf/gaiyo.pdf | https://www.jfc.go.jp/n/company/sme/insurance_outline.html"
"85165","https://www.town.kagamino.lg.jp/soshiki/22/7418.html","https://www.town.kagamino.lg.jp/soshiki/22/7418.html"
"85167","https://www.town.kagamino.lg.jp/uploaded/life/6476_6793_misc.pdf","https://www.town.kagamino.lg.jp/site/ringyou/5093.html | https://www.town.kagamino.lg.jp/uploaded/life/6476_6793_misc.pdf"
"85169","https://www.town.kagamino.lg.jp/site/ringyou/5101.html","https://www.town.kagamino.lg.jp/site/ringyou/5101.html"
"85170","https://www.town.kagamino.lg.jp/site/ringyou/5101.html","https://www.town.kagamino.lg.jp/site/ringyou/5101.html"
"85172","https://www.town.kagamino.lg.jp/uploaded/attachment/6240.pdf","https://www.town.kagamino.lg.jp/soshiki/31/1664.html | https://www.town.kagamino.lg.jp/uploaded/attachment/6240.pdf"
"85174","https://www.town.kagamino.lg.jp/soshiki/31/1990.html","https://www.town.kagamino.lg.jp/soshiki/31/1990.html"
"85173","https://www.city.tokamachi.lg.jp/soshiki/shiminfukushibu/tiikikeasuishinka/4/gyomu/1450418630095.html","https://www.city.tokamachi.lg.jp/soshiki/shiminfukushibu/tiikikeasuishinka/4/gyomu/1450418630095.html"
"85177","https://www.town.shoo.lg.jp/news/713","https://www.town.shoo.lg.jp/news/713"
"85180","https://www.town.shoo.lg.jp/guide/guide01/life06/life0607/145","https://www.town.shoo.lg.jp/guide/guide01/life06/life0607/145"
"85178","https://www.city.tokamachi.lg.jp/soshiki/sangyokankobu/sangyoseisakuka/2/gyomu/5310.html","https://www.city.tokamachi.lg.jp/soshiki/sangyokankobu/sangyoseisakuka/2/gyomu/5310.html"
"85181","https://www.town.nagi.okayama.jp/gyousei/iju_teiju/dousoukai_hojo.html","https://www.town.nagi.okayama.jp/gyousei/iju_teiju/dousoukai_hojo.html"
"85182","https://www.town.nagi.okayama.jp/gyousei/nourin_jigyousha/shoukougyou/hojo_shien/kigyousha_shien.html","https://www.town.nagi.okayama.jp/gyousei/nourin_jigyousha/shoukougyou/hojo_shien/kigyousha_shien.html"
"85185","https://www.city.ikeda.osaka.jp/soshiki/toshiseibibu/doboku/hojo/17352.html","https://www.city.ikeda.osaka.jp/soshiki/toshiseibibu/doboku/hojo/17352.html"
"85186","https://www.town.nagi.okayama.jp/gyousei/nourin_jigyousha/kaihatsu_tochitorihiki/kaihatsu/minnkannbunnjoutikaihatujosei.html","https://www.town.nagi.okayama.jp/gyousei/nourin_jigyousha/kaihatsu_tochitorihiki/kaihatsu/minnkannbunnjoutikaihatujosei.html"
"85192","https://www.town.nagi.okayama.jp/gyousei/zyuutakuseibi.html","https://www.town.nagi.okayama.jp/gyousei/zyuutakuseibi.html"
"85189","http://www.town.harima.lg.jp/kyodo/kurashi/chiiki/2105071831.html","http://www.town.harima.lg.jp/kyodo/kurashi/chiiki/2105071831.html"
"85195","https://www.town.nagi.okayama.jp/gyousei/jigyousyoukei.html","https://www.town.nagi.okayama.jp/gyousei/jigyousyoukei.html"
"85198","https://www.town.kumenan.lg.jp/living/house/hojo/yachin-josei-owner.html","https://www.town.kumenan.lg.jp/living/house/hojo/yachin-josei-owner.html"
"85197","https://www.town.kumenan.lg.jp/industry_business/syoukou/hojo/documents/sougyo_chirashi.pdf","https://www.town.kumenan.lg.jp/industry_business/syoukou/hojo/kigyouka-shien.html | https://www.town.kumenan.lg.jp/industry_business/syoukou/hojo/documents/sougyo_chirashi.pdf"
"85201","https://www.town.kumenan.lg.jp/living/procedure/hojo_shien/documents/dousou_chirashi.pdf","https://www.town.kumenan.lg.jp/living/procedure/hojo_shien/dousoukai_shien2023.html | https://www.town.kumenan.lg.jp/living/procedure/hojo_shien/documents/dousou_chirashi.pdf"
"85202","https://www.town.kosa.lg.jp/q/aview/101/11483.html","https://www.town.kosa.lg.jp/q/aview/101/11483.html"
"85203","https://www.town.kumenan.lg.jp/industry_business/nourin/agriculture/shuunousien.html","https://www.town.kumenan.lg.jp/industry_business/nourin/agriculture/shuunousien.html"
"85204","https://www.town.kumenan.lg.jp/living/bousai_bouhan/bousai/jisyu_bousai_hozyokin.html","https://www.town.kumenan.lg.jp/living/bousai_bouhan/bousai/jisyu_bousai_hozyokin.html"
"85217","https://www.town.misaki.okayama.jp/soshiki/kensetu/21345.html","https://www.town.misaki.okayama.jp/soshiki/kensetu/21345.html"
"85219","https://www.town.kibichuo.lg.jp/soshiki/2/7795.html","https://www.town.kibichuo.lg.jp/soshiki/2/7795.html"
"85221","https://www.town.kibichuo.lg.jp/soshiki/21/15123.html","https://www.town.kibichuo.lg.jp/soshiki/21/15123.html"
"85222","https://www.town.kibichuo.lg.jp/site/degital-denen/15064.html","https://www.town.kibichuo.lg.jp/site/degital-denen/15064.html"
"85223","https://www.town.kibichuo.lg.jp/soshiki/7/14344.html","https://www.town.kibichuo.lg.jp/soshiki/7/14344.html"
"85227","https://www.town.kibichuo.lg.jp/soshiki/21/15124.html","https://www.town.kibichuo.lg.jp/soshiki/21/15124.html"
"85228","https://www.town.kibichuo.lg.jp/soshiki/21/14403.html","https://www.town.kibichuo.lg.jp/soshiki/21/14403.html"
"85225","https://www.town.kibichuo.lg.jp/soshiki/7/14343.html","https://www.town.kibichuo.lg.jp/soshiki/7/14343.html"
"85229","https://www.city.mitsuke.niigata.jp/soshiki/2/3552.html","https://www.city.mitsuke.niigata.jp/soshiki/2/3552.html"
"85230","https://www.town.kibichuo.lg.jp/soshiki/7/14372.html","https://www.town.kibichuo.lg.jp/soshiki/7/14372.html"
"85231","https://www.town.kibichuo.lg.jp/soshiki/7/14346.html","https://www.town.kibichuo.lg.jp/soshiki/7/14346.html"
"85232","https://www.town.kibichuo.lg.jp/soshiki/7/14345.html","https://www.town.kibichuo.lg.jp/soshiki/7/14345.html"
"85233","https://www.town.kibichuo.lg.jp/soshiki/2/14331.html","https://www.town.kibichuo.lg.jp/soshiki/2/14331.html"
"85234","https://www.town.kibichuo.lg.jp/soshiki/2/14330.html","https://www.town.kibichuo.lg.jp/soshiki/2/14330.html"
"85236","https://www.town.kibichuo.lg.jp/soshiki/20/14392.html","https://www.town.kibichuo.lg.jp/soshiki/20/14392.html"
"85237","https://www.town.kibichuo.lg.jp/soshiki/6/14432.html","https://www.town.kibichuo.lg.jp/soshiki/6/14432.html"
"85239","https://www.town.kibichuo.lg.jp/soshiki/6/14348.html","https://www.town.kibichuo.lg.jp/soshiki/6/14348.html"
"85240","https://www.town.kibichuo.lg.jp/soshiki/7/6709.html","https://www.town.kibichuo.lg.jp/soshiki/7/6709.html"
"85258","https://www.town-kiso.com/kurashi/hojyokin1/100317/m100048/","https://www.town-kiso.com/kurashi/hojyokin1/100317/m100048/"
"85251","https://www.city.kobayashi.lg.jp/shigoto_sangyo/sangyo/kigyo_sogyoshien/5918.html","https://www.city.kobayashi.lg.jp/shigoto_sangyo/sangyo/kigyo_sogyoshien/5918.html"
"85260","https://www.town-kiso.com/kurashi/hojyokin1/100317/m100049/","https://www.town-kiso.com/kurashi/hojyokin1/100317/m100049/"
"85263","https://www.city.nagareyama.chiba.jp/_res/projects/default_project/_page_/001/047/860/tayou_tirasi.pdf","https://www.city.nagareyama.chiba.jp/business/1006692/1047860.html | https://www.city.nagareyama.chiba.jp/_res/projects/default_project/_page_/001/047/860/tayou_tirasi.pdf"
"85264","https://www.city.marugame.lg.jp/page/25242.html","https://www.city.marugame.lg.jp/page/25242.html"
"85265","https://www.city.marugame.lg.jp/uploaded/attachment/16460.pdf","https://www.city.marugame.lg.jp/page/1361.html | https://www.city.marugame.lg.jp/uploaded/attachment/16460.pdf"
"85267","https://www.city.sakaide.lg.jp/soshiki/kenkou/kenkoudukuriibennto.html","https://www.city.sakaide.lg.jp/soshiki/kenkou/kenkoudukuriibennto.html"
"85266","https://www.city.sakaide.lg.jp/site/ichikai/jichikai-hojo.html#top","https://www.city.sakaide.lg.jp/site/ichikai/jichikai-hojo.html#top"
"85268","https://www.city.sakaide.lg.jp/site/jisyubousai/katsudouhojyo.html","https://www.city.sakaide.lg.jp/site/jisyubousai/katsudouhojyo.html"
"85271","https://www.city.sakaide.lg.jp/uploaded/attachment/27978.pdf","https://www.city.sakaide.lg.jp/soshiki/kensetu/kinnkyuuyusoutaisinn.html | https://www.city.sakaide.lg.jp/uploaded/attachment/27978.pdf"
"85269","https://www.city.sakaide.lg.jp/soshiki/kenkou/noranekokihu.html","https://www.city.sakaide.lg.jp/soshiki/kenkou/noranekokihu.html"
"85272","https://www.city.murakami.lg.jp/uploaded/attachment/49274.pdf","https://www.city.murakami.lg.jp/site/kyodo/shukaishisetsuhojo.html | https://www.city.murakami.lg.jp/uploaded/attachment/49274.pdf"
"85275","https://www.city.murakami.lg.jp/site/kodomo/demaetakuji.html","https://www.city.murakami.lg.jp/site/kodomo/demaetakuji.html"
"85273","https://www.city.sakaide.lg.jp/site/fukushi-syougaifukushi/syokubajixtusyuusyoureikinn.html","https://www.city.sakaide.lg.jp/site/fukushi-syougaifukushi/syokubajixtusyuusyoureikinn.html"
"85276","https://www.city.zentsuji.kagawa.jp/soshiki/8/bouhan.html","https://www.city.zentsuji.kagawa.jp/soshiki/8/bouhan.html"
"85278","https://www.city.zentsuji.kagawa.jp/site/kosodatehotcom/ibasyo31.html","https://www.city.zentsuji.kagawa.jp/site/kosodatehotcom/ibasyo31.html"
"85279","https://www.city.murakami.lg.jp/uploaded/attachment/29190.pdf","https://www.city.murakami.lg.jp/soshiki/88/rekimati.html | https://www.city.murakami.lg.jp/uploaded/attachment/29190.pdf"
"85280","https://www.city.kanonji.kagawa.jp/soshiki/4/1568.html","https://www.city.kanonji.kagawa.jp/soshiki/4/1568.html"
"85282","https://www.city.obihiro.hokkaido.jp/bunka/bunka/1010468.html","https://www.city.obihiro.hokkaido.jp/bunka/bunka/1010468.html"
"85281","https://www.city.murakami.lg.jp/soshiki/88/rekimati.html","https://www.city.murakami.lg.jp/soshiki/88/rekimati.html"
"85284","https://www.city.kanonji.kagawa.jp/soshiki/31/42184.html","https://www.city.kanonji.kagawa.jp/soshiki/31/42184.html"
"85285","https://www.city.kanonji.kagawa.jp/soshiki/17/56429.html","https://www.city.kanonji.kagawa.jp/soshiki/17/56429.html"
"85287","https://www.city.kanonji.kagawa.jp/soshiki/14/55103.html","https://www.city.kanonji.kagawa.jp/soshiki/14/55103.html"
"85293","https://www.higashikagawa.jp/soshikikarasagasu/shogaigakushuka/hojokin_joseikin/701.html","https://www.higashikagawa.jp/soshikikarasagasu/shogaigakushuka/hojokin_joseikin/701.html"
"85295","https://www.higashikagawa.jp/soshikikarasagasu/kankyoeiseika/gyomuannai/6/3504.html","https://www.higashikagawa.jp/soshikikarasagasu/kankyoeiseika/gyomuannai/6/3504.html"
"85294","https://www.higashikagawa.jp/soshikikarasagasu/kodomokateika/806/5353.html","https://www.higashikagawa.jp/soshikikarasagasu/kodomokateika/806/5353.html"
"85299","https://www.higashikagawa.jp/kurashinojoho/juminkatsudo_community_kyodo/jichikai/2045.html","https://www.higashikagawa.jp/kurashinojoho/juminkatsudo_community_kyodo/jichikai/2045.html"
"85328","https://www.jarc.or.jp/automobile/designated-corp/recycle/support/","https://www.jarc.or.jp/automobile/designated-corp/recycle/support/"
"85302","https://www.higashikagawa.jp/soshikikarasagasu/kankyoeiseika/gyomuannai/1/2/808.html","https://www.higashikagawa.jp/soshikikarasagasu/kankyoeiseika/gyomuannai/1/2/808.html"
"85333","https://www.town.shodoshima.lg.jp/gyousei/kakuka/somu/2_1/3/5442.html","https://www.town.shodoshima.lg.jp/gyousei/kakuka/somu/2_1/3/5442.html"
"85335","https://www.city.murakami.lg.jp/soshiki/51/watakushimichi.html","https://www.city.murakami.lg.jp/soshiki/51/watakushimichi.html"
"85336","https://www.town.shodoshima.lg.jp/gyousei/kakuka/shokokanko/3_1/7762.html","https://www.town.shodoshima.lg.jp/gyousei/kakuka/shokokanko/3_1/7762.html"
"85337","https://www.city.murakami.lg.jp/soshiki/123/urushi.html","https://www.city.murakami.lg.jp/soshiki/123/urushi.html"
"85340","https://www.city.murakami.lg.jp/soshiki/123/rinkan-wasabi.html","https://www.city.murakami.lg.jp/soshiki/123/rinkan-wasabi.html"
"85338","https://www.town.shodoshima.lg.jp/gyousei/kakuka/shokokanko/kigyo/7485.html","https://www.town.shodoshima.lg.jp/gyousei/kakuka/shokokanko/kigyo/7485.html"
"85341","https://www.town.shodoshima.lg.jp/gyousei/kakuka/koreishafukushi/seikatsushien/6922.html","https://www.town.shodoshima.lg.jp/gyousei/kakuka/koreishafukushi/seikatsushien/6922.html"
"85342","https://www.city.murakami.lg.jp/soshiki/38/murakami-nougyo-hojokin.html","https://www.city.murakami.lg.jp/soshiki/38/murakami-nougyo-hojokin.html"
"85343","https://www.city.fujisawa.kanagawa.jp/doboku-k/machizukuri/kotsu/churinjo/hojokin.html","https://www.city.fujisawa.kanagawa.jp/doboku-k/machizukuri/kotsu/churinjo/hojokin.html"
"85344","https://www.town.shodoshima.lg.jp/gyousei/kakuka/kenkozukuri/3/sien/340.html","https://www.town.shodoshima.lg.jp/gyousei/kakuka/kenkozukuri/3/sien/340.html"
"85346","https://www.town.miki.lg.jp/life/dtl.php?hdnKey=7616","https://www.town.miki.lg.jp/life/dtl.php?hdnKey=7616"
"85347","https://www.city.murakami.lg.jp/uploaded/attachment/59004.pdf","https://www.city.murakami.lg.jp/soshiki/123/shisanzai-pr.html | https://www.city.murakami.lg.jp/uploaded/attachment/59004.pdf"
"85354","https://www.city.fujisawa.kanagawa.jp/kentiku/machizukuri/sumai/taishin/shindan/documents/05manshon_shindan.pdf","https://www.city.fujisawa.kanagawa.jp/kentiku/machizukuri/sumai/taishin/shindan/mansion.html | https://www.city.fujisawa.kanagawa.jp/kentiku/machizukuri/sumai/taishin/shindan/documents/05manshon_shindan.pdf"
"85356","https://www.city.fujisawa.kanagawa.jp/kentiku/20160610taishin/documents/06manshon_kaishuuto.pdf","https://www.city.fujisawa.kanagawa.jp/kentiku/20160610taishin/bunjyoumansyon-kaisyuu.html | https://www.city.fujisawa.kanagawa.jp/kentiku/20160610taishin/documents/06manshon_kaishuuto.pdf"
"85360","https://www.city.fujisawa.kanagawa.jp/bousai/bosai/bosai/taisaku/documents/tunamihinanhojyokintirasi_r6.pdf","https://www.city.fujisawa.kanagawa.jp/bousai/bosai/bosai/taisaku/h250701hojo.html | https://www.city.fujisawa.kanagawa.jp/bousai/bosai/bosai/taisaku/documents/tunamihinanhojyokintirasi_r6.pdf"
"85364","https://www.higashikagawa.jp/kurashinojoho/juminkatsudo_community_kyodo/jichikai/2045.html","https://www.higashikagawa.jp/kurashinojoho/juminkatsudo_community_kyodo/jichikai/2045.html"
"85367","https://www.city.fujisawa.kanagawa.jp/jiti-s2/kurashi/shimin/jichikai/shukaijo.html","https://www.city.fujisawa.kanagawa.jp/jiti-s2/kurashi/shimin/jichikai/shukaijo.html"
"85365","https://www.higashikagawa.jp/kurashinojoho/juminkatsudo_community_kyodo/jichikai/2045.html","https://www.higashikagawa.jp/kurashinojoho/juminkatsudo_community_kyodo/jichikai/2045.html"
"85382","https://www.town.taketoyo.lg.jp/chousei/1001539/1003256/1002395/1005388.html","https://www.town.taketoyo.lg.jp/chousei/1001539/1003256/1002395/1005388.html"
"85393","https://www.town.miki.lg.jp/life/dtl.php?hdnKey=1016","https://www.town.miki.lg.jp/life/dtl.php?hdnKey=1016"
"85374","https://town.kochi-tsuno.lg.jp/section/post_9413","https://town.kochi-tsuno.lg.jp/section/post_9413"
"85394","https://www.town.miki.lg.jp/life/dtl.php?hdnKey=1781","https://www.town.miki.lg.jp/life/dtl.php?hdnKey=1781"
"85400","http://naoshimacho.kir.jp/tetsuduki/machidukuri/hojo.html","http://naoshimacho.kir.jp/tetsuduki/machidukuri/hojo.html"
"85399","https://www.city.kasai.hyogo.jp/soshiki/20/1939.html","https://www.city.kasai.hyogo.jp/soshiki/20/1939.html"
"85401","http://naoshimacho.kir.jp/tetsuduki/machidukuri/keikan.html","http://naoshimacho.kir.jp/tetsuduki/machidukuri/keikan.html"
"85402","http://naoshimacho.kir.jp/tetsuduki/machidukuri/dousoukai.html","http://naoshimacho.kir.jp/tetsuduki/machidukuri/dousoukai.html"
"85404","https://www.town.utazu.lg.jp/kurashi/bousaibouhan/bosai/jishubosaihojojigyo/","https://www.town.utazu.lg.jp/kurashi/bousaibouhan/bosai/jishubosaihojojigyo/"
"85405","https://www.town.ayagawa.lg.jp/docs/2024050700022/","https://www.town.ayagawa.lg.jp/docs/2024050700022/"
"85406","https://www.city.toyota.aichi.jp/shisei/machizukuri/shigaichi/1005228.html","https://www.city.toyota.aichi.jp/shisei/machizukuri/shigaichi/1005228.html"
"85407","https://www.town.ayagawa.lg.jp/docs/2024040200013/","https://www.town.ayagawa.lg.jp/docs/2024040200013/"
"85410","https://www.city.kasai.hyogo.jp/uploaded/attachment/27260.pdf","https://www.city.kasai.hyogo.jp/site/koureisyahukushi/47355.html | https://www.city.kasai.hyogo.jp/uploaded/attachment/27260.pdf"
"85409","https://www.city.murakami.lg.jp/site/sanpoku/sanpoku-shurakugenki.html","https://www.city.murakami.lg.jp/site/sanpoku/sanpoku-shurakugenki.html"
"85413","https://www.city.murakami.lg.jp/site/sanpoku/sanpoku-chiikidukuridantaishien.html","https://www.city.murakami.lg.jp/site/sanpoku/sanpoku-chiikidukuridantaishien.html"
"85420","https://www.town.kotohira.kagawa.jp/soshiki/2/1487.html","https://www.town.kotohira.kagawa.jp/soshiki/2/1487.html"
"85418","https://www.town.kotohira.kagawa.jp/soshiki/6/1634.html","https://www.town.kotohira.kagawa.jp/soshiki/6/1634.html"
"85422","https://www.town.tadotsu.kagawa.jp/kosodate_kyoiku/shogaigakushu_sports/1821.html","https://www.town.tadotsu.kagawa.jp/kosodate_kyoiku/shogaigakushu_sports/1821.html"
"85424","https://www.town.manno.lg.jp/kurashi/kurashi_guide/bosai_syobo/bosai/news/entry-473.html","https://www.town.manno.lg.jp/kurashi/kurashi_guide/bosai_syobo/bosai/news/entry-473.html"
"85425","https://www.city.tsubame.niigata.jp/soshiki/somu/2/4/1126.html","https://www.city.tsubame.niigata.jp/soshiki/somu/2/4/1126.html"
"85428","https://www.city.tsubame.niigata.jp/soshiki/somu/2/4/1126.html","https://www.city.tsubame.niigata.jp/soshiki/somu/2/4/1126.html"
"85430","https://www.city.kama.lg.jp/soshiki/20/32552.html","https://www.city.kama.lg.jp/soshiki/20/32552.html"
"85431","https://www.city.seiyo.ehime.jp/download/sumai_seikatu/16474.html","https://www.city.seiyo.ehime.jp/download/sumai_seikatu/16474.html"
"85438","https://www.city.saku.nagano.jp/kurashi/anzen_doro_kasen/doro/josetsuki_hojokin.html","https://www.city.saku.nagano.jp/kurashi/anzen_doro_kasen/doro/josetsuki_hojokin.html"
"85446","https://www.town.tagami.niigata.jp/fs/6/0/2/9/0/_/%E7%94%B0%E4%B8%8A%E7%94%BA%E3%82%B5%E3%83%AB%E8%BF%BD%E3%81%84%E6%89%95%E3%81%84%E5%99%A8%E5%85%B7%E8%B3%BC%E5%85%A5%E8%A3%9C%E5%8A%A9%E9%87%91%E3%81%AE%E4%BA%A4%E4%BB%98%E3%81%AB%E3%81%A4%E3%81%84%E3%81%A6.pdf","https://www.town.tagami.niigata.jp/docs/41247.html | https://www.town.tagami.niigata.jp/fs/6/0/2/9/0/_/%E7%94%B0%E4%B8%8A%E7%94%BA%E3%82%B5%E3%83%AB%E8%BF%BD%E3%81%84%E6%89%95%E3%81%84%E5%99%A8%E5%85%B7%E8%B3%BC%E5%85%A5%E8%A3%9C%E5%8A%A9%E9%87%91%E3%81%AE%E4%BA%A4%E4%BB%98%E3%81%AB%E3%81%A4%E3%81%84%E3%81%A6.pdf"
"85443","https://www.city.saku.nagano.jp/kenko/ikiiki/kaigoyobo/zyuminsyutaisa-bisu.html","https://www.city.saku.nagano.jp/kenko/ikiiki/kaigoyobo/zyuminsyutaisa-bisu.html"
"85444","https://www.town.tateyama.toyama.jp/material/files/group/2/shinbousaitirashi.pdf","https://www.town.tateyama.toyama.jp/soshikikarasagasu/somuka/gyoseikakari/3/2/8739.html | https://www.town.tateyama.toyama.jp/material/files/group/2/shinbousaitirashi.pdf"
"85447","https://www.town.tateyama.toyama.jp/soshikikarasagasu/kikakuseisakuka/chiikishinkogakari/kankyou_sisaku/10170.html","https://www.town.tateyama.toyama.jp/soshikikarasagasu/kikakuseisakuka/chiikishinkogakari/kankyou_sisaku/10170.html"
"85451","https://www.city.matsumoto.nagano.jp/site/benricho/2820.html","https://www.city.matsumoto.nagano.jp/site/benricho/2820.html"
"85449","https://www.city.matsumoto.nagano.jp/uploaded/attachment/77592.pdf","https://www.city.matsumoto.nagano.jp/soshiki/75/106992.html | https://www.city.matsumoto.nagano.jp/uploaded/attachment/77592.pdf"
"85452","https://www.city.matsumoto.nagano.jp/soshiki/228/145137.html","https://www.city.matsumoto.nagano.jp/soshiki/228/145137.html"
"85453","https://www.city.tsubame.niigata.jp/soshiki/shimin_seikatsu/3/3/4/1787.html","https://www.city.tsubame.niigata.jp/soshiki/shimin_seikatsu/3/3/4/1787.html"
"85454","https://www.city.matsumoto.nagano.jp/soshiki/53/133449.html","https://www.city.matsumoto.nagano.jp/soshiki/53/133449.html"
"85458","https://www.city.ueda.nagano.jp/soshiki/doboku/97455.html","https://www.city.ueda.nagano.jp/soshiki/doboku/97455.html"
"85462","https://www.city.tsubame.niigata.jp/soshiki/kyoiku/1/125/10448.html","https://www.city.tsubame.niigata.jp/soshiki/kyoiku/1/125/10448.html"
"85463","https://www.city.okaya.lg.jp/soshikikarasagasu/kogyoshinkoka/technoplazaokaya/kougyosien/koyoutaisakusienn/koyoutaisakuhojokin/17438.html","https://www.city.okaya.lg.jp/soshikikarasagasu/kogyoshinkoka/technoplazaokaya/kougyosien/koyoutaisakusienn/koyoutaisakuhojokin/17438.html"
"85464","https://www.city.okaya.lg.jp/soshikikarasagasu/kogyoshinkoka/647/754/567/5791.html","https://www.city.okaya.lg.jp/soshikikarasagasu/kogyoshinkoka/647/754/567/5791.html"
"85466","https://www.city.nanto.toyama.jp/cms-sypher/www/service/detail.jsp?id=27887","https://www.city.nanto.toyama.jp/cms-sypher/www/service/detail.jsp?id=27887"
"85467","https://www.city.ebina.kanagawa.jp/guide/shogaisha/kaigo/1017290.html","https://www.city.ebina.kanagawa.jp/guide/shogaisha/kaigo/1017290.html"
"85470","https://www.city.okaya.lg.jp/soshikikarasagasu/norinsuisanka/27848.html","https://www.city.okaya.lg.jp/soshikikarasagasu/norinsuisanka/27848.html"
"85476","https://www.city.sukagawa.fukushima.jp/shigoto_sangyo/koyo_kinrosha/1011483/1003735.html","https://www.city.sukagawa.fukushima.jp/shigoto_sangyo/koyo_kinrosha/1011483/1003735.html"
"85472","http://www.town.harima.lg.jp/kyodo/kurashi/chiiki/jichikai2.html","http://www.town.harima.lg.jp/kyodo/kurashi/chiiki/jichikai2.html"
"85478","https://www.city.sukagawa.fukushima.jp/_res/projects/default_project/_page_/001/003/301/r6annnai.pdf","https://www.city.sukagawa.fukushima.jp/shigoto_sangyo/sangyoshinkou/1011304/hanrokakudai/1003301.html | https://www.city.sukagawa.fukushima.jp/_res/projects/default_project/_page_/001/003/301/r6annnai.pdf"
"85484","https://www.city.iida.lg.jp/soshiki/30/kanikiban.html","https://www.city.iida.lg.jp/soshiki/30/kanikiban.html"
"85486","https://www.city.iida.lg.jp/soshiki/30/michibusin.html","https://www.city.iida.lg.jp/soshiki/30/michibusin.html"
"85487","https://www.city.iida.lg.jp/soshiki/171/tezukurihiroba.html","https://www.city.iida.lg.jp/soshiki/171/tezukurihiroba.html | https://www.city.iida.lg.jp/ques/questionnaire.php?openid=11&check"