policy_id,primary_url,all_urls
"92085","https://www.city.ibara.okayama.jp/soshiki/22/1739.html","https://www.city.ibara.okayama.jp/soshiki/22/1739.html"
"92086","https://www.city.ibara.okayama.jp/soshiki/22/1738.html","https://www.city.ibara.okayama.jp/soshiki/22/1738.html"
"92087","https://www.city.nakatsugawa.lg.jp/works/ci/4/33109.html","https://www.city.nakatsugawa.lg.jp/works/ci/4/33109.html"
"92091","https://www.pref.toyama.jp/documents/33539/kyariaappu_r70108.pdf","https://www.pref.toyama.jp/130321/sangyou/roudou/roudoukoyou/career_up_syourei.html | https://www.pref.toyama.jp/documents/33539/kyariaappu_r70108.pdf"
"92102","https://www.city.miyakonojo.miyazaki.jp/soshiki/3/71801.html","https://www.city.miyakonojo.miyazaki.jp/soshiki/3/71801.html"
"92101","https://www.pref.okayama.jp/page/965920.html","https://www.pref.okayama.jp/page/965920.html"
"92108","https://www.pref.akita.lg.jp/uploads/public/archive_0000090102_00/%E8%BF%BD%E5%8A%A0%E5%8B%9F%E9%9B%86_0627%E3%83%81%E3%83%A9%E3%82%B7%EF%BC%88%E7%A7%8B%E7%94%B0%E3%81%AE%E7%89%A9%E6%B5%81%E4%BD%93%E5%88%B6%E6%A7%8B%E7%AF%89%E5%8A%A0%E9%80%9F%E5%8C%96%E4%BA%8B%E6%A5%AD%E8%B2%BB%E8%A3%9C%E5%8A%A9%E9%87%91%EF%BC%89.pdf","https://www.pref.akita.lg.jp/pages/archive/90102 | https://www.pref.akita.lg.jp/uploads/public/archive_0000090102_00/%E8%BF%BD%E5%8A%A0%E5%8B%9F%E9%9B%86_0627%E3%83%81%E3%83%A9%E3%82%B7%EF%BC%88%E7%A7%8B%E7%94%B0%E3%81%AE%E7%89%A9%E6%B5%81%E4%BD%93%E5%88%B6%E6%A7%8B%E7%AF%89%E5%8A%A0%E9%80%9F%E5%8C%96%E4%BA%8B%E6%A5%AD%E8%B2%BB%E8%A3%9C%E5%8A%A9%E9%87%91%EF%BC%89.pdf"
"92118","https://www.pref.oita.jp/soshiki/16210/syuryousya-kakuho7.html","https://www.pref.oita.jp/soshiki/16210/syuryousya-kakuho7.html"
"92111","https://www.pref.oita.jp/soshiki/13400/saisigenka.html","https://www.pref.oita.jp/soshiki/13400/saisigenka.html"
"92121","https://www.pref.okayama.jp/page/965922.html","https://www.pref.okayama.jp/page/965922.html"
"92125","https://www.pref.saga.lg.jp/kiji003112197/index.html","https://www.pref.saga.lg.jp/kiji003112197/index.html"
"92131","https://www.maff.go.jp/j/keiei/koukai/kikou/nouchibank.html#:~:text=%E9%81%8A%E4%BC%91%E8%BE%B2%E5%9C%B0%E8%A7%A3%E6%B6%88%E5%AF%BE%E7%AD%96%E4%BA%8B%E6%A5%AD","https://www.maff.go.jp/j/keiei/koukai/kikou/nouchibank.html#:~:text=%E9%81%8A%E4%BC%91%E8%BE%B2%E5%9C%B0%E8%A7%A3%E6%B6%88%E5%AF%BE%E7%AD%96%E4%BA%8B%E6%A5%AD | https://www.maff.go.jp/j/keiei/koukai/yukyu.html"
"92139","https://kosodate-sc.jp/","https://kosodate-sc.jp/"
"92151","https://www.city.nerima.tokyo.jp/kosodatekyoiku/kodomo/oshirase/map.files/kodomo-syokudo-map202503242.pdf","https://www.city.nerima.tokyo.jp/hokenfukushi/chiikifukushi/kodomodanran.html | https://www.city.nerima.tokyo.jp/kosodatekyoiku/kodomo/oshirase/map.files/kodomo-syokudo-map202503242.pdf"
"92132","https://www.maff.go.jp/j/nousin/tyusan/siharai_seido/index.html","https://www.maff.go.jp/j/nousin/tyusan/siharai_seido/index.html"
"92163","https://www.pref.miyagi.jp/documents/58741/05_leaflet_1.pdf","https://www.pref.miyagi.jp/soshiki/koyou/danseiikukyushoureikin.html | https://www.pref.miyagi.jp/documents/58741/05_leaflet_1.pdf"
"92162","https://www.pref.wakayama.lg.jp/prefg/060300/gyoumu/kinyuu/hojokin3.html","https://www.pref.wakayama.lg.jp/prefg/060300/gyoumu/kinyuu/hojokin3.html"
"92156","https://www.pio-ota.jp/news/recruitment/open-call/startup20250401_1/","https://www.pio-ota.jp/news/recruitment/open-call/startup20250401_1/"
"92179","https://jta.or.jp/wp-content/uploads/2025/03/sas2025josei.pdf","https://jta.or.jp/member/shien/sas2025.html | https://jta.or.jp/wp-content/uploads/2025/03/sas2025josei.pdf"
"92172","https://www.idec.or.jp/topics/entry_info.html?id=2983","https://www.idec.or.jp/topics/entry_info.html?id=2983"
"92178","https://jta.or.jp/html/member/seminar/daigaku2025/truck.pdf","https://jta.or.jp/member/seminar/daigaku2025.html | https://jta.or.jp/html/member/seminar/daigaku2025/truck.pdf"
"92188","https://www.city.setagaya.lg.jp/03665/3751.html","https://www.city.setagaya.lg.jp/03665/3751.html"
"92192","https://www.pref.hokkaido.lg.jp/fs/1/1/4/6/8/6/6/9/_/%E2%98%85%E3%83%81%E3%83%A9%E3%82%B7(R7%E6%94%B9%E6%AD%A3%E5%BE%8C).pdf","https://www.pref.hokkaido.lg.jp/kz/gxs/163024.html | https://www.pref.hokkaido.lg.jp/fs/1/1/4/6/8/6/6/9/_/%E2%98%85%E3%83%81%E3%83%A9%E3%82%B7(R7%E6%94%B9%E6%AD%A3%E5%BE%8C).pdf"
"92189","https://www.pref.ishikawa.lg.jp/roudou/saiteichingin/documents/gyoumukaizensyoureikin.pdf","https://www.pref.ishikawa.lg.jp/roudou/saiteichingin/gyoumukaizenshoureikin.html | https://www.pref.ishikawa.lg.jp/roudou/saiteichingin/documents/gyoumukaizensyoureikin.pdf"
"92194","https://jta.or.jp/member/shien/ketsuatsukei2025.html","https://jta.or.jp/member/shien/ketsuatsukei2025.html"
"92198","https://jta.or.jp/member/shien/tenko2025.html","https://jta.or.jp/member/shien/tenko2025.html"
"92201","https://jta.or.jp/member/shien/efv2025.html","https://jta.or.jp/member/shien/efv2025.html"
"92202","https://jta.or.jp/member/shien/idling_stop2025.html","https://jta.or.jp/member/shien/idling_stop2025.html"
"92203","https://jta.or.jp/member/keiei/intern2025.html","https://jta.or.jp/member/keiei/intern2025.html"
"92205","https://jta.or.jp/member/shien/anzen2025.html","https://jta.or.jp/member/shien/anzen2025.html"
"92206","https://jta.or.jp/member/shien/menkyo2025.html","https://jta.or.jp/member/shien/menkyo2025.html | https://jta.or.jp/association/todou.html"
"92211","https://www.pref.kochi.lg.jp/doc/2025030300270/","https://www.pref.kochi.lg.jp/doc/2025030300270/"
"92207","https://www.tokyo-kosha.or.jp/support/shien/zeroemi/assets/file/projects/handson/R7_bosyuuyoukou.pdf","https://www.tokyo-kosha.or.jp/topics/2504/zeroemi_projects_handson.html | https://www.tokyo-kosha.or.jp/support/shien/zeroemi/assets/file/projects/handson/R7_bosyuuyoukou.pdf"
"92212","https://www.tokyo-co2down.jp/wp-content/uploads/2025/03/r7_chisan_sokushin_press_20250331-2.pdf","https://www.tokyo-co2down.jp/subsidy/chisan3 | https://www.tokyo-co2down.jp/wp-content/uploads/2025/03/r7_chisan_sokushin_press_20250331-2.pdf"
"92213","https://www.pref.yamaguchi.lg.jp/soshiki/52/295961.html","https://www.pref.yamaguchi.lg.jp/soshiki/52/295961.html"
"92214","https://www.tcvb.or.jp/jp/project/keiei_R7_DigitalShift_Boshuyoryo.pdf","https://www.tcvb.or.jp/jp/project/infra/digital-shift/ | https://www.tcvb.or.jp/jp/project/keiei_R7_DigitalShift_Boshuyoryo.pdf"
"92215","https://www.pref.akita.lg.jp/uploads/public/archive_0000087960_00/R7%E3%81%82%E3%81%8D%E3%81%9F%E6%9D%90%E7%9C%8C%E5%A4%96%E4%BD%8F%E5%AE%85%E8%B2%A9%E8%B7%AF%E5%BC%B7%E5%8C%96%E4%BA%8B%E6%A5%ADPR%E3%83%AA%E3%83%BC%E3%83%95%E3%83%AC%E3%83%83%E3%83%88.pdf","https://www.pref.akita.lg.jp/pages/archive/87960 | https://www.pref.akita.lg.jp/uploads/public/archive_0000087960_00/R7%E3%81%82%E3%81%8D%E3%81%9F%E6%9D%90%E7%9C%8C%E5%A4%96%E4%BD%8F%E5%AE%85%E8%B2%A9%E8%B7%AF%E5%BC%B7%E5%8C%96%E4%BA%8B%E6%A5%ADPR%E3%83%AA%E3%83%BC%E3%83%95%E3%83%AC%E3%83%83%E3%83%88.pdf"
"92219","https://www.koyokankyo.shigotozaidan.or.jp/jigyo/papamama/papamama_shoreikin.files/R7_chirashi_4syu20250401.pdf","https://www.koyokankyo.shigotozaidan.or.jp/jigyo/papamama/papamama_shoreikin.html | https://www.koyokankyo.shigotozaidan.or.jp/jigyo/papamama/papamama_shoreikin.files/R7_chirashi_4syu20250401.pdf"
"92216","https://www.pref.kochi.lg.jp/doc/2025031300378/","https://www.pref.kochi.lg.jp/doc/2025031300378/"
"92223","https://www.pref.kochi.lg.jp/doc/2025040100211/","https://www.pref.kochi.lg.jp/doc/2025040100211/"
"92226","https://www.koyokankyo.shigotozaidan.or.jp/jigyo/kaigokyugyo/kaigo_shoreikin.files/R7_chirashi_kaigo20250401.pdf","https://www.koyokankyo.shigotozaidan.or.jp/jigyo/kaigokyugyo/kaigo_shoreikin.html | https://www.koyokankyo.shigotozaidan.or.jp/jigyo/kaigokyugyo/kaigo_shoreikin.files/R7_chirashi_kaigo20250401.pdf"
"92225","https://www.pref.oita.jp/uploaded/life/2296238_4461987_misc.pdf","https://www.pref.oita.jp/soshiki/14320/hukugyoukengyou.html | https://www.pref.oita.jp/uploaded/life/2296238_4461987_misc.pdf"
"92230","https://www.pref.kochi.lg.jp/doc/2025031300248/","https://www.pref.kochi.lg.jp/doc/2025031300248/"
"92234","https://www.pref.miyagi.jp/documents/58822/r6kaigaihannrokaitakuhozyokinn_chirashi.pdf","https://www.pref.miyagi.jp/soshiki/kokusaibiz/r7kaigaihannrokaitakuhozyokinn/bosyuukaisi.html | https://www.pref.miyagi.jp/documents/58822/r6kaigaihannrokaitakuhozyokinn_chirashi.pdf"
"92233","https://www.pref.okinawa.lg.jp/shigoto/keizai/1009879/1010143/1010156.html","https://www.pref.okinawa.lg.jp/shigoto/keizai/1009879/1010143/1010156.html"
"92239","https://www.pref.kochi.lg.jp/doc/2025022600357/","https://www.pref.kochi.lg.jp/doc/2025022600357/"
"92256","https://www.pref.kochi.lg.jp/doc/2025030700049/","https://www.pref.kochi.lg.jp/doc/2025030700049/"
"92254","https://www.city.fukuoka.lg.jp/keizai/r-support/business/tokutei-sougyou-sientoujigyou_07.html","https://www.city.fukuoka.lg.jp/keizai/r-support/business/tokutei-sougyou-sientoujigyou_07.html"
"92259","https://www.pref.miyazaki.lg.jp/choju/kurashi/koresha/houmonkango-keieikiban.html","https://www.pref.miyazaki.lg.jp/choju/kurashi/koresha/houmonkango-keieikiban.html"
"92264","https://www.city.katsushika.lg.jp/_res/projects/default_project/_page_/001/004/962/r7d.goannnai.pdf","https://www.city.katsushika.lg.jp/business/1000011/1034399/1004962.html | https://www.city.katsushika.lg.jp/_res/projects/default_project/_page_/001/004/962/r7d.goannnai.pdf"
"92263","https://www.pref.miyazaki.lg.jp/choju/kurashi/koresha/houmonkango-secchisokushin.html","https://www.pref.miyazaki.lg.jp/choju/kurashi/koresha/houmonkango-secchisokushin.html"
"92267","https://www.city.nagoya.jp/sportsshimin/page/0000184586.html","https://www.city.nagoya.jp/sportsshimin/page/0000184586.html"
"92274","https://www.pref.fukushima.lg.jp/uploaded/attachment/682603.pdf","https://www.pref.fukushima.lg.jp/sec/32021a/jyoseikatsuyaku.html | https://www.pref.fukushima.lg.jp/uploaded/attachment/682603.pdf"
"92281","https://www.city.shizuoka.lg.jp/s5783/s012255.html","https://www.city.shizuoka.lg.jp/s5783/s012255.html"
"92283","https://www.city.toshima.lg.jp/198/documents/gh20250401.pdf","https://www.city.toshima.lg.jp/198/1812211133.html | https://www.city.toshima.lg.jp/198/documents/gh20250401.pdf | https://www.city.toshima.lg.jp/198/documents/genndogakuninnteiyoukenn.pdf"
"92287","https://www.city.hakodate.hokkaido.jp/docs/2025030500045/","https://www.city.hakodate.hokkaido.jp/docs/2025030500045/"
"92288","https://okinawa-ric.jp/news/entry/post-120-1-1.html","https://okinawa-ric.jp/news/entry/post-120-1-1.html"
"92289","https://www.city.minato.tokyo.jp/jutakushien/takuhaibox.html","https://www.city.minato.tokyo.jp/jutakushien/takuhaibox.html"
"92292","https://okinawa-ric.jp/news/entry/post-123-1-1.html","https://okinawa-ric.jp/news/entry/post-123-1-1.html"
"92290","https://okinawa-ric.jp/news/entry/post-121-1-1.html","https://okinawa-ric.jp/news/entry/post-121-1-1.html"
"92298","https://www.city.toyoake.lg.jp/20849.htm","https://www.city.toyoake.lg.jp/20849.htm"
"92309","https://www.koyokankyo.shigotozaidan.or.jp/jigyo/skillup/skill-R7dx-risk.html","https://www.koyokankyo.shigotozaidan.or.jp/jigyo/skillup/skill-R7dx-risk.html | https://www.koyokankyo.shigotozaidan.or.jp/jigyo/skillup/skillup.html | https://www.shigotozaidan.or.jp/koyo-kankyo/skillup-otoiawase/index.html"
"92302","https://www.city.nisshin.lg.jp/department/toshisangyo/kanko/6/nouringyo/syokuchisan6zisangyo/6jisangyouka/11594.html","https://www.city.nisshin.lg.jp/department/toshisangyo/kanko/6/nouringyo/syokuchisan6zisangyo/6jisangyouka/11594.html"
"92313","https://www.pref.ehime.jp/page/9188.html","https://www.pref.ehime.jp/page/9188.html"
"92310","https://www.pref.fukuoka.lg.jp/contents/yokabus-hojok-r7.html","https://www.pref.fukuoka.lg.jp/contents/yokabus-hojok-r7.html"
"92319","https://www.koyokankyo.shigotozaidan.or.jp/jigyo/skillup/skill-R7jigyogai.html","https://www.koyokankyo.shigotozaidan.or.jp/jigyo/skillup/skill-R7jigyogai.html | https://www.koyokankyo.shigotozaidan.or.jp/jigyo/skillup/skillup.html | https://www.shigotozaidan.or.jp/koyo-kankyo/skillup-otoiawase/index.html"
"92326","https://www.city.miyazaki.miyazaki.jp/health/health/nutrition/39790.html","https://www.city.miyazaki.miyazaki.jp/health/health/nutrition/39790.html"
"92323","https://www.joho-shimane.or.jp/files/original/20250331091521822197e0223.pdf","https://www.joho-shimane.or.jp/solution/subsidy/11571 | https://www.joho-shimane.or.jp/files/original/20250331091521822197e0223.pdf"
"92327","https://www.koyokankyo.shigotozaidan.or.jp/jigyo/skillup/skill-R7ikugyo.html","https://www.koyokankyo.shigotozaidan.or.jp/jigyo/skillup/skill-R7ikugyo.html | https://www.koyokankyo.shigotozaidan.or.jp/jigyo/skillup/skillup.html | https://www.shigotozaidan.or.jp/koyo-kankyo/skillup-otoiawase/index.html"
"92332","https://www.city.meguro.tokyo.jp/documents/5050/4-060401-jyoseiseido-gaiyou.pdf","https://www.city.meguro.tokyo.jp/kenchiku/shigoto/kenchiku/joseitetsuduki.html | https://www.city.meguro.tokyo.jp/documents/5050/4-060401-jyoseiseido-gaiyou.pdf"
"92330","https://www.city.miyazaki.miyazaki.jp/fs/8/4/0/2/5/7/_/840257.pdf","https://www.city.miyazaki.miyazaki.jp/city/international_policy/398162.html | https://www.city.miyazaki.miyazaki.jp/fs/8/4/0/2/5/7/_/840257.pdf"
"92334","https://www.city.kashiwazaki.lg.jp/material/files/group/28/20250401_datsutansosuishinsetsubihojokin_chirashi.pdf","https://www.city.kashiwazaki.lg.jp/soshikiichiran/sangyoshinkobu/monozukurishinkoka/2/3/44554.html | https://www.city.kashiwazaki.lg.jp/material/files/group/28/20250401_datsutansosuishinsetsubihojokin_chirashi.pdf"
"92340","https://www.city.komagane.nagano.jp/soshikiichiran/syoukoukankouka/kogyokakari/2/1/5488.html","https://www.city.komagane.nagano.jp/soshikiichiran/syoukoukankouka/kogyokakari/2/1/5488.html"
"92336","https://www.city.nerima.tokyo.jp/jigyoshamuke/jigyosha/oshirase/houmonsaiyououen.html","https://www.city.nerima.tokyo.jp/jigyoshamuke/jigyosha/oshirase/houmonsaiyououen.html"
"92337","https://www.city.matsusaka.mie.jp/site/kigyoyuti/kurumin7.html","https://www.city.matsusaka.mie.jp/site/kigyoyuti/kurumin7.html"
"92350","https://www.city.tottori.lg.jp/www/contents/1739425536874/index.html","https://www.city.tottori.lg.jp/www/contents/1739425536874/index.html"
"92347","https://www.town.kitajima.lg.jp/docs/4724181.html","https://www.town.kitajima.lg.jp/docs/4724181.html"
"92342","https://www.city.yamaguchi.lg.jp/uploaded/attachment/105608.pdf","https://www.city.yamaguchi.lg.jp/soshiki/63/171777.html | https://www.city.yamaguchi.lg.jp/uploaded/attachment/105608.pdf"
"92351","https://www.city.higashiosaka.lg.jp/cmsfiles/contents/0000041/41417/R7tebiki.pdf","https://www.city.higashiosaka.lg.jp/0000041417.html | https://www.city.higashiosaka.lg.jp/cmsfiles/contents/0000041/41417/R7tebiki.pdf"
"92355","https://www.city.ayase.kanagawa.jp/shigoto_sangyo_machizukuri/sangyoshinko/chushokigyotoshien/21818.html","https://www.city.ayase.kanagawa.jp/shigoto_sangyo_machizukuri/sangyoshinko/chushokigyotoshien/21818.html"
"92356","https://www.town.kushimoto.wakayama.jp/sangyo/town-planning/machidukuri-ouen.html","https://www.town.kushimoto.wakayama.jp/sangyo/town-planning/machidukuri-ouen.html"
"92365","https://www.city.tsuru.yamanashi.jp/soshiki/kenkoukosodate/kosodateshien_t/14160.html","https://www.city.tsuru.yamanashi.jp/soshiki/kenkoukosodate/kosodateshien_t/14160.html"
"92371","https://www.city.warabi.saitama.jp/_res/projects/default_project/_page_/001/009/633/r7annai.pdf","https://www.city.warabi.saitama.jp/shisei/nigiwai/shoko/1009633.html | https://www.city.warabi.saitama.jp/_res/projects/default_project/_page_/001/009/633/r7annai.pdf"
"92370","https://www.city.ama.aichi.jp/bussiness/sangyo/1003795/1010256.html","https://www.city.ama.aichi.jp/bussiness/sangyo/1003795/1010256.html"
"92377","https://www.city.niiza.lg.jp/uploaded/attachment/64875.pdf","https://www.city.niiza.lg.jp/site/business-support/sougyoushienhozyo.html | https://www.city.niiza.lg.jp/uploaded/attachment/64875.pdf"
"92378","https://www.city.niigata.lg.jp/kanko/kanko/gyosei/kanko-machi-taiken.files/R7_tirashi.pdf","https://www.city.niigata.lg.jp/kanko/kanko/gyosei/kanko-machi-taiken.html | https://www.city.niigata.lg.jp/kanko/kanko/gyosei/kanko-machi-taiken.files/R7_tirashi.pdf"
"92374","https://www.city.koshu.yamanashi.jp/docs/2025031400016","https://www.city.koshu.yamanashi.jp/docs/2025031400016"
"92379","https://www.city.tamana.lg.jp/q/aview/517/32055.html","https://www.city.tamana.lg.jp/q/aview/517/32055.html"
"92384","https://www.city.kazo.lg.jp/material/files/group/16/R7araigumahokakuki.pdf","https://www.city.kazo.lg.jp/soshiki/kakyou_seisaku/choujuu/38659.html | https://www.city.kazo.lg.jp/material/files/group/16/R7araigumahokakuki.pdf"
"92382","https://www.city.niigata.lg.jp/kanko/kanko/gyosei/ukeireseibi.files/R7_ukeiretirashi.pdf","https://www.city.niigata.lg.jp/kanko/kanko/gyosei/ukeireseibi.html | https://www.city.niigata.lg.jp/kanko/kanko/gyosei/ukeireseibi.files/R7_ukeiretirashi.pdf"
"92385","https://www1.city.obama.fukui.jp/kurashi/bosai-anzen/jishubosaisoshiki/3723.html","https://www1.city.obama.fukui.jp/kurashi/bosai-anzen/jishubosaisoshiki/3723.html | https://www1.city.obama.fukui.jp/inquiry/mailform2010.html?PAGE_NO=3725"
"92396","https://www.city.higashihiroshima.lg.jp/soshiki/chiikishinko/7/3/matidukurihojokin/42076.html","https://www.city.higashihiroshima.lg.jp/soshiki/chiikishinko/7/3/matidukurihojokin/42076.html"
"92390","https://www.city.maebashi.gunma.jp/soshiki/noseibu/nosei/shinseisho/43581.html","https://www.city.maebashi.gunma.jp/soshiki/noseibu/nosei/shinseisho/43581.html"
"92398","https://www.pref.tochigi.lg.jp/g03/r7yusyutu.html","https://www.pref.tochigi.lg.jp/g03/r7yusyutu.html"
"92404","http://www.pref.kagoshima.jp/af23/jinzai/projin.html","http://www.pref.kagoshima.jp/af23/jinzai/projin.html"
"92400","https://www.city.higashihiroshima.lg.jp/soshiki/sangyo/5/dokuzi/42449.html","https://www.city.higashihiroshima.lg.jp/soshiki/sangyo/5/dokuzi/42449.html"
"92406","https://www.city.iwata.shizuoka.jp/kenkou_fukushi/kaigohoken/kaigohoken_service_jigyousha/1014766.html","https://www.city.iwata.shizuoka.jp/kenkou_fukushi/kaigohoken/kaigohoken_service_jigyousha/1014766.html"
"92407","https://www.city.hida.gifu.jp/uploaded/attachment/28117.pdf","https://www.city.hida.gifu.jp/soshiki/16/68233.html | https://www.city.hida.gifu.jp/uploaded/attachment/28117.pdf"
"92408","https://www.pref.akita.lg.jp/pages/archive/88357","https://www.pref.akita.lg.jp/pages/archive/88357"
"92409","https://www.city.hida.gifu.jp/uploaded/attachment/28906.pdf","https://www.city.hida.gifu.jp/soshiki/16/68236.html | https://www.city.hida.gifu.jp/uploaded/attachment/28906.pdf"
"92411","https://www.city.kosai.shizuoka.jp/material/files/group/23/tesutoma-ketexinngutirasi.pdf","https://www.city.kosai.shizuoka.jp/soshikiichiran/sangyoshinkoka/shokoroseikakari/5/16824.html | https://www.city.kosai.shizuoka.jp/material/files/group/23/tesutoma-ketexinngutirasi.pdf"
"92412","https://www.city.niimi.okayama.jp/business/business_detail/index/20.html","https://www.city.niimi.okayama.jp/business/business_detail/index/20.html"
"92418","https://www.city.hida.gifu.jp/soshiki/23/763.html","https://www.city.hida.gifu.jp/soshiki/23/763.html"
"92413","https://www.city.kosai.shizuoka.jp/soshikiichiran/sangyoshinkoka/shokoroseikakari/5/11343.html","https://www.city.kosai.shizuoka.jp/soshikiichiran/sangyoshinkoka/shokoroseikakari/5/11343.html | https://www.city.kosai.shizuoka.jp/cgi-bin/inquiry.php/72?page_no=11343"
"92417","https://www.city.aomori.aomori.jp/kurashi_kankyo/kankyo/1002067/1002073.html","https://www.city.aomori.aomori.jp/kurashi_kankyo/kankyo/1002067/1002073.html"
"92420","https://www.city.hida.gifu.jp/soshiki/23/764.html","https://www.city.hida.gifu.jp/soshiki/23/764.html"
"92419","https://www.city.niimi.okayama.jp/business/business_detail/index/23.html","https://www.city.niimi.okayama.jp/business/business_detail/index/23.html"
"92423","http://www.pref.kagoshima.jp/af23/jinzai/projinzai3.html","http://www.pref.kagoshima.jp/af23/jinzai/projinzai3.html"
"92425","https://www.city.yukuhashi.fukuoka.jp/soshiki/26/35355.html","https://www.city.yukuhashi.fukuoka.jp/soshiki/26/35355.html"
"92431","https://www.city.neyagawa.osaka.jp/organization_list/kenkou/hokensoumu/kotsuzuibannku/24697.html","https://www.city.neyagawa.osaka.jp/organization_list/kenkou/hokensoumu/kotsuzuibannku/24697.html"
"92436","https://www.city.kanoya.lg.jp/documents/11386/dantairyokouyudhi.pdf","https://www.city.kanoya.lg.jp/furusato-pr/dantairyokouyudhi.html | https://www.city.kanoya.lg.jp/documents/11386/dantairyokouyudhi.pdf"
"92438","https://www.joho.tagawa.fukuoka.jp/kiji00310969/3_10969_45279_up_dexyme24.pdf","https://www.joho.tagawa.fukuoka.jp/kiji00310969/index.html | https://www.joho.tagawa.fukuoka.jp/kiji00310969/3_10969_45279_up_dexyme24.pdf"
"92442","https://www.city.omuta.lg.jp/kiji00320273/index.html","https://www.city.omuta.lg.jp/kiji00320273/index.html"
"92441","https://www.city.setagaya.lg.jp/documents/10943/bizinesu.pdf","https://www.city.setagaya.lg.jp/shigotosangyou/sangyou/category/11920.html#a10943 | https://www.city.setagaya.lg.jp/documents/10943/bizinesu.pdf"
"92448","https://www.kesennuma.miyagi.jp/sec/s022/010/010/20250312120050.html","https://www.kesennuma.miyagi.jp/sec/s022/010/010/20250312120050.html | https://www.kesennuma.miyagi.jp/sec/s022/010/010/20250311152558.html"
"92446","https://www.city.kobe.lg.jp/documents/72822/annai_2025.pdf","https://www.city.kobe.lg.jp/a94328/610813201719.html | https://www.city.kobe.lg.jp/documents/72822/annai_2025.pdf"
"92447","https://www.pref.kumamoto.jp/soshiki/61/231111.html","https://www.pref.kumamoto.jp/soshiki/61/231111.html"
"92450","https://www.city.kitakyushu.lg.jp/files/001039572.pdf","https://www.city.kitakyushu.lg.jp/contents/10700210.html | https://www.city.kitakyushu.lg.jp/files/001039572.pdf"
"92455","https://www.city.setagaya.lg.jp/documents/5007/r7chirashi.pdf","https://www.city.setagaya.lg.jp/shigotosangyou/sangyou/category/11920.html#a5007 | https://www.city.setagaya.lg.jp/documents/5007/r7chirashi.pdf"
"92456","https://www.city.sakaiminato.lg.jp/index.php?view=118154","https://www.city.sakaiminato.lg.jp/index.php?view=118154"
"92463","https://www.city.chita.lg.jp/docs/2024062700034/","https://www.city.chita.lg.jp/docs/2024062700034/"
"92465","https://www.city.shikokuchuo.ehime.jp/soshiki/10/48671.html","https://www.city.shikokuchuo.ehime.jp/soshiki/10/48671.html"
"92462","https://www.city.kasai.hyogo.jp/uploaded/attachment/29274.pdf","https://www.city.kasai.hyogo.jp/soshiki/20/2340.html | https://www.city.kasai.hyogo.jp/uploaded/attachment/29274.pdf | https://www.city.kasai.hyogo.jp/form/detail.php?sec_sec1=20&lif_id=51172&check"
"92468","https://www.pref.toyama.jp/documents/25653/boshuyokor7.pdf","https://www.pref.toyama.jp/130331/sangyou/roudou/roudoukoyou/well-being.html | https://www.pref.toyama.jp/documents/25653/boshuyokor7.pdf"
"92474","https://www.city.asago.hyogo.jp/soshiki/23/10461.html","https://www.city.asago.hyogo.jp/soshiki/23/10461.html"
"92477","https://www.city.niihama.lg.jp/soshiki/sanshin/sougyoushien.html","https://www.city.niihama.lg.jp/soshiki/sanshin/sougyoushien.html"
"92481","https://www.town.yahaba.iwate.jp/yahabatown/cms/soshiki/jyumin/kurashi/%E7%94%B3%E8%AB%8B%E3%81%AE%E6%B5%81%E3%82%8C.pdf","https://www.town.yahaba.iwate.jp/soshiki/jyumin/kurashi/171231982827283/ | https://www.town.yahaba.iwate.jp/yahabatown/cms/soshiki/jyumin/kurashi/%E7%94%B3%E8%AB%8B%E3%81%AE%E6%B5%81%E3%82%8C.pdf | https://www.town.yahaba.iwate.jp/yahabatown/cms/soshiki/jyumin/kurashi/tikudenti_siyousyo.pdf | https://www.town.yahaba.iwate.jp/yahabatown/cms/soshiki/jyumin/kurashi/%E4%BA%8B%E6%A5%AD%E8%A8%88%E7%94%BB%E7%AD%96%E5%AE%9A%E3%82%AC%E3%82%A4%E3%83%89%E3%83%A9%E3%82%A4%E3%83%B3.pdf"
"92483","https://www.city.minamisoma.lg.jp/material/files/group/24/tirashi.pdf","https://www.city.minamisoma.lg.jp/portal/sections/16/1630/25313.html | https://www.city.minamisoma.lg.jp/material/files/group/24/tirashi.pdf"
"92478","https://www.city.kitami.lg.jp/administration/work/detail.php?content=13145","https://www.city.kitami.lg.jp/administration/work/detail.php?content=13145"
"92485","https://www.city.hida.gifu.jp/uploaded/attachment/28899.pdf","https://www.city.hida.gifu.jp/soshiki/16/53757.html | https://www.city.hida.gifu.jp/uploaded/attachment/28899.pdf"
"92487","https://www.city.zentsuji.kagawa.jp/site/portal/shukaijouhojyo.html","https://www.city.zentsuji.kagawa.jp/site/portal/shukaijouhojyo.html"
"92486","https://www.city.matsusaka.mie.jp/site/jyougesuidou/jyoukasouhojyoseido.html","https://www.city.matsusaka.mie.jp/site/jyougesuidou/jyoukasouhojyoseido.html"
"92488","https://www.town.kunitomi.miyazaki.jp/main/administration/cffdad2325400289262857a4fd490ead.pdf","https://www.town.kunitomi.miyazaki.jp/main/administration/page001952.html | https://www.town.kunitomi.miyazaki.jp/main/administration/cffdad2325400289262857a4fd490ead.pdf"
"92490","https://www.city.tsuruga.lg.jp/kurashi/petto_dobutsu/oshirase/noraneko.html","https://www.city.tsuruga.lg.jp/kurashi/petto_dobutsu/oshirase/noraneko.html"
"92491","https://www.city.nagano.nagano.jp/n101200/p006074.html","https://www.city.nagano.nagano.jp/n101200/p006074.html"
"92493","https://www.city.toyooka.lg.jp/_res/projects/default_project/_page_/001/033/126/2025j.chirashi.pdf","https://www.city.toyooka.lg.jp/kurashi/gomikankyo/1019255/1019260/1019262/1033126.html | https://www.city.toyooka.lg.jp/_res/projects/default_project/_page_/001/033/126/2025j.chirashi.pdf"
"92495","https://www.city.matsusaka.mie.jp/soshiki/33/ringyou.html","https://www.city.matsusaka.mie.jp/soshiki/33/ringyou.html"
"92502","https://www.city.utsunomiya.lg.jp/sangyo/sangyo/1035004/ziba/1006779.html","https://www.city.utsunomiya.lg.jp/sangyo/sangyo/1035004/ziba/1006779.html"
"92504","https://www.pref.oita.jp/uploaded/attachment/2238206.pdf","https://www.pref.oita.jp/soshiki/14330/gyoumukaizen-syoureikin2024.html | https://www.pref.oita.jp/uploaded/attachment/2238206.pdf"
"92510","https://www.city.takamatsu.kagawa.jp/jigyosha/sangyou/shoukougyou/seityousokushin/hannrokaitaku.files/youryou0.pdf","https://www.city.takamatsu.kagawa.jp/jigyosha/sangyou/shoukougyou/seityousokushin/hannrokaitaku.html | https://www.city.takamatsu.kagawa.jp/jigyosha/sangyou/shoukougyou/seityousokushin/hannrokaitaku.files/youryou0.pdf"
"92507","https://www.city.kure.lg.jp/uploaded/attachment/91104.pdf","https://www.city.kure.lg.jp/soshiki/40/tilyuusilyoukigilyouzinnzaiikusei.html | https://www.city.kure.lg.jp/uploaded/attachment/91104.pdf"
"92511","https://www.pref.oita.jp/uploaded/attachment/2238238.pdf","https://www.pref.oita.jp/soshiki/14330/danseiikukyu-joseikin.html | https://www.pref.oita.jp/uploaded/attachment/2238238.pdf"
"92514","https://www.city.yokkaichi.lg.jp/www/contents/1740105920449/index.html","https://www.city.yokkaichi.lg.jp/www/contents/1740105920449/index.html"
"92515","https://www.city.tama.lg.jp/kurashi/kankyo/hozen/1010568/1016902.html","https://www.city.tama.lg.jp/kurashi/kankyo/hozen/1010568/1016902.html"
"92516","https://www.city.takamatsu.kagawa.jp/jigyosha/sangyou/shoukougyou/tokusan/tenjikaihojyo.files/20250401chirashi.pdf","https://www.city.takamatsu.kagawa.jp/jigyosha/sangyou/shoukougyou/tokusan/tenjikaihojyo.html | https://www.city.takamatsu.kagawa.jp/jigyosha/sangyou/shoukougyou/tokusan/tenjikaihojyo.files/20250401chirashi.pdf"
"92521","https://www.city.takamatsu.kagawa.jp/jigyosha/sangyou/shoukougyou/tokusan/syouko_up20240729143.html","https://www.city.takamatsu.kagawa.jp/jigyosha/sangyou/shoukougyou/tokusan/syouko_up20240729143.html"
"92524","https://www.city.nagareyama.chiba.jp/life/1002584/1002591/1048780.html","https://www.city.nagareyama.chiba.jp/life/1002584/1002591/1048780.html"
"92541","https://www.chusho.meti.go.jp/zaimu/shoukei/shoukei_enkatsu/gaiyou.pdf","https://www.chusho.meti.go.jp/zaimu/shoukei/shoukei_enkatsu.html | https://www.chusho.meti.go.jp/zaimu/shoukei/shoukei_enkatsu/gaiyou.pdf"
"92527","https://www.city.takamatsu.kagawa.jp/jigyosha/sangyou/shoukougyou/syoutenngai/syoutenngaisien/sougyousinnkisyutten.files/sinnkitirasi.pdf","https://www.city.takamatsu.kagawa.jp/jigyosha/sangyou/shoukougyou/syoutenngai/syoutenngaisien/sougyousinnkisyutten.html | https://www.city.takamatsu.kagawa.jp/jigyosha/sangyou/shoukougyou/syoutenngai/syoutenngaisien/sougyousinnkisyutten.files/sinnkitirasi.pdf"
"92526","https://www.city.abashiri.hokkaido.jp/uploaded/attachment/11033.pdf","https://www.city.abashiri.hokkaido.jp/soshiki/28/2263.html | https://www.city.abashiri.hokkaido.jp/uploaded/attachment/11033.pdf | https://www.city.abashiri.hokkaido.jp/uploaded/attachment/11044.pdf"
"92563","https://www.pref.hokkaido.lg.jp/hf/shf/hojyokenikuseijigyou.html","https://www.pref.hokkaido.lg.jp/hf/shf/hojyokenikuseijigyou.html"
"92557","https://www.pref.shimane.lg.jp/industry/employ/koyo_syugyo/female/kosodate_syokuba_sokusin.data/250401_kosodate-kaigo_shirashi-1set.pdf","https://shoko-shimane.or.jp/2025/04/01/680/ | https://www.pref.shimane.lg.jp/industry/employ/koyo_syugyo/female/kosodate_syokuba_sokusin.data/250401_kosodate-kaigo_shirashi-1set.pdf"
"92567","https://www.city.gosen.lg.jp/organization/9/11/11544.html","https://www.city.gosen.lg.jp/organization/9/11/11544.html"
"92573","https://www.city.gifu.lg.jp/kurashi/siminkyoudou/1003383/1003385.html","https://www.city.gifu.lg.jp/kurashi/siminkyoudou/1003383/1003385.html"
"92577","https://www.pref.nagasaki.jp/bunrui/shigoto-sangyo/sangyoshien/semiconductor/0122/719064.html","https://www.pref.nagasaki.jp/bunrui/shigoto-sangyo/sangyoshien/semiconductor/0122/719064.html"
"92576","https://www.tokyochuokai.or.jp/sienseido/jyoseijigyou/dxzinzai.html","https://www.tokyochuokai.or.jp/sienseido/jyoseijigyou/dxzinzai.html"
"92579","https://www.maff.go.jp/j/new_farmer/attach/pdf/index-83.pdf","https://www.maff.go.jp/j/new_farmer/ | https://www.maff.go.jp/j/new_farmer/attach/pdf/index-83.pdf"
"92582","https://www.city.gifu.lg.jp/_res/projects/default_project/_page_/001/030/982/taikai.pdf","https://www.city.gifu.lg.jp/kankoubunka/event/1005353/1030982.html#group1 | https://www.city.gifu.lg.jp/_res/projects/default_project/_page_/001/030/982/taikai.pdf | https://www.city.gifu.lg.jp/_res/projects/default_project/_page_/001/030/982/sinsei_nagare.pdf"
"92586","https://www.city.tsubame.niigata.jp/kurashi/kenchiku/1/205/19485.html","https://www.city.tsubame.niigata.jp/kurashi/kenchiku/1/205/19485.html"
"92588","https://www.city.tsubame.niigata.jp/material/files/group/6/R7ikuzitanzikankinmu.pdf","https://www.city.tsubame.niigata.jp/keikaku/jinken/2/19432.html | https://www.city.tsubame.niigata.jp/material/files/group/6/R7ikuzitanzikankinmu.pdf"
"92591","https://www.g-inf.or.jp/html/professional_001.html","https://www.g-inf.or.jp/html/professional_001.html | https://www.city.maebashi.gunma.jp/sangyo_business/4/3/7/45046.html"
"92595","https://www.city.kure.lg.jp/soshiki/40/buy-local90.html","https://www.city.kure.lg.jp/soshiki/40/buy-local90.html"
"92596","https://www.city.kamakura.kanagawa.jp/shoukou/consultation.html","https://www.city.kamakura.kanagawa.jp/shoukou/consultation.html"
"92598","https://www.city.kamakura.kanagawa.jp/shoukou/kankyou.html","https://www.city.kamakura.kanagawa.jp/shoukou/kankyou.html"
"92599","https://www.city.fuchu.hiroshima.jp/jigyosha/shoreikin/9794.html","https://www.city.fuchu.hiroshima.jp/jigyosha/shoreikin/9794.html"
"92607","https://www.town.ninomiya.kanagawa.jp/0000002751.html","https://www.town.ninomiya.kanagawa.jp/0000002751.html"
"92601","https://www.city.kamakura.kanagawa.jp/shoukou/keieikiban.html","https://www.city.kamakura.kanagawa.jp/shoukou/keieikiban.html"
"92605","https://www.town.oi.kanagawa.jp/soshiki/9/smartenergy-zigyosyo.html","https://www.town.oi.kanagawa.jp/soshiki/9/smartenergy-zigyosyo.html"
"92614","https://www.city.tochigi-sakura.lg.jp/life/000014/000598/p004317.html","https://www.city.tochigi-sakura.lg.jp/life/000014/000598/p004317.html"
"92612","https://www.city.gujo.gifu.jp/business/detail/post-291.html","https://www.city.gujo.gifu.jp/business/detail/post-291.html"
"92616","https://www.city.yaita.tochigi.jp/soshiki/toshiseibi/takuzou-syourei.html","https://www.city.yaita.tochigi.jp/soshiki/toshiseibi/takuzou-syourei.html"
"92617","https://www.city.tsukuba.lg.jp/jigyosha/shigoto/nouringyo/13655.html","https://www.city.tsukuba.lg.jp/jigyosha/shigoto/nouringyo/13655.html"
"92620","https://www.pref.hiroshima.lg.jp/uploaded/attachment/615614.pdf","https://www.pref.hiroshima.lg.jp/site/hcm-reskilling/jinkaikinhojokin.html | https://www.pref.hiroshima.lg.jp/uploaded/attachment/615614.pdf"
"92618","https://www.pref.akita.lg.jp/pages/archive/88414","https://www.pref.akita.lg.jp/pages/archive/88414"
"92621","http://www.city.ryugasaki.ibaraki.jp/jigyosha/sangyo/genkiup.html","http://www.city.ryugasaki.ibaraki.jp/jigyosha/sangyo/genkiup.html"
"92633","https://www.city.hanyu.lg.jp/docs/2014010800039/file_contents/R6.pdf","https://www.city.hanyu.lg.jp/docs/2014010800039/ | https://www.city.hanyu.lg.jp/docs/2014010800039/file_contents/R6.pdf"
"92632","http://www.town.shibecha.hokkaido.jp/kakuka/nourin/news/nougyou_mizu_hojokin.html","http://www.town.shibecha.hokkaido.jp/kakuka/nourin/news/nougyou_mizu_hojokin.html"
"92635","https://www.city.hanyu.lg.jp/docs/2025032800020/","https://www.city.hanyu.lg.jp/docs/2025032800020/"
"92636","https://www.city.sukagawa.fukushima.jp/_res/projects/default_project/_page_/001/002/600/r7furo.pdf","https://www.city.sukagawa.fukushima.jp/kanko_sukagawa/koryu_joho/1002600.html | https://www.city.sukagawa.fukushima.jp/_res/projects/default_project/_page_/001/002/600/r7furo.pdf"
"92637","https://www.town.oguchi.lg.jp/7537.htm","https://www.town.oguchi.lg.jp/7537.htm"
"92639","https://www.city.saito.lg.jp/75506689cdb4e9ef66a8dc9ddd62b4b4_1.pdf","https://www.city.saito.lg.jp/kurashi/hojokin/post_1738.html | https://www.city.saito.lg.jp/75506689cdb4e9ef66a8dc9ddd62b4b4_1.pdf"
"92640","https://www.city.bunkyo.lg.jp/b012/p007801.html","https://www.city.bunkyo.lg.jp/b012/p007801.html | https://logoform.jp/form/6KSu/553129"
"92638","https://www.city.adachi.tokyo.jp/s-shinko/shigoto/chushokigyo/yushi-monozukuri.html","https://www.city.adachi.tokyo.jp/s-shinko/shigoto/chushokigyo/yushi-monozukuri.html | https://www.city.adachi.tokyo.jp/cgi-bin/simple_faq/form.cgi"
"92641","https://www.city.shinagawa.tokyo.jp/PC/kankyo/kankyo-kankyo/kankyo-kankyo-zyosei/20250310125732.html","https://www.city.shinagawa.tokyo.jp/PC/kankyo/kankyo-kankyo/kankyo-kankyo-zyosei/20250310125732.html"
"92646","https://www.city.shimoda.shizuoka.jp/file/%E4%B8%8B%E7%94%B0%E5%B8%82%E7%A9%BA%E3%81%8D%E5%BA%97%E8%88%97%E7%AD%89%E6%B4%BB%E7%94%A8%E4%BA%8B%E6%A5%AD%E8%A3%9C%E5%8A%A9%E9%87%91%E5%88%B6%E5%BA%A6%E3%83%81%E3%83%A9%E3%82%B7.pdf","https://www.city.shimoda.shizuoka.jp/category/060100syoukougyou/157735.html | https://www.city.shimoda.shizuoka.jp/file/%E4%B8%8B%E7%94%B0%E5%B8%82%E7%A9%BA%E3%81%8D%E5%BA%97%E8%88%97%E7%AD%89%E6%B4%BB%E7%94%A8%E4%BA%8B%E6%A5%AD%E8%A3%9C%E5%8A%A9%E9%87%91%E5%88%B6%E5%BA%A6%E3%83%81%E3%83%A9%E3%82%B7.pdf"
"92644","https://www.city.chita.lg.jp/docs/2025031200012/","https://www.city.chita.lg.jp/docs/2025031200012/ | https://www.city.chita.lg.jp/contact/kodomo/53/"
"92647","https://www.city.chita.lg.jp/docs/2025030400017/","https://www.city.chita.lg.jp/docs/2025030400017/"
"92650","https://www.city.mishima.shizuoka.jp/ipn059367.html","https://www.city.mishima.shizuoka.jp/ipn059367.html"
"92648","https://www.city.yokote.lg.jp/shigoto/1001165/1001371/1011925/1011940.html","https://www.city.yokote.lg.jp/shigoto/1001165/1001371/1011925/1011940.html"
"92653","https://www.town.nagaizumi.lg.jp/life_procedure/environment/1/10050.html","https://www.town.nagaizumi.lg.jp/life_procedure/environment/1/10050.html"
"92652","https://www.city.mishima.shizuoka.jp/ipn059628.html","https://www.city.mishima.shizuoka.jp/ipn059628.html"
"92663","https://www.town.ichinomiya.chiba.jp/machizukuri/farming/59.html","https://www.town.ichinomiya.chiba.jp/machizukuri/farming/59.html"
"92669","https://www.city.furano.hokkaido.jp/life/docs/864565.html","https://www.city.furano.hokkaido.jp/life/docs/864565.html"
"92664","https://www.city.kitakyushu.lg.jp/files/001082518.pdf","https://www.city.kitakyushu.lg.jp/contents/10700170.html | https://www.city.kitakyushu.lg.jp/files/001082518.pdf | https://ssl.city.kitakyushu.lg.jp/cgi-bin/inquire/inquire.cgi"
"92675","https://www.city.yachimata.lg.jp/soshiki/12/52669.html","https://www.city.yachimata.lg.jp/soshiki/12/52669.html | https://www.city.yachimata.lg.jp/form/detail.php?sec_sec1=13&lif_id=52669&check"
"92681","https://www.city.hidaka.lg.jp/tourism_environment/16/nouringyou/32378.html","https://www.city.hidaka.lg.jp/tourism_environment/16/nouringyou/32378.html"
"92680","https://www.city.furano.hokkaido.jp/life/docs/2015022400163.html","https://www.city.furano.hokkaido.jp/life/docs/2015022400163.html"
"92677","https://www.city.toyota.aichi.jp/jigyousha/kigyoyuchi/1062466/index.html","https://www.city.toyota.aichi.jp/jigyousha/kigyoyuchi/1062466/index.html"
"92682","https://www.city.anan.tokushima.jp/docs/2025032700023/file_contents/ritouhojyokingaiyouban.pdf","https://www.city.anan.tokushima.jp/docs/2025032700023/ | https://www.city.anan.tokushima.jp/docs/2025032700023/file_contents/ritouhojyokingaiyouban.pdf"
"92684","https://www.city.matsubara.lg.jp/docs/1981674.html","https://www.city.matsubara.lg.jp/docs/1981674.html"
"92683","https://www.city.toyota.aichi.jp/jigyousha/kigyoyuchi/1062466/index.html","https://www.city.toyota.aichi.jp/jigyousha/kigyoyuchi/1062466/index.html"
"92687","https://www.city.hidaka.lg.jp/tourism_environment/16/boujyo/6746.html","https://www.city.hidaka.lg.jp/tourism_environment/16/boujyo/6746.html"
"92688","https://www.city.toyota.aichi.jp/_res/projects/default_project/_page_/001/065/002/02.pdf","https://www.city.toyota.aichi.jp/jigyousha/kigyoyuchi/1065001/1065002/index.html | https://www.city.toyota.aichi.jp/_res/projects/default_project/_page_/001/065/002/02.pdf"
"92689","https://www.vill.kunohe.iwate.jp/fs/1/9/4/9/7/_/%E8%96%AA%E3%82%B9%E3%83%88%E3%83%BC%E3%83%96%E8%A3%9C%E5%8A%A9%E3%83%81%E3%83%A9%E3%82%B7.pdf","https://www.vill.kunohe.iwate.jp/docs/2528.html | https://www.vill.kunohe.iwate.jp/fs/1/9/4/9/7/_/%E8%96%AA%E3%82%B9%E3%83%88%E3%83%BC%E3%83%96%E8%A3%9C%E5%8A%A9%E3%83%81%E3%83%A9%E3%82%B7.pdf"
"92690","https://www.city.ikeda.osaka.jp/soshiki/sogoseisaku/kikikanri/bousai/sonae/19486.html","https://www.city.ikeda.osaka.jp/soshiki/sogoseisaku/kikikanri/bousai/sonae/19486.html"
"92693","https://www.city.gifu.lg.jp/business/sangyoushinkou/1005760/1005777/1005779.html","https://www.city.gifu.lg.jp/business/sangyoushinkou/1005760/1005777/1005779.html | https://www.city.gifu.lg.jp/cgi-bin/contacts/G160180"
"92691","https://www.city.abashiri.hokkaido.jp/soshiki/28/2263.html","https://www.city.abashiri.hokkaido.jp/soshiki/28/2263.html"
"92694","https://www.city.toyota.aichi.jp/jigyousha/kigyoyuchi/1065001/1065004/index.html","https://www.city.toyota.aichi.jp/jigyousha/kigyoyuchi/1065001/1065004/index.html"
"92696","https://www.city.hiratsuka.kanagawa.jp/sangyo/page33_00163.html","https://www.city.hiratsuka.kanagawa.jp/sangyo/page33_00163.html"
"92695","https://www.city.hirakata.osaka.jp/cmsfiles/contents/0000003/3470/annnai01.pdf","https://www.city.hirakata.osaka.jp/0000003470.html | https://www.city.hirakata.osaka.jp/cmsfiles/contents/0000003/3470/annnai01.pdf | https://www.city.hirakata.osaka.jp/cmsfiles/contents/0000003/3470/annnai02.pdf"
"92700","https://www.city.yashio.lg.jp/kurashi/sumai_community/sumai/R7_taiyoko.files/R7_jyuutaku_panfu2.pdf","https://www.city.yashio.lg.jp/kurashi/sumai_community/sumai/R7_taiyoko.html | https://www.city.yashio.lg.jp/kurashi/sumai_community/sumai/R7_taiyoko.files/R7_jyuutaku_panfu2.pdf | https://www.city.yashio.lg.jp/kurashi/sumai_community/sumai/R7_taiyoko.files/R7_jigyoyusya_panfu2.pdf"
"92703","https://www.city.fujimi.saitama.jp/60jigyo/06sangyou/work/sougyousyasienhojyo.files/R7sougyousien-tirasi.pdf","https://www.city.fujimi.saitama.jp/60jigyo/06sangyou/work/sougyousyasienhojyo.html | https://www.city.fujimi.saitama.jp/60jigyo/06sangyou/work/sougyousyasienhojyo.files/R7sougyousien-tirasi.pdf"
"92705","https://www.town.ichikai.tochigi.jp/info/1810","https://www.town.ichikai.tochigi.jp/info/1810 | https://www.town.ichikai.tochigi.jp/forms/contactaccept/edit/info/1810"
"92709","https://www.city.kasai.hyogo.jp/soshiki/20/1939.html","https://www.city.kasai.hyogo.jp/soshiki/20/1939.html"
"92710","https://www.city.shimonoseki.lg.jp/uploaded/attachment/83741.pdf","https://www.shimonoseki-port.com/126259.html | https://www.city.shimonoseki.lg.jp/uploaded/attachment/83741.pdf"
"92711","https://www.city.saito.lg.jp/%E8%A5%BF%E9%83%BD%E5%B8%82%E9%AB%98%E5%BA%A6%E5%85%88%E7%AB%AF%E7%94%A3%E6%A5%AD%E5%B0%8E%E5%85%A5%E4%BF%83%E9%80%B2%E8%A3%9C%E5%8A%A9%E9%87%91.pdf","https://www.city.saito.lg.jp/sangyo/post_1734.html | https://www.city.saito.lg.jp/%E8%A5%BF%E9%83%BD%E5%B8%82%E9%AB%98%E5%BA%A6%E5%85%88%E7%AB%AF%E7%94%A3%E6%A5%AD%E5%B0%8E%E5%85%A5%E4%BF%83%E9%80%B2%E8%A3%9C%E5%8A%A9%E9%87%91.pdf"
"92712","https://www.city.fussa.tokyo.jp/life/disaster/crimepreven/1010358.html","https://www.city.fussa.tokyo.jp/life/disaster/crimepreven/1010358.html"
"92714","https://www.city.komae.tokyo.jp/index.cfm/41,127297,313,2006,html","https://www.city.komae.tokyo.jp/index.cfm/41,127297,313,2006,html"
"92715","https://www.town.kawaminami.miyazaki.jp/uploaded/attachment/6942.pdf","https://www.town.kawaminami.miyazaki.jp/soshiki/1/13708.html | https://www.town.kawaminami.miyazaki.jp/uploaded/attachment/6942.pdf"
"92718","https://www.city.yamaguchi.lg.jp/soshiki/65/170361.html","https://www.city.yamaguchi.lg.jp/soshiki/65/170361.html"
"92720","https://www.town.onagawa.miyagi.jp/05_15_03_05.html","https://www.town.onagawa.miyagi.jp/05_15_03_05.html"
"92723","https://www.city.adachi.tokyo.jp/kankyo/kurashi/kankyo/ondanka-j-h24-led.html","https://www.city.adachi.tokyo.jp/kankyo/kurashi/kankyo/ondanka-j-h24-led.html"
"92725","https://www.town.koryo.nara.jp/0000007263.html","https://www.town.koryo.nara.jp/0000007263.html"
"92727","https://www.city.yame.fukuoka.jp/material/files/group/45/dougaseisaku.pdf","https://www.city.yame.fukuoka.jp/jigyosha/3/12540.html | https://www.city.yame.fukuoka.jp/material/files/group/45/dougaseisaku.pdf | https://www.city.yame.fukuoka.jp/cgi-bin/inquiry.php/66?page_no=12540"
"92724","https://www.city.dazaifu.lg.jp/soshiki/26/20326.html","https://www.city.dazaifu.lg.jp/soshiki/26/20326.html | https://www.city.dazaifu.lg.jp/form/detail.php?sec_sec1=27&lif_id=41101&check"
"92731","https://www.city.minamikyushu.lg.jp/shigoto_sangyo/nogyo_ringyo_suisangyo/1/9035.html","https://www.city.minamikyushu.lg.jp/shigoto_sangyo/nogyo_ringyo_suisangyo/1/9035.html"
"92730","https://www.city.iwaki.lg.jp//www/contents/1742341219969/index.html","https://www.city.iwaki.lg.jp//www/contents/1742341219969/index.html"
"92729","https://www.town.koryo.nara.jp/0000007267.html","https://www.town.koryo.nara.jp/0000007267.html"
"92732","https://www.city.tomakomai.hokkaido.jp/kigyoritchi/oshirase/r7support.html","https://www.city.tomakomai.hokkaido.jp/kigyoritchi/oshirase/r7support.html"
"92733","https://www.city.izumo.shimane.jp/www/contents/1706059714053/index.html","https://www.city.izumo.shimane.jp/www/contents/1706059714053/index.html"
"92736","https://www.city.iwaki.lg.jp/www/contents/1739945296391/files/shisanmokuzai_youkou_gaiyou.pdf","https://www.city.iwaki.lg.jp//www/contents/1739945296391/index.html | https://www.city.iwaki.lg.jp/www/contents/1739945296391/files/shisanmokuzai_youkou_gaiyou.pdf | https://www.city.iwaki.lg.jp/inquiry/mailform"
"92738","https://www.city.matsue.lg.jp/sangyo_business/sangyoshinko/seizou_shien/22482.html","https://www.city.matsue.lg.jp/sangyo_business/sangyoshinko/seizou_shien/22482.html"
"92739","https://www.city.odate.lg.jp/city/soshiki/k-kentikusidou/p11761","https://www.city.odate.lg.jp/city/soshiki/k-kentikusidou/p11761"
"92740","https://www.city.toyohashi.lg.jp/secure/9121/chirashi5.pdf","https://www.city.toyohashi.lg.jp/item/117211.htm#itemid117211 | https://www.city.toyohashi.lg.jp/secure/9121/chirashi5.pdf"
"92741","https://www.city.fukushima-date.lg.jp/uploaded/attachment/69407.pdf","https://www.city.fukushima-date.lg.jp/soshiki/86/77420.html | https://www.city.fukushima-date.lg.jp/uploaded/attachment/69407.pdf | https://www.city.fukushima-date.lg.jp/form/detail.php?sec_sec1=86&lif_id=77420&check"
"92745","https://www.city.matsue.lg.jp/material/files/group/26/R7_kakuho_youryou.pdf","https://www.city.matsue.lg.jp/soshikikarasagasu/sangyokeizaibu_matsuesangyoshiencenter/22473.html | https://www.city.matsue.lg.jp/material/files/group/26/R7_kakuho_youryou.pdf"
"92743","https://town.nakatane.kagoshima.jp/koho/machinojoho/koho-kocho/oshirase/documents/nakatanetyoukeikaku.pdf","http://town.nakatane.kagoshima.jp/koho/machinojoho/koho-kocho/oshirase/sougyousien.html | https://town.nakatane.kagoshima.jp/koho/machinojoho/koho-kocho/oshirase/documents/nakatanetyoukeikaku.pdf"
"92747","https://www.city.toyohashi.lg.jp/item/117211.htm#itemid117211","https://www.city.toyohashi.lg.jp/item/117211.htm#itemid117211"
"92748","https://www.city.fukushima-date.lg.jp/uploaded/attachment/69406.pdf","https://www.city.fukushima-date.lg.jp/soshiki/86/77421.html | https://www.city.fukushima-date.lg.jp/uploaded/attachment/69406.pdf | https://www.city.fukushima-date.lg.jp/form/detail.php?sec_sec1=86&lif_id=77421&check"
"92746","https://www.city.odate.lg.jp/uploads/public/pages_0000011762_00/%E3%83%90%E3%83%AA%E3%82%A2%E3%83%95%E3%83%AA%E3%83%BC/Q&A%E9%9B%86.pdf","https://www.city.odate.lg.jp/city/soshiki/k-kentikusidou/p11762 | https://www.city.odate.lg.jp/uploads/public/pages_0000011762_00/%E3%83%90%E3%83%AA%E3%82%A2%E3%83%95%E3%83%AA%E3%83%BC/Q&A%E9%9B%86.pdf | https://www.city.odate.lg.jp/uploads/public/pages_0000011762_00/%E3%83%90%E3%83%AA%E3%82%A2%E3%83%95%E3%83%AA%E3%83%BC/R7_%E3%81%BE%E3%81%A1%E3%81%B0%E3%82%8A%E3%83%91%E3%83%B3%E3%83%95%E3%83%AC%E3%83%83%E3%83%88%EF%BC%88Web%E7%94%A8%EF%BC%89.pdf"
"92752","https://www.city.tomakomai.hokkaido.jp/kigyoritchi/oshirase/r7support.html","https://www.city.tomakomai.hokkaido.jp/kigyoritchi/oshirase/r7support.html"
"92753","https://www.city-nakatsu.jp/doc/2025031800076/file_contents/R7_chirashi.pdf","https://www.city-nakatsu.jp/doc/2025031800076/ | https://www.city-nakatsu.jp/doc/2025031800076/file_contents/R7_chirashi.pdf"
"92754","https://www.town.minabe.lg.jp/shigoto/03/2025-0325-1313-27.html","https://www.town.minabe.lg.jp/shigoto/03/2025-0325-1313-27.html"
"92755","https://www.city.tsubame.niigata.jp/soshiki/sangyo_shinko/2/shien/seido/shienseido/19479.html","https://www.city.tsubame.niigata.jp/soshiki/sangyo_shinko/2/shien/seido/shienseido/19479.html | https://logoform.jp/form/JYpZ/75841"
"92758","https://www.city.tsubame.niigata.jp/material/files/group/16/01sangyokankochirashi.pdf","https://www.city.tsubame.niigata.jp/kogyo/kanko/5/4000.html | https://www.city.tsubame.niigata.jp/material/files/group/16/01sangyokankochirashi.pdf"
"92756","https://www.city.kunitachi.tokyo.jp/material/files/group/49/R6kigyoplansupport_shirashi.pdf","https://www.city.kunitachi.tokyo.jp/machi/sangyo/kakusyujyosei/10062.html | https://www.city.kunitachi.tokyo.jp/material/files/group/49/R6kigyoplansupport_shirashi.pdf"
"92759","https://www.city.tomakomai.hokkaido.jp/kigyoritchi/oshirase/r7support.html","https://www.city.tomakomai.hokkaido.jp/kigyoritchi/oshirase/r7support.html"
"92761","https://www.pref.shiga.lg.jp/ippan/shigotosangyou/chikusan/343310.html","https://www.pref.shiga.lg.jp/ippan/shigotosangyou/chikusan/343310.html"
"92760","https://www.town.kikonai.hokkaido.jp/gyosei/zerocarbon/kigyosyoene.html","https://www.town.kikonai.hokkaido.jp/gyosei/zerocarbon/kigyosyoene.html"
"92762","https://www.city.tsubame.niigata.jp/material/files/group/16/Kyoryokuchirashi05.pdf","https://www.city.tsubame.niigata.jp/kogyo/kanko/5/14339.html | https://www.city.tsubame.niigata.jp/material/files/group/16/Kyoryokuchirashi05.pdf"
"92763","https://www.city.fukuchiyama.lg.jp/soshiki/26/11165.html","https://www.city.fukuchiyama.lg.jp/soshiki/26/11165.html"
"92764","https://www.city.higashine.yamagata.jp/news/2320","https://www.city.higashine.yamagata.jp/news/2320"
"92772","https://www.town.mashiki.lg.jp/kiji0037304/index.html","https://www.town.mashiki.lg.jp/kiji0037304/index.html"
"92768","https://www.city.fukuchiyama.lg.jp/soshiki/26/56339.html","https://www.city.fukuchiyama.lg.jp/soshiki/26/56339.html"
"92769","https://www.city.kiryu.lg.jp/kurashi/kankyo/1014480/1018543/1018547.html","https://www.city.kiryu.lg.jp/kurashi/kankyo/1014480/1018543/1018547.html"
"92775","https://www.town.chiyoda.gunma.jp/kensetsu/toshi/post-683.html","https://www.town.chiyoda.gunma.jp/kensetsu/toshi/post-683.html"
"92780","https://www.pref.akita.lg.jp/uploads/public/archive_0000088363_00/%EF%BC%AD%EF%BC%86%EF%BC%A1%E6%94%AF%E6%8F%B4%E4%BA%8B%E6%A5%AD%E3%83%81%E3%83%A9%E3%82%B7R7.pdf","https://www.pref.akita.lg.jp/pages/archive/88363 | https://www.pref.akita.lg.jp/uploads/public/archive_0000088363_00/%EF%BC%AD%EF%BC%86%EF%BC%A1%E6%94%AF%E6%8F%B4%E4%BA%8B%E6%A5%AD%E3%83%81%E3%83%A9%E3%82%B7R7.pdf"
"92776","https://www.city.kiryu.lg.jp/shisei/keikaku/1018149/1019089/1023238/1024877.html","https://www.city.kiryu.lg.jp/shisei/keikaku/1018149/1019089/1023238/1024877.html"
"92788","https://www.city.kitami.lg.jp/common/img/content/content_20250314_112132.pdf","https://www.city.kitami.lg.jp/administration/work/detail.php?content=13360 | https://www.city.kitami.lg.jp/common/img/content/content_20250314_112132.pdf"
"92792","https://www.saitamadx.com/uploads/2025/04/250403_toda_hojokin_tirashi.pdf","https://www.city.toda.saitama.jp/soshiki/214/keizai-dxhojyo.html | https://www.saitamadx.com/uploads/2025/04/250403_toda_hojokin_tirashi.pdf"
"92790","https://www.city.oda.lg.jp/update_info/9521","https://www.city.oda.lg.jp/update_info/9521"
"92793","https://www.pref.okayama.jp/page/965920.html","https://www.pref.okayama.jp/page/965920.html"
"92801","https://www.pref.niigata.lg.jp/site/chiikishinko/r7-kigyorenkeiproject.html","https://www.pref.niigata.lg.jp/site/chiikishinko/r7-kigyorenkeiproject.html"
"92797","https://www.town.okuizumo.shimane.jp/www/contents/1743496685411/index.html","https://www.town.okuizumo.shimane.jp/www/contents/1743496685411/index.html"
"92808","https://www.city.katsushika.lg.jp/business/1000011/1034399/1032622/index.html","https://www.city.katsushika.lg.jp/business/1000011/1034399/1032622/index.html | https://www.city.katsushika.lg.jp/cgi-bin2/contacts/G051401/agreement"
"92809","https://www.city.fuji.shizuoka.jp/sangyo/0313/MIERU.html","https://www.city.fuji.shizuoka.jp/sangyo/0313/MIERU.html"
"92803","https://www.pref.iwate.jp/sangyoukoyou/sangyoushinkou/chiiki/antenna/1082565.html","https://www.pref.iwate.jp/sangyoukoyou/sangyoushinkou/chiiki/antenna/1082565.html"
"92818","https://www.city.yaita.tochigi.jp/site/discoveryaita/shugyoeventhojyo.html","https://www.city.yaita.tochigi.jp/site/discoveryaita/shugyoeventhojyo.html"
"92813","https://www.city.nasushiobara.tochigi.jp/machizukuri/kankyo/kikouhendoutaisaku/jigyousya/21677.html","https://www.city.nasushiobara.tochigi.jp/machizukuri/kankyo/kikouhendoutaisaku/jigyousya/21677.html"
"92819","https://www.city.wakkanai.hokkaido.jp/kyoiku/supotsushogaigakushu/bunkarekishi/bunka_hojo.html?u=1743648852","https://www.city.wakkanai.hokkaido.jp/kyoiku/supotsushogaigakushu/bunkarekishi/bunka_hojo.html?u=1743648852"
"92821","http://www.town.yakage.okayama.jp/life/kankyo/hojyo.html#article11","http://www.town.yakage.okayama.jp/life/kankyo/hojyo.html#article11"
"92820","http://www.town.yakage.okayama.jp/life/kankyo/hojyo.html#article10","http://www.town.yakage.okayama.jp/life/kankyo/hojyo.html#article10"
"92824","https://www.pref.oita.jp/site/chiikimiraisozo/gaiyo.html","https://www.pref.oita.jp/site/chiikimiraisozo/gaiyo.html"
"92829","https://www.town.shiraoi.hokkaido.jp/fs/5/4/0/3/5/_/_HP____R7___________________.pdf","https://www.town.shiraoi.hokkaido.jp/docs/6796.html | https://www.town.shiraoi.hokkaido.jp/fs/5/4/0/3/5/_/_HP____R7___________________.pdf"
"92827","https://www.city.yaita.tochigi.jp/site/discoveryaita/seikikoyosokushin.html","https://www.city.yaita.tochigi.jp/site/discoveryaita/seikikoyosokushin.html"
"92826","https://www.pref.shimane.lg.jp/industry/norin/nougyo/nougyo_shien/hojyojigyou/tiikisyudougatasantisouseisienjigyou/","https://www.pref.shimane.lg.jp/industry/norin/nougyo/nougyo_shien/hojyojigyou/tiikisyudougatasantisouseisienjigyou/"
"92833","https://www.city.ibaraki.osaka.jp/material/files/group/97/R7kyoudoujyuutakuri-furetto.pdf","https://www.city.ibaraki.osaka.jp/kikou/toshiseibi/kyojuuseisaku/menu/taisin/kyodo_taishinhojo.html | https://www.city.ibaraki.osaka.jp/material/files/group/97/R7kyoudoujyuutakuri-furetto.pdf"
"92839","https://www.town.kurate.lg.jp/business/kodomonoibasyodukurijigyouhojokinn.html","https://www.town.kurate.lg.jp/business/kodomonoibasyodukurijigyouhojokinn.html"
"92836","https://www.pref.toyama.jp/documents/27372/tinage_r70108.pdf","https://www.pref.toyama.jp/130321/sangyou/roudou/roudoukoyou/chinagesupport.html | https://www.pref.toyama.jp/documents/27372/tinage_r70108.pdf | https://www.pref.toyama.jp/cgi-bin/simple_faq/form.cgi"
"92844","https://www.city.tsubame.niigata.jp/kurashi/kenchiku/1/205/4098.html","https://www.city.tsubame.niigata.jp/kurashi/kenchiku/1/205/4098.html | https://logoform.jp/form/JYpZ/75897"
"92848","https://www.city.tsubame.niigata.jp/material/files/group/18/kanrihuzenakiya_kkaitaikaisyuhp.pdf","https://www.city.tsubame.niigata.jp/kurashi/kenchiku/1/205/19483.html | https://www.city.tsubame.niigata.jp/material/files/group/18/kanrihuzenakiya_kkaitaikaisyuhp.pdf | https://logoform.jp/form/JYpZ/75897"
"92845","https://www.town.kawamata.lg.jp/site/jigyoshamuke/dojyobunnsekisindann2.html","https://www.town.kawamata.lg.jp/site/jigyoshamuke/dojyobunnsekisindann2.html"
"92852","https://www.town.arita.lg.jp/kiji0033137/index.html","https://www.town.arita.lg.jp/kiji0033137/index.html"
"92863","https://www.okachu.or.jp/wp-content/uploads/2025/04/4a16a785b47f84964f4f22056856410a.pdf","https://www.okachu.or.jp/2025/04/03/r7kumiaihojo/ | https://www.okachu.or.jp/wp-content/uploads/2025/04/4a16a785b47f84964f4f22056856410a.pdf"
"92853","https://www.city.toki.lg.jp/kurashi/kanky/1007050/1009688.html","https://www.city.toki.lg.jp/kurashi/kanky/1007050/1009688.html | https://logoform.jp/form/n9F9/136014"
"92864","https://www.town.aichi-higashiura.lg.jp/soshiki/shokonose/shokorosei/gyomu/jigyounushi/hojokin/14505.html","https://www.town.aichi-higashiura.lg.jp/soshiki/shokonose/shokorosei/gyomu/jigyounushi/hojokin/14505.html"
"92866","http://www.city.yotsukaido.chiba.jp/kenkofukushi/hoken_kenko/info/ykenko201903290907.html","http://www.city.yotsukaido.chiba.jp/kenkofukushi/hoken_kenko/info/ykenko201903290907.html | https://www.city.yotsukaido.chiba.jp/cgi-bin/formmail/formmail.cgi?d=kenko"
"92865","https://www.city.sendai.jp/kankokikaku/syukuhakujigyou/documents/chirashi_sougousienn.pdf","https://www.city.sendai.jp/kankokikaku/syukuhakujigyou/sougoushien.html | https://www.city.sendai.jp/kankokikaku/syukuhakujigyou/documents/chirashi_sougousienn.pdf"
"92868","https://www.vill.takayama.nagano.jp/docs/7495481.html","https://www.vill.takayama.nagano.jp/docs/7495481.html"
"92874","https://www.city.sabae.fukui.jp/kanko_sangyo/kigyoshien/kigyoshien/shien_boshu/family.html","https://www.city.sabae.fukui.jp/kanko_sangyo/kigyoshien/kigyoshien/shien_boshu/family.html"
"92879","https://www.pref.miyazaki.lg.jp/dorohozen/kurashi/shakaikiban/20220601163628.html","https://www.pref.miyazaki.lg.jp/dorohozen/kurashi/shakaikiban/20220601163628.html"
"92881","https://www.tokyo-aff.or.jp/site/forest/57639.html","https://www.tokyo-aff.or.jp/site/forest/57639.html"
"92883","https://www.sangyo-rodo.metro.tokyo.lg.jp/nourin/ringyou/kiiku/tama/sanzai/kokyo/","https://www.sangyo-rodo.metro.tokyo.lg.jp/nourin/ringyou/kiiku/tama/sanzai/kokyo/"
"92888","https://www.city.taito.lg.jp/kenchiku/kankyo/jyoseiseido/chalenge.files/jr7jigyousho.pdf","https://www.city.taito.lg.jp/kenchiku/kankyo/jyoseiseido/chalenge.html | https://www.city.taito.lg.jp/kenchiku/kankyo/jyoseiseido/chalenge.files/jr7jigyousho.pdf"
"92890","https://www.town.shiranuka.lg.jp/section/kikaku/h8v21a000000pehy.html","https://www.town.shiranuka.lg.jp/section/kikaku/h8v21a000000pehy.html"
"92894","https://kanazawa-hataraku.jp/employer/internship/","https://kanazawa-hataraku.jp/employer/internship/"
"92891","https://www.city.taito.lg.jp/kenchiku/kankyo/jyoseiseido/dannetsu.html","https://www.city.taito.lg.jp/kenchiku/kankyo/jyoseiseido/dannetsu.html"
"92896","https://www.pref.niigata.lg.jp/uploaded/life/737226_2306865_misc.pdf","https://www.pref.niigata.lg.jp/site/chiikishinko/r7monodukuri-jiba.html | https://www.pref.niigata.lg.jp/uploaded/life/737226_2306865_misc.pdf"
"92908","https://www.vill.minamiyamashiro.lg.jp/0000002932.html","https://www.vill.minamiyamashiro.lg.jp/0000002932.html"
"92898","https://www.pref.niigata.lg.jp/site/chiikishinko/r7dentokogeikyoka.html","https://www.pref.niigata.lg.jp/site/chiikishinko/r7dentokogeikyoka.html"
"92917","http://www.townhamanaka.jp/kakuka/juuminkankyouka/seikatukankyou/2025-0220-1654-52.html","http://www.townhamanaka.jp/kakuka/juuminkankyouka/seikatukankyou/2025-0220-1654-52.html"
"92910","https://www.city.shibukawa.lg.jp/shisei/seisaku_keikaku/chihousousei/p011292.html","https://www.city.shibukawa.lg.jp/shisei/seisaku_keikaku/chihousousei/p011292.html | https://www.city.shibukawa.lg.jp/viewer/opinion.html?T_Id_s=20105&T_IdCnt=11292%2C5&T_IdFaq=&idSubTop=0"
"92914","https://www.city.kitakata.fukushima.jp/site/syoukou/54197.html","https://www.city.kitakata.fukushima.jp/site/syoukou/54197.html"
"92919","https://www.city.kitakata.fukushima.jp/site/syoukou/54806.html#:~:text=%E4%BA%BA%E6%9D%90%E8%82%B2%E6%88%90%E6%94%AF%E6%8F%B4%E4%BA%8B%E6%A5%AD","https://www.city.kitakata.fukushima.jp/site/syoukou/54806.html#:~:text=%E4%BA%BA%E6%9D%90%E8%82%B2%E6%88%90%E6%94%AF%E6%8F%B4%E4%BA%8B%E6%A5%AD"
"92924","https://www.himeshima.jp/kurashi/sogyosien_hojokin/","https://www.himeshima.jp/kurashi/sogyosien_hojokin/"
"92923","https://www.city.nara.lg.jp/soshiki/97/10848.html","https://www.city.nara.lg.jp/soshiki/97/10848.html"
"92925","https://www.town.tsuwano.lg.jp/www/contents/1743577502425/index.html","https://www.town.tsuwano.lg.jp/www/contents/1743577502425/index.html"
"92926","https://www.city.chuo.lg.jp/a0041/machizukuri/toshikeikaku/machi/missyugaiku.html","https://www.city.chuo.lg.jp/a0041/machizukuri/toshikeikaku/machi/missyugaiku.html"
"92927","https://www.town.iide.yamagata.jp/001/keikan_gaiyou.pdf","https://www.town.iide.yamagata.jp/001/keikankeisei.html | https://www.town.iide.yamagata.jp/001/keikan_gaiyou.pdf"
"92931","https://www.town.iizuna.nagano.jp/docs/11879.html","https://www.town.iizuna.nagano.jp/docs/11879.html"
"92929","https://www.city.shibukawa.lg.jp/manage/contents/upload/67e6105e2a49a.pdf","https://www.city.shibukawa.lg.jp/sangyou/sangyou/syougyou/p008205.html | https://www.city.shibukawa.lg.jp/manage/contents/upload/67e6105e2a49a.pdf"
"92932","https://www.city.yame.fukuoka.jp/material/files/group/45/hojokinnchirasi.pdf","https://www.city.yame.fukuoka.jp/shisei/8/2/1457320378699.html | https://www.city.yame.fukuoka.jp/material/files/group/45/hojokinnchirasi.pdf"
"92933","https://www.city.miki.lg.jp/uploaded/attachment/49931.pdf","https://www.city.miki.lg.jp/soshiki/31/80285.html | https://www.city.miki.lg.jp/uploaded/attachment/49931.pdf"
"92935","https://www.city.tosa.lg.jp/life/detail.php?hdnKey=791","https://www.city.tosa.lg.jp/life/detail.php?hdnKey=791"
"92936","https://www.city.sado.niigata.jp/soshiki/2017/69814.html","https://www.city.sado.niigata.jp/soshiki/2017/69814.html"
"92937","https://www.city.gotemba.lg.jp/kurashi/b-7/b-7-5/18389.html","https://www.city.gotemba.lg.jp/kurashi/b-7/b-7-5/18389.html"
"92939","https://www.city.yame.fukuoka.jp/material/files/group/45/chuushoudx_chirashi02.pdf","https://www.city.yame.fukuoka.jp/soshiki/3/55/56/1/12541.html | https://www.city.yame.fukuoka.jp/material/files/group/45/chuushoudx_chirashi02.pdf"
"92938","https://www.city.sado.niigata.jp/uploaded/life/70061_119762_misc.pdf","https://www.city.sado.niigata.jp/soshiki/2017/70061.html | https://www.city.sado.niigata.jp/uploaded/life/70061_119762_misc.pdf"
"92941","https://www.town.koryo.nara.jp/cmsfiles/contents/0000007/7175/shinseihouhou_R5.pdf","https://www.town.koryo.nara.jp/0000007175.html | https://www.town.koryo.nara.jp/cmsfiles/contents/0000007/7175/shinseihouhou_R5.pdf"
"92945","https://www.city.oita.oita.jp/o183/shitsumon/gesuido/2025sisuibannhozyoseido.html","https://www.city.oita.oita.jp/o183/shitsumon/gesuido/2025sisuibannhozyoseido.html"
"92942","https://www.city.myoko.niigata.jp/fs/2/6/7/7/1/4/_/%E5%A6%99%E9%AB%98%E5%B8%82%E6%96%87%E5%8C%96%E3%83%BB%E3%82%B9%E3%83%9D%E3%83%BC%E3%83%84%E5%90%88%E5%AE%BF%E4%BF%83%E9%80%B2%E4%BA%8B%E6%A5%AD%E8%A3%9C%E5%8A%A9%E9%87%91%E4%BA%A4%E4%BB%98%E3%81%AE%E6%B5%81%E3%82%8C.pdf","https://www.city.myoko.niigata.jp/docs/67287.html | https://www.city.myoko.niigata.jp/fs/2/6/7/7/1/4/_/%E5%A6%99%E9%AB%98%E5%B8%82%E6%96%87%E5%8C%96%E3%83%BB%E3%82%B9%E3%83%9D%E3%83%BC%E3%83%84%E5%90%88%E5%AE%BF%E4%BF%83%E9%80%B2%E4%BA%8B%E6%A5%AD%E8%A3%9C%E5%8A%A9%E9%87%91%E4%BA%A4%E4%BB%98%E3%81%AE%E6%B5%81%E3%82%8C.pdf"
"92949","https://www.city.myoko.niigata.jp/docs/4786.html","https://www.city.myoko.niigata.jp/docs/4786.html"
"92948","https://www.city.miyakojima.lg.jp/soshiki/shityo/kankyoueisei/gesuidou/oshirase/2025-0403-1045-318.html","https://www.city.miyakojima.lg.jp/soshiki/shityo/kankyoueisei/gesuidou/oshirase/2025-0403-1045-318.html"
"92947","https://www.city.awa.lg.jp/docs/2025040200010/","https://www.city.awa.lg.jp/docs/2025040200010/"
"92951","https://www.city.ube.yamaguchi.jp/kosodate/kosodateouen/mokuteki/kosodateshien/1024881.html","https://www.city.ube.yamaguchi.jp/kosodate/kosodateouen/mokuteki/kosodateshien/1024881.html"
"92952","https://www.city.myoko.niigata.jp/docs/asubesuto.html","https://www.city.myoko.niigata.jp/docs/asubesuto.html"
"92956","https://www.city.shimotsuke.lg.jp/manage/contents/upload/67ef94d078110.pdf","https://www.city.shimotsuke.lg.jp/0115/info-0000009606-3.html | https://www.city.shimotsuke.lg.jp/manage/contents/upload/67ef94d078110.pdf"
"92959","https://www.city.tambasasayama.lg.jp/material/files/group/46/syougakukintirasi.pdf","https://www.city.tambasasayama.lg.jp/soshikikarasagasu/sozoutoshika/kigyoshinko/jimotoshushokusokushinjigyo/hojokinshoreikin/28514.html | https://www.city.tambasasayama.lg.jp/material/files/group/46/syougakukintirasi.pdf"
"92960","https://www.town.aomori-nanbu.lg.jp/page/8321.html","https://www.town.aomori-nanbu.lg.jp/page/8321.html"
"92963","https://www.town.yuza.yamagata.jp/archive/p20250402152610","https://www.town.yuza.yamagata.jp/archive/p20250402152610"
"92968","https://www.city.minamisatsuma.lg.jp/business/shigoto-sangyo/noringyo/e031133.html","https://www.city.minamisatsuma.lg.jp/business/shigoto-sangyo/noringyo/e031133.html"
"92969","https://www.town.kawanishi.yamagata.jp/sangyo/noringyo/ninteijosei.html","https://www.town.kawanishi.yamagata.jp/sangyo/noringyo/ninteijosei.html"
"92966","https://www.city.otsu.lg.jp/material/files/group/146/R7_hojyokinnitsuite.pdf","https://www.city.otsu.lg.jp/b/i/sk/ss/h/54625.html | https://www.city.otsu.lg.jp/material/files/group/146/R7_hojyokinnitsuite.pdf"
"92970","http://www.city.katsuyama.fukui.jp/soshiki/13/31929.html","http://www.city.katsuyama.fukui.jp/soshiki/13/31929.html | https://www.city.katsuyama.fukui.jp/form/detail.php?sec_sec1=14&check"
"92973","https://www.city.wajima.ishikawa.jp/docs/2025040200010/file_contents/file_20256183101227_1.pdf","https://www.city.wajima.ishikawa.jp/docs/2025040200010/ | https://www.city.wajima.ishikawa.jp/docs/2025040200010/file_contents/file_20256183101227_1.pdf"
"92972","https://www.city.fukui.lg.jp/sigoto/nourin/nougyou/nougyoujoseikatsuyaku.html","https://www.city.fukui.lg.jp/sigoto/nourin/nougyou/nougyoujoseikatsuyaku.html"
"92975","https://www.town.kusu.oita.jp/soshiki/syokokankoseisakuka/3/2/1/5800.html","https://www.town.kusu.oita.jp/soshiki/syokokankoseisakuka/3/2/1/5800.html"
"92976","https://www.city.fukui.lg.jp/sigoto/nourin/engei/p071315.html","https://www.city.fukui.lg.jp/sigoto/nourin/engei/p071315.html"
"92978","https://www.city.etajima.hiroshima.jp/cms/articles/show/10748","https://www.city.etajima.hiroshima.jp/cms/articles/show/10748"
"92982","https://www.city.fukui.lg.jp/sigoto/nourin/engei/p071315.html","https://www.city.fukui.lg.jp/sigoto/nourin/engei/p071315.html"
"92983","https://www.town.kawanishi.yamagata.jp/sangyo/syokogyo/sogyo27.html","https://www.town.kawanishi.yamagata.jp/sangyo/syokogyo/sogyo27.html"
"92984","https://www.city.fukui.lg.jp/sigoto/nourin/engei/p071315.html#%E7%94%A3%E5%9C%B0%E5%86%8D%E7%94%9F%E6%94%AF%E6%8F%B4%EF%BC%88%E3%83%AA%E3%83%8E%E3%83%99%E3%83%BC%E3%82%B7%E3%83%A7%E3%83%B3%E5%9E%8B%EF%BC%89","https://www.city.fukui.lg.jp/sigoto/nourin/engei/p071315.html#%E7%94%A3%E5%9C%B0%E5%86%8D%E7%94%9F%E6%94%AF%E6%8F%B4%EF%BC%88%E3%83%AA%E3%83%8E%E3%83%99%E3%83%BC%E3%82%B7%E3%83%A7%E3%83%B3%E5%9E%8B%EF%BC%89"
"92987","https://www.city.kobayashi.lg.jp/soshikikarasagasu/sogoseisakubuchihososeika/hojokin_joseikin/10010.html","https://www.city.kobayashi.lg.jp/soshikikarasagasu/sogoseisakubuchihososeika/hojokin_joseikin/10010.html"
"92997","https://www.city.atsugi.kanagawa.jp/soshiki/kenkozukurika/2_1/2_1/33747.html","https://www.city.atsugi.kanagawa.jp/soshiki/kenkozukurika/2_1/2_1/33747.html"
"92991","https://www.city.yokote.lg.jp/syoukougyo/1004374/1011989.html","https://www.city.yokote.lg.jp/syoukougyo/1004374/1011989.html"
"93003","https://www.town.oizumi.gunma.jp/s022/kurashi/010/030/120/20250325155428.html","https://www.town.oizumi.gunma.jp/s022/kurashi/010/030/120/20250325155428.html"
"92998","https://www.city.tsuruga.lg.jp/kurashi/sports/tetsuzuki/gekireihi.html","https://www.city.tsuruga.lg.jp/kurashi/sports/tetsuzuki/gekireihi.html"
"93004","https://www.city.kaizu.lg.jp/shisei/0000003639.html","https://www.city.kaizu.lg.jp/shisei/0000003639.html | https://www.city.kaizu.lg.jp/module/shareform.php?so_cd=1-2-0-0-0"
"93007","https://www.city.tochigi.lg.jp/soshiki/20/13599.html","https://www.city.tochigi.lg.jp/soshiki/20/13599.html"
"93006","https://www.city.sasebo.lg.jp/keizai/syouko/505senntan.html","https://www.city.sasebo.lg.jp/keizai/syouko/505senntan.html"
"93009","https://www.city.tochigi.lg.jp/soshiki/35/1655.html","https://www.city.tochigi.lg.jp/soshiki/35/1655.html"
"93011","https://www.city.abashiri.hokkaido.jp/uploaded/attachment/11110.pdf","https://www.city.abashiri.hokkaido.jp/soshiki/27/1006.html | https://www.city.abashiri.hokkaido.jp/uploaded/attachment/11110.pdf | https://www.city.abashiri.hokkaido.jp/uploaded/attachment/11099.pdf"
"93014","https://www.pref.saga.lg.jp/kiji003107730/3_107730_323112_up_bwzax67h.pdf","https://www.pref.saga.lg.jp/kiji003107730/index.html | https://www.pref.saga.lg.jp/kiji003107730/3_107730_323112_up_bwzax67h.pdf"
"93016","http://www.city.ryugasaki.ibaraki.jp/fukushi/fukushi/oshirase/idosuper.html","http://www.city.ryugasaki.ibaraki.jp/fukushi/fukushi/oshirase/idosuper.html | https://www.city.ryugasaki.ibaraki.jp/cgi-bin/formmail/formmail.cgi?d=140600"
"93017","https://www.city.minoh.lg.jp/syougaifukushi/topics/guide-hiyoujosei.html","https://www.city.minoh.lg.jp/syougaifukushi/topics/guide-hiyoujosei.html | https://www.city.minoh.lg.jp/cgi-bin/simple_faq/form.cgi"
"93019","https://www.vill.sai.lg.jp/status-initiatives/decarbonization/","https://www.vill.sai.lg.jp/status-initiatives/decarbonization/"
"93020","https://www.city.yamato.lg.jp/gyosei/soshik/40/sangyo/kigyoushien/hojokintou/24141.html","https://www.city.yamato.lg.jp/gyosei/soshik/40/sangyo/kigyoushien/hojokintou/24141.html"
"93021","https://www.city.konan.lg.jp/kurashi/nougyou/1005755/1017679.html","https://www.city.konan.lg.jp/kurashi/nougyou/1005755/1017679.html | https://www.city.konan.lg.jp/cgi-bin/contacts/g23217nosei"
"93023","https://www.pref.iwate.jp/kurashikankyou/fukushi/1083030/1063910.html","https://www.pref.iwate.jp/kurashikankyou/fukushi/1083030/1063910.html"
"93022","https://www.town.tsunan.niigata.jp/soshiki/fukushihoken/fukusihokentowntsunanniigatajp.html","https://www.town.tsunan.niigata.jp/soshiki/fukushihoken/fukusihokentowntsunanniigatajp.html"
"93027","http://www.town.fujisaki.lg.jp/index.cfm/9,20837,c,html/20837/20250401-084606.pdf","http://www.town.fujisaki.lg.jp/index.cfm/9,20837,78,348,html | http://www.town.fujisaki.lg.jp/index.cfm/9,20837,c,html/20837/20250401-084606.pdf"
"93025","https://www.city.seto.aichi.jp/docs/2025/03/10/00505309213/files/01_annai.pdf","https://www.city.seto.aichi.jp/docs/2025/03/10/00505309213/00505309213.html | https://www.city.seto.aichi.jp/docs/2025/03/10/00505309213/files/01_annai.pdf"
"93024","http://www.town.fujisaki.lg.jp/index.cfm/9,20849,c,html/20849/20250401-084814.pdf","http://www.town.fujisaki.lg.jp/index.cfm/9,20849,78,348,html | http://www.town.fujisaki.lg.jp/index.cfm/9,20849,c,html/20849/20250401-084814.pdf"
"93029","https://www.town.nankan.lg.jp/kenko/iryo/oshirase/3931.html","https://www.town.nankan.lg.jp/kenko/iryo/oshirase/3931.html"
"93031","https://www.city.ukiha.fukuoka.jp/kiji0038007/index.html","https://www.city.ukiha.fukuoka.jp/kiji0038007/index.html"
"93030","https://www.city.ukiha.fukuoka.jp/kiji0038007/index.html","https://www.city.ukiha.fukuoka.jp/kiji0038007/index.html"
"93033","https://www.city.ukiha.fukuoka.jp/kiji0038007/index.html","https://www.city.ukiha.fukuoka.jp/kiji0038007/index.html"
"93036","https://www.city.noshiro.lg.jp/sangyo/shogyo/hojo/25535","https://www.city.noshiro.lg.jp/sangyo/shogyo/hojo/25535"
"93038","https://www.city.higashiyamato.lg.jp/kurashi/soudanpet/1002255/1002259.html","https://www.city.higashiyamato.lg.jp/kurashi/soudanpet/1002255/1002259.html"
"93043","https://www.city.kai.yamanashi.jp/soshikinogoannai/datutansosyakaisuisinka/seisakusuishin/13691.html","https://www.city.kai.yamanashi.jp/soshikinogoannai/datutansosyakaisuisinka/seisakusuishin/13691.html"
"93045","https://www.city.hamada.shimane.jp/www/contents/1743399049220/index.html","https://www.city.hamada.shimane.jp/www/contents/1743399049220/index.html"
"93046","https://www.city.osaka-izumi.lg.jp/material/files/group/29/hppanhu.pdf","https://www.city.osaka-izumi.lg.jp/kakukano/sangyoubu/sangyosinkositu/nourin/ringyou/hojyokin/21627.html | https://www.city.osaka-izumi.lg.jp/material/files/group/29/hppanhu.pdf"
"93050","http://www.city.tokushima.tokushima.jp/jogesuidokyoku/information/namari.html","http://www.city.tokushima.tokushima.jp/jogesuidokyoku/information/namari.html"
"93053","https://www.city.yamatokoriyama.lg.jp/material/files/group/19/syatakukakuhoouennkyuuhukintirasi.pdf","https://www.city.yamatokoriyama.lg.jp/shigoto_sangyo/sangyo/kigyoshien_yugusochi/16144.html | https://www.city.yamatokoriyama.lg.jp/material/files/group/19/syatakukakuhoouennkyuuhukintirasi.pdf"
"93052","https://www.city.yamatokoriyama.lg.jp/material/files/group/19/syouenehojokintirasi.pdf","https://www.city.yamatokoriyama.lg.jp/shigoto_sangyo/sangyo/kigyoshien_yugusochi/16143.html | https://www.city.yamatokoriyama.lg.jp/material/files/group/19/syouenehojokintirasi.pdf"
"93054","https://www.city.ayabe.lg.jp/0000002702.html","https://www.city.ayabe.lg.jp/0000002702.html"
"93057","https://www.city.adachi.tokyo.jp/s-shinko/shigoto/chushokigyo/onlineshopsubsidy.html","https://www.city.adachi.tokyo.jp/s-shinko/shigoto/chushokigyo/onlineshopsubsidy.html"
"93056","https://www.city.nasushiobara.tochigi.jp/soshikikarasagasu/cn/jigyosya/3/19347.html","https://www.city.nasushiobara.tochigi.jp/soshikikarasagasu/cn/jigyosya/3/19347.html"
"93058","https://medical-valley.jp/news/20250327/6762/","https://medical-valley.jp/news/20250327/6762/"
"93064","https://www.vill.sai.lg.jp/status-initiatives/decarbonization/","https://www.vill.sai.lg.jp/status-initiatives/decarbonization/"
"93059","https://www.city.yaita.tochigi.jp/uploaded/attachment/21365.pdf","https://www.city.yaita.tochigi.jp/soshiki/seikatsukankyou/rishihokyuu-hojo.html | https://www.city.yaita.tochigi.jp/uploaded/attachment/21365.pdf"
"93071","https://www.city.kagoshima.lg.jp/koyosuishin/syogakukindairihenkanr07.html","https://www.city.kagoshima.lg.jp/koyosuishin/syogakukindairihenkanr07.html | https://www.city.kagoshima.lg.jp/cgi-bin/faq/form.cgi"
"93074","https://www.city.otsu.lg.jp/b/i/sk/s/h/54504.html","https://www.city.otsu.lg.jp/b/i/sk/s/h/54504.html"
"93065","https://www.tcvb.or.jp/jp/project/infra/welcome-foreigner/","https://www.tcvb.or.jp/jp/project/infra/welcome-foreigner/"
"93076","https://www.ccjc-net.or.jp/cmsfiles/contents/0000003/3792/01R7chirashi.pdf","https://www.ccjc-net.or.jp/contents_detail.php?frmId=3792 | https://www.ccjc-net.or.jp/cmsfiles/contents/0000003/3792/01R7chirashi.pdf"
"93077","https://www.pref.yamagata.jp/110009/sangyo/rodo/jigyosha/gaikokujin_ukeireshien.html","https://www.pref.yamagata.jp/110009/sangyo/rodo/jigyosha/gaikokujin_ukeireshien.html"
"93078","https://www.pref.fukui.lg.jp/doc/sokou/jitennshanoeki.html","https://www.pref.fukui.lg.jp/doc/sokou/jitennshanoeki.html"
"93083","https://www.city.adachi.tokyo.jp/chiiki/chiikibunka/kuminsanka/chokai-chinsyakuryo.html","https://www.city.adachi.tokyo.jp/chiiki/chiikibunka/kuminsanka/chokai-chinsyakuryo.html"
"93081","https://www.pref.fukui.lg.jp/doc/sokou/ibenntohojo.html","https://www.pref.fukui.lg.jp/doc/sokou/ibenntohojo.html"
"93082","https://www.city.sabae.fukui.jp/kurashi_tetsuduki/kokyokotsu/KoNigi01.html","https://www.city.sabae.fukui.jp/kurashi_tetsuduki/kokyokotsu/KoNigi01.html"
"93085","https://www.city.tamura.lg.jp/soshiki/1/kyuusokuzyuudenn_1.html","https://www.city.tamura.lg.jp/soshiki/1/kyuusokuzyuudenn_1.html"
"93096","https://www.town.yamanobe.yamagata.jp/soshiki/35/miryokuhojyo7.html","https://www.town.yamanobe.yamagata.jp/soshiki/35/miryokuhojyo7.html"
"93097","https://www.satsuma-net.jp/material/files/group/7/R7gaiyou.pdf","https://www.satsuma-net.jp/soshiki/yakuba/1006/2/carbon_neutral/6329.html | https://www.satsuma-net.jp/material/files/group/7/R7gaiyou.pdf | https://www.satsuma-net.jp/cgi-bin/inquiry.php/17?page_no=9223"
"93102","https://www.town.itayanagi.aomori.jp/info/info-details.php?id=4107","https://www.town.itayanagi.aomori.jp/info/info-details.php?id=4107"
"93106","http://mishimamura.com/%e8%bb%8a%e6%a4%9c%e6%99%82%e3%81%ae%e8%87%aa%e5%8b%95%e8%bb%8a%e8%88%aa%e9%80%81%e9%81%8b%e8%b3%83%e5%8a%a9%e6%88%90%e3%81%ab%e3%81%a4%e3%81%84%e3%81%a6-2/","http://mishimamura.com/%e8%bb%8a%e6%a4%9c%e6%99%82%e3%81%ae%e8%87%aa%e5%8b%95%e8%bb%8a%e8%88%aa%e9%80%81%e9%81%8b%e8%b3%83%e5%8a%a9%e6%88%90%e3%81%ab%e3%81%a4%e3%81%84%e3%81%a6-2/"
"93105","http://www.town.eiheiji.lg.jp/200/212/213/p010721.html","http://www.town.eiheiji.lg.jp/200/212/213/p010721.html"
"93107","https://www.town.tawaramoto.nara.jp/mokuteki_bamen/gomi/recycle/recycle/other/18755.html","https://www.town.tawaramoto.nara.jp/mokuteki_bamen/gomi/recycle/recycle/other/18755.html"
"93108","https://www.town.miyazaki-misato.lg.jp/kiji0031162/index.html","https://www.town.miyazaki-misato.lg.jp/kiji0031162/index.html"
"93109","http://www.town.eiheiji.lg.jp/200/212/213/p010732.html","http://www.town.eiheiji.lg.jp/200/212/213/p010732.html"
"93116","https://www.town.horonobe.lg.jp/www4/section/sangyo/le009f000001vnh6.html","https://www.town.horonobe.lg.jp/www4/section/sangyo/le009f000001vnh6.html"
"93114","https://www.vill-nakajima.jp/page/page001382.html","https://www.vill-nakajima.jp/page/page001382.html"
"93119","https://www.city.kochi-konan.lg.jp/sangyo_machizukuri/sangyoshinko/chushokigyonadoshien/1/3935.html","https://www.city.kochi-konan.lg.jp/sangyo_machizukuri/sangyoshinko/chushokigyonadoshien/1/3935.html"
"93120","https://www.town.taketoyo.lg.jp/kurashi/1001508/1001591/1003726/1005553.html","https://www.town.taketoyo.lg.jp/kurashi/1001508/1001591/1003726/1005553.html"
"93123","https://www.city.fukui.lg.jp/sigoto/nourin/engei/p071337.html","https://www.city.fukui.lg.jp/sigoto/nourin/engei/p071337.html"
"93124","https://www.city.date.hokkaido.jp/hotnews/detail/00000720.html","https://www.city.date.hokkaido.jp/hotnews/detail/00000720.html"
"93125","https://www.city.tsuruga.lg.jp/about_city/news_from_division/kikakuseisaku_bu/h-sousei_ka/dejitarusien.files/tirasi.pdf","https://www.city.tsuruga.lg.jp/about_city/news_from_division/kikakuseisaku_bu/h-sousei_ka/dejitarusien.html | https://www.city.tsuruga.lg.jp/about_city/news_from_division/kikakuseisaku_bu/h-sousei_ka/dejitarusien.files/tirasi.pdf | https://www.city.tsuruga.lg.jp/cgi-bin/formmail/formmail.cgi?d=0313000"
"93126","https://www.city.kitakami.iwate.jp/material/files/group/22/syouenetirasi.pdf","https://www.city.kitakami.iwate.jp/life/soshikikarasagasu/sangyokoyoshienka/kogyokakari/3/27911.html | https://www.city.kitakami.iwate.jp/material/files/group/22/syouenetirasi.pdf"
"93127","https://www.city.fukui.lg.jp/sigoto/syoukou/kigyoka/p071260_d/fil/chirashiR7.pdf","https://www.city.fukui.lg.jp/sigoto/syoukou/kigyoka/p071260.html | https://www.city.fukui.lg.jp/sigoto/syoukou/kigyoka/p071260_d/fil/chirashiR7.pdf"
"93130","https://www.city.mutsu.lg.jp/bunka/sports/event/hojokin/2025-0407-1726-43.html","https://www.city.mutsu.lg.jp/bunka/sports/event/hojokin/2025-0407-1726-43.html"
"93134","https://www.hiezu.jp/list/kensetsu-san/m145/r445","https://www.hiezu.jp/list/kensetsu-san/m145/r445"
"93137","http://www.town.tsuruta.lg.jp/etc/document/R7josei_chirashi.pdf","https://www.town.tsuruta.lg.jp/info/post-1070.html | http://www.town.tsuruta.lg.jp/etc/document/R7josei_chirashi.pdf"
"93139","https://www.city.inazawa.aichi.jp/cmsfiles/contents/0000004/4598/tirasi.pdf","https://www.city.inazawa.aichi.jp/0000004598.html | https://www.city.inazawa.aichi.jp/cmsfiles/contents/0000004/4598/tirasi.pdf"
"93142","https://www.city.abashiri.hokkaido.jp/soshiki/2/13919.html","https://www.city.abashiri.hokkaido.jp/soshiki/2/13919.html"
"93140","https://www.esashi.jp/health/care/salon.html","https://www.esashi.jp/health/care/salon.html"
"93143","https://www.city.abashiri.hokkaido.jp/soshiki/2/13927.html","https://www.city.abashiri.hokkaido.jp/soshiki/2/13927.html"
"93151","https://www.city.sumida.lg.jp/sangyo_jigyosya/sangyo/hojokin_joseikin/led.files/chirashi_2025.pdf","https://www.city.sumida.lg.jp/sangyo_jigyosya/sangyo/hojokin_joseikin/led.html | https://www.city.sumida.lg.jp/sangyo_jigyosya/sangyo/hojokin_joseikin/led.files/chirashi_2025.pdf"
"93149","https://www.city.shima.mie.jp/kakuka/suisannourin/norinka/nourinkaoshirase/7828.html","https://www.city.shima.mie.jp/kakuka/suisannourin/norinka/nourinkaoshirase/7828.html"
"93152","https://www.pref.tokushima.lg.jp/jigyoshanokata/sangyo/shushokushien/7303331/","https://www.pref.tokushima.lg.jp/jigyoshanokata/sangyo/shushokushien/7303331/"
"93153","https://www.bunka.go.jp/seisaku/bunka_gyosei/bunkakanko/pdf/94199201_19.pdf","https://www.bunka.go.jp/seisaku/bunka_gyosei/bunkakanko/index.html#:~:text=%E6%96%87%E5%8C%96%E8%8A%B8%E8%A1%93%E6%8C%AF%E8%88%88%E8%B2%BB%E8%A3%9C%E5%8A%A9%E9%87%91%EF%BC%88%E6%96%87%E5%8C%96%E8%A6%B3%E5%85%89%E6%8B%A0%E7%82%B9%E6%96%BD%E8%A8%AD%E3%82%92%E4%B8%AD%E6%A0%B8%E3%81%A8%E3%81%97%E3%81%9F%E5%9C%B0%E5%9F%9F%E3%81%AB%E3%81%8A%E3%81%91%E3%82%8B%E6%96%87%E5%8C%96%E8%A6%B3%E5%85%89%E6%8E%A8%E9%80%B2%E4%BA%8B%E6%A5%AD%EF%BC%89 | https://www.bunka.go.jp/seisaku/bunka_gyosei/bunkakanko/pdf/94199201_19.pdf"
"93156","http://www.town.okagaki.lg.jp/s047/ninchishou/010/20170404081009.html","http://www.town.okagaki.lg.jp/s047/ninchishou/010/20170404081009.html"
"93167","https://www.city.hamamatsu.shizuoka.jp/nousei/portal/yusyutsu/kaigaihannro.html","https://www.city.hamamatsu.shizuoka.jp/nousei/portal/yusyutsu/kaigaihannro.html"
"93168","https://www.pref.kochi.lg.jp/doc/2025030400185/","https://www.pref.kochi.lg.jp/doc/2025030400185/"
"93171","https://www.pref.oita.jp/uploaded/attachment/2242700.pdf","https://www.pref.oita.jp/soshiki/14330/seisyainnka-syoureikin2025.html | https://www.pref.oita.jp/uploaded/attachment/2242700.pdf"
"93172","https://www.pref.yamagata.jp/documents/21189/r7flyer-tingin.pdf","https://www.pref.yamagata.jp/110009/sangyo/rodo/seishainkasuishin/tinginkojo20210401.html | https://www.pref.yamagata.jp/documents/21189/r7flyer-tingin.pdf | https://www.pref.yamagata.jp/documents/21189/r7flyer-seishain.pdf"
"93175","https://www.city.sumida.lg.jp/sangyo_jigyosya/sangyo/hojokin_joseikin/hannkaku.html","https://www.city.sumida.lg.jp/sangyo_jigyosya/sangyo/hojokin_joseikin/hannkaku.html"
"93173","https://www.city.fukuchiyama.lg.jp/uploaded/attachment/46939.pdf","https://www.city.fukuchiyama.lg.jp/soshiki/78/54943.html | https://www.city.fukuchiyama.lg.jp/uploaded/attachment/46939.pdf"
"93178","https://www.city.hamamatsu.shizuoka.jp/sangyoshinko/shougyo/kadai-kaiketsu2.html","https://www.city.hamamatsu.shizuoka.jp/sangyoshinko/shougyo/kadai-kaiketsu2.html"
"93182","https://www.city.sakaiminato.lg.jp/index.php?view=118310","https://www.city.sakaiminato.lg.jp/index.php?view=118310"
"93194","https://www.pref.kumamoto.jp/uploaded/attachment/277567.pdf","https://www.pref.kumamoto.jp/soshiki/25/232368.html | https://www.pref.kumamoto.jp/uploaded/attachment/277567.pdf"
"93195","https://www.city.shinjo.yamagata.jp/s011/020/030/020/R7syuttennbosyuuyoukou.pdf","https://www.city.shinjo.yamagata.jp/s011/020/030/020/20150220134705.html | https://www.city.shinjo.yamagata.jp/s011/020/030/020/R7syuttennbosyuuyoukou.pdf"
"93202","https://www.city.seiyo.ehime.jp/shisei/machidukuri/chiikikomyunitexi/17160.html","https://www.city.seiyo.ehime.jp/shisei/machidukuri/chiikikomyunitexi/17160.html"
"93205","https://www.city.sendai.jp/shogyoshinko/jigyosha/kezai/jigyosho/shien/documents/r7sisaku_1.pdf","https://www.city.sendai.jp/shogyoshinko/jigyosha/kezai/jigyosho/shien/shotengai.html | https://www.city.sendai.jp/shogyoshinko/jigyosha/kezai/jigyosho/shien/documents/r7sisaku_1.pdf"
"93206","https://www.city.bunkyo.lg.jp/documents/10764/hozyokintirashi.pdf","https://www.city.bunkyo.lg.jp/b012/p007798.html#setsubi-hojo | https://www.city.bunkyo.lg.jp/documents/10764/hozyokintirashi.pdf"
"93211","https://www.tokyo-co2down.jp/wp-content/uploads/2025/07/r7unyu_leaflet.pdf","https://www.tokyo-co2down.jp/subsidy/transportation | https://www.tokyo-co2down.jp/wp-content/uploads/2025/07/r7unyu_leaflet.pdf"
"93207","https://www.pref.yamagata.jp/020040/bunkyo/kokusai/tabunka/nihongokyousitu-hojokin.html","https://www.pref.yamagata.jp/020040/bunkyo/kokusai/tabunka/nihongokyousitu-hojokin.html | https://www.pref.yamagata.jp/cgi-bin/simple_faq/form.cgi"
"93216","https://www.city.gamagori.lg.jp/uploaded/attachment/107618.pdf","https://www.city.gamagori.lg.jp/unit/sangyo/ganbaru-hojo.html | https://www.city.gamagori.lg.jp/uploaded/attachment/107618.pdf"
"93213","https://www.tokyo-co2down.jp/wp-content/uploads/2025/07/r7unyu_leaflet.pdf","https://www.tokyo-co2down.jp/subsidy/transportation | https://www.tokyo-co2down.jp/wp-content/uploads/2025/07/r7unyu_leaflet.pdf"
"93218","https://www.pref.akita.lg.jp/uploads/public/archive_0000080886_00/R7%E5%BD%93%E5%88%9D/R7%E4%BA%8B%E6%A5%AD%E3%83%AA%E3%83%BC%E3%83%95%E3%83%AC%E3%83%83%E3%83%88.pdf","https://www.pref.akita.lg.jp/pages/archive/80886 | https://www.pref.akita.lg.jp/uploads/public/archive_0000080886_00/R7%E5%BD%93%E5%88%9D/R7%E4%BA%8B%E6%A5%AD%E3%83%AA%E3%83%BC%E3%83%95%E3%83%AC%E3%83%83%E3%83%88.pdf"
"93221","https://www.pref.oita.jp/soshiki/13090/shoumeikutyou-hojo.html","https://www.pref.oita.jp/soshiki/13090/shoumeikutyou-hojo.html"
"93229","https://www.city.saito.lg.jp/%E8%A5%BF%E9%83%BD%E5%B8%82%E3%82%A4%E3%83%B3%E3%82%BF%E3%83%BC%E3%83%B3%E3%82%B7%E3%83%83%E3%83%97%E5%A5%A8%E5%8A%B1%E9%87%91%E3%83%81%E3%83%A9%E3%82%B7_1.pdf","https://www.city.saito.lg.jp/sangyo/shoko/post_1700.html | https://www.city.saito.lg.jp/%E8%A5%BF%E9%83%BD%E5%B8%82%E3%82%A4%E3%83%B3%E3%82%BF%E3%83%BC%E3%83%B3%E3%82%B7%E3%83%83%E3%83%97%E5%A5%A8%E5%8A%B1%E9%87%91%E3%83%81%E3%83%A9%E3%82%B7_1.pdf"
"93231","https://www.city.tosu.lg.jp/soshiki/20/96854.html","https://www.city.tosu.lg.jp/soshiki/20/96854.html"
"93235","https://www.pref.miyazaki.lg.jp/choju/kurashi/koresha/20250408083954.html","https://www.pref.miyazaki.lg.jp/choju/kurashi/koresha/20250408083954.html"
"93232","https://www.city.toyonaka.osaka.jp/machi/sangyoushinkou/hojokin/R7keieijinzai.html","https://www.city.toyonaka.osaka.jp/machi/sangyoushinkou/hojokin/R7keieijinzai.html"
"93236","https://www.city.toyonaka.osaka.jp/machi/sangyoushinkou/hojokin/R7tourokumenkyozei.html","https://www.city.toyonaka.osaka.jp/machi/sangyoushinkou/hojokin/R7tourokumenkyozei.html"
"93237","https://www.city.nagato.yamaguchi.jp/soshiki/13/59301.html","https://www.city.nagato.yamaguchi.jp/soshiki/13/59301.html"
"93246","https://www.city.nihonmatsu.lg.jp/kurashi_tetsuduki/koutsu/page012924.html","https://www.city.nihonmatsu.lg.jp/kurashi_tetsuduki/koutsu/page012924.html"
"93249","https://www.metro.tokyo.lg.jp/information/press/2025/03/2025033164","https://www.tokyo-co2down.jp/subsidy/biz-evcharge | https://www.tokyo-co2down.jp/wp-content/uploads/2025/05/r7evcharge_biz_leaf_250516.pdf | https://www.metro.tokyo.lg.jp/information/press/2025/03/2025033164 | https://www.tokyo-co2down.jp/subsidy/all-evcharge"
"93257","https://www.city.sendai.jp/shogyoshinko/jigyosha/kezai/jigyosho/shien/shotengai.html","https://www.city.sendai.jp/shogyoshinko/jigyosha/kezai/jigyosho/shien/shotengai.html"
"93250","http://www.town.eiheiji.lg.jp/950/p011674.html","http://www.town.eiheiji.lg.jp/950/p011674.html"
"93251","http://metro.tokyo.lg.jp/information/press/2025/03/2025033164","http://metro.tokyo.lg.jp/information/press/2025/03/2025033164"
"93259","https://www.city.sendai.jp/shogyoshinko/jigyosha/kezai/jigyosho/shien/shotengai.html","https://www.city.sendai.jp/shogyoshinko/jigyosha/kezai/jigyosho/shien/shotengai.html"
"93258","https://www.city.yoshikawa.saitama.jp/index.cfm/23,104873,234,731,html","https://www.city.yoshikawa.saitama.jp/index.cfm/23,104873,234,731,html"
"93260","https://www.city.yotsukaido.chiba.jp/smph/shisei/torikumi/bukkashien/bukkakoutou/r7nensien/koutsuu.html","https://www.city.yotsukaido.chiba.jp/smph/shisei/torikumi/bukkashien/bukkakoutou/r7nensien/koutsuu.html"
"93261","https://www.town.tateshina.nagano.jp/soshiki/kikaku/kikakushinko/779.html#:~:text=%E7%AB%8B%E7%A7%91%E7%94%BA%E5%9C%B0%E5%9F%9F%E3%81%A5%E3%81%8F%E3%82%8A%E6%B4%BB%E5%8B%95%E6%8E%A8%E9%80%B2%E4%BA%8B%E6%A5%AD%E8%A3%9C%E5%8A%A9%E9%87%91","https://www.town.tateshina.nagano.jp/soshiki/kikaku/kikakushinko/779.html#:~:text=%E7%AB%8B%E7%A7%91%E7%94%BA%E5%9C%B0%E5%9F%9F%E3%81%A5%E3%81%8F%E3%82%8A%E6%B4%BB%E5%8B%95%E6%8E%A8%E9%80%B2%E4%BA%8B%E6%A5%AD%E8%A3%9C%E5%8A%A9%E9%87%91"
"93262","https://www.locationbox.metro.tokyo.lg.jp/fund/","https://www.locationbox.metro.tokyo.lg.jp/fund/"
"93264","https://www.city.aki.kochi.jp/life/dtl.php?hdnKey=8066","https://www.city.aki.kochi.jp/life/dtl.php?hdnKey=8066"
"93265","https://www.town.suo-oshima.lg.jp/uploaded/attachment/18062.pdf","https://www.town.suo-oshima.lg.jp/soshiki/9/6204.html | https://www.town.suo-oshima.lg.jp/uploaded/attachment/18062.pdf"
"93267","https://www.city.sendai.jp/shogyoshinko/jigyosha/kezai/jigyosho/shien/shotengai.html","https://www.city.sendai.jp/shogyoshinko/jigyosha/kezai/jigyosho/shien/shotengai.html"
"93272","https://www.vill.yasuoka.nagano.jp/docs/64355.html","https://www.vill.yasuoka.nagano.jp/docs/64355.html"
"93273","https://www.city.kamakura.kanagawa.jp/sangyou_machi/sangyoushinkou/documents/jigyousha-hojyokin.pdf","https://www.city.kamakura.kanagawa.jp/shoukou/sien/office.html | https://www.city.kamakura.kanagawa.jp/sangyou_machi/sangyoushinkou/documents/jigyousha-hojyokin.pdf"
"93277","https://www.vill.yasuoka.nagano.jp/docs/64340.html","https://www.vill.yasuoka.nagano.jp/docs/64340.html"
"93279","https://www.vill.yasuoka.nagano.jp/docs/308450.html#:~:text=%E5%95%86+%E5%B7%A5+%E6%A5%AD+%E6%8C%AF+%E8%88%88+%E4%BA%8B+%E6%A5%AD","https://www.vill.yasuoka.nagano.jp/docs/308450.html#:~:text=%E5%95%86+%E5%B7%A5+%E6%A5%AD+%E6%8C%AF+%E8%88%88+%E4%BA%8B+%E6%A5%AD"
"93291","https://www.pref.niigata.lg.jp/sec/koyou/31505202.html","https://www.pref.niigata.lg.jp/sec/koyou/31505202.html"
"93293","https://www.pref.niigata.lg.jp/sec/koyou/07434010001.html","https://www.pref.niigata.lg.jp/sec/koyou/07434010001.html"
"93304","https://www.city.nagasaki.lg.jp/uploaded/attachment/38971.pdf","https://www.city.nagasaki.lg.jp/page/6082.html | https://www.city.nagasaki.lg.jp/uploaded/attachment/38971.pdf"
"93308","https://www.ntrust.or.jp/subsidy/images/subsidy2025.pdf","https://www.ntrust.or.jp/subsidy/index.html | https://www.ntrust.or.jp/subsidy/images/subsidy2025.pdf"
"93317","https://www.pref.ehime.jp/page/107532.html","https://www.pref.ehime.jp/page/107532.html"
"93319","https://www.town.yazu.tottori.jp/soshiki/18/1487.html","https://www.town.yazu.tottori.jp/soshiki/18/1487.html"
"93339","https://web.pref.hyogo.lg.jp/ehk11/mono/39miryokupr.html","https://web.pref.hyogo.lg.jp/ehk11/mono/39miryokupr.html"
"93345","https://www.town.karumai.iwate.jp/article/gyosei/katsudokyodo/entry-basename-6.html","https://www.town.karumai.iwate.jp/article/gyosei/katsudokyodo/entry-basename-6.html"
"93340","https://www.city.kaga.ishikawa.jp/sangyo_iju/iju_teiju/josei_hojokin/13587.html","https://www.city.kaga.ishikawa.jp/sangyo_iju/iju_teiju/josei_hojokin/13587.html"
"93353","https://www.city.nomi.ishikawa.jp/www/contents/1714021424744/index.html","https://www.city.nomi.ishikawa.jp/www/contents/1714021424744/index.html"
"93357","https://www.vill.tsumagoi.gunma.jp/www/contents/1743732148070/index.html","https://www.vill.tsumagoi.gunma.jp/www/contents/1743732148070/index.html"
"93354","https://www.city.uonuma.lg.jp/page/2260.html","https://www.city.uonuma.lg.jp/page/2260.html"
"93358","https://www.pref.yamagata.jp/020056/kurashi/kendo/kotsuseisaku/r6_license_2.html","https://www.pref.yamagata.jp/020056/kurashi/kendo/kotsuseisaku/r6_license_2.html"
"93360","https://www.town.iide.yamagata.jp/007/tirashi.pdf","https://www.town.iide.yamagata.jp/007/bunkanhojokin.html | https://www.town.iide.yamagata.jp/007/tirashi.pdf"
"93361","https://www.pref.yamagata.jp/documents/45959/hojokinngaiyou.pdf","https://www.pref.yamagata.jp/020056/20250402tiikikoukyoukoutuuriibenseikoujoutouhojokinn.html#:~:text=%E6%A6%82%E8%A6%81%EF%BC%88PDF%EF%BC%9A316KB%EF%BC%89-,1,-.%E4%BB%A4%E5%92%8C6%E5%B9%B4%E5%BA%A6 | https://www.pref.yamagata.jp/documents/45959/hojokinngaiyou.pdf"
"93365","https://www.pref.yamagata.jp/documents/45959/hojokinngaiyou.pdf","https://www.pref.yamagata.jp/020056/20250402tiikikoukyoukoutuuriibenseikoujoutouhojokinn.html#:~:text=%E4%B8%80%E5%BC%8F%EF%BC%88%E3%83%AF%E3%83%BC%E3%83%89%EF%BC%9A30KB%EF%BC%89-,2,-.%E4%BB%A4%E5%92%8C6%E5%B9%B4%E5%BA%A6 | https://www.pref.yamagata.jp/documents/45959/hojokinngaiyou.pdf"
"93368","https://www.pref.yamagata.jp/documents/45959/hojokinngaiyou.pdf","https://www.pref.yamagata.jp/020056/20250402tiikikoukyoukoutuuriibenseikoujoutouhojokinn.html#:~:text=%E4%B8%80%E5%BC%8F%EF%BC%88%E3%83%AF%E3%83%BC%E3%83%89%EF%BC%9A35KB%EF%BC%89-,3,-.%E4%BB%A4%E5%92%8C6%E5%B9%B4%E5%BA%A6 | https://www.pref.yamagata.jp/documents/45959/hojokinngaiyou.pdf"
"93371","https://www.town.naraha.lg.jp/Files/2025/R7%E8%A3%9C%E5%8A%A9%E9%87%91%E3%83%BB%E5%8A%A9%E6%88%90%E9%87%91%E7%AD%89%E4%B8%80%E8%A6%A7%E8%A1%A8_1.pdf","https://www.town.naraha.lg.jp/life/cat309/cat310/009315.html | https://www.town.naraha.lg.jp/Files/2025/R7%E8%A3%9C%E5%8A%A9%E9%87%91%E3%83%BB%E5%8A%A9%E6%88%90%E9%87%91%E7%AD%89%E4%B8%80%E8%A6%A7%E8%A1%A8_1.pdf"
"93382","https://www.city.kosai.shizuoka.jp/soshikiichiran/kankyoka/gyomuannai/hojokinkankei/16803.html","https://www.city.kosai.shizuoka.jp/soshikiichiran/kankyoka/gyomuannai/hojokinkankei/16803.html"
"93395","https://www.city.yawatahama.ehime.jp/doc/2025041000015/","https://www.city.yawatahama.ehime.jp/doc/2025041000015/"
"93398","https://www.city.maebashi.gunma.jp/soshiki/seisaku/kohobrand/gyomu/4/27667.html","https://www.city.maebashi.gunma.jp/soshiki/seisaku/kohobrand/gyomu/4/27667.html"
"93399","https://www.city.mima.lg.jp/gyosei/docs/1923129.html","https://www.city.mima.lg.jp/gyosei/docs/1923129.html"
"93403","https://www.town.toyoyama.lg.jp/kurashi/sinseisyo/1001671/1003385/1006849/index.html","https://www.town.toyoyama.lg.jp/kurashi/sinseisyo/1001671/1003385/1006849/index.html"
"93402","https://www.city.yufu.oita.jp/article_link/article_82821","https://www.city.yufu.oita.jp/article_link/article_82821"
"93409","https://www.town.yuza.yamagata.jp/archive/p20250327190648","https://www.town.yuza.yamagata.jp/archive/p20250327190648"
"93410","https://oita-energy.jp/news/20250401170000.html","https://oita-energy.jp/news/20250401170000.html"
"93426","https://www.town.kiyosato.hokkaido.jp/assets/images/content/content_20250329_093617.pdf","https://www.town.kiyosato.hokkaido.jp/business/?content=1869 | https://www.town.kiyosato.hokkaido.jp/assets/images/content/content_20250329_093617.pdf"
"93430","https://www.city.yokosuka.kanagawa.jp/4402/hojokin/syoene-seisan.html","https://www.city.yokosuka.kanagawa.jp/4402/hojokin/syoene-seisan.html"
"93431","https://www.city.ishinomaki.lg.jp/cont/10452000b/0/01/20250409134459.html","https://www.city.ishinomaki.lg.jp/cont/10452000b/0/01/20250409134459.html"
"93432","https://www.city.oyabe.toyama.jp/_res/projects/default_project/_page_/001/007/064/kensyusei_pr.pdf","https://www.city.oyabe.toyama.jp/sangyobusiness/1002748/1007064.html | https://www.city.oyabe.toyama.jp/_res/projects/default_project/_page_/001/007/064/kensyusei_pr.pdf"
"93450","https://www.city.nakatsugawa.lg.jp/health/care/zigyou/32352.html","https://www.city.nakatsugawa.lg.jp/health/care/zigyou/32352.html"
"93435","https://www.city.shinjo.yamagata.jp/s008/04.shoueneshirashikaniban.pdf","https://www.city.shinjo.yamagata.jp/s008/shoueneshindan.html | https://www.city.shinjo.yamagata.jp/s008/04.shoueneshirashikaniban.pdf"
"93447","https://n-volunpo.net/kikin/jigyou2.html","https://n-volunpo.net/kikin/jigyou2.html"
"93451","https://www.city.tosashimizu.kochi.jp/kurashi/section/tourism/21658.html","https://www.city.tosashimizu.kochi.jp/kurashi/section/tourism/21658.html"
"93452","https://www.town.okuma.fukushima.jp/uploaded/attachment/10199.pdf","https://www.town.okuma.fukushima.jp/soshiki/zerocarbonsuishin/30651.html | https://www.town.okuma.fukushima.jp/uploaded/attachment/10199.pdf"
"93454","https://www.town.yoro.gifu.jp/docs/2016051700101/","https://www.town.yoro.gifu.jp/docs/2016051700101/"
"93464","https://www.pref.kumamoto.jp/uploaded/attachment/276784.pdf","https://www.pref.kumamoto.jp/soshiki/25/231229.html | https://www.pref.kumamoto.jp/uploaded/attachment/276784.pdf"
"93478","https://www.juutakuseisaku.metro.tokyo.lg.jp/safety_net/lender_hojo#c01","https://www.juutakuseisaku.metro.tokyo.lg.jp/safety_net/lender_hojo#c01"