policy_id,primary_url,all_urls
"82346","https://www.city.kamakura.kanagawa.jp/koen/aigokainaiyou.html","https://www.city.kamakura.kanagawa.jp/koen/aigokainaiyou.html"
"82349","https://www.city.kamakura.kanagawa.jp/syougaijisha/gh-hojokin.html","https://www.city.kamakura.kanagawa.jp/syougaijisha/gh-hojokin.html"
"82350","https://www.vill.tokai.ibaraki.jp/soshikikarasagasu/fukushibu/hokenka/jigyousyanokatahe/info/9881.html","https://www.vill.tokai.ibaraki.jp/soshikikarasagasu/fukushibu/hokenka/jigyousyanokatahe/info/9881.html"
"82366","https://www.city.fuchu.tokyo.jp/kurashi/machi/jutaku/bunjo-taishinjosei.html","https://www.city.fuchu.tokyo.jp/kurashi/machi/jutaku/bunjo-taishinjosei.html"
"82361","https://www.city.fuchu.tokyo.jp/kurashi/machi/condominium/mansion-adviser.files/0604adviser.pdf","https://www.city.fuchu.tokyo.jp/kurashi/machi/condominium/mansion-adviser.html | https://www.city.fuchu.tokyo.jp/kurashi/machi/condominium/mansion-adviser.files/0604adviser.pdf"
"82353","http://www.town.harima.lg.jp/sangyo/business/shokogyo/akitenpokatuyousien.html","http://www.town.harima.lg.jp/sangyo/business/shokogyo/akitenpokatuyousien.html"
"82377","https://www.city.fukushima.fukushima.jp/nougyou-n/zyuennchikeisyou.html","https://www.city.fukushima.fukushima.jp/nougyou-n/zyuennchikeisyou.html"
"82374","https://www.city.anjo.aichi.jp/kurasu/hojoseido/documents/20200310160749.pdf","https://www.city.anjo.aichi.jp/kurasu/hojoseido/ikegakihojo.html | https://www.city.anjo.aichi.jp/kurasu/hojoseido/documents/20200310160749.pdf"
"82372","https://www.city.fuchu.tokyo.jp/kurashi/machi/jutaku/tokuteijosei.html","https://www.city.fuchu.tokyo.jp/kurashi/machi/jutaku/tokuteijosei.html"
"82384","https://www.city.akishima.lg.jp/s041/040/010/20140922192948.html","https://www.city.akishima.lg.jp/s041/040/010/20140922192948.html"
"82400","https://www.city.kosai.shizuoka.jp/soshikiichiran/toshikeikakuka/gyomuannai/4/1/15346.html","https://www.city.kosai.shizuoka.jp/soshikiichiran/toshikeikakuka/gyomuannai/4/1/15346.html"
"82392","https://www.city.gifu.lg.jp/business/nougyou/1005997/1005998.html","https://www.city.gifu.lg.jp/business/nougyou/1005997/1005998.html"
"82403","https://www.city.chofu.lg.jp/040070/p026163.html","https://www.city.chofu.lg.jp/040070/p026163.html"
"82407","https://www.city.ama.aichi.jp/shisei/shiminsanka/katudou/1002757.html","https://www.city.ama.aichi.jp/shisei/shiminsanka/katudou/1002757.html"
"82409","https://www.city.saga-kashima.lg.jp/main/33376.html","https://www.city.saga-kashima.lg.jp/main/33376.html"
"82422","https://www.city.chofu.lg.jp/040040/p023004.html","https://www.city.chofu.lg.jp/040040/p023004.html"
"82424","https://www.town.yosano.lg.jp/work/agriculture-forestry/forestry/entry_889/index.html","https://www.town.yosano.lg.jp/work/agriculture-forestry/forestry/entry_889/index.html"
"82425","https://www.town.yosano.lg.jp/work/agriculture-forestry/forestry/entry_890/index.html","https://www.town.yosano.lg.jp/work/agriculture-forestry/forestry/entry_890/index.html"
"82437","https://www.city.ama.aichi.jp/kurashi/iinkai/kyoiku/1002311.html","https://www.city.ama.aichi.jp/kurashi/iinkai/kyoiku/1002311.html"
"82435","https://www.city.kitahiroshima.hokkaido.jp/hotnews/detail/00000126.html","https://www.city.kitahiroshima.hokkaido.jp/hotnews/detail/00000126.html"
"82432","https://www.city.takaoka.toyama.jp/material/files/group/17/juuten.pdf","https://www.city.takaoka.toyama.jp/gyosei/sangyo_business/sangyoshinko/11120.html | https://www.city.takaoka.toyama.jp/material/files/group/17/juuten.pdf | https://www.city.takaoka.toyama.jp/material/files/group/17/kankochisyuhen.pdf"
"82441","https://www.city.kariya.lg.jp/_res/projects/default_project/_page_/001/003/856/panfu.minyuuchi.pdf","https://www.city.kariya.lg.jp/mokuteki/riyou/1007198/1007234.html | https://www.city.kariya.lg.jp/_res/projects/default_project/_page_/001/003/856/panfu.minyuuchi.pdf"
"82444","https://www.city.hasuda.saitama.jp/fukushi/kenko/fukushi/syougai/resupaito/resupaitokea.html","https://www.city.hasuda.saitama.jp/fukushi/kenko/fukushi/syougai/resupaito/resupaitokea.html"
"82456","https://www.city.iiyama.nagano.jp/soshiki/dourokasen/kanri/shinsei/57090","https://www.city.iiyama.nagano.jp/soshiki/dourokasen/kanri/shinsei/57090"
"82459","https://www.city.beppu.oita.jp/seikatu/kankyou_gomi/hojyo_jyosei/suzumebachi.html","https://www.city.beppu.oita.jp/seikatu/kankyou_gomi/hojyo_jyosei/suzumebachi.html"
"82469","https://www.city.kariya.lg.jp/kurashi/pet/1008899/1010916.html","https://www.city.kariya.lg.jp/kurashi/pet/1008899/1010916.html"
"82457","https://betsukai.jp/sangyo/syoko/cho_hojo/syokuhinneisei/","https://betsukai.jp/sangyo/syoko/cho_hojo/syokuhinneisei/"
"82489","https://www.pref.oita.jp/soshiki/13090/greenup-oita-zissenntai-hojokinn.html","https://www.pref.oita.jp/soshiki/13090/greenup-oita-zissenntai-hojokinn.html"
"82497","https://www.mhlw.go.jp/content/11600000/001238264.pdf","https://www.mhlw.go.jp/stf/seisakunitsuite/bunya/0000082805.html | https://www.mhlw.go.jp/content/11600000/001238264.pdf | https://www.mhlw.go.jp/kouseiroudoushou/shozaiannai/roudoukyoku/index.html | https://www.mhlw.go.jp/stf/seisakunitsuite/bunya/koyou_roudou/koyou/hellowork.html"
"82495","https://www.city.sakuragawa.lg.jp/shisei/nouringyou/page009016.html","https://www.city.sakuragawa.lg.jp/shisei/nouringyou/page009016.html"
"82500","https://www.city.shinshiro.lg.jp/sangyo/ritchi/richi-shien/saitoshi.html","https://www.city.shinshiro.lg.jp/sangyo/ritchi/richi-shien/saitoshi.html"
"82501","https://www.city.shinshiro.lg.jp/sangyo/ritchi/richi-shien/kibankyoka.html","https://www.city.shinshiro.lg.jp/sangyo/ritchi/richi-shien/kibankyoka.html"
"82502","https://www.mhlw.go.jp/stf/newpage_21924.html","https://www.mhlw.go.jp/stf/newpage_21924.html | https://www.mhlw.go.jp/kouseiroudoushou/shozaiannai/roudoukyoku/index.html | https://www.mhlw.go.jp/stf/seisakunitsuite/bunya/koyou_roudou/koyou/hellowork.html | https://www.mhlw.go.jp/stf/seisakunitsuite/bunya/koyou_roudou/koyou/kyufukin/toiawase2.html"
"82508","https://www.city.komae.tokyo.jp/index.cfm/41,22401,323,2024,html","https://www.city.komae.tokyo.jp/index.cfm/41,22401,323,2024,html"
"82505","https://www.city.chofu.lg.jp/040010/p020105.html","https://www.city.chofu.lg.jp/040010/p020105.html"
"82506","https://www.city.chofu.lg.jp/documents/2150/1.pdf","https://www.city.chofu.lg.jp/040010/p020109.html | https://www.city.chofu.lg.jp/documents/2150/1.pdf"
"82524","https://www.pref.oita.jp/soshiki/12480/kodomoshokudousien.html","https://www.pref.oita.jp/soshiki/12480/kodomoshokudousien.html"
"82516","https://www.city.yame.fukuoka.jp/soshiki/5/6/1/9207.html","https://www.city.yame.fukuoka.jp/soshiki/5/6/1/9207.html"
"82520","https://www.city.yame.fukuoka.jp/soshiki/3/3/km/chiiki_dukurri/10061.html","https://www.city.yame.fukuoka.jp/soshiki/3/3/km/chiiki_dukurri/10061.html"
"82525","https://www.city.yame.fukuoka.jp/material/files/group/19/R5_saku_chirashi.pdf","https://www.city.yame.fukuoka.jp/soshiki/5/6/2/8263.html | https://www.city.yame.fukuoka.jp/material/files/group/19/R5_saku_chirashi.pdf"
"82529","https://www.city.kobe.lg.jp/a69673/kurashi/access/road/senyo/12_katudou/index.html","https://www.city.kobe.lg.jp/a69673/kurashi/access/road/senyo/12_katudou/index.html"
"82527","https://www.city.yame.fukuoka.jp/soshiki/5/6/1/10631.html","https://www.city.yame.fukuoka.jp/soshiki/5/6/1/10631.html"
"82531","https://www.city.yamaga.kumamoto.jp/kiji003251/index.html","https://www.city.yamaga.kumamoto.jp/kiji003251/index.html"
"82534","https://www.city.kobe.lg.jp/a43553/kurashi/machizukuri/river/kireini/aigo_youkou.html","https://www.city.kobe.lg.jp/a43553/kurashi/machizukuri/river/kireini/aigo_youkou.html"
"82537","https://www.city.yame.fukuoka.jp/soshiki/3/3/km/shimin_kyoudou/7925.html","https://www.city.yame.fukuoka.jp/soshiki/3/3/km/shimin_kyoudou/7925.html"
"82540","https://www.city.yame.fukuoka.jp/soshiki/shimin/11/3/1/shoureikinn/1455882266326.html","https://www.city.yame.fukuoka.jp/soshiki/shimin/11/3/1/shoureikinn/1455882266326.html"
"82542","https://www.city.nagano.nagano.jp/n115500/kosodate/p001554.html","https://www.city.nagano.nagano.jp/n115500/kosodate/p001554.html"
"82541","https://www.city.nomi.ishikawa.jp/www/contents/1717549291068/index.html","https://www.city.nomi.ishikawa.jp/www/contents/1717549291068/index.html"
"82543","https://www.city.machida.tokyo.jp/jigyousha/shien/kigyoricchi/company_to_machida.html","https://www.city.machida.tokyo.jp/jigyousha/shien/kigyoricchi/company_to_machida.html"
"82547","https://www.city.kobe.lg.jp/a64411/kosodate/chiiki/b0332.html","https://www.city.kobe.lg.jp/a64411/kosodate/chiiki/b0332.html"
"82546","https://www.city.kobe.lg.jp/a64411/kosodate/chiiki/b0332.html","https://www.city.kobe.lg.jp/a64411/kosodate/chiiki/b0332.html"
"82555","https://www.city.kobe.lg.jp/a52374/kurashi/activate/support/introduction/beautification.html#biryokukajyuten","https://www.city.kobe.lg.jp/a52374/kurashi/activate/support/introduction/beautification.html#biryokukajyuten"
"82551","https://www.city.kariya.lg.jp/kurashi/sumai/jyosei/1003813.html","https://www.city.kariya.lg.jp/kurashi/sumai/jyosei/1003813.html"
"82581","https://www.city.koganei.lg.jp/kurashi/sangyou_rousei/chushokigyo/sapotohojokin.html","https://www.city.koganei.lg.jp/kurashi/sangyou_rousei/chushokigyo/sapotohojokin.html"
"82583","https://www.city.koganei.lg.jp/kenkofukuhsi/shogaishafukushi/syougaisabetsukaisyo/gouritekihairyo.html","https://www.city.koganei.lg.jp/kenkofukuhsi/shogaishafukushi/syougaisabetsukaisyo/gouritekihairyo.html"
"82587","https://www.city.koganei.lg.jp/kurashi/446/sigenkatorikumi/gennryoukasyoriki/ogtanamagomisyoriki.html","https://www.city.koganei.lg.jp/kurashi/446/sigenkatorikumi/gennryoukasyoriki/ogtanamagomisyoriki.html"
"82585","https://www.city.koganei.lg.jp/kurashi/446/sigenkatorikumi/gennryoukasyoriki/jigyouyounamagomi.html","https://www.city.koganei.lg.jp/kurashi/446/sigenkatorikumi/gennryoukasyoriki/jigyouyounamagomi.html"
"82589","https://www.city.yokosuka.kanagawa.jp/0535/g_info/yukotoshi_hojokin.html","https://www.city.yokosuka.kanagawa.jp/0535/g_info/yukotoshi_hojokin.html"
"82592","https://www.city.koganei.lg.jp/smph/kurashi/472/bohan/anshinmachi/bouhansetubi.html","https://www.city.koganei.lg.jp/smph/kurashi/472/bohan/anshinmachi/bouhansetubi.html"
"82590","https://www.city.okazaki.lg.jp/1400/1424/1408/p022763.html","https://www.city.okazaki.lg.jp/1400/1424/1408/p022763.html"
"82594","https://www.city.yokosuka.kanagawa.jp/0525/anzen/jisyubousai/hinanjyounneikatudouhihojyokin.html","https://www.city.yokosuka.kanagawa.jp/0525/anzen/jisyubousai/hinanjyounneikatudouhihojyokin.html"
"82596","https://www.city.kameyama.mie.jp/docs/2020052800012/","https://www.city.kameyama.mie.jp/docs/2020052800012/"
"82599","https://www.city.koganei.lg.jp/smph/shisei/seisakukeikaku/machitoshi/jutaku_shien/20211108.html","https://www.city.koganei.lg.jp/smph/shisei/seisakukeikaku/machitoshi/jutaku_shien/20211108.html"
"82606","https://www.city.hokuto.yamanashi.jp/docs/1039.html","https://www.city.hokuto.yamanashi.jp/docs/1039.html"
"82605","https://www.city.hokuto.yamanashi.jp/docs/16896.html","https://www.city.hokuto.yamanashi.jp/docs/16896.html"
"82607","https://www.pref.tokushima.lg.jp/jigyoshanokata/sangyo/rodokankei/7242560","https://www.pref.tokushima.lg.jp/jigyoshanokata/sangyo/rodokankei/7242560"
"82612","https://www.city.higashihiroshima.lg.jp/material/files/group/18/tirasipdf.pdf","https://www.city.higashihiroshima.lg.jp/soshiki/seikatsukankyo/8/10/40921.html | https://www.city.higashihiroshima.lg.jp/material/files/group/18/tirasipdf.pdf"
"82613","https://www.pref.akita.lg.jp/pages/archive/82189","https://www.pref.akita.lg.jp/pages/archive/82189"
"82610","https://www.city.hitachiomiya.lg.jp/kurashi_gyousei/business/nouti/news/page010081.html","https://www.city.hitachiomiya.lg.jp/kurashi_gyousei/business/nouti/news/page010081.html"
"82623","https://www.city.odate.lg.jp/city/soshiki/nogyoseisaku/p11304","https://www.city.odate.lg.jp/city/soshiki/nogyoseisaku/p11304"
"82621","https://www.city.okazaki.lg.jp/1100/1183/1145/p021144.html","https://www.city.okazaki.lg.jp/1100/1183/1145/p021144.html"
"82622","https://www.pref.akita.lg.jp/uploads/public/archive_0000081993_00/%E5%A4%A2%E3%81%82%E3%82%8B%E5%9C%92%E8%8A%B8%E7%94%A3%E5%9C%B0%E5%89%B5%E9%80%A0%E4%BA%8B%E6%A5%ADPR%E7%89%88.pdf","https://www.pref.akita.lg.jp/pages/archive/81993 | https://www.pref.akita.lg.jp/uploads/public/archive_0000081993_00/%E5%A4%A2%E3%81%82%E3%82%8B%E5%9C%92%E8%8A%B8%E7%94%A3%E5%9C%B0%E5%89%B5%E9%80%A0%E4%BA%8B%E6%A5%ADPR%E7%89%88.pdf"
"82629","https://www.city.okazaki.lg.jp/1100/1184/1169/p038675.html","https://www.city.okazaki.lg.jp/1100/1184/1169/p038675.html"
"82631","https://www.city.okazaki.lg.jp/1100/1184/1169/p038675.html","https://www.city.okazaki.lg.jp/1100/1184/1169/p038675.html"
"82632","https://www.city.okazaki.lg.jp/1100/1184/1169/p038675.html","https://www.city.okazaki.lg.jp/1100/1184/1169/p038675.html"
"82640","https://www.city.katsuyama.fukui.jp/soshiki/10/321.html","https://www.city.katsuyama.fukui.jp/soshiki/10/321.html"
"82643","https://www.city.toyota.aichi.jp/shisei/gyoseikeikaku/toshiseibi/1060369/index.html","https://www.city.toyota.aichi.jp/shisei/gyoseikeikaku/toshiseibi/1060369/index.html"
"82649","https://www.city.isehara.kanagawa.jp/docs/2016112900051/file_contents/2023.pdf","https://www.city.isehara.kanagawa.jp/docs/2016112900051/ | https://www.city.isehara.kanagawa.jp/docs/2016112900051/file_contents/2023.pdf"
"82663","https://www.city.joetsu.niigata.jp/soshiki/nousei/sinkisyuunou.html","https://www.city.joetsu.niigata.jp/soshiki/nousei/sinkisyuunou.html"
"82681","https://www.kankyo.metro.tokyo.lg.jp/chemical/soil/support/300300a20230620145945996/","https://www.kankyo.metro.tokyo.lg.jp/chemical/soil/support/300300a20230620145945996/"
"82651","https://www.city.isehara.kanagawa.jp/docs/2016051100017/file_contents/230804.pdf","https://www.city.isehara.kanagawa.jp/docs/2016051100017/ | https://www.city.isehara.kanagawa.jp/docs/2016051100017/file_contents/230804.pdf"
"82697","https://www.city.mitsuke.niigata.jp/soshiki/6/1976.html","https://www.city.mitsuke.niigata.jp/soshiki/6/1976.html"
"82698","https://www.city.atsugi.kanagawa.jp/soshiki/shogaifukushika/5/22637.html","https://www.city.atsugi.kanagawa.jp/soshiki/shogaifukushika/5/22637.html"
"82701","https://www.city.atsugi.kanagawa.jp/soshiki/kaigofukushika/6/1/431.html","https://www.city.atsugi.kanagawa.jp/soshiki/kaigofukushika/6/1/431.html"
"82707","https://www.city.koka.lg.jp/10481.htm","https://www.city.koka.lg.jp/10481.htm"
"82704","https://www.jeed.go.jp/disability/subsidy/juta_joseikin/sub04_juta.html","https://www.jeed.go.jp/disability/subsidy/juta_joseikin/sub04_juta.html | https://www.jeed.go.jp/location/shibu/index.html"
"82711","https://www.city.atsugi.kanagawa.jp/soshiki/nogyoseisakuka/11/43101.html","https://www.city.atsugi.kanagawa.jp/soshiki/nogyoseisakuka/11/43101.html"
"82716","https://www.city.atsugi.kanagawa.jp/soshiki/shiminkyodosuishinka/12/458.html","https://www.city.atsugi.kanagawa.jp/soshiki/shiminkyodosuishinka/12/458.html"
"82717","https://www.city.kodaira.tokyo.jp/kurashi/008/008149.html","https://www.city.kodaira.tokyo.jp/kurashi/008/008149.html"
"82718","https://www.city.kodaira.tokyo.jp/kurashi/008/008166.html","https://www.city.kodaira.tokyo.jp/kurashi/008/008166.html"
"82719","https://www.city.kodaira.tokyo.jp/kurashi/008/008986.html","https://www.city.kodaira.tokyo.jp/kurashi/008/008986.html"
"82726","https://www.city.kahoku.lg.jp/005/508/515/d011230.html","https://www.city.kahoku.lg.jp/005/508/515/d011230.html"
"82727","https://www.meti.go.jp/press/2023/01/20240123002/20240123002-1.pdf","https://www.chusho.meti.go.jp/kinyu/2024/240315.html#:~:text=5 | https://www.meti.go.jp/press/2023/01/20240123002/20240123002-1.pdf"
"82732","https://www.city.suginami.tokyo.jp/guide/shigoto/shoutengai/1096499.html","https://www.city.suginami.tokyo.jp/guide/shigoto/shoutengai/1096499.html"
"82746","https://www.city.fukuyama.hiroshima.jp/soshiki/shisanzei/341328.html","https://www.city.fukuyama.hiroshima.jp/soshiki/shisanzei/341328.html"
"82748","https://www.town.katsuragi.wakayama.jp/020/070/2024-0819-1133-44.html","https://www.town.katsuragi.wakayama.jp/020/070/2024-0819-1133-44.html"
"82754","https://www.city.tottori.lg.jp/www/contents/1724983507590/index.html","https://www.city.tottori.lg.jp/www/contents/1724983507590/index.html"
"82760","https://www.city.maibara.lg.jp/soshiki/seisaku/bosai/bousai_jouhou/21401.html","https://www.city.maibara.lg.jp/soshiki/seisaku/bosai/bousai_jouhou/21401.html"
"82752","https://www.city.himeji.lg.jp/sangyo/0000007016.html","https://www.city.himeji.lg.jp/sangyo/0000007016.html"
"82763","https://www.town.nakanoto.ishikawa.jp/material/files/group/4/koyousokushinchirashi.pdf","https://www.town.nakanoto.ishikawa.jp/soshiki/kikaku/4/3/1/659.html | https://www.town.nakanoto.ishikawa.jp/material/files/group/4/koyousokushinchirashi.pdf"
"82768","https://www.city.kyotango.lg.jp/material/files/group/58/kigyouban_prtirashi.pdf","https://www.city.kyotango.lg.jp/top/boshu/jigyosha/20755.html | https://www.city.kyotango.lg.jp/material/files/group/58/kigyouban_prtirashi.pdf"
"82770","https://www.pref.tottori.lg.jp/secure/1365813/gaiyou(kajukame)a.pdf","https://www.pref.tottori.lg.jp/item/1365813.htm | https://www.pref.tottori.lg.jp/secure/1365813/gaiyou(kajukame)a.pdf"
"82783","https://rishiri-town.jp/wp-content/uploads/2024/08/%E6%BC%81%E6%A5%AD%E5%BE%8C%E7%B6%99%E8%80%85%E5%A0%B1%E5%84%9F%E9%87%91%E4%BA%A4%E4%BB%98%E5%AF%BE%E8%B1%A1.pdf","https://rishiri-town.jp/%e3%81%8f%e3%82%89%e3%81%97%e3%83%bb%e5%90%84%e7%a8%ae%e6%89%8b%e7%b6%9a%e3%81%8d/%e6%bc%81%e6%a5%ad%e5%be%8c%e7%b6%99%e8%80%85%e6%94%af%e6%8f%b4/ | https://rishiri-town.jp/wp-content/uploads/2024/08/%E6%BC%81%E6%A5%AD%E5%BE%8C%E7%B6%99%E8%80%85%E5%A0%B1%E5%84%9F%E9%87%91%E4%BA%A4%E4%BB%98%E5%AF%BE%E8%B1%A1.pdf"
"82795","https://www.city.yoshinogawa.lg.jp/docs/2015071400015/","https://www.city.yoshinogawa.lg.jp/docs/2015071400015/"
"82814","https://www.city.kamagaya.chiba.jp/sesakumidashi/sesaku-toshikeikak/kouenryokuchi/midori02.html","https://www.city.kamagaya.chiba.jp/sesakumidashi/sesaku-toshikeikak/kouenryokuchi/midori02.html"
"82823","https://www.city.atsugi.kanagawa.jp/soshiki/shiminkyodosuishinka/12/8417.html","https://www.city.atsugi.kanagawa.jp/soshiki/shiminkyodosuishinka/12/8417.html"
"82826","https://www.city.atsugi.kanagawa.jp/soshiki/nogyoseisakuka/11/42177.html","https://www.city.atsugi.kanagawa.jp/soshiki/nogyoseisakuka/11/42177.html"
"82827","https://www.city.saga-kashima.lg.jp/main/33516.html","https://www.city.saga-kashima.lg.jp/main/33516.html"
"82829","https://www.city.atsugi.kanagawa.jp/soshiki/nogyoseisakuka/11/37462.html","https://www.city.atsugi.kanagawa.jp/soshiki/nogyoseisakuka/11/37462.html"
"82831","https://www.city.toyohashi.lg.jp/54315.htm","https://www.city.toyohashi.lg.jp/54315.htm"
"82833","https://www.city.atsugi.kanagawa.jp/soshiki/nogyoseisakuka/11/37460.html","https://www.city.atsugi.kanagawa.jp/soshiki/nogyoseisakuka/11/37460.html"
"82834","https://www.city.toyohashi.lg.jp/50214.htm","https://www.city.toyohashi.lg.jp/50214.htm"
"82835","https://www.city.atsugi.kanagawa.jp/soshiki/nogyoseisakuka/11/35672.html","https://www.city.atsugi.kanagawa.jp/soshiki/nogyoseisakuka/11/35672.html"
"82837","https://www.city.kamagaya.chiba.jp/jigyosha/kigyo-yuchi/yu-chishien/shoreikin.html","https://www.city.kamagaya.chiba.jp/jigyosha/kigyo-yuchi/yu-chishien/shoreikin.html"
"82839","https://www.city.atsugi.kanagawa.jp/soshiki/nogyoseisakuka/11/121.html","https://www.city.atsugi.kanagawa.jp/soshiki/nogyoseisakuka/11/121.html"
"82842","https://www.city.atsugi.kanagawa.jp/soshiki/nogyoseisakuka/11/124.html","https://www.city.atsugi.kanagawa.jp/soshiki/nogyoseisakuka/11/124.html"
"82841","https://www.city.kodaira.tokyo.jp/kurashi/051/051317.html","https://www.city.kodaira.tokyo.jp/kurashi/051/051317.html"
"82843","https://www.city.toyohashi.lg.jp/50215.htm","https://www.city.toyohashi.lg.jp/50215.htm"
"82844","https://www.city.atsugi.kanagawa.jp/soshiki/nogyoseisakuka/11/128.html","https://www.city.atsugi.kanagawa.jp/soshiki/nogyoseisakuka/11/128.html"
"82845","https://www.city.toyohashi.lg.jp/secure/63085/bcp.pdf","https://www.city.toyohashi.lg.jp/37457.htm | https://www.city.toyohashi.lg.jp/secure/63085/bcp.pdf"
"82846","https://www.city.atsugi.kanagawa.jp/soshiki/nogyoseisakuka/11/132.html","https://www.city.atsugi.kanagawa.jp/soshiki/nogyoseisakuka/11/132.html"
"82848","https://www.city.toyohashi.lg.jp/secure/102127/chirasi.pdf","https://www.city.toyohashi.lg.jp/54462.htm | https://www.city.toyohashi.lg.jp/secure/102127/chirasi.pdf"
"82847","https://www.city.atsugi.kanagawa.jp/soshiki/nogyoseisakuka/11/138.html","https://www.city.atsugi.kanagawa.jp/soshiki/nogyoseisakuka/11/138.html"
"82849","https://www.city.atsugi.kanagawa.jp/soshiki/nogyoseisakuka/11/149.html","https://www.city.atsugi.kanagawa.jp/soshiki/nogyoseisakuka/11/149.html"
"82851","https://www.city.atsugi.kanagawa.jp/soshiki/nogyoseisakuka/11/152.html","https://www.city.atsugi.kanagawa.jp/soshiki/nogyoseisakuka/11/152.html"
"82852","https://www.city.kodaira.tokyo.jp/kurashi/008/008148.html","https://www.city.kodaira.tokyo.jp/kurashi/008/008148.html"
"82853","https://www.city.atsugi.kanagawa.jp/soshiki/nogyoseisakuka/11/180.html","https://www.city.atsugi.kanagawa.jp/soshiki/nogyoseisakuka/11/180.html"
"82867","https://www.city.kitakata.fukushima.jp/uploaded/attachment/43679.pdf","https://www.city.kitakata.fukushima.jp/soshiki/seikatsu/30294.html | https://www.city.kitakata.fukushima.jp/uploaded/attachment/43679.pdf | https://www.city.kitakata.fukushima.jp/uploaded/attachment/43678.pdf"
"82873","https://www.city.kitakata.fukushima.jp/soshiki/kikaku/29843.html","https://www.city.kitakata.fukushima.jp/soshiki/kikaku/29843.html"
"82874","https://www.city.kitakata.fukushima.jp/soshiki/kankyo/29057.html","https://www.city.kitakata.fukushima.jp/soshiki/kankyo/29057.html"
"82881","https://www.city.kitakata.fukushima.jp/uploaded/attachment/41624.pdf","https://www.city.kitakata.fukushima.jp/soshiki/toshiseibi/9484.html | https://www.city.kitakata.fukushima.jp/uploaded/attachment/41624.pdf | https://www.city.kitakata.fukushima.jp/uploaded/attachment/25357.pdf"
"82889","https://www.city.kitakata.fukushima.jp/soshiki/nousanson/45393.html","https://www.city.kitakata.fukushima.jp/soshiki/nousanson/45393.html"
"82890","https://www.city.kitakata.fukushima.jp/soshiki/noushin/797.html","https://www.city.kitakata.fukushima.jp/soshiki/noushin/797.html"
"82894","https://www.city.kitakata.fukushima.jp/soshiki/noushin/797.html","https://www.city.kitakata.fukushima.jp/soshiki/noushin/797.html"
"82891","https://www.city.kitakata.fukushima.jp/soshiki/noushin/797.html","https://www.city.kitakata.fukushima.jp/soshiki/noushin/797.html"
"82901","https://www.city.kitakata.fukushima.jp/soshiki/kanko/42203.html","https://www.city.kitakata.fukushima.jp/soshiki/kanko/42203.html"
"82903","https://www.town.kotoura.tottori.jp/docs/2021091600021/","https://www.town.kotoura.tottori.jp/docs/2021091600021/"
"82902","https://www.city.toyohashi.lg.jp/8664.htm","https://www.city.toyohashi.lg.jp/8664.htm"
"82905","https://www.city.setagaya.lg.jp/documents/4705/joseipannhuretor6_1.pdf","https://www.city.setagaya.lg.jp/02074/4705.html | https://www.city.setagaya.lg.jp/documents/4705/joseipannhuretor6_1.pdf"
"82913","https://www.city.toyohashi.lg.jp/50225.htm","https://www.city.toyohashi.lg.jp/50225.htm"
"82914","https://www.city.toyohashi.lg.jp/50560.htm","https://www.city.toyohashi.lg.jp/50560.htm"
"82916","https://www.city.meguro.tokyo.jp/kankyouhozen/kurashi/kankyou/kitsuenjohojo.html","https://www.city.meguro.tokyo.jp/kankyouhozen/kurashi/kankyou/kitsuenjohojo.html"
"82917","https://www.city.toyohashi.lg.jp/50513.htm","https://www.city.toyohashi.lg.jp/50513.htm"
"82926","https://www.city.toyohashi.lg.jp/50535.htm","https://www.city.toyohashi.lg.jp/50535.htm"
"82930","https://www.city.toyohashi.lg.jp/30338.htm","https://www.city.toyohashi.lg.jp/30338.htm"
"82932","https://www.city.toyohashi.lg.jp/50229.htm","https://www.city.toyohashi.lg.jp/50229.htm"
"82933","https://www.city.atsugi.kanagawa.jp/soshiki/nogyoseisakuka/11/641.html","https://www.city.atsugi.kanagawa.jp/soshiki/nogyoseisakuka/11/641.html"
"82935","https://www.city.toyohashi.lg.jp/50519.htm","https://www.city.toyohashi.lg.jp/50519.htm"
"82936","https://www.city.atsugi.kanagawa.jp/soshiki/nogyoseisakuka/11/901.html","https://www.city.atsugi.kanagawa.jp/soshiki/nogyoseisakuka/11/901.html"
"82938","https://www.city.kodaira.tokyo.jp/kurashi/008/008166.html","https://www.city.kodaira.tokyo.jp/kurashi/008/008166.html"
"82939","https://www.city.atsugi.kanagawa.jp/soshiki/nogyoseisakuka/11/903.html","https://www.city.atsugi.kanagawa.jp/soshiki/nogyoseisakuka/11/903.html"
"82944","https://www.city.atsugi.kanagawa.jp/soshiki/nogyoseisakuka/11/1902.html","https://www.city.atsugi.kanagawa.jp/soshiki/nogyoseisakuka/11/1902.html"
"82945","https://www.city.atsugi.kanagawa.jp/soshiki/nogyoseisakuka/11/3293.html","https://www.city.atsugi.kanagawa.jp/soshiki/nogyoseisakuka/11/3293.html"
"82947","https://www.city.toyohashi.lg.jp/15793.htm","https://www.city.toyohashi.lg.jp/15793.htm"
"82948","https://www.city.atsugi.kanagawa.jp/soshiki/nogyoseisakuka/11/21032.html","https://www.city.atsugi.kanagawa.jp/soshiki/nogyoseisakuka/11/21032.html"
"82949","https://www.city.toyohashi.lg.jp/50567.htm","https://www.city.toyohashi.lg.jp/50567.htm"
"82950","https://www.city.kodaira.tokyo.jp/kurashi/002/002667.html","https://www.city.kodaira.tokyo.jp/kurashi/002/002667.html"
"82952","https://www.city.atsugi.kanagawa.jp/soshiki/kodomoikuseika/15/3299.html","https://www.city.atsugi.kanagawa.jp/soshiki/kodomoikuseika/15/3299.html"
"82954","https://www.city.atsugi.kanagawa.jp/soshiki/kodomoikuseika/15/42815.html","https://www.city.atsugi.kanagawa.jp/soshiki/kodomoikuseika/15/42815.html"
"82959","https://www.city.atsugi.kanagawa.jp/soshiki/kodomoikuseika/15/3154.html","https://www.city.atsugi.kanagawa.jp/soshiki/kodomoikuseika/15/3154.html"
"82964","https://www.city.seto.aichi.jp/docs/2015/01/20/00021/index.html","https://www.city.seto.aichi.jp/docs/2015/01/20/00021/index.html"
"82962","https://www.city.atsugi.kanagawa.jp/soshiki/kikakuseisakuka/sisei70shuunenkinen/42829.html","https://www.city.atsugi.kanagawa.jp/soshiki/kikakuseisakuka/sisei70shuunenkinen/42829.html"
"82965","https://www.city.atsugi.kanagawa.jp/soshiki/fukushisomuka/3532.html","https://www.city.atsugi.kanagawa.jp/soshiki/fukushisomuka/3532.html"
"82966","https://www.city.atsugi.kanagawa.jp/soshiki/fukushisomuka/2401.html","https://www.city.atsugi.kanagawa.jp/soshiki/fukushisomuka/2401.html"
"82969","https://www.city.atsugi.kanagawa.jp/soshiki/kenkozukurika/2_1/3/37843.html","https://www.city.atsugi.kanagawa.jp/soshiki/kenkozukurika/2_1/3/37843.html"
"82971","https://www.city.atsugi.kanagawa.jp/soshiki/kodomoikuseika/15/8595.html","https://www.city.atsugi.kanagawa.jp/soshiki/kodomoikuseika/15/8595.html"
"82979","https://www.city.atsugi.kanagawa.jp/soshiki/hoikuka/17/23265.html","https://www.city.atsugi.kanagawa.jp/soshiki/hoikuka/17/23265.html"
"82975","https://www.city.atsugi.kanagawa.jp/soshiki/kotsuanzenka/7/3422.html","https://www.city.atsugi.kanagawa.jp/soshiki/kotsuanzenka/7/3422.html"
"82991","https://www.pref.nagano.lg.jp/zerocarbon/sai-ene/documents/gaiyou.pdf","https://www.pref.nagano.lg.jp/zerocarbon/sai-ene/jirituchiiki.html | https://www.pref.nagano.lg.jp/zerocarbon/sai-ene/documents/gaiyou.pdf"
"83000","https://www.city.hino.lg.jp/fukushi/nanbyo/jigyosha/1003787.html","https://www.city.hino.lg.jp/fukushi/nanbyo/jigyosha/1003787.html"
"82999","https://www.city.tonami.lg.jp/wp-content/uploads/doc_2-177.pdf","https://www.city.tonami.lg.jp/info/5763p/ | https://www.city.tonami.lg.jp/wp-content/uploads/doc_2-177.pdf"
"83007","https://www.city.atsugi.kanagawa.jp/soshiki/kankyojigyoka/5/4680.html","https://www.city.atsugi.kanagawa.jp/soshiki/kankyojigyoka/5/4680.html"
"83009","https://www.city.atsugi.kanagawa.jp/soshiki/kankyojigyoka/13/1812.html","https://www.city.atsugi.kanagawa.jp/soshiki/kankyojigyoka/13/1812.html"
"83008","https://www.city.atsugi.kanagawa.jp/soshiki/kankyojigyoka/13/979.html","https://www.city.atsugi.kanagawa.jp/soshiki/kankyojigyoka/13/979.html"
"83010","https://www.city.atsugi.kanagawa.jp/soshiki/shogyonigiwaika/11/3289.html","https://www.city.atsugi.kanagawa.jp/soshiki/shogyonigiwaika/11/3289.html"
"83011","https://www.city.atsugi.kanagawa.jp/soshiki/shogyonigiwaika/11/29356.html","https://www.city.atsugi.kanagawa.jp/soshiki/shogyonigiwaika/11/29356.html"
"83012","https://www.city.atsugi.kanagawa.jp/soshiki/shogyonigiwaika/11/333.html","https://www.city.atsugi.kanagawa.jp/soshiki/shogyonigiwaika/11/333.html"
"83013","https://www.city.tambasasayama.lg.jp/material/files/group/46/zuijibosyusyuttenn.pdf","https://www.city.tambasasayama.lg.jp/soshikikarasagasu/sozoutoshika/kigyoshinko/jimotoshushokusokushinjigyo/hojokinshoreikin/2242.html | https://www.city.tambasasayama.lg.jp/material/files/group/46/zuijibosyusyuttenn.pdf"
"83018","https://www.city.atsugi.kanagawa.jp/material/files/group/81/cirasi1.pdf","https://www.city.atsugi.kanagawa.jp/soshiki/chiikihoukatsukeasuishinka/10/21717.html | https://www.city.atsugi.kanagawa.jp/material/files/group/81/cirasi1.pdf"
"83017","https://www.city.atsugi.kanagawa.jp/soshiki/shogaifukushika/13/5473.html","https://www.city.atsugi.kanagawa.jp/soshiki/shogaifukushika/13/5473.html"
"83019","https://www.city.atsugi.kanagawa.jp/soshiki/bunkazaihogoka/14/1290.html","https://www.city.atsugi.kanagawa.jp/soshiki/bunkazaihogoka/14/1290.html"
"83020","https://www.city.atsugi.kanagawa.jp/soshiki/nogyoseisakuka/11/565.html","https://www.city.atsugi.kanagawa.jp/soshiki/nogyoseisakuka/11/565.html"
"83022","https://www.city.higashimurayama.tokyo.jp/kurashi/jigyo/chusyo/josei_hojo_kyuuhu/files/6zigyoukeizoku.pdf","https://www.city.higashimurayama.tokyo.jp/kurashi/jigyo/chusyo/josei_hojo_kyuuhu/keizokuhojo.html#cms67D0D | https://www.city.higashimurayama.tokyo.jp/kurashi/jigyo/chusyo/josei_hojo_kyuuhu/files/6zigyoukeizoku.pdf"
"83026","https://www.city.atsugi.kanagawa.jp/soshiki/toshikeikakuka/13/4756.html","https://www.city.atsugi.kanagawa.jp/soshiki/toshikeikakuka/13/4756.html"
"83027","https://www.city.atsugi.kanagawa.jp/soshiki/toshikeikakuka/13/1629.html","https://www.city.atsugi.kanagawa.jp/soshiki/toshikeikakuka/13/1629.html"
"83023","https://www.city.atsugi.kanagawa.jp/soshiki/shigaichiseibika/10/1636.html","https://www.city.atsugi.kanagawa.jp/soshiki/shigaichiseibika/10/1636.html"
"83029","https://www.city.atsugi.kanagawa.jp/soshiki/kenchikushidoka/12/2795.html","https://www.city.atsugi.kanagawa.jp/soshiki/kenchikushidoka/12/2795.html"
"83031","https://www.city.higashimurayama.tokyo.jp/kurashi/sumai/hojo/security_hojyosinsei.html","https://www.city.higashimurayama.tokyo.jp/kurashi/sumai/hojo/security_hojyosinsei.html"
"83030","https://www.city.higashimurayama.tokyo.jp/kurashi/sumai/hojo/security_hojyosinsei.html","https://www.city.higashimurayama.tokyo.jp/kurashi/sumai/hojo/security_hojyosinsei.html"
"83034","https://www.city.higashimurayama.tokyo.jp/kurashi/shiminkatsudo/jichikai/hojyokin/syukaijyohojyokin.html","https://www.city.higashimurayama.tokyo.jp/kurashi/shiminkatsudo/jichikai/hojyokin/syukaijyohojyokin.html"
"83036","https://www.city.higashimurayama.tokyo.jp/kurashi/shiminkatsudo/jichikai/hojyokin/kasseikahojyokin.html","https://www.city.higashimurayama.tokyo.jp/kurashi/shiminkatsudo/jichikai/hojyokin/kasseikahojyokin.html"
"83035","https://www.city.higashimurayama.tokyo.jp/kurashi/shiminkatsudo/jichikai/hojyokin/keijibanhojyokin.html","https://www.city.higashimurayama.tokyo.jp/kurashi/shiminkatsudo/jichikai/hojyokin/keijibanhojyokin.html"
"83037","https://www.city.yokohama.lg.jp/kurashi/sumai-kurashi/shigoto/kaigo/zinzaikakuho.html","https://www.city.yokohama.lg.jp/kurashi/sumai-kurashi/shigoto/kaigo/zinzaikakuho.html"
"83039","https://www.city.higashimurayama.tokyo.jp/kurashi/gomi/hojo/hojokintop/genryoukayouki.html","https://www.city.higashimurayama.tokyo.jp/kurashi/gomi/hojo/hojokintop/genryoukayouki.html"
"83048","http://www.town.okagaki.lg.jp/s048/020/020/20240705120006.html","http://www.town.okagaki.lg.jp/s048/020/020/20240705120006.html"
"83053","https://www.city.kasugai.lg.jp/bunka/ivent_other/1004258.html","https://www.city.kasugai.lg.jp/bunka/ivent_other/1004258.html"
"83054","https://www.pref.nagano.lg.jp/kaigo-shien/jinzai/gaikokujinzai_ukeiresokusin.html","https://www.pref.nagano.lg.jp/kaigo-shien/jinzai/gaikokujinzai_ukeiresokusin.html"
"83055","https://www.city.kasugai.lg.jp/business/kigyo/setsubi/1029445.html","https://www.city.kasugai.lg.jp/business/kigyo/setsubi/1029445.html"
"83059","https://www.city.nanao.lg.jp/sangyou-s/jigyousyoukeienkatuka.html","https://www.city.nanao.lg.jp/sangyou-s/jigyousyoukeienkatuka.html"
"83056","https://www.city.nanao.lg.jp/sangyou-s/kasetutenpotouseibisienuwanose.html","https://www.city.nanao.lg.jp/sangyou-s/kasetutenpotouseibisienuwanose.html"
"83058","https://www.city.kasugai.lg.jp/business/kigyo/setsubi/bosai.html","https://www.city.kasugai.lg.jp/business/kigyo/setsubi/bosai.html"
"83062","https://www.city.kasugai.lg.jp/business/kigyo/koujobuturyu/kisetsukojo.html","https://www.city.kasugai.lg.jp/business/kigyo/koujobuturyu/kisetsukojo.html"
"83067","https://www.city.kasugai.lg.jp/kenko/syogai/1033622/1031398.html","https://www.city.kasugai.lg.jp/kenko/syogai/1033622/1031398.html"
"83064","https://www.city.kasugai.lg.jp/business/1009248/nougyo/1009336.html","https://www.city.kasugai.lg.jp/business/1009248/nougyo/1009336.html"
"83072","https://www.city.toyokawa.lg.jp/kurashi_tetsuzuki/anzen_anshin/6/11831.html","https://www.city.toyokawa.lg.jp/kurashi_tetsuzuki/anzen_anshin/6/11831.html"
"83076","https://www.city.toyokawa.lg.jp/smph/kurashi/bohankotsuanzen/bohan/kentijihyousyou.html","https://www.city.toyokawa.lg.jp/smph/kurashi/bohankotsuanzen/bohan/kentijihyousyou.html"
"83074","https://www.city.higashimurayama.tokyo.jp/kurashi/sumai/doro/anzen/shidouhojo.html","https://www.city.higashimurayama.tokyo.jp/kurashi/sumai/doro/anzen/shidouhojo.html"
"83077","https://www.city.toyokawa.lg.jp/smph/kurashi/marriage_support/kekkoniventhojo.html","https://www.city.toyokawa.lg.jp/smph/kurashi/marriage_support/kekkoniventhojo.html"
"83078","https://www.city.higashimurayama.tokyo.jp/kurashi/shigoto/nogyo/nougyousyamuke/kankyohozenseibi.html","https://www.city.higashimurayama.tokyo.jp/kurashi/shigoto/nogyo/nougyousyamuke/kankyohozenseibi.html"
"83080","https://www.city.toyokawa.lg.jp/soshiki/kyoikuiinkai/shomu/1/1/2/2693.html","https://www.city.toyokawa.lg.jp/soshiki/kyoikuiinkai/shomu/1/1/2/2693.html"
"83083","https://www.city.hekinan.lg.jp/soshiki/keizai_kankyo/kankyo/subsidy/4394.html","https://www.city.hekinan.lg.jp/soshiki/keizai_kankyo/kankyo/subsidy/4394.html"
"83091","https://www.city.kokubunji.tokyo.jp/kurashi/1011090/1011339/1018245.html","https://www.city.kokubunji.tokyo.jp/kurashi/1011090/1011339/1018245.html"
"83093","https://www.city.kokubunji.tokyo.jp/kurashi/bousai/bouhan/1028243/1028248/1015426.html","https://www.city.kokubunji.tokyo.jp/kurashi/bousai/bouhan/1028243/1028248/1015426.html"
"83094","https://www.city.toyota.aichi.jp/shisei/machizukuri/hojo/1005252.html","https://www.city.toyota.aichi.jp/shisei/machizukuri/hojo/1005252.html"
"83108","https://www.town.daigo.ibaraki.jp/data/doc/1725514846_doc_82_0.pdf","https://www.town.daigo.ibaraki.jp/page/page007606.html | https://www.town.daigo.ibaraki.jp/data/doc/1725514846_doc_82_0.pdf"
"83095","https://www.city.kokubunji.tokyo.jp/kurashi/1011486/1011563/1002810.html","https://www.city.kokubunji.tokyo.jp/kurashi/1011486/1011563/1002810.html"
"83115","https://www.city.fussa.tokyo.jp/life/health/elderlypeople/1019696/1018965.html","https://www.city.fussa.tokyo.jp/life/health/elderlypeople/1019696/1018965.html"
"83118","https://www.city.fussa.tokyo.jp/life/health/elderlypeople/1019696/1010498.html","https://www.city.fussa.tokyo.jp/life/health/elderlypeople/1019696/1010498.html"
"83121","https://www.city.fussa.tokyo.jp/life/disaster/crimepreven/1010358.html","https://www.city.fussa.tokyo.jp/life/disaster/crimepreven/1010358.html"
"83128","https://www.city.gamagori.lg.jp/unit/sangyo/akitenpohojokin.html","https://www.city.gamagori.lg.jp/unit/sangyo/akitenpohojokin.html"
"83122","https://www.city.fussa.tokyo.jp/life/disaster/crimepreven/1010358.html","https://www.city.fussa.tokyo.jp/life/disaster/crimepreven/1010358.html"
"83126","https://www.city.gamagori.lg.jp/uploaded/attachment/92719.pdf","https://www.city.gamagori.lg.jp/unit/kenchiku/shindangimukahojo.html | https://www.city.gamagori.lg.jp/uploaded/attachment/92719.pdf"
"83130","https://www.city.gamagori.lg.jp/site/chojuka/tiikikoryukatudoujyosei.html","https://www.city.gamagori.lg.jp/site/chojuka/tiikikoryukatudoujyosei.html"
"83134","https://www.city.iwakuni.lg.jp/soshiki/17/7502.html","https://www.city.iwakuni.lg.jp/soshiki/17/7502.html"
"83139","https://www.city.inuyama.aichi.jp/jigyo/kougyou/1006613.html","https://www.city.inuyama.aichi.jp/jigyo/kougyou/1006613.html"
"83145","https://www.town.matsuno.ehime.jp/soshiki/11/14115.html","https://www.town.matsuno.ehime.jp/soshiki/11/14115.html"
"83151","https://town.kyowa.hokkaido.jp/assets/images/content/content_20240403_183148.pdf","https://town.kyowa.hokkaido.jp/life/?content=753 | https://town.kyowa.hokkaido.jp/assets/images/content/content_20240403_183148.pdf"
"83142","https://www.town.kamigori.hyogo.jp/soshiki/nourin/gyomuannai/nousei/yuukinougyou/6777.html","https://www.town.kamigori.hyogo.jp/soshiki/nourin/gyomuannai/nousei/yuukinougyou/6777.html"
"83155","https://www.city.inuyama.aichi.jp/kurashi/shobo/1006249/1006251.html","https://www.city.inuyama.aichi.jp/kurashi/shobo/1006249/1006251.html"
"83156","https://www.city.iwakuni.lg.jp/soshiki/42/81515.html","https://www.city.iwakuni.lg.jp/soshiki/42/81515.html"
"83161","https://www.city.kiyose.lg.jp/kurashi/bousai_anzen/bousai_kiki/1003364/1003389.html","https://www.city.kiyose.lg.jp/kurashi/bousai_anzen/bousai_kiki/1003364/1003389.html"
"83163","https://www.city.kiyose.lg.jp/_res/projects/default_project/_page_/001/011/020/2024jibatirashi.pdf","https://www.city.kiyose.lg.jp/sigotosangyou/nougyou/1011020.html | https://www.city.kiyose.lg.jp/_res/projects/default_project/_page_/001/011/020/2024jibatirashi.pdf"
"83170","https://www.city.inuyama.aichi.jp/_res/projects/default_project/_page_/001/005/982/kouhainouchi_gaiyou.pdf","https://www.city.inuyama.aichi.jp/jigyo/nouti/1005982.html | https://www.city.inuyama.aichi.jp/_res/projects/default_project/_page_/001/005/982/kouhainouchi_gaiyou.pdf"
"83171","https://www.city.inuyama.aichi.jp/kurashi/1007140/1007147/1004385.html","https://www.city.inuyama.aichi.jp/kurashi/1007140/1007147/1004385.html"
"83173","https://www.city.inuyama.aichi.jp/kurashi/gomi/1005044/1000671/1006138.html","https://www.city.inuyama.aichi.jp/kurashi/gomi/1005044/1000671/1006138.html"
"83174","https://www.city.inuyama.aichi.jp/kurashi/bus/1005971.html","https://www.city.inuyama.aichi.jp/kurashi/bus/1005971.html"
"83179","https://www.city.higashikurume.lg.jp/kurashi/kurashi/jichikai/1016443.html","https://www.city.higashikurume.lg.jp/kurashi/kurashi/jichikai/1016443.html"
"83180","https://www.city.higashikurume.lg.jp/kurashi/kurashi/jichikai/1016443.html","https://www.city.higashikurume.lg.jp/kurashi/kurashi/jichikai/1016443.html"
"83184","https://www.city.konan.lg.jp/kurashi/bousai/1004370/1007443/1007441.html","https://www.city.konan.lg.jp/kurashi/bousai/1004370/1007443/1007441.html"
"83181","https://www.city.higashikurume.lg.jp/kurashi/kurashi/jichikai/1016443.html","https://www.city.higashikurume.lg.jp/kurashi/kurashi/jichikai/1016443.html"
"83194","https://town.matsuda.kanagawa.jp/soshiki/9/hisainoutifuxtukyuu.html","https://town.matsuda.kanagawa.jp/soshiki/9/hisainoutifuxtukyuu.html"
"83210","https://www.city.komaki.aichi.jp/admin/soshiki/chiikikassei/syoukou/1/6/2/9060.html","https://www.city.komaki.aichi.jp/admin/soshiki/chiikikassei/syoukou/1/6/2/9060.html"
"83211","https://www.city.komaki.aichi.jp/admin/soshiki/chiikikassei/syoukou/1/6/2/9058.html","https://www.city.komaki.aichi.jp/admin/soshiki/chiikikassei/syoukou/1/6/2/9058.html"
"83212","https://www.city.komaki.aichi.jp/admin/soshiki/chiikikassei/syoukou/1/6/2/7140.html","https://www.city.komaki.aichi.jp/admin/soshiki/chiikikassei/syoukou/1/6/2/7140.html"
"83214","https://www.city.komaki.aichi.jp/material/files/group/13/shin_jinsaikakuho_titrashi.pdf","https://www.city.komaki.aichi.jp/admin/soshiki/chiikikassei/syoukou/2/8/1/41013.html | https://www.city.komaki.aichi.jp/material/files/group/13/shin_jinsaikakuho_titrashi.pdf"
"83213","https://www.city.komaki.aichi.jp/material/files/group/13/akitenpo_aramasi2.pdf","https://www.city.komaki.aichi.jp/admin/soshiki/chiikikassei/syoukou/1/6/2/37473.html | https://www.city.komaki.aichi.jp/material/files/group/13/akitenpo_aramasi2.pdf | https://www.city.komaki.aichi.jp/material/files/group/13/akitenpo_bessi.pdf"
"83226","https://www.city.komaki.aichi.jp/material/files/group/13/37130700.pdf","https://www.city.komaki.aichi.jp/admin/soshiki/chiikikassei/syoukou/1/6/2/9056.html | https://www.city.komaki.aichi.jp/material/files/group/13/37130700.pdf"
"83225","https://www.mod.go.jp/atla/hourei/hourei_dpb/02_kyoka_boshuyoko_antei_r060926.pdf","https://www.mod.go.jp/atla/hourei_dpb.html | https://www.mod.go.jp/atla/hourei/hourei_dpb/02_kyoka_boshuyoko_antei_r060926.pdf | https://www.mod.go.jp/atla/hourei/hourei_dpb/01_gaiyo_dpb_shisaku_r051213.pdf | https://ssi.bsk-z.or.jp/topics/2356"
"83229","https://www.city.komaki.aichi.jp/material/files/group/13/hukugyoukenngyou0306.pdf","https://www.city.komaki.aichi.jp/admin/soshiki/chiikikassei/syoukou/2/8/1/41014.html | https://www.city.komaki.aichi.jp/material/files/group/13/hukugyoukenngyou0306.pdf"
"83230","https://www.city.komaki.aichi.jp/material/files/group/34/konkatushien.pdf","https://www.city.komaki.aichi.jp/admin/soshiki/kodomomirai/deai_kekkon/deai_kekkon/konkatsu/8322.html | https://www.city.komaki.aichi.jp/material/files/group/34/konkatushien.pdf"
"83231","https://www.city.komaki.aichi.jp/admin/soshiki/fukushi/houkatsu/2/ninchishosesaku/ninchishocafe/30971.html","https://www.city.komaki.aichi.jp/admin/soshiki/fukushi/houkatsu/2/ninchishosesaku/ninchishocafe/30971.html"
"83235","https://www.city.komaki.aichi.jp/material/files/group/14/ninshouhihojo202404.pdf","https://www.city.komaki.aichi.jp/admin/soshiki/chiikikassei/kigyouricchi/1/nextgeneration/hojo/7131.html | https://www.city.komaki.aichi.jp/material/files/group/14/ninshouhihojo202404.pdf"
"83237","https://www.city.imari.lg.jp/secure/34880/tirasi.pdf","https://www.city.imari.lg.jp/item/34880.htm#itemid34880 | https://www.city.imari.lg.jp/secure/34880/tirasi.pdf"
"83244","https://www.city.komaki.aichi.jp/admin/jigyousha/keiei/45596.html","https://www.city.komaki.aichi.jp/admin/jigyousha/keiei/45596.html"
"83238","https://www.city.komaki.aichi.jp/admin/soshiki/chiikikassei/nousei/2/1/1/45959.html","https://www.city.komaki.aichi.jp/admin/soshiki/chiikikassei/nousei/2/1/1/45959.html"
"83261","https://www.town.nishiwaga.lg.jp/soshikikarasagasu/kankoshokoka/3/4/1/2/3133.html","https://www.town.nishiwaga.lg.jp/soshikikarasagasu/kankoshokoka/3/4/1/2/3133.html"
"83268","https://www.city.fukushima-date.lg.jp/soshiki/19/74054.html","https://www.city.fukushima-date.lg.jp/soshiki/19/74054.html"
"83270","https://www.vill.minamiaso.lg.jp/kiji0033156/index.html","https://www.vill.minamiaso.lg.jp/kiji0033156/index.html"
"83271","https://www.city.gujo.gifu.jp/admin/info/post-1998.html","https://www.city.gujo.gifu.jp/admin/info/post-1998.html"
"83275","https://www.city.komaki.aichi.jp/material/files/group/21/92432834.pdf","https://www.city.komaki.aichi.jp/admin/soshiki/shiminseikatsu/gomi/2/5_2/5_8/4/20717.html | https://www.city.komaki.aichi.jp/material/files/group/21/92432834.pdf"
"83274","https://www.city.komaki.aichi.jp/admin/shinseisho_dl/machidukuri/13/38034.html","https://www.city.komaki.aichi.jp/admin/shinseisho_dl/machidukuri/13/38034.html"
"83276","https://www.city.komaki.aichi.jp/admin/soshiki/fukushi/shogaifukushi/shogaifukushi/1_1/6/1/34486.html","https://www.city.komaki.aichi.jp/admin/soshiki/fukushi/shogaifukushi/shogaifukushi/1_1/6/1/34486.html"
"83280","https://www.city.inazawa.aichi.jp/0000004129.html","https://www.city.inazawa.aichi.jp/0000004129.html"
"83292","https://www.city.shinshiro.lg.jp/kosodate/kosodateshien/kodomo-syokudo.html","https://www.city.shinshiro.lg.jp/kosodate/kosodateshien/kodomo-syokudo.html"
"83294","https://www.city.shinshiro.lg.jp/sangyo/nogyo-ringyo/ringyo/kanbatsuzai.html","https://www.city.shinshiro.lg.jp/sangyo/nogyo-ringyo/ringyo/kanbatsuzai.html"
"83309","https://www.town.fujimi.lg.jp/page/syouboushisetsuseibi.html","https://www.town.fujimi.lg.jp/page/syouboushisetsuseibi.html"
"83295","https://www.city.shinshiro.lg.jp/kurashi/seikatsu/bohan/bohan-camera.html","https://www.city.shinshiro.lg.jp/kurashi/seikatsu/bohan/bohan-camera.html"
"83319","https://www.city.obu.aichi.jp/shisei/jyorei_kisoku/youkou/1008992/1009098/1003841.html","https://www.city.obu.aichi.jp/shisei/jyorei_kisoku/youkou/1008992/1009098/1003841.html"
"83330","https://www.city.sado.niigata.jp/soshiki/2017/63889.html","https://www.city.sado.niigata.jp/soshiki/2017/63889.html"
"83328","https://www.city.yurihonjo.lg.jp/1001503/1002090/1010612/1010616.html","https://www.city.yurihonjo.lg.jp/1001503/1002090/1010612/1010616.html"
"83332","https://www.vill.kunigami.okinawa.jp/k_nourinsuisan/%e8%be%b2%e6%a5%ad%e5%85%b1%e6%b8%88%e5%8a%a0%e5%85%a5%e8%b2%a0%e6%8b%85%e9%87%91%e6%94%af%e6%8f%b4%e4%ba%8b%e6%a5%ad%e8%a3%9c%e5%8a%a9%e9%87%91%e3%81%ab%e3%81%a4%e3%81%84%e3%81%a6/","https://www.vill.kunigami.okinawa.jp/k_nourinsuisan/%e8%be%b2%e6%a5%ad%e5%85%b1%e6%b8%88%e5%8a%a0%e5%85%a5%e8%b2%a0%e6%8b%85%e9%87%91%e6%94%af%e6%8f%b4%e4%ba%8b%e6%a5%ad%e8%a3%9c%e5%8a%a9%e9%87%91%e3%81%ab%e3%81%a4%e3%81%84%e3%81%a6/"
"83345","https://www.city.chita.lg.jp/docs/2014010701022/","https://www.city.chita.lg.jp/docs/2014010701022/"
"83334","https://www.pref.nagano.lg.jp/kotsu/kurashi/kotsu/taxi/hojyokin.html","https://www.pref.nagano.lg.jp/kotsu/kurashi/kotsu/taxi/hojyokin.html"
"83348","https://www.town.sakaki.nagano.jp/www/contents/1508977457407/index.html","https://www.town.sakaki.nagano.jp/www/contents/1508977457407/index.html"
"83354","https://www.city.chiryu.aichi.jp/soshiki/kyoiku/shogaigakushu/gyomu/kodomokai/1657772784626.html","https://www.city.chiryu.aichi.jp/soshiki/kyoiku/shogaigakushu/gyomu/kodomokai/1657772784626.html"
"83355","https://www.city.chiryu.aichi.jp/soshiki/kikikanri/anshinanzen/gyomu/4/1445358889915.html","https://www.city.chiryu.aichi.jp/soshiki/kikikanri/anshinanzen/gyomu/4/1445358889915.html"
"83356","https://www.city.ube.yamaguchi.jp/machizukuri/sangyou/nougyou/1006027/1015971.html","https://www.city.ube.yamaguchi.jp/machizukuri/sangyou/nougyou/1006027/1015971.html"
"83357","https://www.city.ube.yamaguchi.jp/machizukuri/sangyou/nougyou/1006027/1006035.html","https://www.city.ube.yamaguchi.jp/machizukuri/sangyou/nougyou/1006027/1006035.html"
"83358","https://www.city.tama.lg.jp/kurashi/suido/gesuidou/shikumi/1002428.html","https://www.city.tama.lg.jp/kurashi/suido/gesuidou/shikumi/1002428.html"
"83364","https://www.city.tama.lg.jp/_res/projects/default_project/_page_/001/014/649/Msaisei_R6.4.pdf","https://www.city.tama.lg.jp/kurashi/kankyo/sumai/apartment/1014649.html | https://www.city.tama.lg.jp/_res/projects/default_project/_page_/001/014/649/Msaisei_R6.4.pdf"
"83362","https://www.city.tama.lg.jp/kurashi/bousai/kunren/1001582.html#group3","https://www.city.tama.lg.jp/kurashi/bousai/kunren/1001582.html#group3"
"83365","https://www.city.awara.lg.jp/mokuteki/industry/industry0401/p010615.html","https://www.city.awara.lg.jp/mokuteki/industry/industry0401/p010615.html"
"83368","https://www.city.tama.lg.jp/_res/projects/default_project/_page_/001/002/414/paufu1.pdf","https://www.city.tama.lg.jp/kurashi/kankyo/sumai/apartment/1002414.html | https://www.city.tama.lg.jp/_res/projects/default_project/_page_/001/002/414/paufu1.pdf"
"83374","https://www.city.takahama.lg.jp/soshiki/keizai/19816.html","https://www.city.takahama.lg.jp/soshiki/keizai/19816.html"
"83386","https://www.vill.hakuba.lg.jp/gyosei/soshikikarasagasu/somuka/seisakukikakugakari/1_1/1247.html","https://www.vill.hakuba.lg.jp/gyosei/soshikikarasagasu/somuka/seisakukikakugakari/1_1/1247.html"
"83391","https://www.town.yuasa.wakayama.jp/soshiki/3/8991.html#kousaku-houkichi","https://www.town.yuasa.wakayama.jp/soshiki/3/8991.html#kousaku-houkichi"
"83389","https://www.town.yuasa.wakayama.jp/soshiki/3/8991.html#nougyou","https://www.town.yuasa.wakayama.jp/soshiki/3/8991.html#nougyou"
"83387","https://www.city.takahama.lg.jp/soshiki/keizai/863.html","https://www.city.takahama.lg.jp/soshiki/keizai/863.html"
"83392","https://www.city.ube.yamaguchi.jp/_res/projects/default_project/_page_/001/017/356/betuhyou.pdf","https://www.city.ube.yamaguchi.jp/machizukuri/sangyou/nougyou/1006027/1006029/1017356.html | https://www.city.ube.yamaguchi.jp/_res/projects/default_project/_page_/001/017/356/betuhyou.pdf"
"83393","https://www.town.yuasa.wakayama.jp/soshiki/3/8991.html#keiei-kaishi","https://www.town.yuasa.wakayama.jp/soshiki/3/8991.html#keiei-kaishi"
"83395","https://www.town.yuasa.wakayama.jp/soshiki/3/8991.html#keiei-hatten","https://www.town.yuasa.wakayama.jp/soshiki/3/8991.html#keiei-hatten"
"83396","https://www.town.yuasa.wakayama.jp/soshiki/3/8991.html#tokusanhin","https://www.town.yuasa.wakayama.jp/soshiki/3/8991.html#tokusanhin"
"83415","https://www.city.nisshin.lg.jp/department/sougou/jouhou/hozyo_ichiran/hozyokin/14919.html","https://www.city.nisshin.lg.jp/department/sougou/jouhou/hozyo_ichiran/hozyokin/14919.html"
"83407","https://www.city.ube.yamaguchi.jp/machizukuri/sangyou/seido/1022764.html","https://www.city.ube.yamaguchi.jp/machizukuri/sangyou/seido/1022764.html"
"83420","https://www.city.koshigaya.saitama.jp/kurashi_shisei/jigyosha/nogyotochi/sien/nogyo/tokubetusaibainousannbutuseisannsokushinhojyokinn.html","https://www.city.koshigaya.saitama.jp/kurashi_shisei/jigyosha/nogyotochi/sien/nogyo/tokubetusaibainousannbutuseisannsokushinhojyokinn.html"
"83422","https://www.city.inagi.tokyo.jp/kenko/syougaifukushi/oshirase/jushinicare.html","https://www.city.inagi.tokyo.jp/kenko/syougaifukushi/oshirase/jushinicare.html"
"83431","https://www.chusho.meti.go.jp/pamflet/g_book/2025/download/2025gbookall.pdf#page=243","https://www.chusho.meti.go.jp/pamflet/g_book/2025/download/2025gbookall.pdf#page=243 | https://www.chusho.meti.go.jp/pamflet/g_book/2025/index.html"
"83434","https://www.city.nishiwaki.lg.jp/material/files/group/58/houjinsien1.pdf","https://www.city.nishiwaki.lg.jp/kakukanogoannai/fukushibu/fukushisoumuka/22731.html | https://www.city.nishiwaki.lg.jp/material/files/group/58/houjinsien1.pdf"
"83449","https://www.city.aisai.lg.jp/0000009402.html","https://www.city.aisai.lg.jp/0000009402.html"
"83439","https://www.city.yokote.lg.jp/shigoto/1001165/1001371/1001372/1003715.html","https://www.city.yokote.lg.jp/shigoto/1001165/1001371/1001372/1003715.html"
"83450","https://www.city.inagi.tokyo.jp/kurashi/kyodo/jichikainado/jitikai_support.html","https://www.city.inagi.tokyo.jp/kurashi/kyodo/jichikainado/jitikai_support.html"
"83468","https://www.city.koshigaya.saitama.jp/kurashi_shisei/jigyosha/nogyotochi/nogyo/shinkishuno.html#auto_anc3","https://www.city.koshigaya.saitama.jp/kurashi_shisei/jigyosha/nogyotochi/nogyo/shinkishuno.html#auto_anc3"
"83451","https://www.city.kiyosu.aichi.jp/shisei_joho/shiseisuishin_iin/jisyubou.html","https://www.city.kiyosu.aichi.jp/shisei_joho/shiseisuishin_iin/jisyubou.html"
"83470","https://www.city.koshigaya.saitama.jp/kurashi_shisei/jigyosha/nogyotochi/nogyo/shinkishuno.html#auto_anc3","https://www.city.koshigaya.saitama.jp/kurashi_shisei/jigyosha/nogyotochi/nogyo/shinkishuno.html#auto_anc3"
"83472","https://www.city.yatomi.lg.jp/kurashi/1006133/1006123.html","https://www.city.yatomi.lg.jp/kurashi/1006133/1006123.html"
"83476","https://www.city.aichi-miyoshi.lg.jp/sangyo/judensetsubihojo.html","https://www.city.aichi-miyoshi.lg.jp/sangyo/judensetsubihojo.html"
"83480","https://www.city.aichi-miyoshi.lg.jp/kurashi_tetsuzuki/hojyokinmatome/kojinigai/katsudodantai/9404.html","https://www.city.aichi-miyoshi.lg.jp/kurashi_tetsuzuki/hojyokinmatome/kojinigai/katsudodantai/9404.html"
"83498","https://www.city.adachi.tokyo.jp/documents/69647/gaiyou.pdf","https://www.city.adachi.tokyo.jp/kotsu/basuteihozyo.html | https://www.city.adachi.tokyo.jp/documents/69647/gaiyou.pdf"
"83492","https://www.city.hamura.tokyo.jp/0000000792.html","https://www.city.hamura.tokyo.jp/0000000792.html"
"83509","https://www.town.kihoku.ehime.jp/soshiki/kikaku/14152.html","https://www.town.kihoku.ehime.jp/soshiki/kikaku/14152.html"
"83512","https://www.town.kumiyama.lg.jp/0000005794.html","https://www.town.kumiyama.lg.jp/0000005794.html"
"83511","https://www.town.kihoku.ehime.jp/soshiki/kikaku/14152.html","https://www.town.kihoku.ehime.jp/soshiki/kikaku/14152.html"
"83515","https://www.city.nankoku.lg.jp/life/life_dtl.php?hdnKey=6720","https://www.city.nankoku.lg.jp/life/life_dtl.php?hdnKey=6720"
"83518","https://www.miyoshi.i-tokushima.jp/docs/sogyo_akitenpo.html","https://www.miyoshi.i-tokushima.jp/docs/sogyo_akitenpo.html"
"83521","https://www.city.asakuchi.lg.jp/page/2246.html","https://www.city.asakuchi.lg.jp/page/2246.html"
"83522","https://www.town.wake.lg.jp/shigoto/sangyoshinko/kigyo_sogyoshien/1494.html","https://www.town.wake.lg.jp/shigoto/sangyoshinko/kigyo_sogyoshien/1494.html"
"83524","https://www.town.kibichuo.lg.jp/soshiki/6/14342.html","https://www.town.kibichuo.lg.jp/soshiki/6/14342.html"
"83540","https://www.town.yokoze.saitama.jp/jigyosha/nogyo-ringyo/58478","https://www.town.yokoze.saitama.jp/jigyosha/nogyo-ringyo/58478"
"83565","https://www.nagasaki-chuokai.or.jp/gaikokuzinzai_hojo","https://www.nagasaki-chuokai.or.jp/gaikokuzinzai_hojo"
"83544","https://www.joho.tagawa.fukuoka.jp/kiji0036088/3_6088_40620_up_32dl4t6s.pdf","https://www.joho.tagawa.fukuoka.jp/kiji0036088/index.html | https://www.joho.tagawa.fukuoka.jp/kiji0036088/3_6088_40620_up_32dl4t6s.pdf"
"83569","https://www.city.nagakute.lg.jp/kurashi_tetsuzuki/gomi_kankyo/choju/choju/11553.html","https://www.city.nagakute.lg.jp/kurashi_tetsuzuki/gomi_kankyo/choju/choju/11553.html"
"83577","https://www.city.katsushika.lg.jp/_res/projects/default_project/_page_/001/036/462/gaiyoutirashi0913.pdf","https://www.city.katsushika.lg.jp/business/1000011/1000069/1005251/1036462.html | https://www.city.katsushika.lg.jp/_res/projects/default_project/_page_/001/036/462/gaiyoutirashi0913.pdf"
"83578","https://www.city.katsushika.lg.jp/_res/projects/default_project/_page_/001/036/462/gaiyoutirashi0913.pdf","https://www.city.katsushika.lg.jp/business/1000011/1000069/1005251/1036462.html | https://www.city.katsushika.lg.jp/_res/projects/default_project/_page_/001/036/462/gaiyoutirashi0913.pdf"
"83592","https://www.town.aichi-togo.lg.jp/soshikikarasagasu/kankyoka/gyomuannai/1/1/3587.html","https://www.town.aichi-togo.lg.jp/soshikikarasagasu/kankyoka/gyomuannai/1/1/3587.html"
"83597","https://www.pref.miyagi.jp/soshiki/iryoujinzai/kinkaihojomatomer6.html","https://www.pref.miyagi.jp/soshiki/iryoujinzai/kinkaihojomatomer6.html"
"83604","https://www.city.date.hokkaido.jp/hotnews/files/00005800/00005871/%E3%83%91%E3%83%B3%E3%83%95%E3%83%AC%E3%83%83%E3%83%88.pdf","https://www.city.date.hokkaido.jp/hotnews/detail/00005871.html | https://www.city.date.hokkaido.jp/hotnews/files/00005800/00005871/%E3%83%91%E3%83%B3%E3%83%95%E3%83%AC%E3%83%83%E3%83%88.pdf"
"83598","https://www.town.toyoyama.lg.jp/_res/projects/default_project/_page_/001/002/799/tirashi.pdf","https://www.town.toyoyama.lg.jp/kurashi/bousai/1000674/1002799.html | https://www.town.toyoyama.lg.jp/_res/projects/default_project/_page_/001/002/799/tirashi.pdf"
"83622","https://www.town.kanie.aichi.jp/soshiki/18/bunkazaihojyokin.html","https://www.town.kanie.aichi.jp/soshiki/18/bunkazaihojyokin.html"
"83632","https://www.vill.tobishima.aichi.jp/kurashi/syougaigakusyu/zenkokutaikai_hojo.html","https://www.vill.tobishima.aichi.jp/kurashi/syougaigakusyu/zenkokutaikai_hojo.html"
"83623","https://www.town.kanie.aichi.jp/soshiki/3/machikou.html","https://www.town.kanie.aichi.jp/soshiki/3/machikou.html"
"83636","https://www.town.aichi-higashiura.lg.jp/shinseisho/subsidy/1522311287506.html","https://www.town.aichi-higashiura.lg.jp/shinseisho/subsidy/1522311287506.html"
"83644","https://www.town.aichi-higashiura.lg.jp/soshiki/sports/sports/gyomu/1452567102077.html","https://www.town.aichi-higashiura.lg.jp/soshiki/sports/sports/gyomu/1452567102077.html"
"83647","https://www.town.aichi-mihama.lg.jp/docs/2020032600021/","https://www.town.aichi-mihama.lg.jp/docs/2020032600021/"
"83651","https://www.town.aichi-mihama.lg.jp/docs/2023042100017/","https://www.town.aichi-mihama.lg.jp/docs/2023042100017/"
"83659","https://www.town.shitara.lg.jp/soshiki/2/3373.html","https://www.town.shitara.lg.jp/soshiki/2/3373.html"
"83653","https://www.town.taketoyo.lg.jp/chousei/1001543/1002999/1003001.html","https://www.town.taketoyo.lg.jp/chousei/1001543/1002999/1003001.html"
"83661","https://www.town.shitara.lg.jp/soshiki/3/3402.html","https://www.town.shitara.lg.jp/soshiki/3/3402.html"
"83663","https://www.town.toei.aichi.jp/4020.htm","https://www.town.toei.aichi.jp/4020.htm"
"83668","https://www.city.kikuchi.lg.jp/article/view/1222/4054.html","https://www.city.kikuchi.lg.jp/article/view/1222/4054.html"
"83671","https://www.vill.toyone.aichi.jp/soshiki/shinko/kanko/169.html","https://www.vill.toyone.aichi.jp/soshiki/shinko/kanko/169.html"
"83673","https://www.city.hioki.kagoshima.jp/shoko/sangyo-business/sangyo/shokogyo/hojokin.html#f","https://www.city.hioki.kagoshima.jp/shoko/sangyo-business/sangyo/shokogyo/hojokin.html#f"
"83672","https://www.vill.toyone.aichi.jp/soshiki/shinko/kanko/169.html","https://www.vill.toyone.aichi.jp/soshiki/shinko/kanko/169.html"
"83678","https://www.city.hamamatsu.shizuoka.jp/kiki/disaster/bousai/katudouhojyo/jisyubohojyo.html","https://www.city.hamamatsu.shizuoka.jp/kiki/disaster/bousai/katudouhojyo/jisyubohojyo.html"
"83683","https://www.city.hamamatsu.shizuoka.jp/kaigo/welfare/caresp/news/220401kyotakukakuhohojo.html","https://www.city.hamamatsu.shizuoka.jp/kaigo/welfare/caresp/news/220401kyotakukakuhohojo.html"
"83680","https://www.pref.shizuoka.jp/_res/projects/default_project/_page_/001/003/072/donor_a4_.pdf","https://www.pref.shizuoka.jp/kenkofukushi/shippeikansensho/ganshippei/1003072/ | https://www.pref.shizuoka.jp/_res/projects/default_project/_page_/001/003/072/donor_a4_.pdf | https://www.pref.shizuoka.jp/_res/projects/default_project/_page_/001/003/072/shichouichiran_202311.pdf"
"83685","https://www.city.akiruno.tokyo.jp/cmsfiles/contents/0000013/13084/sinsotsu_chirasi_R6.4.1.pdf","https://www.city.akiruno.tokyo.jp/0000013084.html | https://www.city.akiruno.tokyo.jp/cmsfiles/contents/0000013/13084/sinsotsu_chirasi_R6.4.1.pdf"
"83688","https://www.city.hachinohe.aomori.jp/soshikikarasagasu/seisakusuishinka/sumai_kotsuu_suido/1/22751.html","https://www.city.hachinohe.aomori.jp/soshikikarasagasu/seisakusuishinka/sumai_kotsuu_suido/1/22751.html"
"83698","https://city.numazu.shizuoka.jp/kurashi/sports/sports/shimin/shoshikin/index.htm","https://city.numazu.shizuoka.jp/kurashi/sports/sports/shimin/shoshikin/index.htm"
"83700","https://www.chusho.meti.go.jp/pamflet/g_book/2024/download/2024gbookall.pdf#page=259","https://www.chusho.meti.go.jp/pamflet/g_book/2024/download/2024gbookall.pdf#page=259"
"83711","https://www.city.takeo.lg.jp/benri/seikatsu/pet/011308.html","https://www.city.takeo.lg.jp/benri/seikatsu/pet/011308.html"
"83710","https://www.city.takeo.lg.jp/benri/seikatsu/gomi/013945.html","https://www.city.takeo.lg.jp/benri/seikatsu/gomi/013945.html"
"83718","https://www.city.atami.lg.jp/kurashi/kankyo/1000809/1000810.html","https://www.city.atami.lg.jp/kurashi/kankyo/1000809/1000810.html"
"83714","https://www.city.takeo.lg.jp/jigyo/kankouukeirekankyouseibi/","https://www.city.takeo.lg.jp/jigyo/kankouukeirekankyouseibi/"
"83721","https://www.city.atami.lg.jp/kurashi/kankyo/1000809/1000810.html","https://www.city.atami.lg.jp/kurashi/kankyo/1000809/1000810.html"
"83725","https://www.city.atami.lg.jp/kurashi/kankyo/1000809/1000810.html","https://www.city.atami.lg.jp/kurashi/kankyo/1000809/1000810.html"
"83728","http://www.city.sunagawa.hokkaido.jp/sangyou/shoukou/2024-0917-1624-45.html","http://www.city.sunagawa.hokkaido.jp/sangyou/shoukou/2024-0917-1624-45.html"
"83727","https://www.city.atami.lg.jp/kurashi/kankyo/1000809/1000810.html","https://www.city.atami.lg.jp/kurashi/kankyo/1000809/1000810.html"
"83735","https://www.city.atami.lg.jp/kenko/sports/1005415.html","https://www.city.atami.lg.jp/kenko/sports/1005415.html"
"83734","https://www.city.atami.lg.jp/kurashi/kankyo/1000830/1000832.html","https://www.city.atami.lg.jp/kurashi/kankyo/1000830/1000832.html"
"83737","https://www.city.nishitokyo.lg.jp/kenko_hukusi/kaigo/shiminmuke_jyouhou/kaigo_work_interest/syoninnsyakennsyuu.files/tirasi.pdf","https://www.city.nishitokyo.lg.jp/kenko_hukusi/kaigo/shiminmuke_jyouhou/kaigo_work_interest/syoninnsyakennsyuu.html | https://www.city.nishitokyo.lg.jp/kenko_hukusi/kaigo/shiminmuke_jyouhou/kaigo_work_interest/syoninnsyakennsyuu.files/tirasi.pdf"
"83744","https://www.city.nishitokyo.lg.jp/enjoy/sports/shinsei/sportsshinkozigyohojokin.html","https://www.city.nishitokyo.lg.jp/enjoy/sports/shinsei/sportsshinkozigyohojokin.html"
"83739","https://www.city.nishitokyo.lg.jp/kurasi/iza/bohan/bohan_hojyo.html","https://www.city.nishitokyo.lg.jp/kurasi/iza/bohan/bohan_hojyo.html"
"83751","https://www.town.ichinohe.iwate.jp/soshikikarasagasu/chominka/seikatsukankyokakari/boti/5909.html","https://www.town.ichinohe.iwate.jp/soshikikarasagasu/chominka/seikatsukankyokakari/boti/5909.html"
"83761","https://www.city.nishitokyo.lg.jp/kurasi/koen/hozonzyumoku.html","https://www.city.nishitokyo.lg.jp/kurasi/koen/hozonzyumoku.html"
"83757","https://www.city.mishima.shizuoka.jp/ipn031828.html","https://www.city.mishima.shizuoka.jp/ipn031828.html"
"83755","https://www.city.mishima.shizuoka.jp/bousai/detail007557.html","https://www.city.mishima.shizuoka.jp/bousai/detail007557.html"
"83762","https://www.city.fujinomiya.lg.jp/sp/citizen/iiosmo000000bjbf-att/visuf800000084pd.pdf","https://www.city.fujinomiya.lg.jp/sp/citizen/iiosmo000000bjbf.html | https://www.city.fujinomiya.lg.jp/sp/citizen/iiosmo000000bjbf-att/visuf800000084pd.pdf"
"83763","https://www.city.nishitokyo.lg.jp/kurasi/sinseisyo/itiran/agriculture/nougyousha/shinaisan_hojo.html","https://www.city.nishitokyo.lg.jp/kurasi/sinseisyo/itiran/agriculture/nougyousha/shinaisan_hojo.html"
"83765","https://www.city.nishitokyo.lg.jp/kurasi/sinseisyo/itiran/agriculture/nougyousha/anshin_anzen_jigyou.html","https://www.city.nishitokyo.lg.jp/kurasi/sinseisyo/itiran/agriculture/nougyousha/anshin_anzen_jigyou.html"
"83768","https://www.city.fujinomiya.lg.jp/citizen/llti2b0000001vrr.html","https://www.city.fujinomiya.lg.jp/citizen/llti2b0000001vrr.html"
"83771","https://www.city.fujinomiya.lg.jp/citizen/qc0he80000006fwy.html","https://www.city.fujinomiya.lg.jp/citizen/qc0he80000006fwy.html"
"83772","https://www.city.fujinomiya.lg.jp/citizen/llti2b0000000yvm.html","https://www.city.fujinomiya.lg.jp/citizen/llti2b0000000yvm.html"
"83774","https://www.city.fujinomiya.lg.jp/citizen/llti2b0000001rkb.html","https://www.city.fujinomiya.lg.jp/citizen/llti2b0000001rkb.html"
"83777","https://www.city.abashiri.hokkaido.jp/site/bousai/12333.html","https://www.city.abashiri.hokkaido.jp/site/bousai/12333.html"
"83784","https://www.city.matsumoto.nagano.jp/soshiki/222/150316.html","https://www.city.matsumoto.nagano.jp/soshiki/222/150316.html"
"83788","https://www.pref.saga.lg.jp/kiji00334207/index.html","https://www.pref.saga.lg.jp/kiji00334207/index.html"
"83792","https://www.city.fujinomiya.lg.jp/citizen/iiosmo0000001mxd-att/visuf8000001oybw.pdf","https://www.city.fujinomiya.lg.jp/citizen/iiosmo0000001mxd.html | https://www.city.fujinomiya.lg.jp/citizen/iiosmo0000001mxd-att/visuf8000001oybw.pdf"
"83794","https://www.city.nanao.lg.jp/sangyou-s/syoukibojigyousyajizokukahojokinuwanose.html","https://www.city.nanao.lg.jp/sangyou-s/syoukibojigyousyajizokukahojokinuwanose.html"
"83795","https://www.city.fujinomiya.lg.jp/sp/citizen/visuf800000151ku.html","https://www.city.fujinomiya.lg.jp/sp/citizen/visuf800000151ku.html"
"83798","https://www.city.fujinomiya.lg.jp/sp/kankou/iiosmo0000005b8l.html","https://www.city.fujinomiya.lg.jp/sp/kankou/iiosmo0000005b8l.html"
"83802","http://www.town.harima.lg.jp/sangyo/kurashi/gomi/hojo/gomigenryoundo.html","http://www.town.harima.lg.jp/sangyo/kurashi/gomi/hojo/gomigenryoundo.html"
"83808","https://www.city.ito.shizuoka.jp/gyosei/shiseijoho/itoshinotorikumi/machizukuri/4/4938.html","https://www.city.ito.shizuoka.jp/gyosei/shiseijoho/itoshinotorikumi/machizukuri/4/4938.html"
"83814","https://www.city.hitachiota.ibaraki.jp/data/doc/1684810307_doc_70_0.pdf","https://www.city.hitachiota.ibaraki.jp/page/page008942.html | https://www.city.hitachiota.ibaraki.jp/data/doc/1684810307_doc_70_0.pdf"
"83809","https://www.city.ito.shizuoka.jp/gyosei/shiseijoho/itoshinotorikumi/machizukuri/4/4940.html","https://www.city.ito.shizuoka.jp/gyosei/shiseijoho/itoshinotorikumi/machizukuri/4/4940.html"
"83815","https://www.city.ito.shizuoka.jp/material/files/group/11/nekotirashiR05.pdf","https://www.city.ito.shizuoka.jp/gyosei/soshikikarasagasu/kankyoka/kurashi_tetsuzuki/1/2/7909.html | https://www.city.ito.shizuoka.jp/material/files/group/11/nekotirashiR05.pdf"
"83822","https://www.city.ito.shizuoka.jp/gyosei/soshikikarasagasu/shogaigakushuka/bunka_supotsu/1/1/2318.html","https://www.city.ito.shizuoka.jp/gyosei/soshikikarasagasu/shogaigakushuka/bunka_supotsu/1/1/2318.html"
"83825","https://www.jeed.go.jp/disability/subsidy/kaijo_joseikin/q2k4vk000003oi6m-att/q2k4vk000003oi8i.pdf","https://www.jeed.go.jp/disability/subsidy/kaijo_joseikin/index.html | https://www.jeed.go.jp/disability/subsidy/kaijo_joseikin/q2k4vk000003oi6m-att/q2k4vk000003oi8i.pdf | https://www.jeed.go.jp/location/shibu/index.html"
"83830","https://www.jeed.go.jp/disability/subsidy/kaijo_joseikin/ledngs0000004wws-att/kikale0000000gut.pdf","https://www.jeed.go.jp/disability/subsidy/kaijo_joseikin/sub04_shishitsukoujou.html | https://www.jeed.go.jp/disability/subsidy/kaijo_joseikin/ledngs0000004wws-att/kikale0000000gut.pdf | https://www.jeed.go.jp/location/shibu/index.html"
"83835","https://www.jeed.go.jp/disability/subsidy/kaijo_joseikin/q2k4vk000001yuqe-att/kikale00000003ew.pdf","https://www.jeed.go.jp/disability/subsidy/kaijo_joseikin/index.html | https://www.jeed.go.jp/disability/subsidy/kaijo_joseikin/q2k4vk000001yuqe-att/kikale00000003ew.pdf | https://www.jeed.go.jp/disability/subsidy/kaijo_joseikin/sub04_soudanshien_haichi.html | https://www.jeed.go.jp/disability/subsidy/kaijo_joseikin/sub04_soudanshien_isyoku.html | https://www.jeed.go.jp/location/shibu/index.html"
"83832","https://www.jeed.go.jp/disability/subsidy/kaijo_joseikin/q2k4vk000001yuqe-att/kikale00000003ew.pdf","https://www.jeed.go.jp/disability/subsidy/kaijo_joseikin/sub04_health.html | https://www.jeed.go.jp/disability/subsidy/kaijo_joseikin/q2k4vk000001yuqe-att/kikale00000003ew.pdf | https://www.jeed.go.jp/location/shibu/index.html"
"83836","https://www.city.kurobe.toyama.jp/category/page.aspx?servno=39760","https://www.city.kurobe.toyama.jp/category/page.aspx?servno=39760"
"83838","https://www.city.nishitokyo.lg.jp/siseizyoho/npo_kyodo/kikakuteian/siminkyodo_kikakuteian.html","https://www.city.nishitokyo.lg.jp/siseizyoho/npo_kyodo/kikakuteian/siminkyodo_kikakuteian.html"
"83839","https://www.jeed.go.jp/disability/subsidy/kaijo_joseikin/q2k4vk000001yuqe-att/kikale00000003ew.pdf","https://www.jeed.go.jp/disability/subsidy/kaijo_joseikin/index.html | https://www.jeed.go.jp/disability/subsidy/kaijo_joseikin/q2k4vk000001yuqe-att/kikale00000003ew.pdf | https://www.jeed.go.jp/disability/subsidy/kaijo_joseikin/sub04_noukaishien_haichi.html | https://www.jeed.go.jp/disability/subsidy/kaijo_joseikin/sub04_noukaishien_isyoku.html | https://www.jeed.go.jp/location/shibu/index.html"
"83840","https://www.city.kurobe.toyama.jp/category/page.aspx?servno=39761","https://www.city.kurobe.toyama.jp/category/page.aspx?servno=39761"
"83844","https://www.city.nishitokyo.lg.jp/kurasi/jutaku/taishin/shoyusha/josei_haken/mansion/mansion_taisin.html","https://www.city.nishitokyo.lg.jp/kurasi/jutaku/taishin/shoyusha/josei_haken/mansion/mansion_taisin.html"
"83842","https://www.city.hokuto.yamanashi.jp/docs/29573.html","https://www.city.hokuto.yamanashi.jp/docs/29573.html"
"83850","https://www.jeed.go.jp/disability/subsidy/shisetsu_joseikin/q2k4vk000001wr2n-att/q2k4vk000001wsnv.pdf","https://www.jeed.go.jp/disability/subsidy/shisetsu_joseikin/index.html | https://www.jeed.go.jp/disability/subsidy/shisetsu_joseikin/q2k4vk000001wr2n-att/q2k4vk000001wsnv.pdf | https://www.jeed.go.jp/location/shibu/index.html#header"
"83851","https://www.city.shimada.shizuoka.jp/kurashi-docs/hojyokin.html#jyosei","https://www.city.shimada.shizuoka.jp/kurashi-docs/hojyokin.html#jyosei"
"83852","https://www.town.satosho.okayama.jp/soshiki/7/11986.html","https://www.town.satosho.okayama.jp/soshiki/7/11986.html"
"83857","https://www.city.shimada.shizuoka.jp/kurashi-docs/hojyokin.html#koukaidou","https://www.city.shimada.shizuoka.jp/kurashi-docs/hojyokin.html#koukaidou"
"83855","https://www.city.shimada.shizuoka.jp/kurashi-docs/hojyokin.html#bouhantou","https://www.city.shimada.shizuoka.jp/kurashi-docs/hojyokin.html#bouhantou"
"83854","https://www.city.shimada.shizuoka.jp/kurashi-docs/hojyokin.html#ganbaru","https://www.city.shimada.shizuoka.jp/kurashi-docs/hojyokin.html#ganbaru"
"83859","https://www.city.shimada.shizuoka.jp/kurashi-docs/hojyokin.html#posuta","https://www.city.shimada.shizuoka.jp/kurashi-docs/hojyokin.html#posuta"
"83861","https://www.city.shimada.shizuoka.jp/kurashi-docs/hojyokin.html#syaryou","https://www.city.shimada.shizuoka.jp/kurashi-docs/hojyokin.html#syaryou"
"83863","https://www.city.shimada.shizuoka.jp/kurashi-docs/hojyokin.html#gomigenryo","https://www.city.shimada.shizuoka.jp/kurashi-docs/hojyokin.html#gomigenryo"
"83865","https://www.city.shimada.shizuoka.jp/kurashi-docs/hojyokin.html#gomigenryo","https://www.city.shimada.shizuoka.jp/kurashi-docs/hojyokin.html#gomigenryo"
"83867","https://www.mhlw.go.jp/content/11600000/001233797.pdf","https://www.mhlw.go.jp/stf/seisakunitsuite/bunya/koyou_roudou/koyou/kensetsu-kouwan/kensetsu-kaizen.html | https://www.mhlw.go.jp/content/11600000/001233797.pdf"
"83869","https://www.mhlw.go.jp/content/11600000/001468756.pdf","https://www.mhlw.go.jp/stf/seisakunitsuite/bunya/koyou_roudou/koyou/kensetsu-kouwan/kensetsu-kaizen.html | https://www.mhlw.go.jp/content/11600000/001468756.pdf | https://www.mhlw.go.jp/content/11600000/001455534.pdf"
"83876","https://www.city.shimada.shizuoka.jp/kurashi-docs/shudankaishu.html","https://www.city.shimada.shizuoka.jp/kurashi-docs/shudankaishu.html"
"83880","https://www.city.asahikawa.hokkaido.jp/kurashi/329/338/342/d077055.html","https://www.city.asahikawa.hokkaido.jp/kurashi/329/338/342/d077055.html"
"83877","https://www.city.shimada.shizuoka.jp/kurashi-docs/ibasyo.html","https://www.city.shimada.shizuoka.jp/kurashi-docs/ibasyo.html"
"83881","https://www.city.shimada.shizuoka.jp/kurashi-docs/houshoukinn.html","https://www.city.shimada.shizuoka.jp/kurashi-docs/houshoukinn.html"
"83886","https://www.city.fuji.shizuoka.jp/sangyo/c0302/fmervo000000bx8o-att/rn2ola0000044bbx.pdf","https://www.city.fuji.shizuoka.jp/sangyo/c0302/fmervo000000bx8o.html | https://www.city.fuji.shizuoka.jp/sangyo/c0302/fmervo000000bx8o-att/rn2ola0000044bbx.pdf | https://www.city.fuji.shizuoka.jp/sangyo/c0302/fmervo000000bx8o-att/rn2ola0000044bfx.pdf"
"83888","https://www.city.fuji.shizuoka.jp/sangyo/c0302/rn2ola000001i0vs-att/rn2ola000002126n.pdf","https://www.city.fuji.shizuoka.jp/sangyo/c0302/rn2ola000001i0vs.html | https://www.city.fuji.shizuoka.jp/sangyo/c0302/rn2ola000001i0vs-att/rn2ola000002126n.pdf"
"83898","https://www.city.fuji.shizuoka.jp/sangyo/c0303/rn2ola000001g737-att/rn2ola000001g76p.pdf","https://www.city.fuji.shizuoka.jp/sangyo/c0303/rn2ola000001g737.html | https://www.city.fuji.shizuoka.jp/sangyo/c0303/rn2ola000001g737-att/rn2ola000001g76p.pdf"
"83902","https://www.city.fuji.shizuoka.jp/sangyo/c0306/rn2ola000000d10j-att/rn2ola000000d1cl.pdf","https://www.city.fuji.shizuoka.jp/sangyo/c0302/rn2ola000000d1ib.html | https://www.city.fuji.shizuoka.jp/sangyo/c0306/rn2ola000000d10j-att/rn2ola000000d1cl.pdf"
"83900","https://www.city.fuji.shizuoka.jp/sangyo/c0707/rn2ola0000030dp2-att/rn2ola000004g5hs.pdf","https://www.city.fuji.shizuoka.jp/sangyo/c0707/rn2ola0000030dp2.html | https://www.city.fuji.shizuoka.jp/sangyo/c0707/rn2ola0000030dp2-att/rn2ola000004g5hs.pdf"
"83903","https://www.city.fuji.shizuoka.jp/sangyo/c0302/fmervo000000bxbm.html","https://www.city.fuji.shizuoka.jp/sangyo/c0302/fmervo000000bxbm.html"
"83917","https://www.city.ogaki.lg.jp/0000043696.html","https://www.city.ogaki.lg.jp/0000043696.html"
"83918","https://www.city.ogaki.lg.jp/0000031194.html","https://www.city.ogaki.lg.jp/0000031194.html"
"83921","https://www.pref.kagoshima.jp/ad10/sangyo-rodo/mokuzairiyou/kinomachi.html","https://www.pref.kagoshima.jp/ad10/sangyo-rodo/mokuzairiyou/kinomachi.html"
"83923","https://www.city.okaya.lg.jp/soshikikarasagasu/kogyoshinkoka/647/shinnbunnyakaitakusuishinnjigyou/hannro/21709.html","https://www.city.okaya.lg.jp/soshikikarasagasu/kogyoshinkoka/647/shinnbunnyakaitakusuishinnjigyou/hannro/21709.html"
"83924","https://www.city.ishigaki.okinawa.jp/soshiki/furusato_sousei/furusato/10409.html","https://www.city.ishigaki.okinawa.jp/soshiki/furusato_sousei/furusato/10409.html"
"83926","https://www.city.fuji.shizuoka.jp/kurashi/c0903/rn2ola000004gir3.html","https://www.city.fuji.shizuoka.jp/kurashi/c0903/rn2ola000004gir3.html"
"83930","https://www.city.fuji.shizuoka.jp/sangyo/c0605/rn2ola000002gw9r.html","https://www.city.fuji.shizuoka.jp/sangyo/c0605/rn2ola000002gw9r.html"
"83934","https://www.city.fuji.shizuoka.jp/sangyo/c0707/fmervo000000cmef.html","https://www.city.fuji.shizuoka.jp/sangyo/c0707/fmervo000000cmef.html"
"83936","https://www.city.fuji.shizuoka.jp/machi/c1403/fmervo000000ea44.html","https://www.city.fuji.shizuoka.jp/machi/c1403/fmervo000000ea44.html"
"83939","https://www.city.fuji.shizuoka.jp/kurashi/c0402/fmervo0000001d5s.html","https://www.city.fuji.shizuoka.jp/kurashi/c0402/fmervo0000001d5s.html"
"83941","https://www.city.fuji.shizuoka.jp/safety/c0303/rn2ola000004ebw1.html","https://www.city.fuji.shizuoka.jp/safety/c0303/rn2ola000004ebw1.html"
"83945","https://www.city.azumino.nagano.jp/uploaded/attachment/68665.pdf","https://www.city.azumino.nagano.jp/soshiki/6/119388.html | https://www.city.azumino.nagano.jp/uploaded/attachment/68665.pdf"
"83954","https://www.city.fuji.shizuoka.jp/machi/c0910/rn2ola0000011q2m.html","https://www.city.fuji.shizuoka.jp/machi/c0910/rn2ola0000011q2m.html"
"83948","https://www.city.himeji.lg.jp/kurashi/0000027434.html","https://www.city.himeji.lg.jp/kurashi/0000027434.html"
"83955","https://www.city.fuji.shizuoka.jp/machi/c1101/fmervo0000004dom.html","https://www.city.fuji.shizuoka.jp/machi/c1101/fmervo0000004dom.html"
"83956","https://www.city.fuji.shizuoka.jp/kyouiku/c0401/fmervo0000001sx8-att/rn2ola000000kkt8.pdf","https://www.city.fuji.shizuoka.jp/kyouiku/c0401/fmervo0000001sx8.html | https://www.city.fuji.shizuoka.jp/kyouiku/c0401/fmervo0000001sx8-att/rn2ola000000kkt8.pdf"
"83957","https://web.pref.hyogo.lg.jp/nk04/documents/r6chirashi.pdf","https://web.pref.hyogo.lg.jp/nk04/kigyounougyou.html | https://web.pref.hyogo.lg.jp/nk04/documents/r6chirashi.pdf"
"83960","https://www.city.iwata.shizuoka.jp/_res/projects/default_project/_page_/001/001/468/danntaiouenn.pdf","https://www.city.iwata.shizuoka.jp/kurashi_tetsuzuki/gomi_recycle/recycle/1001468.html | https://www.city.iwata.shizuoka.jp/_res/projects/default_project/_page_/001/001/468/danntaiouenn.pdf"
"83962","https://www.city.iwata.shizuoka.jp/sports_midokoro/sports_machizukuri/sports_hojo_josei_yuushi/1001998.html","https://www.city.iwata.shizuoka.jp/sports_midokoro/sports_machizukuri/sports_hojo_josei_yuushi/1001998.html"
"83963","https://www.city.iwata.shizuoka.jp/kurashi_tetsuzuki/bunka/1010136/1001667.html","https://www.city.iwata.shizuoka.jp/kurashi_tetsuzuki/bunka/1010136/1001667.html"
"83964","https://www.e-rumoi.jp/seisaku/page15_00469.html","https://www.e-rumoi.jp/seisaku/page15_00469.html"
"83967","https://www.e-rumoi.jp/seisaku/page15_00501.html","https://www.e-rumoi.jp/seisaku/page15_00501.html"
"83966","https://www.city.iwata.shizuoka.jp/sangyou_business/gomi_kankyou_jigyousha/1002300.html","https://www.city.iwata.shizuoka.jp/sangyou_business/gomi_kankyou_jigyousha/1002300.html"
"83970","https://www.city.tonami.lg.jp/service/2535p/","https://www.city.tonami.lg.jp/service/2535p/"
"83974","https://www.city.iwata.shizuoka.jp/sangyou_business/nougyou/1008767/1008769.html","https://www.city.iwata.shizuoka.jp/sangyou_business/nougyou/1008767/1008769.html"
"83971","https://www.city.kamo.niigata.jp/docs/36612.html","https://www.city.kamo.niigata.jp/docs/36612.html"
"83978","https://www.city.iwata.shizuoka.jp/kurashi_tetsuzuki/chiiki_kouryuu/1010587/1010614.html","https://www.city.iwata.shizuoka.jp/kurashi_tetsuzuki/chiiki_kouryuu/1010587/1010614.html"
"83981","https://www.town.kisosaki.lg.jp/0000002716.html","https://www.town.kisosaki.lg.jp/0000002716.html"
"83979","https://www.town.kisosaki.lg.jp/0000000531.html","https://www.town.kisosaki.lg.jp/0000000531.html"
"83982","https://www.town.kisosaki.lg.jp/0000002716.html","https://www.town.kisosaki.lg.jp/0000002716.html"
"83993","https://www.city.asahikawa.hokkaido.jp/kurashi/329/330/331/d076079.html","https://www.city.asahikawa.hokkaido.jp/kurashi/329/330/331/d076079.html"
"83995","https://www.city.chuo.yamanashi.jp/soshiki/soumu/soumu_osirase/12971.html","https://www.city.chuo.yamanashi.jp/soshiki/soumu/soumu_osirase/12971.html"
"83999","https://www.city.shinshiro.lg.jp/sangyo/nogyo-ringyo/ringyo/chiikizaihojo.files/chiikizaitirashi01.pdf","https://www.city.shinshiro.lg.jp/sangyo/nogyo-ringyo/ringyo/chiikizaihojo.html | https://www.city.shinshiro.lg.jp/sangyo/nogyo-ringyo/ringyo/chiikizaihojo.files/chiikizaitirashi01.pdf"
"84005","http://www.town.toyako.hokkaido.jp/topics/info/3800","http://www.town.toyako.hokkaido.jp/topics/info/3800"
"84014","https://www.vill.hinohara.tokyo.jp/0000000200.html","https://www.vill.hinohara.tokyo.jp/0000000200.html"
"84015","https://www.vill.hinohara.tokyo.jp/0000001225.html","https://www.vill.hinohara.tokyo.jp/0000001225.html"
"84016","https://www.city.fujieda.shizuoka.jp/material/files/group/95/tirasi.pdf","https://www.city.fujieda.shizuoka.jp/mokuteki/teate_josei/toshiseibi/17888.html | https://www.city.fujieda.shizuoka.jp/material/files/group/95/tirasi.pdf"
"84017","https://www.city.fujieda.shizuoka.jp/soshiki/shiminkyodo/kotsuanzen/gyomu/11934.html","https://www.city.fujieda.shizuoka.jp/soshiki/shiminkyodo/kotsuanzen/gyomu/11934.html"
"84020","https://www.city.gotemba.lg.jp/sangyou/f-3/f-3-2/107.html","https://www.city.gotemba.lg.jp/sangyou/f-3/f-3-2/107.html"
"84022","https://www.city.fukuroi.shizuoka.jp/soshiki/11/dantaijoho/josei/1422533411405.html","https://www.city.fukuroi.shizuoka.jp/soshiki/11/dantaijoho/josei/1422533411405.html"
"84021","https://www.city.gotemba.lg.jp/sangyou/f-2/f-2-4/5302.html","https://www.city.gotemba.lg.jp/sangyou/f-2/f-2-4/5302.html"
"84023","https://www.city.fukuroi.shizuoka.jp/soshiki/2/1/chiku/9346.html","https://www.city.fukuroi.shizuoka.jp/soshiki/2/1/chiku/9346.html"
"84026","https://www.city.fukuroi.shizuoka.jp/jigyosha/norinsuisan/ringyo/1425447034772.html","https://www.city.fukuroi.shizuoka.jp/jigyosha/norinsuisan/ringyo/1425447034772.html"
"84027","https://www.city.shimoda.shizuoka.jp/category/020100gomi_recycle/110862.html","https://www.city.shimoda.shizuoka.jp/category/020100gomi_recycle/110862.html"
"84031","https://www.city.susono.shizuoka.jp/soshiki/8/3/2/2/9994.html","https://www.city.susono.shizuoka.jp/soshiki/8/3/2/2/9994.html"
"84030","https://www.city.susono.shizuoka.jp/soshiki/8/3/2/2/9996.html","https://www.city.susono.shizuoka.jp/soshiki/8/3/2/2/9996.html"
"84035","https://www.city.susono.shizuoka.jp/mokuteki/hojokin/1/8841.html","https://www.city.susono.shizuoka.jp/mokuteki/hojokin/1/8841.html"
"84037","https://www.city.susono.shizuoka.jp/mokuteki/hojokin/1/10017.html","https://www.city.susono.shizuoka.jp/mokuteki/hojokin/1/10017.html"
"84039","https://www.city.susono.shizuoka.jp/mokuteki/hojokin/1/15484.html","https://www.city.susono.shizuoka.jp/mokuteki/hojokin/1/15484.html"
"84038","https://www.city.nagaoka.niigata.jp/kurashi/cate13/tyounai/seibi-hojyo.html","https://www.city.nagaoka.niigata.jp/kurashi/cate13/tyounai/seibi-hojyo.html"
"84040","https://www.city.nagaoka.niigata.jp/kurashi/cate08/josei5.html","https://www.city.nagaoka.niigata.jp/kurashi/cate08/josei5.html"
"84041","https://www.city.susono.shizuoka.jp/soshiki/8/1/2/1974.html","https://www.city.susono.shizuoka.jp/soshiki/8/1/2/1974.html"
"84051","https://www.town.yorii.saitama.jp/soshiki/15/michidukuri.html","https://www.town.yorii.saitama.jp/soshiki/15/michidukuri.html"
"84075","https://www.ckz.jp/saisei/jyosei/fu.html","https://www.ckz.jp/saisei/jyosei/fu.html | https://www.ckz.jp/saisei/"
"84078","https://www.city.kosai.shizuoka.jp/kurashi_tetsuzuki/gomi_kankyo/gomi_recycle/hozyokinibento/hozyokin/4678.html","https://www.city.kosai.shizuoka.jp/kurashi_tetsuzuki/gomi_kankyo/gomi_recycle/hozyokinibento/hozyokin/4678.html"
"84077","https://www.city.kushiro.lg.jp/sangyou/b_shien/1006429/1006457/1006476.html","https://www.city.kushiro.lg.jp/sangyou/b_shien/1006429/1006457/1006476.html"
"84082","https://web.pref.hyogo.lg.jp/ks23/wd25_000000027.html","https://web.pref.hyogo.lg.jp/ks23/wd25_000000027.html"
"84085","https://www.city.izu.shizuoka.jp/shigoto_sangyo/3/1/4128.html","https://www.city.izu.shizuoka.jp/shigoto_sangyo/3/1/4128.html"
"84086","https://www.city.izu.shizuoka.jp/soshiki/1006/1/4/3/299.html","https://www.city.izu.shizuoka.jp/soshiki/1006/1/4/3/299.html"
"84096","https://www.city.izu.shizuoka.jp/soshiki/1002/1/2/592.html","https://www.city.izu.shizuoka.jp/soshiki/1002/1/2/592.html"
"84088","https://www.city.izu.shizuoka.jp/soshiki/1006/1/4/3/299.html","https://www.city.izu.shizuoka.jp/soshiki/1006/1/4/3/299.html"
"84097","https://www.city.izu.shizuoka.jp/soshiki/1008/5/653.html","https://www.city.izu.shizuoka.jp/soshiki/1008/5/653.html"
"84099","https://www.shougairikai-nagoya.jp/aisupport/","https://www.shougairikai-nagoya.jp/aisupport/ | https://nagoya-sabetsusoudan.jp/grant/"
"84104","https://www.city.owase.lg.jp/0000021856.html","https://www.city.owase.lg.jp/0000021856.html"
"84100","https://www.city.omaezaki.shizuoka.jp/kurashi/bosai_bohan/bosai/7/shikizai.html","https://www.city.omaezaki.shizuoka.jp/kurashi/bosai_bohan/bosai/7/shikizai.html"
"84107","https://www.city.shinshiro.lg.jp/kurashi/chiikijichiku/jichiku-horaitobu/kainushinoinaineko.html","https://www.city.shinshiro.lg.jp/kurashi/chiikijichiku/jichiku-horaitobu/kainushinoinaineko.html"
"84120","https://www.city.kikugawa.shizuoka.jp/shakaikyouiku/geizyutubunka/geizyutubunkasyoureikin.html","https://www.city.kikugawa.shizuoka.jp/shakaikyouiku/geizyutubunka/geizyutubunkasyoureikin.html"
"84119","https://www.city.kikugawa.shizuoka.jp/shakaikyouiku/sports/syoreikin.html","https://www.city.kikugawa.shizuoka.jp/shakaikyouiku/sports/syoreikin.html"
"84126","https://www.city.makinohara.shizuoka.jp/soshiki/39/50622.html","https://www.city.makinohara.shizuoka.jp/soshiki/39/50622.html"
"84135","https://www.city.saku.nagano.jp/kyoiku/kosodate/kosodateshien/jidouyuenhojyo.html","https://www.city.saku.nagano.jp/kyoiku/kosodate/kosodateshien/jidouyuenhojyo.html"
"84133","https://www.city.saku.nagano.jp/kenko/ikiiki/ninijigyo_sonota/sakushininchishocafe.html#:~:text=%E8%A3%9C%E5%8A%A9%E9%87%91%E4%BA%A4%E4%BB%98%E3%81%AE%E5%86%85%E5%AE%B9,%E9%87%91%E3%82%92%E4%BA%A4%E4%BB%98%E3%81%97%E3%81%BE%E3%81%99%E3%80%82","https://www.city.saku.nagano.jp/kenko/ikiiki/ninijigyo_sonota/sakushininchishocafe.html#:~:text=%E8%A3%9C%E5%8A%A9%E9%87%91%E4%BA%A4%E4%BB%98%E3%81%AE%E5%86%85%E5%AE%B9,%E9%87%91%E3%82%92%E4%BA%A4%E4%BB%98%E3%81%97%E3%81%BE%E3%81%99%E3%80%82"
"84153","https://www.town.hayakawa.yamanashi.jp/people/residence/homedeliverybox.html","https://www.town.hayakawa.yamanashi.jp/people/residence/homedeliverybox.html"
"84173","https://www.pref.nagano.lg.jp/kaigo-shien/jinzai/gaikokuzinsyougakukin.html","https://www.pref.nagano.lg.jp/kaigo-shien/jinzai/gaikokuzinsyougakukin.html"
"84167","https://www.city.kita.tokyo.jp/sangyoshinko/shogyo/documents/chiikikeizaikouryuchirashi.pdf","https://www.city.kita.tokyo.jp/sangyoshinko/shogyo/chiikikeizaikouryuu.html | https://www.city.kita.tokyo.jp/sangyoshinko/shogyo/documents/chiikikeizaikouryuchirashi.pdf"
"84176","https://www.city.nagaoka.niigata.jp/kurashi/life03/akiya-jyokyo.html","https://www.city.nagaoka.niigata.jp/kurashi/life03/akiya-jyokyo.html"
"84175","https://www.city.nagaoka.niigata.jp/kurashi/cate18/snowblower.html","https://www.city.nagaoka.niigata.jp/kurashi/cate18/snowblower.html"
"84180","https://www.city.makinohara.shizuoka.jp/soshiki/12/588.html","https://www.city.makinohara.shizuoka.jp/soshiki/12/588.html"
"84181","https://www.city.nagaoka.niigata.jp/kurashi/cate19/fruit-tree.html","https://www.city.nagaoka.niigata.jp/kurashi/cate19/fruit-tree.html"
"84183","https://www.city.makinohara.shizuoka.jp/soshiki/4/53547.html","https://www.city.makinohara.shizuoka.jp/soshiki/4/53547.html"
"84182","https://www.city.makinohara.shizuoka.jp/soshiki/12/577.html","https://www.city.makinohara.shizuoka.jp/soshiki/12/577.html"
"84190","https://www.city.nayoro.lg.jp/section/noumu/prkeql0000028wtm.html","https://www.city.nayoro.lg.jp/section/noumu/prkeql0000028wtm.html"
"84186","https://www.city.makinohara.shizuoka.jp/soshiki/14/44922.html","https://www.city.makinohara.shizuoka.jp/soshiki/14/44922.html"