policy_id,primary_url,all_urls
"77133","https://www.fukushi.metro.tokyo.lg.jp/shougai/jigyo/seikatukibanseibi/teikisyakuchi","https://www.fukushi.metro.tokyo.lg.jp/shougai/jigyo/seikatukibanseibi/teikisyakuchi"
"77144","https://www.pref.gifu.lg.jp/site/gap/231199.html","https://www.pref.gifu.lg.jp/site/gap/231199.html"
"77148","https://www.pref.gifu.lg.jp/uploaded/attachment/93168.pdf","https://www.pref.gifu.lg.jp/page/13282.html | https://www.pref.gifu.lg.jp/uploaded/attachment/93168.pdf"
"77146","https://itabashi-kohsha.com/archives/4239","https://itabashi-kohsha.com/archives/4239"
"77149","https://itabashi-kohsha.com/archives/9166","https://itabashi-kohsha.com/archives/9166"
"77157","https://www.hataraku.metro.tokyo.lg.jp/jinzai/ikusei/2024genbakunren.pdf","https://www.hataraku.metro.tokyo.lg.jp/jinzai/ikusei/genba/ | https://www.hataraku.metro.tokyo.lg.jp/jinzai/ikusei/2024genbakunren.pdf"
"77152","https://www.pref.gifu.lg.jp/page/824.html","https://www.pref.gifu.lg.jp/page/824.html"
"77181","https://www.pref.kyoto.jp/energy/news/documents/chirashir5.pdf","https://www.pref.kyoto.jp/energy/news/tayo.html | https://www.pref.kyoto.jp/energy/news/documents/chirashir5.pdf | https://www.pref.kyoto.jp/energy/news/documents/tebikir5.pdf"
"77208","https://www.kensetsu.metro.tokyo.lg.jp/road/endo/kansyo","https://www.kensetsu.metro.tokyo.lg.jp/road/endo/kansyo"
"77191","https://www.pref.chiba.lg.jp/shinrin/mokuzai/documents/leaf.pdf","https://www.pref.chiba.lg.jp/shinrin/mokuzai/k-bosyu.html | https://www.pref.chiba.lg.jp/shinrin/mokuzai/documents/leaf.pdf"
"77214","https://www.tokyokankyo.jp/wp-content/uploads/2024/03/1c8beb111230ff53dc82450d43229942.pdf","https://www.tokyokankyo.jp/apply/pcb_bunseki/ | https://www.tokyokankyo.jp/wp-content/uploads/2024/03/1c8beb111230ff53dc82450d43229942.pdf"
"77250","https://www.pref.nagano.lg.jp/yasei/yaseichoju_higaitaisaku.html","https://www.pref.nagano.lg.jp/yasei/yaseichoju_higaitaisaku.html"
"77237","https://www.akitakata.jp/ja/shisei/section/kikaku/activity/kouhukin/","https://www.akitakata.jp/ja/shisei/section/kikaku/activity/kouhukin/"
"77259","https://www.city.fukui-sakai.lg.jp/nogyoshinko/jigyosha/norin/nogyo/engeishikou-hojyokin.html","https://www.city.fukui-sakai.lg.jp/nogyoshinko/jigyosha/norin/nogyo/engeishikou-hojyokin.html"
"77251","https://www.juutakuseisaku.metro.tokyo.lg.jp/safety_net/hojo","https://www.juutakuseisaku.metro.tokyo.lg.jp/safety_net/hojo"
"77260","https://www.city.fukui-sakai.lg.jp/nogyoshinko/jigyosha/norin/nogyo/engeishikou-hojyokin.html","https://www.city.fukui-sakai.lg.jp/nogyoshinko/jigyosha/norin/nogyo/engeishikou-hojyokin.html"
"77269","https://www.city.yatsushiro.lg.jp/kiji00321718/index.html","https://www.city.yatsushiro.lg.jp/kiji00321718/index.html"
"77262","https://www.city.kitsuki.lg.jp/soshiki/1/siminseikatu/kankyou_eisei/eisei/hojo/10871.html","https://www.city.kitsuki.lg.jp/soshiki/1/siminseikatu/kankyou_eisei/eisei/hojo/10871.html"
"77273","https://www.sangyo-rodo.metro.tokyo.lg.jp/chushou/shoko/chiiki/miryoku/mudentyuu/index.html","https://www.sangyo-rodo.metro.tokyo.lg.jp/chushou/shoko/chiiki/miryoku/mudentyuu/index.html"
"77285","https://www.pref.shiga.lg.jp/ippan/bunakasports/sports/325419.html","https://www.pref.shiga.lg.jp/ippan/bunakasports/sports/325419.html"
"77295","https://www.pref.gifu.lg.jp/uploaded/attachment/401002.pdf","https://www.pref.gifu.lg.jp/page/305332.html | https://www.pref.gifu.lg.jp/uploaded/attachment/401002.pdf"
"77289","https://www.juutakuseisaku.metro.tokyo.lg.jp/kosodate/child-care/child-care-jigyo","https://www.juutakuseisaku.metro.tokyo.lg.jp/kosodate/child-care/child-care-jigyo"
"77297","https://www.city.sanjo.niigata.jp/soshiki/somubu/zeimuka/sisanzei/14572.html","https://www.city.sanjo.niigata.jp/soshiki/somubu/zeimuka/sisanzei/14572.html"
"77296","https://www.pref.gifu.lg.jp/page/9163.html","https://www.pref.gifu.lg.jp/page/9163.html"
"77299","https://www.pref.chiba.lg.jp/koufuku/shisetsuseibi/hojokoufukin/youkou/tokuyouhojokin.html","https://www.pref.chiba.lg.jp/koufuku/shisetsuseibi/hojokoufukin/youkou/tokuyouhojokin.html"
"77300","https://www.pref.chiba.lg.jp/koufuku/shisetsuseibi/hojokoufukin/youkou/tokuyouhojokin.html","https://www.pref.chiba.lg.jp/koufuku/shisetsuseibi/hojokoufukin/youkou/tokuyouhojokin.html"
"77347","https://www.town.tachiarai.fukuoka.jp/page/page_03664.html","https://www.town.tachiarai.fukuoka.jp/page/page_03664.html"
"77319","https://www.city.setagaya.lg.jp/mokuji/sumai/002/001/002/d00210079_d/fil/joseichirashi.pdf","https://www.city.setagaya.lg.jp/mokuji/sumai/002/001/002/d00210079.html | https://www.city.setagaya.lg.jp/mokuji/sumai/002/001/002/d00210079_d/fil/joseichirashi.pdf"
"77382","https://www.city.tambasasayama.lg.jp/soshikikarasagasu/nomiyakokankyoka/earth/r5_woodstove.html","https://www.city.tambasasayama.lg.jp/soshikikarasagasu/nomiyakokankyoka/earth/r5_woodstove.html"
"77362","https://www.city.fukuroi.shizuoka.jp/material/files/group/48/meron_oyamoto.pdf","https://www.city.fukuroi.shizuoka.jp/soshiki/15/1/nogyosha/12677.html | https://www.city.fukuroi.shizuoka.jp/material/files/group/48/meron_oyamoto.pdf | https://www.city.fukuroi.shizuoka.jp/material/files/group/48/crown_dai3.pdf"
"77358","https://www.city.sakai.lg.jp/sangyo/shienyuushi/kaigai/intlbusconf/globalhojyokin.html","https://www.city.sakai.lg.jp/sangyo/shienyuushi/kaigai/intlbusconf/globalhojyokin.html"
"77390","https://www.city.tambasasayama.lg.jp/soshikikarasagasu/shokokankoka/kouryu/1094.html","https://www.city.tambasasayama.lg.jp/soshikikarasagasu/shokokankoka/kouryu/1094.html"
"77391","https://www.city.sapporo.jp/keizai/kanko/hojo/miryoku-up.html","https://www.city.sapporo.jp/keizai/kanko/hojo/miryoku-up.html"
"77403","https://www.city.hokuto.hokkaido.jp/docs/16669.html","https://www.city.hokuto.hokkaido.jp/docs/16669.html"
"77446","https://www.city.inuyama.aichi.jp/jigyo/nouti/1005970.html","https://www.city.inuyama.aichi.jp/jigyo/nouti/1005970.html"
"77414","https://www.city.ome.tokyo.jp/soshiki/35/2286.html","https://www.city.ome.tokyo.jp/soshiki/35/2286.html"
"77456","https://www.town.kikonai.hokkaido.jp/gyosei/yuchi/kigyoushien.html","https://www.town.kikonai.hokkaido.jp/gyosei/yuchi/kigyoushien.html"
"77462","https://www.town.onagawa.miyagi.jp/05_17_04_26.html","https://www.town.onagawa.miyagi.jp/05_17_04_26.html"
"77460","https://www.town.kamimine.lg.jp/kiji0031233/3_1233_4288_up_kjizq278.pdf","https://www.town.kamimine.lg.jp/kiji0031233/index.html | https://www.town.kamimine.lg.jp/kiji0031233/3_1233_4288_up_kjizq278.pdf"
"77467","https://www.city.toyokawa.lg.jp/kurashi/kankyosumai/chikyuondankataisaku/chusyodatutanso.html","https://www.city.toyokawa.lg.jp/kurashi/kankyosumai/chikyuondankataisaku/chusyodatutanso.html"
"77494","https://www.city.ninohe.lg.jp/info/2963","https://www.city.ninohe.lg.jp/info/2963"
"77515","https://www.city.niigata.lg.jp/shisei/gyoseiunei/hojyokin/gyoseikeihi/norinsuisan/hojyokintop/mirai.files/R6-mirai.pdf","https://www.city.niigata.lg.jp/shisei/gyoseiunei/hojyokin/gyoseikeihi/norinsuisan/hojyokintop/mirai.html | https://www.city.niigata.lg.jp/shisei/gyoseiunei/hojyokin/gyoseikeihi/norinsuisan/hojyokintop/mirai.files/R6-mirai.pdf"
"77511","https://www.pref.shizuoka.jp/sangyoshigoto/suisan/suisangyo/1040454/1063511.html","https://www.pref.shizuoka.jp/sangyoshigoto/suisan/suisangyo/1040454/1063511.html"
"77523","https://www.city.nagano.nagano.jp/documents/4426/746577.pdf","https://www.city.nagano.nagano.jp/n140300/contents/p003891.html | https://www.city.nagano.nagano.jp/documents/4426/746577.pdf"
"77522","https://www.city.sennan.lg.jp/material/files/group/47/hojyokeihi.pdf","https://www.city.sennan.lg.jp/kanko/sports/8848.html | https://www.city.sennan.lg.jp/material/files/group/47/hojyokeihi.pdf | https://www.city.sennan.lg.jp/material/files/group/47/beppyou2.pdf"
"77528","https://higashikawa-town.jp/portal/kurashi/panel/77#%E7%94%9F%E6%B6%AF%E6%95%99%E8%82%B2%E9%96%A2%E9%80%A3%E5%8A%A9%E6%88%90%E9%87%91","https://higashikawa-town.jp/portal/kurashi/panel/77#%E7%94%9F%E6%B6%AF%E6%95%99%E8%82%B2%E9%96%A2%E9%80%A3%E5%8A%A9%E6%88%90%E9%87%91"
"77532","https://www.vill.kijimadaira.lg.jp/articles/2024060400035/","https://www.vill.kijimadaira.lg.jp/articles/2024060400035/"
"77548","https://www.town.tabuse.lg.jp/www/contents/1717376476016/index.html","https://www.town.tabuse.lg.jp/www/contents/1717376476016/index.html"
"77547","https://www.city.chiyoda.lg.jp/koho/kosodate/hoiku/jinzaihojyo.html","https://www.city.chiyoda.lg.jp/koho/kosodate/hoiku/jinzaihojyo.html"
"77551","https://www.city.chiyoda.lg.jp/koho/kosodate/hoiku/jikoshoyujyose.html","https://www.city.chiyoda.lg.jp/koho/kosodate/hoiku/jikoshoyujyose.html"
"77558","https://www.hoikunomiryoku.metro.tokyo.lg.jp/syukusya-kariage.html","https://www.hoikunomiryoku.metro.tokyo.lg.jp/syukusya-kariage.html"
"77560","https://www.city.kariya.lg.jp/_res/projects/default_project/_page_/001/006/271/syoukibo-r6.pdf","https://www.city.kariya.lg.jp/sangyo/yushi/1011845/1006271.html | https://www.city.kariya.lg.jp/_res/projects/default_project/_page_/001/006/271/syoukibo-r6.pdf"
"77574","https://www.city.ichikikushikino.lg.jp/c-sales1/trialjoseikin.html","https://www.city.ichikikushikino.lg.jp/c-sales1/trialjoseikin.html"
"77568","https://www.city.hagi.lg.jp/soshiki/45/h60415.html","https://www.city.hagi.lg.jp/soshiki/45/h60415.html"
"77566","https://www.city.ozu.ehime.jp/soshiki/nourin/60997.html","https://www.city.ozu.ehime.jp/soshiki/nourin/60997.html"
"77579","https://www.city.chuo.lg.jp/a0045/nihonbashi_nigiwaisien.html","https://www.city.chuo.lg.jp/a0045/nihonbashi_nigiwaisien.html"
"77578","https://www.city.ichikikushikino.lg.jp/c-sales1/6jisangyo.html","https://www.city.ichikikushikino.lg.jp/c-sales1/6jisangyo.html"
"77582","https://www.city.akashi.lg.jp/community/inclusive/documents/inclusive_syoutengai_chirashi.pdf","https://www.city.akashi.lg.jp/community/inclusive/hozyoseidoichiran.html | https://www.city.akashi.lg.jp/community/inclusive/documents/inclusive_syoutengai_chirashi.pdf | https://www.city.akashi.lg.jp/community/inclusive/documents/barrier-free_zyosei.pdf"
"77586","https://www.city.minato.tokyo.jp/kankyoushidou/documents/joseiseidochirashi.pdf","https://www.city.minato.tokyo.jp/kankyoushidou/20130401.html | https://www.city.minato.tokyo.jp/kankyoushidou/documents/joseiseidochirashi.pdf"
"77593","https://www.vill.tenei.fukushima.jp/soshiki/6/engeisakumotu.html","https://www.vill.tenei.fukushima.jp/soshiki/6/engeisakumotu.html"
"77605","https://www.town.kami.miyagi.jp/soshikikarasagasu/zeimuka/zeikin/2/4265.html","https://www.town.kami.miyagi.jp/soshikikarasagasu/zeimuka/zeikin/2/4265.html"
"77627","https://www.town.owani.lg.jp/index.cfm/9,15690,44,html","https://www.town.owani.lg.jp/index.cfm/9,15690,44,html"
"77611","https://www.city.himeji.lg.jp/bousai/cmsfiles/contents/0000027/27434/setsumeisiryo.pdf","https://www.city.himeji.lg.jp/bousai/0000027434.html | https://www.city.himeji.lg.jp/bousai/cmsfiles/contents/0000027/27434/setsumeisiryo.pdf"
"77617","https://www.city.minato.tokyo.jp/syougaishisetsu/documents/pamphlet.pdf","https://www.city.minato.tokyo.jp/syougaishisetsu/ghhojo20240524.html | https://www.city.minato.tokyo.jp/syougaishisetsu/documents/pamphlet.pdf"
"77629","https://www.city.tottori.lg.jp/www/contents/1717118273820/index.html","https://www.city.tottori.lg.jp/www/contents/1717118273820/index.html"
"77646","https://www.city.shinjuku.lg.jp/seikatsu/jutaku01_000001_00037.html","https://www.city.shinjuku.lg.jp/seikatsu/jutaku01_000001_00037.html"
"77640","https://www.town.hirao.lg.jp/gyosei/jigyosha/shoko_jigyo-shien/2590.html","https://www.town.hirao.lg.jp/gyosei/jigyosha/shoko_jigyo-shien/2590.html"
"77648","https://www.city.nanao.lg.jp/sangyou-s/nariwaisaisei.html","https://www.city.nanao.lg.jp/sangyou-s/nariwaisaisei.html"
"77651","https://www.city.shinjuku.lg.jp/seikatsu/jutaku01_000001_00037.html","https://www.city.shinjuku.lg.jp/seikatsu/jutaku01_000001_00037.html"
"77647","https://www.city.shinjuku.lg.jp/seikatsu/jutaku01_000001_00037.html","https://www.city.shinjuku.lg.jp/seikatsu/jutaku01_000001_00037.html"
"77652","https://www.city.nanao.lg.jp/sangyou-s/syoutengaisaigaihukkyu.html","https://www.city.nanao.lg.jp/sangyou-s/syoutengaisaigaihukkyu.html"
"77661","https://www.pref.shiga.lg.jp/ippan/shigotosangyou/ringyou/13669.html","https://www.pref.shiga.lg.jp/ippan/shigotosangyou/ringyou/13669.html"
"77663","https://www.pref.saga.lg.jp/kiji00347382/3_47382_290000_up_0w8bgrm1.pdf","https://www.pref.saga.lg.jp/kiji00347382/index.html | https://www.pref.saga.lg.jp/kiji00347382/3_47382_290000_up_0w8bgrm1.pdf | https://www.pref.saga.lg.jp/kiji00347382/3_47382_317664_up_th88hlrr.pdf"
"77664","https://www.city.nishitokyo.lg.jp/siseizyoho/matidukuri/bentibarifree.files/pamphlet20240401sashikae.pdf","https://www.city.nishitokyo.lg.jp/siseizyoho/matidukuri/bentibarifree.html | https://www.city.nishitokyo.lg.jp/siseizyoho/matidukuri/bentibarifree.files/pamphlet20240401sashikae.pdf"
"77667","https://www.city.shinjuku.lg.jp/seikatsu/file14_06_00006.html","https://www.city.shinjuku.lg.jp/seikatsu/file14_06_00006.html"
"77685","https://www.city.utsunomiya.lg.jp/_res/projects/default_project/_page_/001/035/619/ipasstirasi.pdf","https://www.city.utsunomiya.lg.jp/sangyo/sangyo/chushokigyo/1035619.html | https://www.city.utsunomiya.lg.jp/_res/projects/default_project/_page_/001/035/619/ipasstirasi.pdf"
"77701","https://www.town.kawamata.lg.jp/site/kurashi-tetsuzuki/shigen-kaisyu.html","https://www.town.kawamata.lg.jp/site/kurashi-tetsuzuki/shigen-kaisyu.html"
"77698","https://www.pref.saga.lg.jp/kiji00319493/index.html","https://www.pref.saga.lg.jp/kiji00319493/index.html"
"77690","https://www.city.nikko.lg.jp/shigoto_sangyo/kigyo-jigyosha/3/7358.html","https://www.city.nikko.lg.jp/shigoto_sangyo/kigyo-jigyosha/3/7358.html"
"77709","https://www.city.bunkyo.lg.jp/b011/p001214.html","https://www.city.bunkyo.lg.jp/b011/p001214.html"
"77710","https://www.city.bunkyo.lg.jp/b011/p001214.html","https://www.city.bunkyo.lg.jp/b011/p001214.html"
"77718","https://www.city.shibushi.lg.jp/soshiki/37/25127.html","https://www.city.shibushi.lg.jp/soshiki/37/25127.html"
"77723","https://www.city.marugame.lg.jp/page/24719.html","https://www.city.marugame.lg.jp/page/24719.html"
"77721","http://www.town.nagara.chiba.jp/soshiki/6/2509.html","http://www.town.nagara.chiba.jp/soshiki/6/2509.html"
"77728","https://www.pref.gunma.jp/site/hojokin/198897.html","https://www.pref.gunma.jp/site/hojokin/198897.html"
"77729","https://www.pref.shiga.lg.jp/ippan/kankyoshizen/haikibutsu/327279.html","https://www.pref.shiga.lg.jp/ippan/kankyoshizen/haikibutsu/327279.html"
"77748","https://nagano-advance.jp/childcare-leave/","https://nagano-advance.jp/childcare-leave/"
"77746","https://www.pref.gifu.lg.jp/page/368963.html","https://www.pref.gifu.lg.jp/page/368963.html"
"77761","https://www.pref.saga.lg.jp/kiji00340495/index.html","https://www.pref.saga.lg.jp/kiji00340495/index.html"
"77776","https://www.town.kikonai.hokkaido.jp/gyosei/yuchi/ijusyurou.html","https://www.town.kikonai.hokkaido.jp/gyosei/yuchi/ijusyurou.html"
"77763","https://www.city.aki.kochi.jp/life/dtl.php?hdnKey=7548","https://www.city.aki.kochi.jp/life/dtl.php?hdnKey=7548"
"77784","https://www.pref.saga.lg.jp/kiji00313200/","https://www.pref.saga.lg.jp/kiji00313200/"
"77780","https://www.vill.geisei.kochi.jp/pages/m001611.php","https://www.vill.geisei.kochi.jp/pages/m001611.php"
"77777","https://www.city.taito.lg.jp/kenchiku/kankyo/jyoseiseido/mist.html","https://www.city.taito.lg.jp/kenchiku/kankyo/jyoseiseido/mist.html"
"77786","https://www.town.shika.lg.jp/s/nourin/nougyou/tedukurihukkyuusiennzigyou.html","https://www.town.shika.lg.jp/s/nourin/nougyou/tedukurihukkyuusiennzigyou.html | https://www.town.shika.lg.jp/data/open/cnt/3/6137/1/pr.pdf?20240603180222"
"77790","https://www.city.koto.lg.jp/102030/sangyoshigoto/shisetsu/shotengai/7644.html","https://www.city.koto.lg.jp/102030/sangyoshigoto/shisetsu/shotengai/7644.html"
"77789","https://saga-sanpai.or.jp/pages/48/","https://saga-sanpai.or.jp/pages/48/"
"77793","https://www.city.koto.lg.jp/102030/sangyoshigoto/shisetsu/shotengai/7643.html","https://www.city.koto.lg.jp/102030/sangyoshigoto/shisetsu/shotengai/7643.html"
"77796","http://www.vill.yamato.lg.jp/kikaku/kurashi/iju/jyoseiseido/minkanchintai.html","http://www.vill.yamato.lg.jp/kikaku/kurashi/iju/jyoseiseido/minkanchintai.html"
"77803","https://www.pref.ibaraki.jp/nourinsuisan/nokeiei/gijutsu/shunojyunbishikin.html","https://www.pref.ibaraki.jp/nourinsuisan/nokeiei/gijutsu/shunojyunbishikin.html"
"77810","https://www.city.koto.lg.jp/101010/kurashi/komyunitei/chokai/jichikai/tiikikasseikajigyouhojyo.html","https://www.city.koto.lg.jp/101010/kurashi/komyunitei/chokai/jichikai/tiikikasseikajigyouhojyo.html"
"77817","https://www.city.koto.lg.jp/396202/machizukuri/toshi/jigyo/funenka/jyoseigennmenn.html","https://www.city.koto.lg.jp/396202/machizukuri/toshi/jigyo/funenka/jyoseigennmenn.html"
"77816","https://www.city.tokamachi.lg.jp/soshiki/somubu/kikakuseisakuka/1_1/gyomu/7972.html","https://www.city.tokamachi.lg.jp/soshiki/somubu/kikakuseisakuka/1_1/gyomu/7972.html"
"77834","https://www.city.meguro.tokyo.jp/kaigohoken/kusei/onlineservice/kaigo-riyuusyosinnsei.html","https://www.city.meguro.tokyo.jp/kaigohoken/kusei/onlineservice/kaigo-riyuusyosinnsei.html"
"77836","https://www.city.minamishimabara.lg.jp/kiji0037430/index.html","https://www.city.minamishimabara.lg.jp/kiji0037430/index.html"
"77837","https://www.city.ota.tokyo.jp/sangyo/syogyo_sangyo/minasamahe/syotengai-sousyoku-tou-hojokin.html","https://www.city.ota.tokyo.jp/sangyo/syogyo_sangyo/minasamahe/syotengai-sousyoku-tou-hojokin.html"
"77859","https://www.pref.tottori.lg.jp/secure/1330413/hojokintirashi6.pdf","https://www.pref.tottori.lg.jp/312211.htm | https://www.pref.tottori.lg.jp/secure/1330413/hojokintirashi6.pdf"
"77862","https://www.pref.kochi.lg.jp/doc/2024031100186/","https://www.pref.kochi.lg.jp/doc/2024031100186/"
"77869","https://www.city.matsusaka.mie.jp/site/koureisya-wel/nincafehojo.html","https://www.city.matsusaka.mie.jp/site/koureisya-wel/nincafehojo.html"
"77876","https://www4.city.kanazawa.lg.jp/soshikikarasagasu/kurafutoseisakusuishinka/gyomuannai/3/26698.html","https://www4.city.kanazawa.lg.jp/soshikikarasagasu/kurafutoseisakusuishinka/gyomuannai/3/26698.html"
"77892","https://www.city.yamaguchi.lg.jp/soshiki/64/159919.html","https://www.city.yamaguchi.lg.jp/soshiki/64/159919.html"
"77877","https://www.ktr.mlit.go.jp/city_park/sumai/city_park_sumai00000018.html","https://www.ktr.mlit.go.jp/city_park/sumai/city_park_sumai00000018.html"
"77907","https://www.city.setagaya.lg.jp/mokuji/sumai/008/001/d00005202.html","https://www.city.setagaya.lg.jp/mokuji/sumai/008/001/d00005202.html"
"77911","https://www.city.setagaya.lg.jp/mokuji/fukushi/002/015/d00205609_d/fil/leaflet.pdf","https://www.city.setagaya.lg.jp/mokuji/fukushi/002/015/d00205609.html | https://www.city.setagaya.lg.jp/mokuji/fukushi/002/015/d00205609_d/fil/leaflet.pdf"
"77913","https://www.city.setagaya.lg.jp/mokuji/kurashi/005/003/004/d00027611.html","https://www.city.setagaya.lg.jp/mokuji/kurashi/005/003/004/d00027611.html"
"77914","https://www.city.setagaya.lg.jp/mokuji/kurashi/005/003/004/d00027612.html","https://www.city.setagaya.lg.jp/mokuji/kurashi/005/003/004/d00027612.html"
"77916","https://www.pref.yamanashi.jp/chouju/hoikusisetuuneihihojo2015.html","https://www.pref.yamanashi.jp/chouju/hoikusisetuuneihihojo2015.html"
"77919","https://files.city.shibuya.tokyo.jp/assets/12995aba8b194961be709ba879857f70/239c38f022c548f3ac76c78af7774b2e/assets_kankyo_000063929.pdf","https://www.city.shibuya.tokyo.jp/kankyo/machi-seiso/rakugaki/rakugaki_camera.html | https://files.city.shibuya.tokyo.jp/assets/12995aba8b194961be709ba879857f70/239c38f022c548f3ac76c78af7774b2e/assets_kankyo_000063929.pdf"
"77922","https://www.city.shibuya.tokyo.jp/jigyosha/shoko-rodo-sodan/syoutengaishinkoujigyou/kyoudousisetu.html","https://www.city.shibuya.tokyo.jp/jigyosha/shoko-rodo-sodan/syoutengaishinkoujigyou/kyoudousisetu.html"
"77923","https://www.pref.yamanashi.jp/imuka/kango/hozyo/houmonnkanngo-st.html","https://www.pref.yamanashi.jp/imuka/kango/hozyo/houmonnkanngo-st.html"
"77925","https://files.city.shibuya.tokyo.jp/assets/12995aba8b194961be709ba879857f70/0c75c39e861b4201beb521866fcae7f4/240403_bunjomanshion.pdf","https://www.city.shibuya.tokyo.jp/bosai/josei/taishinjosei/manshon.html | https://files.city.shibuya.tokyo.jp/assets/12995aba8b194961be709ba879857f70/0c75c39e861b4201beb521866fcae7f4/240403_bunjomanshion.pdf"
"77939","https://www4.city.kanazawa.lg.jp/soshikikarasagasu/kurafutoseisakusuishinka/gyomuannai/3/27028.html","https://www4.city.kanazawa.lg.jp/soshikikarasagasu/kurafutoseisakusuishinka/gyomuannai/3/27028.html"
"77929","https://www.city.akashi.lg.jp/fukushi/fu_soumu_ka/sabetsu/documents/leafret.pdf","https://www.city.akashi.lg.jp/fukushi/fu_soumu_ka/sabetsu/joseikin.html | https://www.city.akashi.lg.jp/fukushi/fu_soumu_ka/sabetsu/documents/leafret.pdf"
"77938","https://www.city.takaishi.lg.jp/kakuka/sougouseisaku/tiikisosei_ka/hurusato/4119.html","https://www.city.takaishi.lg.jp/kakuka/sougouseisaku/tiikisosei_ka/hurusato/4119.html"
"77941","https://www.info.city.tsu.mie.jp/www/contents/1717649333281/index.html","https://www.info.city.tsu.mie.jp/www/contents/1717649333281/index.html"
"77961","https://www.town.kami.miyagi.jp/soshikikarasagasu/shoukoukankou/kanko_tokusan/4264.html","https://www.town.kami.miyagi.jp/soshikikarasagasu/shoukoukankou/kanko_tokusan/4264.html"
"77959","https://www.pref.kochi.lg.jp/doc/2024041700055/","https://www.pref.kochi.lg.jp/doc/2024041700055/"
"77962","https://www.city.katsushika.lg.jp/kosodate/1000056/1030355/1030196/1002339/1035592/index.html","https://www.city.katsushika.lg.jp/kosodate/1000056/1030355/1030196/1002339/1035592/index.html"
"77987","https://www.pref.shimane.lg.jp/medical/fukushi/kourei/kaigo_hoken/hojokin/saigaifukkyuu.html","https://www.pref.shimane.lg.jp/medical/fukushi/kourei/kaigo_hoken/hojokin/saigaifukkyuu.html"
"77992","http://www.city.hirosaki.aomori.jp/sangyo/sangyo/chiikikeizai2024.html","http://www.city.hirosaki.aomori.jp/sangyo/sangyo/chiikikeizai2024.html"
"77999","https://www.pref.kanagawa.jp/docs/kd8/cnt/hojyo/top.html","https://www.pref.kanagawa.jp/docs/kd8/cnt/hojyo/top.html"
"78017","https://www.pref.kanagawa.jp/docs/n8f/cnt/f300562/hojokin.html","https://www.pref.kanagawa.jp/docs/n8f/cnt/f300562/hojokin.html"
"78019","https://www.pref.fukui.lg.jp/doc/021500/rokujika/6jika.html","https://www.pref.fukui.lg.jp/doc/021500/rokujika/6jika.html"
"78023","https://www.pref.tochigi.lg.jp/c09/sports-commission/documents/20240502093442.pdf","https://www.pref.tochigi.lg.jp/c09/sports-commission/sportsevent.html | https://www.pref.tochigi.lg.jp/c09/sports-commission/documents/20240502093442.pdf"
"78038","https://www.city.kanoya.lg.jp/aguri/sangyo/nogyo/sonota/ijuteiju.html","https://www.city.kanoya.lg.jp/aguri/sangyo/nogyo/sonota/ijuteiju.html"
"78025","https://www.pref.fukui.lg.jp/doc/kouwan/jet.html","https://www.pref.fukui.lg.jp/doc/kouwan/jet.html"
"78043","https://www.pref.yamanashi.jp/documents/115874/r6momo_kyoka.pdf","https://www.pref.yamanashi.jp/kaju/momo_sanchi_kyousou.html | https://www.pref.yamanashi.jp/documents/115874/r6momo_kyoka.pdf"
"78039","https://www.city.fukushima.fukushima.jp/syoukougyou-syougyou/shigoto/shogyo/shogyoshinko/860.html","https://www.city.fukushima.fukushima.jp/syoukougyou-syougyou/shigoto/shogyo/shogyoshinko/860.html"
"78042","https://www.city.ueda.nagano.jp/soshiki/sinrin/96408.html","https://www.city.ueda.nagano.jp/soshiki/sinrin/96408.html"
"78045","https://www.city.fukushima.fukushima.jp/material/files/group/23/t.pdf","https://www.city.fukushima.fukushima.jp/syoukougyou-syougyou/shigoto/shogyo/shogyoshinko/860.html | https://www.city.fukushima.fukushima.jp/material/files/group/23/t.pdf | https://www.city.fukushima.fukushima.jp/material/files/group/23/yatintizu22222.pdf"
"78055","https://www.city.toyama.lg.jp/_res/projects/default_project/_page_/001/015/544/miraiprpaper.pdf","https://www.city.toyama.lg.jp/business/nourin/1010614/1015544.html | https://www.city.toyama.lg.jp/_res/projects/default_project/_page_/001/015/544/miraiprpaper.pdf"
"78050","https://www.pref.kanagawa.jp/docs/r6w/konkyu/mutei_kaisyu_kouji.html","https://www.pref.kanagawa.jp/docs/r6w/konkyu/mutei_kaisyu_kouji.html"
"78057","https://www.city.toyama.lg.jp/_res/projects/default_project/_page_/001/015/542/yukijasprpaper.pdf","https://www.city.toyama.lg.jp/business/nourin/1010614/1015542.html | https://www.city.toyama.lg.jp/_res/projects/default_project/_page_/001/015/542/yukijasprpaper.pdf"
"78088","https://www.city.utsunomiya.lg.jp/_res/projects/default_project/_page_/001/023/354/jyudo_gh_panfuretto.pdf","https://www.city.utsunomiya.lg.jp/sangyo/shakaifukushihoujin/joho/shogaijigyosha/1013058/1023354.html | https://www.city.utsunomiya.lg.jp/_res/projects/default_project/_page_/001/023/354/jyudo_gh_panfuretto.pdf"
"78071","https://www.vill.kunohe.iwate.jp/fs/9/3/4/8/_/%E6%9E%97%E6%A5%AD%E8%A3%9C%E5%8A%A9%E4%BA%8B%E6%A5%AD%E4%B8%80%E8%A6%A7.pdf","https://www.vill.kunohe.iwate.jp/docs/2366.html | https://www.vill.kunohe.iwate.jp/fs/9/3/4/8/_/%E6%9E%97%E6%A5%AD%E8%A3%9C%E5%8A%A9%E4%BA%8B%E6%A5%AD%E4%B8%80%E8%A6%A7.pdf"
"78094","https://www.vill.tozawa.yamagata.jp/news/21815/","https://www.vill.tozawa.yamagata.jp/news/21815/"
"78132","https://www.pref.miyazaki.lg.jp/keieikinyushien/shigoto/chushokigyo/20230703170425.html","https://www.pref.miyazaki.lg.jp/keieikinyushien/shigoto/chushokigyo/20230703170425.html"
"78114","https://www.city.shizuoka.lg.jp/s2746/s003785.html","https://www.city.shizuoka.lg.jp/s2746/s003785.html"
"78133","https://www.city.ichinoseki.iwate.jp/index.cfm/7,169907,c,html/169907/20240613-091719.pdf","https://www.city.ichinoseki.iwate.jp/index.cfm/7,169907,67,html | https://www.city.ichinoseki.iwate.jp/index.cfm/7,169907,c,html/169907/20240613-091719.pdf"
"78148","https://www.city.nagano.nagano.jp/n140300/contents/p003894.html","https://www.city.nagano.nagano.jp/n140300/contents/p003894.html"
"78143","https://www.pref.tochigi.lg.jp/h03/udtaxi/untaxiinfo.html","https://www.pref.tochigi.lg.jp/h03/udtaxi/untaxiinfo.html"
"78152","https://www.pref.miyazaki.lg.jp/iryoseisaku/kurashi/iryo/tokuteikouikensyu_shien.html","https://www.pref.miyazaki.lg.jp/iryoseisaku/kurashi/iryo/tokuteikouikensyu_shien.html"
"78155","https://www.pref.gunma.jp/page/1210.html","https://www.pref.gunma.jp/page/1210.html"
"78149","https://www.pref.miyazaki.lg.jp/junkansuishin/kurashi/shizen/miyazakirecycle/20190603113618.html","https://www.pref.miyazaki.lg.jp/junkansuishin/kurashi/shizen/miyazakirecycle/20190603113618.html"
"78158","https://www.city.nagano.nagano.jp/n140600/contents/p003911.html","https://www.city.nagano.nagano.jp/n140600/contents/p003911.html"
"78160","https://www.pref.gunma.jp/site/hojokin/19469.html","https://www.pref.gunma.jp/site/hojokin/19469.html"
"78157","https://www.pref.miyazaki.lg.jp/documents/48914/48914_20240325171406-1.pdf","https://www.pref.miyazaki.lg.jp/kasen/kurashi/shakaikiban/20200108130649.html | https://www.pref.miyazaki.lg.jp/documents/48914/48914_20240325171406-1.pdf"
"78172","https://www.pref.shiga.lg.jp/ippan/shigotosangyou/nougyou/seisangizyutsu/313601.html","https://www.pref.shiga.lg.jp/ippan/shigotosangyou/nougyou/seisangizyutsu/313601.html"
"78182","https://www.town.kawara.fukuoka.jp/s023/030/010/010/20171101225911.html","https://www.town.kawara.fukuoka.jp/s023/030/010/010/20171101225911.html"
"78180","https://www.city.sapporo.jp/eisei/gyomu/SEISIN/jisatsuyobokeihatsujigyo.html","https://www.city.sapporo.jp/eisei/gyomu/SEISIN/jisatsuyobokeihatsujigyo.html"
"78230","https://www.pref.yamaguchi.lg.jp/soshiki/37/17147.html","https://www.pref.yamaguchi.lg.jp/soshiki/37/17147.html"
"78221","https://www.vill.kijimadaira.lg.jp/articles/2024061300013/","https://www.vill.kijimadaira.lg.jp/articles/2024061300013/"
"78234","https://www.yamaguchi-chusankan.jp/category/shienseido/kibanseibi.html","https://www.yamaguchi-chusankan.jp/category/shienseido/kibanseibi.html"
"78237","https://www.pref.yamaguchi.lg.jp/press/158141.html","https://www.pref.yamaguchi.lg.jp/press/158141.html"
"78283","https://www.city.abashiri.hokkaido.jp/soshiki/18/10946.html","https://www.city.abashiri.hokkaido.jp/soshiki/18/10946.html"
"78239","https://www.city.yabu.hyogo.jp/soshiki/sangyokankyo/norinshinko/2/11594.html","https://www.city.yabu.hyogo.jp/soshiki/sangyokankyo/norinshinko/2/11594.html"
"78298","https://www.pref.nagasaki.jp/object/kenkaranooshirase/oshirase/670825.html","https://www.pref.nagasaki.jp/object/kenkaranooshirase/oshirase/670825.html"
"78285","https://www.pref.shimane.lg.jp/industry/norin/ringyo/koufukin/index.html","https://www.pref.shimane.lg.jp/industry/norin/ringyo/koufukin/index.html"
"78314","https://www.pref.hiroshima.lg.jp/site/semi-mt/genki-satoyama.html","https://www.pref.hiroshima.lg.jp/site/semi-mt/genki-satoyama.html"
"78325","https://www.pref.hiroshima.lg.jp/soshiki/244/1306482172713.html","https://www.pref.hiroshima.lg.jp/soshiki/244/1306482172713.html"
"78342","https://www.city.unnan.shimane.jp/unnan/sangyou/syoukou/kigyou/files/untenmenkyochirashi2.pdf","https://www.city.unnan.shimane.jp/unnan/sangyou/syoukou/kigyou/untenmenkyo.html | https://www.city.unnan.shimane.jp/unnan/sangyou/syoukou/kigyou/files/untenmenkyochirashi2.pdf"
"78328","https://www.pref.gunma.jp/page/2188.html#kaigokiban","https://www.pref.gunma.jp/page/2188.html#kaigokiban"
"78352","https://www.pref.okayama.jp/page/289616.html","https://www.pref.okayama.jp/page/289616.html"
"78354","https://www.pref.okayama.jp/page/289616.html","https://www.pref.okayama.jp/page/289616.html"
"78358","https://www.pref.kagoshima.jp/ae32/kodomosyokudo/documents/80524_20240507110426-1.pdf","https://www.pref.kagoshima.jp/ae32/kodomosyokudo/tachiagesien.html | https://www.pref.kagoshima.jp/ae32/kodomosyokudo/documents/80524_20240507110426-1.pdf"
"78361","https://www.pref.okayama.jp/page/613624.html","https://www.pref.okayama.jp/page/613624.html"
"78362","https://www.pref.gunma.jp/uploaded/attachment/611249.pdf","https://www.pref.gunma.jp/page/2792.html | https://www.pref.gunma.jp/uploaded/attachment/611249.pdf"
"78363","https://www.pref.kagoshima.jp/ah07/infra/kasen-sabo/kasennkaigannaigo/mizubesapo-to.html","https://www.pref.kagoshima.jp/ah07/infra/kasen-sabo/kasennkaigannaigo/mizubesapo-to.html"
"78367","https://www.pref.kagoshima.jp/ah09/infra/port/kanri/minatosapo.html","https://www.pref.kagoshima.jp/ah09/infra/port/kanri/minatosapo.html"
"78387","https://www.city.hagi.lg.jp/soshiki/45/h59478.html","https://www.city.hagi.lg.jp/soshiki/45/h59478.html"
"78368","https://www.pref.okayama.jp/uploaded/life/919024_8791606_misc.pdf","https://www.pref.okayama.jp/page/774578.html | https://www.pref.okayama.jp/uploaded/life/919024_8791606_misc.pdf"
"78399","https://www.pref.tottori.lg.jp/211974.htm","https://www.pref.tottori.lg.jp/211974.htm"
"78410","https://www.pref.tottori.lg.jp/secure/1234194/shikakusyutoku_gaiyouban.pdf","https://www.pref.tottori.lg.jp/295569.htm | https://www.pref.tottori.lg.jp/secure/1234194/shikakusyutoku_gaiyouban.pdf"
"78405","https://www.pref.tottori.lg.jp/secure/1234194/internship_gaiyouban.pdf","https://www.pref.tottori.lg.jp/295569.htm | https://www.pref.tottori.lg.jp/secure/1234194/internship_gaiyouban.pdf"
"78412","https://www.pref.tottori.lg.jp/secure/1209852/R6chirashi.pdf","https://www.pref.tottori.lg.jp/291779.htm | https://www.pref.tottori.lg.jp/secure/1209852/R6chirashi.pdf"
"78431","https://www.pref.tottori.lg.jp/secure/1327799/chirashi2024.pdf","https://www.pref.tottori.lg.jp/dd.aspx?menuid=192844 | https://www.pref.tottori.lg.jp/secure/1327799/chirashi2024.pdf"
"78461","https://atsugi-carbonneutral.studio.site/frAXeXMu/G00bGHge","https://atsugi-carbonneutral.studio.site/frAXeXMu/G00bGHge"
"78472","https://www.city.yokohama.lg.jp/kurashi/sumai-kurashi/shigoto/kaigo/zinzaikakuho.files/0168_20220120.pdf","https://www.city.yokohama.lg.jp/kurashi/sumai-kurashi/shigoto/kaigo/zinzaikakuho.html | https://www.city.yokohama.lg.jp/kurashi/sumai-kurashi/shigoto/kaigo/zinzaikakuho.files/0168_20220120.pdf"
"78483","https://www.city.oyabe.toyama.jp/kurashi/1002145/1002169/1006467.html","https://www.city.oyabe.toyama.jp/kurashi/1002145/1002169/1006467.html"
"78484","https://www.city.nanjo.okinawa.jp/bousai/1733879774/1712038919/","https://www.city.nanjo.okinawa.jp/bousai/1733879774/1712038919/"
"78491","https://www.city.kushima.lg.jp/main/business/upload/suikanri/%E3%81%8F%E3%81%97%E3%81%BE%E6%9C%9D%E5%B8%82%E3%82%88%E3%81%8B%E3%82%80%E3%82%93%E5%B8%82%E7%A3%A8%E3%81%8D%E4%B8%8A%E3%81%92%28%E7%A2%BA%E5%AE%9A%E3%83%81%E3%83%A9%E3%82%B7%29%20.pdf","https://www.city.kushima.lg.jp/main/business/cat4/cat/post-716.html | https://www.city.kushima.lg.jp/main/business/upload/suikanri/%E3%81%8F%E3%81%97%E3%81%BE%E6%9C%9D%E5%B8%82%E3%82%88%E3%81%8B%E3%82%80%E3%82%93%E5%B8%82%E7%A3%A8%E3%81%8D%E4%B8%8A%E3%81%92%28%E7%A2%BA%E5%AE%9A%E3%83%81%E3%83%A9%E3%82%B7%29%20.pdf"
"78486","https://www.city.yamaguchi.lg.jp/soshiki/64/160212.html","https://www.city.yamaguchi.lg.jp/soshiki/64/160212.html"
"78496","https://www.city.unnan.shimane.jp/unnan/sangyou/syoukou/kigyou/files/jinzaichirashi2.pdf","https://www.city.unnan.shimane.jp/unnan/sangyou/syoukou/kigyou/jinzaikakuho.html | https://www.city.unnan.shimane.jp/unnan/sangyou/syoukou/kigyou/files/jinzaichirashi2.pdf"
"78497","https://www.city.tsuruoka.lg.jp/kyoiku/hojyo/hojoshien/kyouiku01202.html","https://www.city.tsuruoka.lg.jp/kyoiku/hojyo/hojoshien/kyouiku01202.html"
"78504","https://www.pref.toyama.jp/documents/4688/hojokinsanteihouhou.pdf","https://www.pref.toyama.jp/140121/miryokukankou/kankoutokusan/kankou/kj00010850.html | https://www.pref.toyama.jp/documents/4688/hojokinsanteihouhou.pdf"
"78503","https://www.city.maibara.lg.jp/soshiki/keizai_kankyo/rinmu/19640.html","https://www.city.maibara.lg.jp/soshiki/keizai_kankyo/rinmu/19640.html"
"78510","https://www.pref.kagoshima.jp/af04/sangyo-rodo/rodo/syogaisya/documents/9656_20230620143134-1.pdf","https://www.pref.kagoshima.jp/af04/sangyo-rodo/rodo/syogaisya/koyoutaiken.html | https://www.pref.kagoshima.jp/af04/sangyo-rodo/rodo/syogaisya/documents/9656_20230620143134-1.pdf"
"78505","https://www.pref.okayama.jp/page/737371.html","https://www.pref.okayama.jp/page/737371.html"
"78506","https://toyama-cb.or.jp/pdf/taxi202310.pdf","https://toyama-cb.or.jp/support/prefandhito.html | https://toyama-cb.or.jp/pdf/taxi202310.pdf"
"78517","https://www.pref.tottori.lg.jp/292944.htm","https://www.pref.tottori.lg.jp/292944.htm"
"78533","https://www.town.tokushima-mugi.lg.jp/docs/2024061900015/","https://www.town.tokushima-mugi.lg.jp/docs/2024061900015/"
"78518","https://www.pref.kagoshima.jp/ad12/sangyo-rodo/rinsui/shinrin/zorin/youkou.html","https://www.pref.kagoshima.jp/ad12/sangyo-rodo/rinsui/shinrin/zorin/youkou.html"
"78534","https://www.pref.toyama.jp/1504/kendodukuri/dourokouwan/port/business.html","https://www.pref.toyama.jp/1504/kendodukuri/dourokouwan/port/business.html"
"78554","https://www.city.nobeoka.miyazaki.jp/soshiki/38/2653.html","https://www.city.nobeoka.miyazaki.jp/soshiki/38/2653.html"
"78546","https://www.town.fukuchi.lg.jp/soshiki/kanzai/bousaikanri/syoubouinformation/3786.html","https://www.town.fukuchi.lg.jp/soshiki/kanzai/bousaikanri/syoubouinformation/3786.html"
"78556","https://www.city.nobeoka.miyazaki.jp/soshiki/38/35243.html","https://www.city.nobeoka.miyazaki.jp/soshiki/38/35243.html"
"78569","https://www.pref.toyama.jp/8001/kendodukuri/koukyou/koukyoukoutsuu/shinkansen/ennshinnhojokinn/r6hojokin.html","https://www.pref.toyama.jp/8001/kendodukuri/koukyou/koukyoukoutsuu/shinkansen/ennshinnhojokinn/r6hojokin.html"
"78573","https://www.pref.toyama.jp/1300/sangyou/shoukoukensetsu/shoukougyou/tunagusupport.html","https://www.pref.toyama.jp/1300/sangyou/shoukoukensetsu/shoukougyou/tunagusupport.html"
"78588","https://www.pref.shimane.lg.jp/industry/employ/kunren/ordermade/index.data/hakenkennsyu1.pdf","https://www.pref.shimane.lg.jp/industry/employ/kunren/ordermade/ | https://www.pref.shimane.lg.jp/industry/employ/kunren/ordermade/index.data/hakenkennsyu1.pdf | https://www.pref.shimane.lg.jp/industry/employ/kunren/ordermade/index.data/hakenkennsyu2.pdf | https://www.pref.shimane.lg.jp/industry/employ/kunren/ordermade/index.data/chirashi-omote.pdf | https://www.pref.shimane.lg.jp/industry/employ/kunren/ordermade/index.data/chirashi_ura.pdf"
"78576","https://www.pref.toyama.jp/1303/kurashi/kenkou/shougaisha/jigyousha/kj00008098/kj00008098-001-01.html","https://www.pref.toyama.jp/1303/kurashi/kenkou/shougaisha/jigyousha/kj00008098/kj00008098-001-01.html"
"78579","https://www.pref.toyama.jp/1303/kurashi/kenkou/shougaisha/jigyousha/kj00008098/kj00008098-001-01.html","https://www.pref.toyama.jp/1303/kurashi/kenkou/shougaisha/jigyousha/kj00008098/kj00008098-001-01.html"
"78594","https://www.pref.okinawa.lg.jp/kurashikankyo/gomirecycle/1004144/1004237.html","https://www.pref.okinawa.lg.jp/kurashikankyo/gomirecycle/1004144/1004237.html"
"78596","https://www.pref.okinawa.lg.jp/iryokenko/shippeikansensho/1005861/1006385/1006433.html","https://www.pref.okinawa.lg.jp/iryokenko/shippeikansensho/1005861/1006385/1006433.html"
"78597","https://www.pref.okinawa.lg.jp/iryokenko/shippeikansensho/1005861/1006385/1006433.html","https://www.pref.okinawa.lg.jp/iryokenko/shippeikansensho/1005861/1006385/1006433.html"
"78616","https://www.town.bihoro.hokkaido.jp/docs/2024020100029/","https://www.town.bihoro.hokkaido.jp/docs/2024020100029/"
"78621","https://www.city.nagakute.lg.jp/soshiki/fukushibu/fukushika/2/3/sonota/22746.html","https://www.city.nagakute.lg.jp/soshiki/fukushibu/fukushika/2/3/sonota/22746.html"
"78620","https://www.city.setouchi.lg.jp/soshiki/16/143616.html","https://www.city.setouchi.lg.jp/soshiki/16/143616.html"
"78625","https://www.pref.niigata.lg.jp/uploaded/attachment/410240.pdf","https://www.pref.niigata.lg.jp/site/keieifukyu/jidai.html | https://www.pref.niigata.lg.jp/uploaded/attachment/410240.pdf"
"78639","https://www.pref.tottori.lg.jp/secure/1204560/050328_chirashi.pdf","https://www.pref.tottori.lg.jp/291099.htm | https://www.pref.tottori.lg.jp/secure/1204560/050328_chirashi.pdf"
"78634","https://www.pref.tottori.lg.jp/303411.htm","https://www.pref.tottori.lg.jp/303411.htm"
"78640","https://www.pref.okinawa.lg.jp/shigoto/nogyo/1010390/1010395/1010399.html","https://www.pref.okinawa.lg.jp/shigoto/nogyo/1010390/1010395/1010399.html"
"78652","https://www.pref.okinawa.lg.jp/shigoto/nogyo/1010488/1010559.html","https://www.pref.okinawa.lg.jp/shigoto/nogyo/1010488/1010559.html"
"78645","https://www.pref.gunma.jp/site/hojokin/18942.html","https://www.pref.gunma.jp/site/hojokin/18942.html"
"78665","https://www.pref.shimane.lg.jp/norinsomu/nourinsuisan_shien.html","https://www.pref.shimane.lg.jp/norinsomu/nourinsuisan_shien.html"
"78669","https://www.pref.okinawa.lg.jp/_res/projects/default_project/_page_/001/011/370/r6gaiyou_new.pdf","https://www.pref.okinawa.lg.jp/shigoto/chikusangyo/1011238/1011370.html | https://www.pref.okinawa.lg.jp/_res/projects/default_project/_page_/001/011/370/r6gaiyou_new.pdf"
"78670","https://www.pref.okinawa.lg.jp/shigoto/keizai/1011892/1011893/1011898.html","https://www.pref.okinawa.lg.jp/shigoto/keizai/1011892/1011893/1011898.html"
"78671","https://www.pref.tokushima.lg.jp/kankyo/gyosei/support/about_subsidy.html/","https://www.pref.tokushima.lg.jp/kankyo/gyosei/support/about_subsidy.html/"
"78679","https://www.pref.okinawa.lg.jp/kensei/shinko/1017087/1017118/1017125/1017126.html","https://www.pref.okinawa.lg.jp/kensei/shinko/1017087/1017118/1017125/1017126.html"
"78690","https://www.pref.okinawa.lg.jp/kurashikankyo/kankyo/1004212/1004213.html","https://www.pref.okinawa.lg.jp/kurashikankyo/kankyo/1004212/1004213.html"
"78700","https://www.city.izumo.shimane.jp/www/contents/1717562590013/simple/zyokenhuritiiki.pdf","https://www.city.izumo.shimane.jp/www/contents/1717562590013/index.html | https://www.city.izumo.shimane.jp/www/contents/1717562590013/simple/zyokenhuritiiki.pdf"
"78720","https://www.pref.toyama.jp/100224/wellbeingcommunity.html","https://www.pref.toyama.jp/100224/wellbeingcommunity.html"
"78728","https://www.city.matsubara.lg.jp/docs/1478984.html","https://www.city.matsubara.lg.jp/docs/1478984.html"
"78731","https://www.city.kakamigahara.lg.jp/shisei/shisaku/sangyo/1008446/1022027/1018441.html","https://www.city.kakamigahara.lg.jp/shisei/shisaku/sangyo/1008446/1022027/1018441.html"
"78744","https://www.pref.ishikawa.lg.jp/satoyama/fund/r6koubo_hisaitiikisien.html","https://www.pref.ishikawa.lg.jp/satoyama/fund/r6koubo_hisaitiikisien.html"
"78739","https://www.city.echizen.lg.jp/office/060/010/jinzaiikusei.html","https://www.city.echizen.lg.jp/office/060/010/jinzaiikusei.html"
"78745","https://www.city.higashihiroshima.lg.jp/material/files/group/33/nihonngohojokinntirasi.pdf","https://www.city.higashihiroshima.lg.jp/soshiki/kenkofukushi/1/kaigojinnzai/35675.html | https://www.city.higashihiroshima.lg.jp/material/files/group/33/nihonngohojokinntirasi.pdf"
"78748","https://www.pref.ishikawa.lg.jp/satoyama/fund/r6koubo_hisaitiikisien.html","https://www.pref.ishikawa.lg.jp/satoyama/fund/r6koubo_hisaitiikisien.html"
"78747","https://www.city.higashihiroshima.lg.jp/material/files/group/33/keihojokinnnituite.pdf","https://www.city.higashihiroshima.lg.jp/soshiki/kenkofukushi/1/kaigojinnzai/35675.html | https://www.city.higashihiroshima.lg.jp/material/files/group/33/keihojokinnnituite.pdf"
"78755","https://www.city.izumo.shimane.jp/www/contents/1412817489437/files/seidogaiyou.pdf","https://www.city.izumo.shimane.jp/www/contents/1412817489437/index.html | https://www.city.izumo.shimane.jp/www/contents/1412817489437/files/seidogaiyou.pdf"
"78766","https://www.city.matsubara.lg.jp/docs/1481083.html","https://www.city.matsubara.lg.jp/docs/1481083.html"
"78770","https://www.pref.saitama.lg.jp/a0904/kajujigyou.html","https://www.pref.saitama.lg.jp/a0904/kajujigyou.html"
"78801","https://www.pref.kagawa.lg.jp/rinsei/moridukuri/syonendan/hozyokinn.html","https://www.pref.kagawa.lg.jp/rinsei/moridukuri/syonendan/hozyokinn.html"
"78799","https://www.city.minoh.lg.jp/machi/shien/shienseido.html","https://www.city.minoh.lg.jp/machi/shien/shienseido.html"
"78798","https://www.city.minoh.lg.jp/machi/shien/shienseido.html","https://www.city.minoh.lg.jp/machi/shien/shienseido.html"
"78802","https://www.city.otsu.lg.jp/business/yushihojo/hojo/sangyo/1390455191605.html","https://www.city.otsu.lg.jp/business/yushihojo/hojo/sangyo/1390455191605.html"
"78803","https://www.city.minoh.lg.jp/kaigo/ji/documents/chirashiryoumen.pdf","https://www.city.minoh.lg.jp/kaigo/ji/kouhukin.html | https://www.city.minoh.lg.jp/kaigo/ji/documents/chirashiryoumen.pdf"
"78804","https://www.city.minoh.lg.jp/seibi/sinnbunn.html#syuudannkaisyuu","https://www.city.minoh.lg.jp/seibi/sinnbunn.html#syuudannkaisyuu"
"78807","https://www.pref.kagawa.lg.jp/rinsei/shinrin/zourin.html","https://www.pref.kagawa.lg.jp/rinsei/shinrin/zourin.html"
"78810","https://www.pref.gunma.jp/uploaded/attachment/661144.pdf","https://www.pref.gunma.jp/site/kaigojinzai/2415.html | https://www.pref.gunma.jp/uploaded/attachment/661144.pdf"
"78809","https://www.city.minoh.lg.jp/katudou/community/jitikai/hojokin.html","https://www.city.minoh.lg.jp/katudou/community/jitikai/hojokin.html"
"78826","https://www.pref.nagano.lg.jp/doctor/kyoten.html","https://www.pref.nagano.lg.jp/doctor/kyoten.html"
"78829","https://www.pref.okinawa.lg.jp/kyoiku/kosodate/1008226/1008235.html","https://www.pref.okinawa.lg.jp/kyoiku/kosodate/1008226/1008235.html"
"78827","https://www.town.nagomi.lg.jp/hpkiji/pub/detail.aspx?c_id=3&type=top&id=4625","https://www.town.nagomi.lg.jp/hpkiji/pub/detail.aspx?c_id=3&type=top&id=4625"
"78848","https://www.pref.tottori.lg.jp/312270.htm","https://www.pref.tottori.lg.jp/312270.htm"
"78863","https://www.pref.tottori.lg.jp/258265.htm","https://www.pref.tottori.lg.jp/258265.htm"
"78860","https://www.pref.gunma.jp/page/9236.html","https://www.pref.gunma.jp/page/9236.html"
"78866","https://www.pref.miyazaki.lg.jp/kigyoshinko/shigoto/shokogyo/20240618133744.html","https://www.pref.miyazaki.lg.jp/kigyoshinko/shigoto/shokogyo/20240618133744.html"
"78878","https://www.pref.tottori.lg.jp/258265.htm","https://www.pref.tottori.lg.jp/258265.htm"
"78873","https://web.pref.hyogo.lg.jp/ks17/images/naikoukontena.html","https://web.pref.hyogo.lg.jp/ks17/images/naikoukontena.html"
"78883","https://www.pref.tottori.lg.jp/258265.htm","https://www.pref.tottori.lg.jp/258265.htm"
"78887","https://www.pref.tottori.lg.jp/dd.aspx?menuid=245963","https://www.pref.tottori.lg.jp/dd.aspx?menuid=245963"
"78886","https://web.pref.hyogo.lg.jp/nk12/documents/documents/kankyouseigyotirasir6.pdf","https://web.pref.hyogo.lg.jp/nk12/documents/seigyo.html | https://web.pref.hyogo.lg.jp/nk12/documents/documents/kankyouseigyotirasir6.pdf"
"78894","https://www.city.kanonji.kagawa.jp/soshiki/2/11620.html#28","https://www.city.kanonji.kagawa.jp/soshiki/2/11620.html#28"
"78895","https://www.city.kanonji.kagawa.jp/soshiki/2/11620.html#29","https://www.city.kanonji.kagawa.jp/soshiki/2/11620.html#29"
"78897","https://www.city.kanonji.kagawa.jp/soshiki/2/11620.html#30","https://www.city.kanonji.kagawa.jp/soshiki/2/11620.html#30"
"78902","https://www.pref.okinawa.lg.jp/machizukuri/jutakutochi/1012281/1012298/1012287.html","https://www.pref.okinawa.lg.jp/machizukuri/jutakutochi/1012281/1012298/1012287.html"
"78908","https://www.pref.kochi.lg.jp/doc/2022021800207/file_contents/tennpokennjyuutakukatuyousuisinn.pdf","https://www.pref.kochi.lg.jp/doc/2022021800207/ | https://www.pref.kochi.lg.jp/doc/2022021800207/file_contents/tennpokennjyuutakukatuyousuisinn.pdf"
"78903","https://www.shikokubank.co.jp/kikin/","https://www.shikokubank.co.jp/kikin/"
"78910","https://www.pref.shizuoka.jp/kenkofukushi/koreifukushi/kaigohoken/1040743/1002943/1023051.html","https://www.pref.shizuoka.jp/kenkofukushi/koreifukushi/kaigohoken/1040743/1002943/1023051.html"
"78920","https://www.city.wajima.ishikawa.jp/docs/2024052300022/","https://www.city.wajima.ishikawa.jp/docs/2024052300022/"
"78919","https://www.city.wajima.ishikawa.jp/docs/2024052800010/","https://www.city.wajima.ishikawa.jp/docs/2024052800010/"
"78921","https://www.city.wajima.ishikawa.jp/docs/2024051700014/","https://www.city.wajima.ishikawa.jp/docs/2024051700014/"
"78945","https://www.city.omachi.nagano.jp/00013000/00013100/akitenpokatsuyou/%E7%A9%BA%E3%81%8D%E5%BA%97%E8%88%97%E6%B4%BB%E7%94%A8%E4%BA%8B%E6%A5%AD%E6%94%B9%E4%BF%AE%E8%B2%BB%E7%94%A8%E8%A3%9C%E5%8A%A9%E6%A6%82%E8%A6%81.pdf","https://www.city.omachi.nagano.jp/00013000/00013100/akitenpokatsuyou/akitenpokatsuyou.html | https://www.city.omachi.nagano.jp/00013000/00013100/akitenpokatsuyou/%E7%A9%BA%E3%81%8D%E5%BA%97%E8%88%97%E6%B4%BB%E7%94%A8%E4%BA%8B%E6%A5%AD%E6%94%B9%E4%BF%AE%E8%B2%BB%E7%94%A8%E8%A3%9C%E5%8A%A9%E6%A6%82%E8%A6%81.pdf | https://www.city.omachi.nagano.jp/00013000/00013100/akitenpokatsuyou/%E7%A9%BA%E3%81%8D%E5%BA%97%E8%88%97%E6%B4%BB%E7%94%A8%E4%BA%8B%E6%A5%AD%E5%AE%B6%E8%B3%83%E8%A3%9C%E5%8A%A9%E6%A6%82%E8%A6%81.pdf"
"78924","https://www.mhlw.go.jp/content/11600000/001469893.pdf","https://www.mhlw.go.jp/stf/seisakunitsuite/bunya/koyou_roudou/koyou/kyufukin/sankokinsangyourenkeijinzaikakuhotou_00001.html | https://www.mhlw.go.jp/content/11600000/001469893.pdf | https://www.mhlw.go.jp/kouseiroudoushou/shozaiannai/roudoukyoku/index.html | https://www.mhlw.go.jp/stf/seisakunitsuite/bunya/koyou_roudou/koyou/hellowork.html | https://www.mhlw.go.jp/stf/seisakunitsuite/bunya/koyou_roudou/koyou/kyufukin/toiawase2.html"
"78974","https://www.city.kitakyushu.lg.jp/contents/924_01996.html","https://www.city.kitakyushu.lg.jp/contents/924_01996.html"
"78969","https://www.pref.miyazaki.lg.jp/ninaitenochi/shigoto/nogyo/20240425170517.html","https://www.pref.miyazaki.lg.jp/ninaitenochi/shigoto/nogyo/20240425170517.html"
"78976","https://www.city.omachi.nagano.jp/00013000/00013100/tenpokaisyu/tenpokaisyuzigyohozyokin.html","https://www.city.omachi.nagano.jp/00013000/00013100/tenpokaisyu/tenpokaisyuzigyohozyokin.html"
"78983","https://www.city.kawasaki.jp/250/page/0000065572.html","https://www.city.kawasaki.jp/250/page/0000065572.html"
"78985","https://www.city.fukuoka.lg.jp/shimin/s-sinkou/life/hojyokin-06020.html","https://www.city.fukuoka.lg.jp/shimin/s-sinkou/life/hojyokin-06020.html"
"78979","https://www.city.kawasaki.jp/500/cmsfiles/contents/0000109/109178/R6chirashi.pdf","https://www.city.kawasaki.jp/500/page/0000109178.html | https://www.city.kawasaki.jp/500/cmsfiles/contents/0000109/109178/R6chirashi.pdf"
"78992","https://www.pref.tottori.lg.jp/271177.htm","https://www.pref.tottori.lg.jp/271177.htm"
"78997","https://kodomo.city.fukuoka.lg.jp/info/2362/","https://kodomo.city.fukuoka.lg.jp/info/2362/"
"78994","https://www.city.kawasaki.jp/kurashi/category/28-5-18-5-0-0-0-0-0-0.html","https://www.city.kawasaki.jp/kurashi/category/28-5-18-5-0-0-0-0-0-0.html"
"78998","https://www.pref.kochi.lg.jp/doc/2024062100025/","https://www.pref.kochi.lg.jp/doc/2024062100025/"
"79000","https://www.city.kawasaki.jp/350/page/0000123644.html","https://www.city.kawasaki.jp/350/page/0000123644.html"
"79001","https://www.city.kawasaki.jp/kurashi/category/261-2-8-6-0-0-0-0-0-0.html","https://www.city.kawasaki.jp/kurashi/category/261-2-8-6-0-0-0-0-0-0.html"
"79018","https://www.city.abashiri.hokkaido.jp/soshiki/12/11102.html","https://www.city.abashiri.hokkaido.jp/soshiki/12/11102.html"
"79037","https://www.city.shibukawa.lg.jp/sangyou/sangyou/nougyou/p011527.html","https://www.city.shibukawa.lg.jp/sangyou/sangyou/nougyou/p011527.html"
"79025","https://www.kitagawamura.jp/life/dtl.php?hdnKey=1836","https://www.kitagawamura.jp/life/dtl.php?hdnKey=1836"
"79045","https://www.midorimachi.jp/help/","https://www.midorimachi.jp/help/"
"79091","https://www.city.sagamihara.kanagawa.jp/kurashi/1026489/kankyo/hojyo/1014159.html","https://www.city.sagamihara.kanagawa.jp/kurashi/1026489/kankyo/hojyo/1014159.html"
"79057","https://www.vill.ogata.akita.jp/news/p20240624172312","https://www.vill.ogata.akita.jp/news/p20240624172312"
"79092","https://www.city.fukuoka.lg.jp/kankyo/jigyokeigomi/life/007.html","https://www.city.fukuoka.lg.jp/kankyo/jigyokeigomi/life/007.html"
"79107","https://www.city.sagamihara.kanagawa.jp/kurashi/1026489/kankyo/1026504/shinrin/1008208/1008216.html","https://www.city.sagamihara.kanagawa.jp/kurashi/1026489/kankyo/1026504/shinrin/1008208/1008216.html"
"79101","https://www.city.sagamihara.kanagawa.jp/shisei/1026709/kokusai_kouryu/1026736/1005801.html","https://www.city.sagamihara.kanagawa.jp/shisei/1026709/kokusai_kouryu/1026736/1005801.html"
"79112","https://www.city.kitakyushu.lg.jp/contents/924_01629.html","https://www.city.kitakyushu.lg.jp/contents/924_01629.html"
"79113","https://www.city.sagamihara.kanagawa.jp/kurashi/1026529/bousai/1008785/1008798.html","https://www.city.sagamihara.kanagawa.jp/kurashi/1026529/bousai/1008785/1008798.html"
"79114","https://www.city.kitakyushu.lg.jp/contents/924_01630.html","https://www.city.kitakyushu.lg.jp/contents/924_01630.html"
"79124","https://www.city.ise.mie.jp/sangyo/nourin/nougyouhojo/1003114.html","https://www.city.ise.mie.jp/sangyo/nourin/nougyouhojo/1003114.html"
"79130","https://www.city.kawasaki.jp/500/page/0000098516.html","https://www.city.kawasaki.jp/500/page/0000098516.html"
"79145","https://www.city.hikone.lg.jp/benri/teate/5/25301.html","https://www.city.hikone.lg.jp/benri/teate/5/25301.html"
"79149","https://www.city.kitakyushu.lg.jp/san-kei/341_00011.html","https://www.city.kitakyushu.lg.jp/san-kei/341_00011.html"
"79166","https://www.city.chiba.jp/keizainosei/keizai/koyosuishin/shikaku_syutoku_shien.html","https://www.city.chiba.jp/keizainosei/keizai/koyosuishin/shikaku_syutoku_shien.html"
"79163","https://www.city.kitakyushu.lg.jp/contents/05101085.html","https://www.city.kitakyushu.lg.jp/contents/05101085.html"
"79168","https://www.city.kitakyushu.lg.jp/kankyou/file_0035.html","https://www.city.kitakyushu.lg.jp/kankyou/file_0035.html"
"79173","https://www.city.kumamoto.jp/kiji00354040/index.html","https://www.city.kumamoto.jp/kiji00354040/index.html"
"79176","https://www.city.kumamoto.jp/hpKiji/pub/detail.aspx?c_id=5&id=28425&e_id=14#danraku4","https://www.city.kumamoto.jp/hpKiji/pub/detail.aspx?c_id=5&id=28425&e_id=14#danraku4"
"79178","https://www.sangyo-rodo.metro.tokyo.lg.jp/nourin/nougyou/shinkou/saiseikanou/","https://www.sangyo-rodo.metro.tokyo.lg.jp/nourin/nougyou/shinkou/saiseikanou/"
"79191","https://www.city.setouchi.lg.jp/uploaded/attachment/120350.pdf","https://www.city.setouchi.lg.jp/site/zero-co2/143888.html | https://www.city.setouchi.lg.jp/uploaded/attachment/120350.pdf"
"79199","https://www.city.fukuchiyama.lg.jp/uploaded/attachment/42138.pdf","https://www.city.fukuchiyama.lg.jp/soshiki/27/14796.html | https://www.city.fukuchiyama.lg.jp/uploaded/attachment/42138.pdf"
"79204","https://www.city.meguro.tokyo.jp/douro/kurashi/sumai/sisuiban.html","https://www.city.meguro.tokyo.jp/douro/kurashi/sumai/sisuiban.html"
"79227","https://www.city.kahoku.lg.jp/005/508/511/d000496.html","https://www.city.kahoku.lg.jp/005/508/511/d000496.html"
"79228","https://www.city.kyoto.lg.jp/hokenfukushi/page/0000287763.html","https://www.city.kyoto.lg.jp/hokenfukushi/page/0000287763.html | https://sc.city.kyoto.lg.jp/multiform/multiform.php?form_id=8481&_ga=2.75254298.942334512.1719808965-951789696.1719808965"
"79230","https://www.city.kahoku.lg.jp/005/508/511/d000496.html","https://www.city.kahoku.lg.jp/005/508/511/d000496.html"
"79238","https://www.city.ube.yamaguchi.jp/shisei/hojyojyosei/1010994/1022815.html","https://www.city.ube.yamaguchi.jp/shisei/hojyojyosei/1010994/1022815.html"
"79231","https://www.city.tomakomai.hokkaido.jp/kurashi/sonota/pet/straycat.html","https://www.city.tomakomai.hokkaido.jp/kurashi/sonota/pet/straycat.html"
"79255","http://www.town.minamiosumi.lg.jp/chominhoken/kurashi/nekosyujutu.html","http://www.town.minamiosumi.lg.jp/chominhoken/kurashi/nekosyujutu.html"
"79254","https://www.city.kyoto.lg.jp/hokenfukushi/page/0000291390.html","https://www.city.kyoto.lg.jp/hokenfukushi/page/0000291390.html | https://sc.city.kyoto.lg.jp/multiform/multiform.php?form_id=8481&_ga=2.247679431.1105198037.1719880211-367177531.1719879528"
"79252","https://www.city.kyoto.lg.jp/hokenfukushi/page/0000290350.html","https://www.city.kyoto.lg.jp/hokenfukushi/page/0000290350.html | https://sc.city.kyoto.lg.jp/multiform/multiform.php?form_id=8481&_ga=2.218693721.1105198037.1719880211-367177531.1719879528"
"79264","https://www.city.matsusaka.mie.jp/site/koureisya-wel/houmonnsa-bisu.html","https://www.city.matsusaka.mie.jp/site/koureisya-wel/houmonnsa-bisu.html"
"79266","https://www.city.kyoto.lg.jp/tokei/page/0000196553.html","https://www.city.kyoto.lg.jp/tokei/page/0000196553.html"
"79267","https://www.city.toyota.aichi.jp/kurashi/koutsu/bus/1035020/1059388.html","https://www.city.toyota.aichi.jp/kurashi/koutsu/bus/1035020/1059388.html"
"79275","https://www.city.moriyama.lg.jp/furusatonouzei/1005609.html","https://www.city.moriyama.lg.jp/furusatonouzei/1005609.html"
"79286","https://www.city.hiroshima.lg.jp/uploaded/attachment/241860.pdf","https://www.city.hiroshima.lg.jp/soshiki/121/388540.html | https://www.city.hiroshima.lg.jp/uploaded/attachment/241860.pdf"
"79276","https://www.city.kyoto.lg.jp/bunshi/page/0000125300.html","https://www.city.kyoto.lg.jp/bunshi/page/0000125300.html"
"79292","https://www.city.hiroshima.lg.jp/uploaded/attachment/241852.pdf","https://www.city.hiroshima.lg.jp/soshiki/121/388458.html | https://www.city.hiroshima.lg.jp/uploaded/attachment/241852.pdf"
"79295","https://www.pref.yamanashi.jp/shinrin-sb/ikusei/hojokin-sisyutu.html","https://www.pref.yamanashi.jp/shinrin-sb/ikusei/hojokin-sisyutu.html"
"79294","https://www.town.aichi-mihama.lg.jp/docs/2024061300013/","https://www.town.aichi-mihama.lg.jp/docs/2024061300013/"
"79329","https://www.town.misasa.tottori.jp/315/319/327/1962/32654.html","https://www.town.misasa.tottori.jp/315/319/327/1962/32654.html"
"79357","https://www.city.tendo.yamagata.jp/busiindust/sangyo/tenant_boshu.html#%E4%B8%AD%E5%BF%83%E5%B8%82%E8%A1%97%E5%9C%B0%E5%95%86%E5%BA%97%E8%A1%97%E7%AD%89%E3%81%AB%E3%81%8E%E3%82%8F%E3%81%84%E5%89%B5%E9%80%A0%E6%94%AF%E6%8F%B4%E4%BA%8B%E6%A5%AD%E8%B2%BB%E8%A3%9C%E5%8A%A9%E9%87%91%E3%81%AB%E3%81%A4%E3%81%84%E3%81%A6","https://www.city.tendo.yamagata.jp/busiindust/sangyo/tenant_boshu.html#%E4%B8%AD%E5%BF%83%E5%B8%82%E8%A1%97%E5%9C%B0%E5%95%86%E5%BA%97%E8%A1%97%E7%AD%89%E3%81%AB%E3%81%8E%E3%82%8F%E3%81%84%E5%89%B5%E9%80%A0%E6%94%AF%E6%8F%B4%E4%BA%8B%E6%A5%AD%E8%B2%BB%E8%A3%9C%E5%8A%A9%E9%87%91%E3%81%AB%E3%81%A4%E3%81%84%E3%81%A6"
"79351","https://www.city.fukushima-date.lg.jp/soshiki/20/9863.html","https://www.city.fukushima-date.lg.jp/soshiki/20/9863.html"
"79358","https://www.city.miyazaki.miyazaki.jp/city/election/propulsion/383502.html","https://www.city.miyazaki.miyazaki.jp/city/election/propulsion/383502.html"
"79404","https://www.city.sakuragawa.lg.jp/kankou_bunka_sports/news_bunka/page009242.html","https://www.city.sakuragawa.lg.jp/kankou_bunka_sports/news_bunka/page009242.html"
"79390","https://www.town.shirataka.lg.jp/1897.htm","https://www.town.shirataka.lg.jp/1897.htm"
"79430","https://www.town.sannohe.aomori.jp/material/files/group/4/chirasshi-dousoukaiR6.pdf","https://www.town.sannohe.aomori.jp/oshirase/4919.html | https://www.town.sannohe.aomori.jp/material/files/group/4/chirasshi-dousoukaiR6.pdf"
"79445","https://www.pref.ishikawa.lg.jp/muse/documents/r6kigyouchirashi.pdf","https://www.pref.ishikawa.lg.jp/muse/kigyou_koubo.html | https://www.pref.ishikawa.lg.jp/muse/documents/r6kigyouchirashi.pdf"
"79431","https://www.town.setana.lg.jp/industry/syoukou/post_1848.html","https://www.town.setana.lg.jp/industry/syoukou/post_1848.html"
"79458","https://kimotsuki-town.jp/soshiki/juminka/2/3/5875.html","https://kimotsuki-town.jp/soshiki/juminka/2/3/5875.html"
"79472","http://www.town.takahama.fukui.jp/page/jyuminseikatu/p008002.html","http://www.town.takahama.fukui.jp/page/jyuminseikatu/p008002.html"
"79456","https://www.city.kagoshima.lg.jp/kikakuzaisei/kikaku/kotuseisaku/chiikishutahi.html","https://www.city.kagoshima.lg.jp/kikakuzaisei/kikaku/kotuseisaku/chiikishutahi.html"
"79497","https://www.pref.nagano.lg.jp/rinsei/sangyo/ringyo/shisaku/shinrinzei/shienjigyo.html","https://www.pref.nagano.lg.jp/rinsei/sangyo/ringyo/shisaku/shinrinzei/shienjigyo.html"
"79519","https://www.city.gujo.gifu.jp/admin/info/post-1955.html","https://www.city.gujo.gifu.jp/admin/info/post-1955.html"
"79539","https://www.town.tone.ibaraki.jp/page/page005992.html","https://www.town.tone.ibaraki.jp/page/page005992.html"
"79559","https://town.onjuku.chiba.jp/content/files/sangyoukankouka/HPsakusei.pdf","https://town.onjuku.chiba.jp/sub5/1/teijuukaichiran/teijuuka/3.html | https://town.onjuku.chiba.jp/content/files/sangyoukankouka/HPsakusei.pdf"
"79561","https://www.pref.niigata.lg.jp/uploaded/attachment/411451.pdf","https://www.pref.niigata.lg.jp/sec/kourei/career-keisei.html | https://www.pref.niigata.lg.jp/uploaded/attachment/411451.pdf"
"79562","https://www.city.kyoto.lg.jp/hokenfukushi/page/0000319966.html","https://www.city.kyoto.lg.jp/hokenfukushi/page/0000319966.html"
"79571","https://www.city.uwajima.ehime.jp/soshiki/15/fu-dodoraibuhojyo.html","https://www.city.uwajima.ehime.jp/soshiki/15/fu-dodoraibuhojyo.html"
"79567","https://www.city.ibaraki.osaka.jp/material/files/group/42/hojochirashi.pdf","https://www.city.ibaraki.osaka.jp/hojokin_joseikin/kurashi/sumai_koen/64954.html | https://www.city.ibaraki.osaka.jp/material/files/group/42/hojochirashi.pdf"
"79576","https://www.city.kyoto.lg.jp/hokenfukushi/page/0000217597.html","https://www.city.kyoto.lg.jp/hokenfukushi/page/0000217597.html"
"79585","https://www.town.fujikawaguchiko.lg.jp/ka/info.php?if_id=316","https://www.town.fujikawaguchiko.lg.jp/ka/info.php?if_id=316"
"79578","https://www.city.okayama.jp/kurashi/0000016457.html","https://www.city.okayama.jp/kurashi/0000016457.html"
"79591","https://www.city.suzu.lg.jp/soshiki/7/16267.html","https://www.city.suzu.lg.jp/soshiki/7/16267.html"
"79592","https://www.city.suzu.lg.jp/uploaded/attachment/6925.pdf","https://www.city.suzu.lg.jp/soshiki/7/16384.html | https://www.city.suzu.lg.jp/uploaded/attachment/6925.pdf"
"79599","https://www.city.kaizu.lg.jp/shisei/cmsfiles/contents/0000003/3241/overview.pdf","https://www.city.kaizu.lg.jp/shisei/0000003241.html | https://www.city.kaizu.lg.jp/shisei/cmsfiles/contents/0000003/3241/overview.pdf"
"79600","https://www.city.uto.lg.jp/article/view/1075/9671.html","https://www.city.uto.lg.jp/article/view/1075/9671.html"
"79602","https://www.town.aizumisato.fukushima.jp/soshiki/1004/4/4/1/255.html","https://www.town.aizumisato.fukushima.jp/soshiki/1004/4/4/1/255.html"
"79607","https://www.town.aizumisato.fukushima.jp/soshiki/1004/4/4/1/255.html","https://www.town.aizumisato.fukushima.jp/soshiki/1004/4/4/1/255.html"
"79608","https://www.town.aizumisato.fukushima.jp/soshiki/1004/4/4/1/255.html","https://www.town.aizumisato.fukushima.jp/soshiki/1004/4/4/1/255.html"
"79610","https://www.town.aizumisato.fukushima.jp/soshiki/1004/4/4/1/255.html","https://www.town.aizumisato.fukushima.jp/soshiki/1004/4/4/1/255.html"
"79619","https://www.tsuruga-port.co.jp/aid.php","https://www.tsuruga-port.co.jp/aid.php"
"79620","https://www.city.nagareyama.chiba.jp/life/1002263/1002338/1043984/1047111.html","https://www.city.nagareyama.chiba.jp/life/1002263/1002338/1043984/1047111.html"
"79622","https://www.tsuruga-port.co.jp/aid.php","https://www.tsuruga-port.co.jp/aid.php"
"79628","https://www.city.hiroshima.lg.jp/soshiki/42/11368.html","https://www.city.hiroshima.lg.jp/soshiki/42/11368.html"
"79630","https://www.city.hiroshima.lg.jp/site/syougaijiritsu02/18745.html","https://www.city.hiroshima.lg.jp/site/syougaijiritsu02/18745.html"
"79631","https://www.city.gero.lg.jp/soshiki/11/23566.html","https://www.city.gero.lg.jp/soshiki/11/23566.html"
"79632","https://www.city.gero.lg.jp/soshiki/11/23566.html","https://www.city.gero.lg.jp/soshiki/11/23566.html"
"79636","https://www.city.sosa.lg.jp/page/page004788.html","https://www.city.sosa.lg.jp/page/page004788.html"
"79638","https://www.ouj.ac.jp/","https://www.ouj.ac.jp/ | https://www.city.chiba.jp/keizainosei/keizai/koyosuishin/chushokigyo-jinzaiikusei-hojokin.html"
"79644","https://www.city.okayama.jp/kankou/0000016647.html","https://www.city.okayama.jp/kankou/0000016647.html"
"79649","https://www.inacity.jp/sangyo_noringyo/kogyoshinko/hojoshiensemina-/shoeneshindan.files/shindanhojo_chirashiR6.pdf","https://www.inacity.jp/sangyo_noringyo/kogyoshinko/hojoshiensemina-/shoeneshindan.html | https://www.inacity.jp/sangyo_noringyo/kogyoshinko/hojoshiensemina-/shoeneshindan.files/shindanhojo_chirashiR6.pdf"
"79658","https://www.city.ogaki.lg.jp/cmsfiles/contents/0000001/1483/01_R06annai.pdf","https://www.city.ogaki.lg.jp/0000001483.html | https://www.city.ogaki.lg.jp/cmsfiles/contents/0000001/1483/01_R06annai.pdf"
"79660","https://www.city.niigata.lg.jp/kosodate/ngt-chiikiiko/hojokin.files/chirashi.pdf","https://www.city.niigata.lg.jp/kosodate/ngt-chiikiiko/hojokin.html | https://www.city.niigata.lg.jp/kosodate/ngt-chiikiiko/hojokin.files/chirashi.pdf"
"79662","https://www.town.gifu-ikeda.lg.jp/0000002881.html","https://www.town.gifu-ikeda.lg.jp/0000002881.html"
"79667","https://www.city.saku.nagano.jp/machizukuri/shokogyo/josei_seido/akitenposeidoosirase.files/akitennpohozyokinn.pdf","https://www.city.saku.nagano.jp/machizukuri/shokogyo/josei_seido/akitenposeidoosirase.html | https://www.city.saku.nagano.jp/machizukuri/shokogyo/josei_seido/akitenposeidoosirase.files/akitennpohozyokinn.pdf"
"79668","https://www.city.niigata.lg.jp/kurashi/shimin/koeki_index/tiikikatudouhojyo.html","https://www.city.niigata.lg.jp/kurashi/shimin/koeki_index/tiikikatudouhojyo.html"
"79671","https://www.town.yamanouchi.nagano.jp/material/files/group/1/challenge_flyer.pdf","https://www.town.yamanouchi.nagano.jp/soshiki/chiikisozo/gyomu/sangyo_shinko/kigyo_sogyo/437.html | https://www.town.yamanouchi.nagano.jp/material/files/group/1/challenge_flyer.pdf"
"79674","https://www.city.niigata.lg.jp/business/norinsuisan/nouringyo/rongyo/nosei2020091711024.html","https://www.city.niigata.lg.jp/business/norinsuisan/nouringyo/rongyo/nosei2020091711024.html"
"79673","https://www.city.niigata.lg.jp/kurashi/shimin/community/jichichonaikai/hojyoseido/bohandenki.html","https://www.city.niigata.lg.jp/kurashi/shimin/community/jichichonaikai/hojyoseido/bohandenki.html"
"79672","https://nisshokushibatazaidan.or.jp/assistance/","https://nisshokushibatazaidan.or.jp/assistance/"
"79675","https://www.city.niigata.lg.jp/kurashi/shimin/community/jichichonaikai/hojyoseido/kensetsu.html","https://www.city.niigata.lg.jp/kurashi/shimin/community/jichichonaikai/hojyoseido/kensetsu.html"
"79677","https://www.city.okayama.jp/jigyosha/0000016962.html","https://www.city.okayama.jp/jigyosha/0000016962.html"
"79678","https://www.city.niigata.lg.jp/kurashi/shimin/koeki_index/setsubiseibihojyo.html","https://www.city.niigata.lg.jp/kurashi/shimin/koeki_index/setsubiseibihojyo.html"
"79679","https://www.fisc.jp/foundation/s_challenge/","https://www.fisc.jp/foundation/s_challenge/"
"79682","https://www.city.niigata.lg.jp/kurashi/shimin/community/chiikicom_kyogikai/komikyoshien/thiikiryoku_up/chiikiryokuhojyokin.html","https://www.city.niigata.lg.jp/kurashi/shimin/community/chiikicom_kyogikai/komikyoshien/thiikiryoku_up/chiikiryokuhojyokin.html"
"79683","https://www.city.okayama.jp/kankou/0000004620.html","https://www.city.okayama.jp/kankou/0000004620.html"
"79685","https://www.city.sendai.jp/noshoku/kurashi/shizen/norinsuisan/noushoku/documents/6jisangyouka_chirashi.pdf","https://www.city.sendai.jp/noshoku/kurashi/shizen/norinsuisan/noushoku/rokujika.html | https://www.city.sendai.jp/noshoku/kurashi/shizen/norinsuisan/noushoku/documents/6jisangyouka_chirashi.pdf"
"79689","https://www.town.yuzawa.lg.jp/soshikikarasagasu/kikkakusangyoukankoubu/kikakukankouka/5/6/614.html","https://www.town.yuzawa.lg.jp/soshikikarasagasu/kikkakusangyoukankoubu/kikakukankouka/5/6/614.html"
"79686","https://www.city.nanto.toyama.jp/cms-sypher/www/service/detail.jsp?id=26362","https://www.city.nanto.toyama.jp/cms-sypher/www/service/detail.jsp?id=26362"
"79690","https://www.city.sendai.jp/kikakushien/bendarjyoseikinn.html","https://www.city.sendai.jp/kikakushien/bendarjyoseikinn.html"
"79703","https://www.city.sendai.jp/miyagino-shinko/miyaginoku/machizukuri/annai/hojo.html#ikuseisyoureikin:~:text=2111%EF%BC%88%E5%86%85%E7%B7%9A6134%EF%BC%89-,%E5%B1%8B%E5%A4%96%E6%8E%B2%E7%A4%BA%E6%9D%BF%E8%A8%AD%E7%BD%AE%E8%A3%9C%E5%8A%A9%E9%87%91,-%E5%9C%B0%E5%9F%9F%E4%BD%8F%E6%B0%91%E7%9B%B8%E4%BA%92","https://www.city.sendai.jp/miyagino-shinko/miyaginoku/machizukuri/annai/hojo.html#ikuseisyoureikin:~:text=2111%EF%BC%88%E5%86%85%E7%B7%9A6134%EF%BC%89-,%E5%B1%8B%E5%A4%96%E6%8E%B2%E7%A4%BA%E6%9D%BF%E8%A8%AD%E7%BD%AE%E8%A3%9C%E5%8A%A9%E9%87%91,-%E5%9C%B0%E5%9F%9F%E4%BD%8F%E6%B0%91%E7%9B%B8%E4%BA%92"
"79696","https://www.city.sendai.jp/izumi-shinko/izumiku/machizukuri/sonohoka/kougaizyosei.html","https://www.city.sendai.jp/izumi-shinko/izumiku/machizukuri/sonohoka/kougaizyosei.html"
"79708","https://www.city.nirasaki.lg.jp/soshikiichiran/shoukoukankouka/shokoroseitanto/7/1670.html","https://www.city.nirasaki.lg.jp/soshikiichiran/shoukoukankouka/shokoroseitanto/7/1670.html"
"79713","https://www.city.izumo.shimane.jp/www/contents/1686623216569/files/chirashi2024_2.pdf","https://www.city.izumo.shimane.jp/www/contents/1686623216569/index.html | https://www.city.izumo.shimane.jp/www/contents/1686623216569/files/chirashi2024_2.pdf"
"79705","https://www.city.sendai.jp/miyagino-shinko/miyaginoku/machizukuri/annai/documents/kouhunonagare.pdf","https://www.city.sendai.jp/miyagino-shinko/miyaginoku/machizukuri/annai/hojo.html#ikuseisyoureikin:~:text=2111%EF%BC%88%E5%86%85%E7%B7%9A6133%EF%BC%89-,%E5%9C%B0%E5%8C%BA%E9%9B%86%E4%BC%9A%E6%89%80%E5%BB%BA%E8%A8%AD%E7%AD%89%E8%A3%9C%E5%8A%A9%E9%87%91%E5%8F%8A%E3%81%B3%E5%9C%B0%E5%8C%BA%E9%9B%86%E4%BC%9A%E6%89%80%E5%80%9F%E4%B8%8A%E8%A3%9C%E5%8A%A9%E9%87%91 | https://www.city.sendai.jp/miyagino-shinko/miyaginoku/machizukuri/annai/documents/kouhunonagare.pdf"
"79742","https://www.city.hamamatsu.shizuoka.jp/sangyoshinko/2016122601.html","https://www.city.hamamatsu.shizuoka.jp/sangyoshinko/2016122601.html"
"79744","https://info-navi.city.niigata.lg.jp/navi/procInfo.do?procCode=11088&KeyWord=0&fromAction=7","https://info-navi.city.niigata.lg.jp/navi/procInfo.do?procCode=11088&KeyWord=0&fromAction=7"
"79749","https://www.city.kobe.lg.jp/a62348/camerasyuuzen.html?_ga=2.143257590.210136345.1720143632-2115747159.1709774177&_gl=1*j8lk4a*_ga*MjExNTc0NzE1OS4xNzA5Nzc0MTc3*_ga_EK2FYSQRDR*MTcyMDE0NTQwNy4xLjEuMTcyMDE0NTQwNy42MC4wLjA.","https://www.city.kobe.lg.jp/a62348/camerasyuuzen.html?_ga=2.143257590.210136345.1720143632-2115747159.1709774177&_gl=1*j8lk4a*_ga*MjExNTc0NzE1OS4xNzA5Nzc0MTc3*_ga_EK2FYSQRDR*MTcyMDE0NTQwNy4xLjEuMTcyMDE0NTQwNy42MC4wLjA."
"79751","https://info-navi.city.niigata.lg.jp/navi/procInfo.do?procCode=10076&keyWord=0&fromAction=7","https://info-navi.city.niigata.lg.jp/navi/procInfo.do?procCode=10076&keyWord=0&fromAction=7"
"79752","https://www.city.kosai.shizuoka.jp/material/files/group/23/tirasiakitennpo.pdf","https://www.city.kosai.shizuoka.jp/soshikiichiran/sangyoshinkoka/shokoroseikakari/5/14520.html | https://www.city.kosai.shizuoka.jp/material/files/group/23/tirasiakitennpo.pdf"
"79753","https://info-navi.city.niigata.lg.jp/navi/procInfo.do?procCode=10080&keyWord=0&fromAction=7","https://info-navi.city.niigata.lg.jp/navi/procInfo.do?procCode=10080&keyWord=0&fromAction=7"
"79757","https://www.city.kobe.lg.jp/a30028/shise/kekaku/jutakutoshikyoku/scene/90_support/40_chinryouhojo.html","https://www.city.kobe.lg.jp/a30028/shise/kekaku/jutakutoshikyoku/scene/90_support/40_chinryouhojo.html"
"79758","https://www.city.kosai.shizuoka.jp/material/files/group/23/craudofanndexinngu.pdf","https://www.city.kosai.shizuoka.jp/soshikiichiran/sangyoshinkoka/shokoroseikakari/5/11343.html | https://www.city.kosai.shizuoka.jp/material/files/group/23/craudofanndexinngu.pdf"
"79755","https://www.city.kobe.lg.jp/a97737/shise/kekaku/universal/newbarrierfree/lowfloorbus.html","https://www.city.kobe.lg.jp/a97737/shise/kekaku/universal/newbarrierfree/lowfloorbus.html"
"79761","https://www.city.sakai.lg.jp/shisei/sonota/jyorei/youkou/shimin/070220-33-1.html","https://www.city.sakai.lg.jp/shisei/sonota/jyorei/youkou/shimin/070220-33-1.html"
"79765","https://www.city.sakai.lg.jp/shisei/sonota/jyorei/youkou/kousei/110710-36-1.html","https://www.city.sakai.lg.jp/shisei/sonota/jyorei/youkou/kousei/110710-36-1.html"
"79763","https://www.city.sakai.lg.jp/shisei/sonota/jyorei/youkou/sangyou/150210-12-1.html","https://www.city.sakai.lg.jp/shisei/sonota/jyorei/youkou/sangyou/150210-12-1.html"
"79771","https://www.town.tochigi-haga.lg.jp/kurashi/shigoto/nougyou/kanjukutaihi.html","https://www.town.tochigi-haga.lg.jp/kurashi/shigoto/nougyou/kanjukutaihi.html"
"79772","https://www.vill.nagano-toyooka.lg.jp/09sumai/2024-0611-1057-7.html","https://www.vill.nagano-toyooka.lg.jp/09sumai/2024-0611-1057-7.html"
"79774","https://www.city.namerikawa.toyama.jp/material/files/group/42/sinryoujyo.pdf","https://www.city.namerikawa.toyama.jp/soshiki/iryouhoken/2/1/8866.html | https://www.city.namerikawa.toyama.jp/material/files/group/42/sinryoujyo.pdf"
"79777","https://www.city.sakai.lg.jp/shisei/sonota/jyorei/youkou/kousei/110830-18-1.html","https://www.city.sakai.lg.jp/shisei/sonota/jyorei/youkou/kousei/110830-18-1.html"
"79781","https://www.city.sakai.lg.jp/kurashi/chiiki/npo/shienkikin/hojokinkofu.html","https://www.city.sakai.lg.jp/kurashi/chiiki/npo/shienkikin/hojokinkofu.html"
"79779","https://www.city.sakai.lg.jp/shisei/sonota/jyorei/youkou/kyouiku/380910-2-1.html","https://www.city.sakai.lg.jp/shisei/sonota/jyorei/youkou/kyouiku/380910-2-1.html"
"79782","https://www.city.kobe.lg.jp/a92551/shise/kekaku/kenchikujutakukyoku/asubesuto/index.html","https://www.city.kobe.lg.jp/a92551/shise/kekaku/kenchikujutakukyoku/asubesuto/index.html"
"79788","https://www.haruyama.co.jp/zaidan/assistance.php","https://www.haruyama.co.jp/zaidan/assistance.php"
"79789","https://www.city.inuyama.aichi.jp/_res/projects/default_project/_page_/001/010/682/sougyouchirashi0410.pdf","https://www.city.inuyama.aichi.jp/jigyo/kougyou/1010682.html | https://www.city.inuyama.aichi.jp/_res/projects/default_project/_page_/001/010/682/sougyouchirashi0410.pdf"
"79790","https://www.city.kobe.lg.jp/a97737/shise/kekaku/universal/newbarrierfree/elevator_assistance.html","https://www.city.kobe.lg.jp/a97737/shise/kekaku/universal/newbarrierfree/elevator_assistance.html"
"79791","https://www.city.niigata.lg.jp/kurashi/doro/road/doroizikanri/jyosetsu/dorojosetsu-hojo/hodoujosetsudantai.files/R5osirase-2.pdf","https://www.city.niigata.lg.jp/kurashi/doro/road/doroizikanri/jyosetsu/dorojosetsu-hojo/hodoujosetsudantai.html | https://www.city.niigata.lg.jp/kurashi/doro/road/doroizikanri/jyosetsu/dorojosetsu-hojo/hodoujosetsudantai.files/R5osirase-2.pdf"
"79792","https://www.city.niigata.lg.jp/kurashi/doro/road/doroizikanri/jyosetsu/dorojosetsu-hojo/hodoujosetsukikai.files/230418_gaiyou.pdf","https://www.city.niigata.lg.jp/kurashi/doro/road/doroizikanri/jyosetsu/dorojosetsu-hojo/hodoujosetsukikai.html | https://www.city.niigata.lg.jp/kurashi/doro/road/doroizikanri/jyosetsu/dorojosetsu-hojo/hodoujosetsukikai.files/230418_gaiyou.pdf"
"79806","https://www.city.sukumo.kochi.jp/fs/7/0/1/7/2/_/______.pdf","https://www.city.sukumo.kochi.jp/docs-14/38337.html | https://www.city.sukumo.kochi.jp/fs/7/0/1/7/2/_/______.pdf"
"79800","https://www.city.kobe.lg.jp/a31423/shise/kekaku/kenchikujutakukyoku/policy/taishinkasokushin/chukibo.html","https://www.city.kobe.lg.jp/a31423/shise/kekaku/kenchikujutakukyoku/policy/taishinkasokushin/chukibo.html"
"79807","https://www.city.oyabe.toyama.jp/_res/projects/default_project/_page_/001/006/516/smart.pr.pdf","https://www.city.oyabe.toyama.jp/sangyobusiness/1002748/1006516.html | https://www.city.oyabe.toyama.jp/_res/projects/default_project/_page_/001/006/516/smart.pr.pdf"
"79831","https://www.city.uonuma.lg.jp/site/shigoto-net/1012222.html","https://www.city.uonuma.lg.jp/site/shigoto-net/1012222.html"
"79834","https://www.city.uonuma.lg.jp/site/shigoto-net/1012182.html","https://www.city.uonuma.lg.jp/site/shigoto-net/1012182.html"
"79830","https://www.city.uonuma.lg.jp/site/shigoto-net/1012184.html","https://www.city.uonuma.lg.jp/site/shigoto-net/1012184.html"
"79840","https://www.city.nagahama.lg.jp/0000008121.html","https://www.city.nagahama.lg.jp/0000008121.html"
"79836","https://www.city.uonuma.lg.jp/site/shigoto-net/1012240.html","https://www.city.uonuma.lg.jp/site/shigoto-net/1012240.html"
"79847","https://www.city.nayoro.lg.jp/section/chiikikadai/prkeql000003m5sy.html","https://www.city.nayoro.lg.jp/section/chiikikadai/prkeql000003m5sy.html"
"79863","https://www.pref.iwate.jp/sangyoukoyou/nougyou/seisan/1071317.html","https://www.pref.iwate.jp/sangyoukoyou/nougyou/seisan/1071317.html"
"79849","https://www.vill.tamakawa.fukushima.jp/guide/region/003854.html","https://www.vill.tamakawa.fukushima.jp/guide/region/003854.html"
"79853","https://www.pref.fukui.lg.jp/doc/kouwan/tsuruga/modalshift.html","https://www.pref.fukui.lg.jp/doc/kouwan/tsuruga/modalshift.html"
"79864","https://www.city.asago.hyogo.jp/uploaded/attachment/10977.pdf","https://www.city.asago.hyogo.jp/soshiki/25/1244.html | https://www.city.asago.hyogo.jp/uploaded/attachment/10977.pdf"
"79878","https://www.city.uonuma.lg.jp/site/shigoto-net/1011622.html","https://www.city.uonuma.lg.jp/site/shigoto-net/1011622.html"
"79874","https://www.pref.yamanashi.jp/documents/116454/suidenkentangaiyou.pdf","https://www.pref.yamanashi.jp/shoku-ks/suiden-kentan.html | https://www.pref.yamanashi.jp/documents/116454/suidenkentangaiyou.pdf"
"79887","https://www.pref.niigata.lg.jp/uploaded/attachment/268580.pdf","https://www.pref.niigata.lg.jp/sec/chiikiseisaku/1356922446165.html | https://www.pref.niigata.lg.jp/uploaded/attachment/268580.pdf"
"79894","https://www.city.izumiotsu.lg.jp/kakuka/seisaku/tiikikeizaika/syoukou/sougyou/13290.html","https://www.city.izumiotsu.lg.jp/kakuka/seisaku/tiikikeizaika/syoukou/sougyou/13290.html"
"79888","https://www.city.kobe.lg.jp/a31423/shise/kekaku/kenchikujutakukyoku/policy/taishinkasokushin/yokinkyuanzen.html#%E7%A5%9E%E6%88%B8%E5%B8%82%E8%A6%81%E7%B7%8A%E6%80%A5%E5%AE%89%E5%85%A8%E7%A2%BA%E8%AA%8D%E5%A4%A7%E8%A6%8F%E6%A8%A1%E5%BB%BA%E7%AF%89%E7%89%A9%E8%80%90%E9%9C%87%E5%8C%96%E5%8A%A9%E6%88%90%E4%BA%8B%E6%A5%AD%EF%BC%88%E5%B8%82%E3%81%AE%E8%A3%9C%E5%8A%A9%E5%88%B6%E5%BA%A6%EF%BC%89","https://www.city.kobe.lg.jp/a31423/shise/kekaku/kenchikujutakukyoku/policy/taishinkasokushin/yokinkyuanzen.html#%E7%A5%9E%E6%88%B8%E5%B8%82%E8%A6%81%E7%B7%8A%E6%80%A5%E5%AE%89%E5%85%A8%E7%A2%BA%E8%AA%8D%E5%A4%A7%E8%A6%8F%E6%A8%A1%E5%BB%BA%E7%AF%89%E7%89%A9%E8%80%90%E9%9C%87%E5%8C%96%E5%8A%A9%E6%88%90%E4%BA%8B%E6%A5%AD%EF%BC%88%E5%B8%82%E3%81%AE%E8%A3%9C%E5%8A%A9%E5%88%B6%E5%BA%A6%EF%BC%89"
"79900","https://www.city.seiyo.ehime.jp/kakuka/sangyo_kensetsu/ringyo/7835.html","https://www.city.seiyo.ehime.jp/kakuka/sangyo_kensetsu/ringyo/7835.html"
"79896","https://www.city.izumiotsu.lg.jp/kakuka/seisaku/tiikikeizaika/osirase/11867.html","https://www.city.izumiotsu.lg.jp/kakuka/seisaku/tiikikeizaika/osirase/11867.html"
"79919","https://www.city.chita.lg.jp/docs/2013121600347/","https://www.city.chita.lg.jp/docs/2013121600347/"
"79922","https://www.city.chita.lg.jp/docs/2013121600163/","https://www.city.chita.lg.jp/docs/2013121600163/"
"79925","https://www.city.saitama.lg.jp/003/001/015/006/001/p045968.html","https://www.city.saitama.lg.jp/003/001/015/006/001/p045968.html"
"79923","https://www.city.saitama.lg.jp/chuo/001/002/002/p094158.html","https://www.city.saitama.lg.jp/chuo/001/002/002/p094158.html"
"79932","https://www.city.saitama.lg.jp/kita/001/002/008/p003556.html","https://www.city.saitama.lg.jp/kita/001/002/008/p003556.html"
"79933","https://www.town.murata.miyagi.jp/cyosei/hurusato/hojyokin/index.html","https://www.town.murata.miyagi.jp/cyosei/hurusato/hojyokin/index.html"
"79940","https://mombetsu.jp/news/detail.html?content=1437","https://mombetsu.jp/news/detail.html?content=1437"
"79953","https://www.city.sapporo.jp/shogaifukushi/jiritsushien/jyuushinshienjigyou.html","https://www.city.sapporo.jp/shogaifukushi/jiritsushien/jyuushinshienjigyou.html"
"79957","https://www.city.sapporo.jp/shogaifukushi/jiritsushien/1-13_jyuusyousinnsinnsyougaisya_ukeiresokusinnjigyou.html","https://www.city.sapporo.jp/shogaifukushi/jiritsushien/1-13_jyuusyousinnsinnsyougaisya_ukeiresokusinnjigyou.html"
"79959","https://www.city.kobe.lg.jp/a80014/307084380428.html","https://www.city.kobe.lg.jp/a80014/307084380428.html"
"79960","https://www.nvcb.or.jp/ncn/2-1","https://www.nvcb.or.jp/ncn/2-1"
"79964","https://www.syakyo-niigatacity.or.jp/organization/exchangeassist","https://www.syakyo-niigatacity.or.jp/organization/exchangeassist"
"79977","https://www.city.chita.lg.jp/docs/2016050600013/","https://www.city.chita.lg.jp/docs/2016050600013/"
"79978","https://www.city.yamatokoriyama.lg.jp/material/files/group/19/jigyousyoukeiouenkyuuhukintirasi.pdf","https://www.city.yamatokoriyama.lg.jp/soshiki/chiikishinkoka/sangyo/8/13854.html | https://www.city.yamatokoriyama.lg.jp/material/files/group/19/jigyousyoukeiouenkyuuhukintirasi.pdf"
"79993","https://www.city.fuchu.hiroshima.jp/material/files/group/15/matinakasiennseidoR0319.pdf","https://www.city.fuchu.hiroshima.jp/jigyosha/shoreikin/2582.html | https://www.city.fuchu.hiroshima.jp/material/files/group/15/matinakasiennseidoR0319.pdf"
"79990","https://www.city.fuchu.hiroshima.jp/jigyosha/shoreikin/8370.html","https://www.city.fuchu.hiroshima.jp/jigyosha/shoreikin/8370.html"
"80000","https://www.city.chita.lg.jp/docs/2021061800024/","https://www.city.chita.lg.jp/docs/2021061800024/"
"80030","https://www.vill.yomitan.okinawa.jp/gyosei_joho/joseikin/3685.html","https://www.vill.yomitan.okinawa.jp/gyosei_joho/joseikin/3685.html"
"80029","https://www.city.yamato.lg.jp/gyosei/shigoto_sangyo_machizukuri/toshikeikaku_machizukuri/10821.html","https://www.city.yamato.lg.jp/gyosei/shigoto_sangyo_machizukuri/toshikeikaku_machizukuri/10821.html"
"80031","https://www.city.hashima.lg.jp/2135.html","https://www.city.hashima.lg.jp/2135.html"
"80050","https://www.town.yamanouchi.nagano.jp/shigoto_sangyo/sangyo_shinko/1172.html","https://www.town.yamanouchi.nagano.jp/shigoto_sangyo/sangyo_shinko/1172.html"
"80051","https://www.town.yamanouchi.nagano.jp/shigoto_sangyo/sangyo_shinko/1172.html","https://www.town.yamanouchi.nagano.jp/shigoto_sangyo/sangyo_shinko/1172.html"
"80054","https://www.town.yamanouchi.nagano.jp/kanko_bunka_sports/eco_park/1166.html","https://www.town.yamanouchi.nagano.jp/kanko_bunka_sports/eco_park/1166.html"
"80056","http://www.town.ichikai.tochigi.jp/info/1661","http://www.town.ichikai.tochigi.jp/info/1661"
"80057","https://www.town.yamanouchi.nagano.jp/soshiki/kankoshoko/gyomu/sangyo_shinko/kigyo_shien/403.html","https://www.town.yamanouchi.nagano.jp/soshiki/kankoshoko/gyomu/sangyo_shinko/kigyo_shien/403.html"
"80059","http://www.town.ichikai.tochigi.jp/info/1660","http://www.town.ichikai.tochigi.jp/info/1660"
"80062","https://www.town.yamanouchi.nagano.jp/shigoto_sangyo/sangyo_shinko/1172.html","https://www.town.yamanouchi.nagano.jp/shigoto_sangyo/sangyo_shinko/1172.html"
"80061","http://www.town.ichikai.tochigi.jp/info/1662","http://www.town.ichikai.tochigi.jp/info/1662"
"80077","https://www.city.zentsuji.kagawa.jp/soshiki/24/akitenpo4.html","https://www.city.zentsuji.kagawa.jp/soshiki/24/akitenpo4.html"
"80074","https://www.pref.chiba.lg.jp/bousaik/press/2024/korituhojokin.html","https://www.pref.chiba.lg.jp/bousaik/press/2024/korituhojokin.html"
"80080","https://www.city.zentsuji.kagawa.jp/soshiki/24/akitenpo4.html","https://www.city.zentsuji.kagawa.jp/soshiki/24/akitenpo4.html"
"80082","https://www.city.higashimatsuyama.lg.jp/uploaded/attachment/2000.pdf","https://www.city.higashimatsuyama.lg.jp/soshiki/18/1565.html | https://www.city.higashimatsuyama.lg.jp/uploaded/attachment/2000.pdf"
"80081","https://www.city.zentsuji.kagawa.jp/soshiki/24/akitenpo4.html","https://www.city.zentsuji.kagawa.jp/soshiki/24/akitenpo4.html"
"80083","https://www.city.higashimatsuyama.lg.jp/soshiki/18/1571.html","https://www.city.higashimatsuyama.lg.jp/soshiki/18/1571.html"
"80086","https://www.vill.okuwa.lg.jp/sangyo-nyusatsu-business/noringyo/yugaichoju/choujyuhigaiboushi.html","https://www.vill.okuwa.lg.jp/sangyo-nyusatsu-business/noringyo/yugaichoju/choujyuhigaiboushi.html"
"80094","https://www.city.iyo.lg.jp/soumukikaku/machizukuri/chiikiokoshi/kigyoushien.html","https://www.city.iyo.lg.jp/soumukikaku/machizukuri/chiikiokoshi/kigyoushien.html"
"80093","https://www.city.tsuruga.lg.jp/relief-safety/bousaisoshiki_ikusei/cableriyouryou.files/0025_20240709.pdf","https://www.city.tsuruga.lg.jp/relief-safety/bousaisoshiki_ikusei/cableriyouryou.html | https://www.city.tsuruga.lg.jp/relief-safety/bousaisoshiki_ikusei/cableriyouryou.files/0025_20240709.pdf"
"80098","https://www.town.anan.nagano.jp/anan_town/syukka-hojo/","https://www.town.anan.nagano.jp/anan_town/syukka-hojo/"
"80100","https://www.town.shari.hokkaido.jp/kurashinojoho/josei_shienseido/jigyoshamuke/2892.html","https://www.town.shari.hokkaido.jp/kurashinojoho/josei_shienseido/jigyoshamuke/2892.html"
"80101","https://www.town.shari.hokkaido.jp/kurashinojoho/josei_shienseido/jigyoshamuke/2554.html","https://www.town.shari.hokkaido.jp/kurashinojoho/josei_shienseido/jigyoshamuke/2554.html"
"80102","https://www.town.shimizu.hokkaido.jp/section/07/details/post_9.html","https://www.town.shimizu.hokkaido.jp/section/07/details/post_9.html"
"80103","https://www.town.shimizu.hokkaido.jp/living/02/details/post_10.html","https://www.town.shimizu.hokkaido.jp/living/02/details/post_10.html"
"80104","https://www.city.munakata.lg.jp/kiji0037799/index.html","https://www.city.munakata.lg.jp/kiji0037799/index.html"
"80105","https://www.town.shari.hokkaido.jp/soshikikarasagasu/chiikifukushi/kaigohoken/koureisyafukushisabisu/833.html","https://www.town.shari.hokkaido.jp/soshikikarasagasu/chiikifukushi/kaigohoken/koureisyafukushisabisu/833.html"
"80108","https://www.town.ichikai.tochigi.jp/info/1658","https://www.town.ichikai.tochigi.jp/info/1658"
"80106","https://www.town.ichikai.tochigi.jp/info/1657","https://www.town.ichikai.tochigi.jp/info/1657"
"80111","https://www.town.shimizu.hokkaido.jp/living/08/files/6a15478df598b3d17557f76727b02d02.pdf","https://www.town.shimizu.hokkaido.jp/living/08/details/post_13.html | https://www.town.shimizu.hokkaido.jp/living/08/files/6a15478df598b3d17557f76727b02d02.pdf"
"80124","https://www.sarabetsu.jp/shigoto/jyosei_seido/kigyousougyou_jyosei/","https://www.sarabetsu.jp/shigoto/jyosei_seido/kigyousougyou_jyosei/"
"80117","https://www.city.ohtawara.tochigi.jp/docs/2013100300060/","https://www.city.ohtawara.tochigi.jp/docs/2013100300060/"
"80125","https://www.city.hitoyoshi.lg.jp/toppage/kurashi_nav/nav_hojyokin/32686","https://www.city.hitoyoshi.lg.jp/toppage/kurashi_nav/nav_hojyokin/32686"
"80144","https://www.town.ozora.hokkaido.jp/kanko_sangyo_shigoto/sangyoshinko/1/1617.html","https://www.town.ozora.hokkaido.jp/kanko_sangyo_shigoto/sangyoshinko/1/1617.html"
"80140","https://www.city.oyama.tochigi.jp/sangyou-sigoto/sangyosinko/kogyo/page001486.html","https://www.city.oyama.tochigi.jp/sangyou-sigoto/sangyosinko/kogyo/page001486.html"
"80147","https://www.city.oyama.tochigi.jp/sangyou-sigoto/sangyosinko/kogyo/page006182.html","https://www.city.oyama.tochigi.jp/sangyou-sigoto/sangyosinko/kogyo/page006182.html"
"80152","https://www.town.tadotsu.kagawa.jp/material/files/group/10/20180926_1.pdf","https://www.town.tadotsu.kagawa.jp/soshikikarasagasu/sangyoka/shokogyo/sougyou/644.html | https://www.town.tadotsu.kagawa.jp/material/files/group/10/20180926_1.pdf"
"80153","https://www.town.shiraoi.hokkaido.jp/docs/page2020103000026.html?cat=/biz/39/","https://www.town.shiraoi.hokkaido.jp/docs/page2020103000026.html?cat=/biz/39/"
"80157","http://www.city.tarumizu.lg.jp/shokogyo/kurashi/sanngyo/hanro/tenpokaisoukaigyou.html","http://www.city.tarumizu.lg.jp/shokogyo/kurashi/sanngyo/hanro/tenpokaisoukaigyou.html"
"80159","https://www.city.iki.nagasaki.jp/material/files/group/4/R6hojyokinitiran.pdf","https://www.city.iki.nagasaki.jp/soshiki/zaiseika/hojokin/4943.html | https://www.city.iki.nagasaki.jp/material/files/group/4/R6hojyokinitiran.pdf"
"80158","https://www.city.iki.nagasaki.jp/material/files/group/4/R6hojyokinitiran.pdf","https://www.city.iki.nagasaki.jp/soshiki/zaiseika/hojokin/4943.html | https://www.city.iki.nagasaki.jp/material/files/group/4/R6hojyokinitiran.pdf"
"80167","https://www.city.iki.nagasaki.jp/material/files/group/4/R6hojyokinitiran.pdf","https://www.city.iki.nagasaki.jp/soshiki/zaiseika/hojokin/4943.html | https://www.city.iki.nagasaki.jp/material/files/group/4/R6hojyokinitiran.pdf"
"80162","https://www.town.oumu.hokkaido.jp/soshiki/sangyoshinkoka/nogyo/3408.html","https://www.town.oumu.hokkaido.jp/soshiki/sangyoshinkoka/nogyo/3408.html"
"80164","https://www.city.iki.nagasaki.jp/material/files/group/4/R6hojyokinitiran.pdf","https://www.city.iki.nagasaki.jp/soshiki/zaiseika/hojokin/4943.html | https://www.city.iki.nagasaki.jp/material/files/group/4/R6hojyokinitiran.pdf"
"80170","https://www.city.iki.nagasaki.jp/material/files/group/4/R6hojyokinitiran.pdf","https://www.city.iki.nagasaki.jp/soshiki/zaiseika/hojokin/4943.html | https://www.city.iki.nagasaki.jp/material/files/group/4/R6hojyokinitiran.pdf"