policy_id,primary_url,all_urls
"36402","https://www.city.hamada.shimane.jp/www/contents/1657694703086/simple/pdf-chirashi.pdf","https://www.city.hamada.shimane.jp/www/contents/1657694703086/index.html | https://www.city.hamada.shimane.jp/www/contents/1657694703086/simple/pdf-chirashi.pdf"
"36473","https://www.city.toyota.aichi.jp/_res/projects/default_project/_page_/001/002/726/r0301/05.pdf","https://www.city.toyota.aichi.jp/_res/projects/default_project/_page_/001/002/726/r0301/05.pdf | https://www.city.toyota.aichi.jp/cgi-bin/contacts/kc03"
"36488","http://www.city.tendo.yamagata.jp/busiindust/nourin/syuunyuuhokenn_hojokin.html","http://www.city.tendo.yamagata.jp/busiindust/nourin/syuunyuuhokenn_hojokin.html"
"36501","https://www.city.asahikawa.hokkaido.jp/kurashi/329/338/342/d075040_d/fil/uneihi.pdf","https://www.city.asahikawa.hokkaido.jp/kurashi/329/338/342/d075040.html | https://www.city.asahikawa.hokkaido.jp/kurashi/329/338/342/d075040_d/fil/uneihi.pdf"
"36494","https://www.city.asahikawa.hokkaido.jp/kurashi/329/338/342/d053646_d/fil/hakenhi_yoko.pdf","https://www.city.asahikawa.hokkaido.jp/kurashi/329/338/342/d053646.html | https://www.city.asahikawa.hokkaido.jp/kurashi/329/338/342/d053646_d/fil/hakenhi_yoko.pdf"
"36556","https://www.city.futtsu.lg.jp/0000007115.html","https://www.city.futtsu.lg.jp/0000007115.html"
"36572","https://www.city.adachi.tokyo.jp/s-shinko/shigoto/shogyo/shogyo-hojojigyo.html","https://www.city.adachi.tokyo.jp/s-shinko/shigoto/shogyo/shogyo-hojojigyo.html"
"36641","https://www.maff.go.jp/j/seisan/suisin/tuyoi_nougyou/","https://www.maff.go.jp/j/seisan/suisin/tuyoi_nougyou/"
"36648","https://www.town.susami.lg.jp/docs/2018042400014/","https://www.town.susami.lg.jp/docs/2018042400014/"
"36671","https://www.city.urayasu.lg.jp/events/kodomo/kenko/1037488.html","https://www.city.urayasu.lg.jp/events/kodomo/kenko/1037488.html | https://www.cda.or.jp/recovery"
"36685","https://www.pref.toyama.jp/140111/hojokin/haioku.html","https://www.pref.toyama.jp/140111/hojokin/haioku.html"
"36717","https://www.city.meguro.tokyo.jp/kurashi/shigoto/enjo/kasseikashien.html","https://www.city.meguro.tokyo.jp/kurashi/shigoto/enjo/kasseikashien.html"
"36720","https://www.city.meguro.tokyo.jp/kurashi/shigoto/enjo/kasseikashien.html#:~:text=%E8%A1%97%E8%B7%AF%E7%81%AFLED%E3%83%A9%E3%83%B3%E3%83%97%E4%BA%A4%E6%8F%9B%E8%B2%BB%E7%94%A8%E8%A3%9C%E5%8A%A9","https://www.city.meguro.tokyo.jp/kurashi/shigoto/enjo/kasseikashien.html#:~:text=%E8%A1%97%E8%B7%AF%E7%81%AFLED%E3%83%A9%E3%83%B3%E3%83%97%E4%BA%A4%E6%8F%9B%E8%B2%BB%E7%94%A8%E8%A3%9C%E5%8A%A9"
"36718","https://www.city.meguro.tokyo.jp/kurashi/shigoto/enjo/kasseikashien.html","https://www.city.meguro.tokyo.jp/kurashi/shigoto/enjo/kasseikashien.html"
"36725","https://www.city.uda.nara.jp/s-seisaku/shienmenu/documents/104syuukaisyotou.pdf","https://www.city.uda.nara.jp/s-seisaku/shienmenu/documents/104syuukaisyotou.pdf"
"36726","https://www.city.meguro.tokyo.jp/kurashi/shigoto/enjo/kasseikashien.html","https://www.city.meguro.tokyo.jp/kurashi/shigoto/enjo/kasseikashien.html"
"36727","https://www.city.meguro.tokyo.jp/kurashi/shigoto/enjo/kasseikashien.html","https://www.city.meguro.tokyo.jp/kurashi/shigoto/enjo/kasseikashien.html"
"36755","https://www.nishimeya.jp/shigoto/nougyou/post-38.html","https://www.nishimeya.jp/shigoto/nougyou/post-38.html"
"36889","https://www.town.okoppe.lg.jp/cms/section/kikaku/opbvt10000005t6c-att/opbvt10000005teh.pdf","https://www.town.okoppe.lg.jp/cms/section/kikaku/hanrokaitaku.html | https://www.town.okoppe.lg.jp/cms/section/kikaku/opbvt10000005t6c-att/opbvt10000005teh.pdf"
"36787","https://www.pref.ehime.jp/h20300/ikusei/hoiku/hoikushisyutokuhojo.html","https://www.pref.ehime.jp/h20300/ikusei/hoiku/hoikushisyutokuhojo.html"
"36903","https://www.city.kariya.lg.jp/kurashi/suido/info_suido/1010654.html","https://www.city.kariya.lg.jp/kurashi/suido/info_suido/1010654.html"
"36913","https://www.city.anan.tokushima.jp/docs/2022092000025/","https://www.city.anan.tokushima.jp/docs/2022092000025/"
"36895","https://mombetsu.jp/news/detail.html?content=370","https://mombetsu.jp/news/detail.html?content=370"
"36951","https://www.city.kameyama.mie.jp/docs/2022061000087/file_contents/densakuhojo.pdf","https://www.city.kameyama.mie.jp/docs/2022061000087/possible.html | https://www.city.kameyama.mie.jp/docs/2022061000087/file_contents/densakuhojo.pdf"
"36963","https://www.city.kameyama.mie.jp/docs/2014112304978/shuusekishohojokin.html","https://www.city.kameyama.mie.jp/docs/2014112304978/shuusekishohojokin.html"
"36989","https://www.town.otsuchi.iwate.jp/gyosei/docs/437830.html","https://www.town.otsuchi.iwate.jp/gyosei/docs/437830.html"
"37013","https://www.city.tajimi.lg.jp/kurashi/shiminkatsudo/shien/chiikiryokuhozyo.html","https://www.city.tajimi.lg.jp/kurashi/shiminkatsudo/shien/chiikiryokuhozyo.html"
"37014","https://www.city.seki.lg.jp/cmsfiles/contents/0000007/7757/gutairei.pdf","https://www.city.seki.lg.jp/0000007757.html | https://www.city.seki.lg.jp/cmsfiles/contents/0000007/7757/gutairei.pdf"
"37020","https://www.town.ugo.lg.jp/business/detail.html?id=2831","https://www.town.ugo.lg.jp/business/detail.html?id=2831"
"37024","https://www.city.seki.lg.jp/0000006279.html","https://www.city.seki.lg.jp/0000006279.html"
"37030","https://www.city.seki.lg.jp/0000004499.html","https://www.city.seki.lg.jp/0000004499.html"
"37029","https://www.city.seki.lg.jp/0000004499.html","https://www.city.seki.lg.jp/0000004499.html"
"37034","https://www.city.nobeoka.miyazaki.jp/soshiki/37/3168.html","https://www.city.nobeoka.miyazaki.jp/soshiki/37/3168.html"
"37035","https://www.city.seki.lg.jp/0000008417.html","https://www.city.seki.lg.jp/0000008417.html"
"37036","https://www.city.seki.lg.jp/0000012284.html","https://www.city.seki.lg.jp/0000012284.html"
"37051","https://www.town.nagomi.lg.jp/hpkiji/pub/detail.aspx?c_id=3&type=top&id=3937","https://www.town.nagomi.lg.jp/hpkiji/pub/detail.aspx?c_id=3&type=top&id=3937 | https://www.town.nagomi.lg.jp/common/UploadFileOutput.ashx?c_id=3&id=3937&sub_id=1&flid=15319 | https://www.town.nagomi.lg.jp/common/UploadFileOutput.ashx?c_id=3&id=3937&sub_id=1&flid=15320"
"37082","https://www.city.kanonji.kagawa.jp/soshiki/32/40180.html","https://www.city.kanonji.kagawa.jp/soshiki/32/40180.html"
"37039","https://www.town.yoro.gifu.jp/docs/2022080800019/","https://www.town.yoro.gifu.jp/docs/2022080800019/"
"37086","https://www.town.shiriuchi.hokkaido.jp/kurashi/employment/koyoshoreijoseikin.html","https://www.town.shiriuchi.hokkaido.jp/kurashi/employment/koyoshoreijoseikin.html"
"37090","https://www.akitakata.jp/ja/shisei/section/siminseikatu/v144/","https://www.akitakata.jp/ja/shisei/section/siminseikatu/v144/"
"37109","https://www.city.obu.aichi.jp/_res/projects/default_project/_page_/001/006/474/akitenpo-chirashi.pdf","https://www.city.obu.aichi.jp/jigyo/sangyo_shinko/sogyo_yushi/1006474.html | https://www.city.obu.aichi.jp/_res/projects/default_project/_page_/001/006/474/akitenpo-chirashi.pdf"
"37116","https://www.city.obu.aichi.jp/_res/projects/default_project/_page_/001/003/951/03youkou.pdf","https://www.city.obu.aichi.jp/shisei/jyorei_kisoku/youkou/1008992/1009105/1003951.html | https://www.city.obu.aichi.jp/_res/projects/default_project/_page_/001/003/951/03youkou.pdf"
"37121","http://www.city.ibara.okayama.jp/docs/2016122100182/","http://www.city.ibara.okayama.jp/docs/2016122100182/"
"37120","http://www.city.ibara.okayama.jp/docs/2016122100175/","http://www.city.ibara.okayama.jp/docs/2016122100175/"
"37128","https://www.city.obu.aichi.jp/_res/projects/default_project/_page_/001/002/160/chirashipdf.pdf","https://www.city.obu.aichi.jp/kurashi/hojyokin/kankyo/1002271.html | https://www.city.obu.aichi.jp/_res/projects/default_project/_page_/001/002/160/chirashipdf.pdf | https://www.city.obu.aichi.jp/_res/projects/default_project/_page_/001/004/078/youkou.pdf"
"37161","https://www.city.tainai.niigata.jp/sangyo/kanko/danntai.html","https://www.city.tainai.niigata.jp/sangyo/kanko/danntai.html"
"37166","https://www.town.kamiichi.toyama.jp/guide/svGuideDtl.aspx?servno=4328","https://www.town.kamiichi.toyama.jp/guide/svGuideDtl.aspx?servno=4328"
"37190","https://www.city.urayasu.lg.jp/_res/projects/default_project/_page_/001/036/197/youkou.pdf","https://www.city.urayasu.lg.jp/todokede/anzen/bouhan/1036197.html | https://www.city.urayasu.lg.jp/_res/projects/default_project/_page_/001/036/197/youkou.pdf | https://www.city.urayasu.lg.jp/cgi-bin/contact.cgi?mail=g100409"
"37188","https://www.city.uji.kyoto.jp/uploaded/life/28555_47585_misc.pdf","https://www.city.uji.kyoto.jp/soshiki/80/28555.html | https://www.city.uji.kyoto.jp/uploaded/life/28555_47585_misc.pdf | https://www.city.uji.kyoto.jp/form/detail.php?sec_sec1=80&lif_id=28555&check"
"37214","https://www.town.hiji.lg.jp/shigoto_sangyo/kigyoyuchi/sougyousien/883.html","https://www.town.hiji.lg.jp/shigoto_sangyo/kigyoyuchi/sougyousien/883.html"
"37218","https://www.town.minamiise.lg.jp/admin/shoshiki/kourei/5260.html","https://www.town.minamiise.lg.jp/admin/shoshiki/kourei/5260.html"
"37255","https://www.city.satsumasendai.lg.jp/www/contents/1460610060935/files/1.pdf","https://www.city.satsumasendai.lg.jp/www/contents/1460610060935/index.html | https://www.city.satsumasendai.lg.jp/www/contents/1460610060935/files/1.pdf"
"37226","https://www.town.hiji.lg.jp/material/files/group/12/marukei_youkou.pdf","https://www.town.hiji.lg.jp/shigoto_sangyo/shokogyo/hojokin_joseikin/886.html | https://www.town.hiji.lg.jp/material/files/group/12/marukei_youkou.pdf"
"37265","https://www.pref.kyoto.jp/shogyo/documents/jigyougaiyotiikikadai.pdf","https://www.pref.kyoto.jp/shogyo/1340358158689.html#b-01 | https://www.pref.kyoto.jp/shogyo/documents/jigyougaiyotiikikadai.pdf | https://www.pref.kyoto.jp/shogyo/documents/youkou.pdf | https://www.pref.kyoto.jp/shogyo/documents/jigyougaiyonigiwai.pdf | https://www.pref.kyoto.jp/shogyo/documents/jigyougaiyojinzai.pdf | https://www.pref.kyoto.jp/shogyo/documents/jigyougaiyosyohinken.pdf"
"37293","https://www.town.aizubange.fukushima.jp/soshiki/2/13543.html","https://www.town.aizubange.fukushima.jp/soshiki/2/13543.html"
"37267","https://www.city.hatsukaichi.hiroshima.jp/uploaded/attachment/56178.pdf","https://www.city.hatsukaichi.hiroshima.jp/soshiki/30/12368.html | https://www.city.hatsukaichi.hiroshima.jp/uploaded/attachment/56178.pdf"
"37304","http://www.city.muko.kyoto.jp/kurashi/soshiki/hurusatosouseisuisinnbu/koutyoukyoudouka/1/koutyou/7/1650844438213.html","http://www.city.muko.kyoto.jp/kurashi/soshiki/hurusatosouseisuisinnbu/koutyoukyoudouka/1/koutyou/7/1650844438213.html"
"37348","https://www.city.kasama.lg.jp/page/page007277.html","https://www.city.kasama.lg.jp/page/page007277.html"
"37331","https://www.city.hitachiota.ibaraki.jp/page/page005181.html","https://www.city.hitachiota.ibaraki.jp/page/page005181.html"
"37352","https://www.city.daisen.lg.jp/docs/2020030900017/","https://www.city.daisen.lg.jp/docs/2020030900017/"
"37370","https://www.town.iizuna.nagano.jp/docs/2745.html","https://www.town.iizuna.nagano.jp/docs/2745.html"
"37374","https://www.city.awara.lg.jp/mokuteki/life/life13/koyouroudou/p001367.html","https://www.city.awara.lg.jp/mokuteki/life/life13/koyouroudou/p001367.html"
"37381","https://www.city.hokota.lg.jp/page/page001773.html","https://www.city.hokota.lg.jp/page/page001773.html"
"37414","https://www.city.adachi.tokyo.jp/chiiki/chiikibunka/kuminsanka/chokai-keijiban.html","https://www.city.adachi.tokyo.jp/chiiki/chiikibunka/kuminsanka/chokai-keijiban.html"
"37385","https://www.town.nishiwaga.lg.jp/soshikikarasagasu/chominka/1/1/1/2466.html","https://www.town.nishiwaga.lg.jp/soshikikarasagasu/chominka/1/1/1/2466.html"
"37550","https://www.akitakata.jp/ja/shisei/section/jinkentabunka/c169/","https://www.akitakata.jp/ja/shisei/section/jinkentabunka/c169/"
"37473","http://www.town.tsuruta.lg.jp/info/8-3-1.html","http://www.town.tsuruta.lg.jp/info/8-3-1.html"
"37419","https://www.maff.go.jp/j/chikusan/kikaku/lin/l_zigyo/attach/pdf/shiryo-2.pdf","https://www.maff.go.jp/j/chikusan/kikaku/lin/l_zigyo/shiryo.html | https://www.maff.go.jp/j/chikusan/kikaku/lin/l_zigyo/attach/pdf/shiryo-2.pdf"
"37571","https://www.city.makurazaki.lg.jp/soshiki/shimin/19751.html","https://www.city.makurazaki.lg.jp/soshiki/shimin/19751.html"
"37583","https://www.city.kumamoto.jp/hpkiji/pub/detail.aspx?c_id=5&type=top&id=42125","https://www.city.kumamoto.jp/hpkiji/pub/detail.aspx?c_id=5&type=top&id=42125"
"37594","https://www.city.ichinoseki.iwate.jp/index.cfm/12,146176,c,html/146176/20220810-113033.pdf","https://www.city.ichinoseki.iwate.jp/index.cfm/12,146176,190,html | https://www.city.ichinoseki.iwate.jp/index.cfm/12,146176,c,html/146176/20220810-113033.pdf"
"37601","https://www.city.katsuura.lg.jp/info/1349","https://www.city.katsuura.lg.jp/info/1349"
"37628","https://www.city.kasama.lg.jp/data/doc/1542846345_doc_107_0.pdf","https://www.city.kasama.lg.jp/page/page009790.html | https://www.city.kasama.lg.jp/data/doc/1542846345_doc_107_0.pdf"
"37610","https://www.town.matsushige.tokushima.jp/docs/2018042700039/","https://www.town.matsushige.tokushima.jp/docs/2018042700039/"
"37658","https://www.vill.hara.lg.jp/docs/keieikeizokuhozyokin.html","https://www.vill.hara.lg.jp/docs/keieikeizokuhozyokin.html"
"37675","https://www.town.shibayama.lg.jp/0000004968.html","https://www.town.shibayama.lg.jp/0000004968.html"
"37662","https://www.pref.shiga.lg.jp/file/attachment/5465674.pdf","https://www.pref.shiga.lg.jp/ippan/kurashi/eiseiaigo/331351.html | https://www.pref.shiga.lg.jp/file/attachment/5465674.pdf"
"37678","https://www.town.misato.akita.jp/shokougyoukeiryou/3002","https://www.town.misato.akita.jp/shokougyoukeiryou/3002"
"37686","https://www.town.misato.akita.jp/syoukougyou/3478","https://www.town.misato.akita.jp/syoukougyou/3478"
"37688","https://www.town.misato.akita.jp/syoukougyou/4391","https://www.town.misato.akita.jp/syoukougyou/4391"
"37734","https://www.town.nankan.lg.jp/sangyo/noringyo/nogyo/page3254.html","https://www.town.nankan.lg.jp/sangyo/noringyo/nogyo/page3254.html"
"37717","https://www.city.miyama.lg.jp/s033/kanko/040/100/chirashi.pdf","https://www.city.miyama.lg.jp/s033/kanko/040/100/20220913144404.html | https://www.city.miyama.lg.jp/s033/kanko/040/100/chirashi.pdf"
"37698","https://www.city.koka.lg.jp/item/27208.htm#itemid27208","https://www.city.koka.lg.jp/item/27208.htm#itemid27208"
"37772","http://www.city.kurume.fukuoka.jp/1050kurashi/2040bousaianzen/3040bouhantaisaku/2010-0929-0859-433.html","http://www.city.kurume.fukuoka.jp/1050kurashi/2040bousaianzen/3040bouhantaisaku/2010-0929-0859-433.html"
"37777","https://www.city.hiroshima.lg.jp/uploaded/attachment/181013.pdf","https://www.city.hiroshima.lg.jp/soshiki/44/11554.html | https://www.city.hiroshima.lg.jp/uploaded/attachment/181013.pdf"
"37775","https://nosai-tokyo.jp/wp-nosai/wp-content/uploads/2025/08/%E5%8F%8E%E5%85%A5%E4%BF%9D%E9%99%BA%E5%8A%A0%E5%85%A5%E6%8E%A8%E9%80%B2%E6%94%AF%E6%8F%B4%E4%BA%8B%E6%A5%AD%E3%81%AE%E6%A6%82%E8%A6%81%EF%BC%88%E4%BB%A4%E5%92%8C%EF%BC%97%E5%B9%B4%E5%BA%A6%E7%89%88%EF%BC%89.pdf","https://nosai-tokyo.jp/service/system2/ | https://nosai-tokyo.jp/wp-nosai/wp-content/uploads/2025/08/%E5%8F%8E%E5%85%A5%E4%BF%9D%E9%99%BA%E5%8A%A0%E5%85%A5%E6%8E%A8%E9%80%B2%E6%94%AF%E6%8F%B4%E4%BA%8B%E6%A5%AD%E3%81%AE%E6%A6%82%E8%A6%81%EF%BC%88%E4%BB%A4%E5%92%8C%EF%BC%97%E5%B9%B4%E5%BA%A6%E7%89%88%EF%BC%89.pdf"
"37780","https://www.city.nagahama.lg.jp/cmsfiles/contents/0000009/9934/nintisyo_cafe_tebiki0407.pdf","https://www.city.nagahama.lg.jp/0000009934.html | https://www.city.nagahama.lg.jp/cmsfiles/contents/0000009/9934/nintisyo_cafe_tebiki0407.pdf"
"37840","https://www.city.gamagori.lg.jp/unit/kankyo/tiikinekofuninkyoseisyujutuhihojokin.html","https://www.city.gamagori.lg.jp/unit/kankyo/tiikinekofuninkyoseisyujutuhihojokin.html"
"37813","https://www.pref.ehime.jp/h20400/korona/shisetsunairyouyoukyouryokukinn.html","https://www.pref.ehime.jp/h20400/korona/shisetsunairyouyoukyouryokukinn.html | https://view.officeapps.live.com/op/view.aspx?src=https%3A%2F%2Fwww.pref.ehime.jp%2Fh20400%2Fkorona%2Fdocuments%2Fkouhuyoukouyoushiki.docx&wdOrigin=BROWSELINK"
"37851","https://www.city.tomisato.lg.jp/cmsfiles/contents/0000013/13736/tebiki.pdf","https://www.city.tomisato.lg.jp/0000013736.html | https://www.city.tomisato.lg.jp/cmsfiles/contents/0000013/13736/tebiki.pdf"
"37885","https://www.city.nobeoka.miyazaki.jp/uploaded/attachment/17604.pdf","https://www.city.nobeoka.miyazaki.jp/soshiki/47/2956.html | https://www.city.nobeoka.miyazaki.jp/uploaded/attachment/17604.pdf"
"37870","https://www.city.kumamoto.jp/hpkiji/pub/detail.aspx?c_id=5&type=top&id=15684","https://www.city.kumamoto.jp/hpkiji/pub/detail.aspx?c_id=5&type=top&id=15684"
"37893","https://www.city.shibukawa.lg.jp/kurashi/100190/100195/100198/p004839.html","https://www.city.shibukawa.lg.jp/kurashi/100190/100195/100198/p004839.html"
"37905","http://www.town.eiheiji.lg.jp/200/212/213/p011126_d/fil/jigyougaiyou.pdf","http://www.town.eiheiji.lg.jp/200/212/213/p011126.html | http://www.town.eiheiji.lg.jp/200/212/213/p011126_d/fil/jigyougaiyou.pdf"
"37907","https://www.city.nagano.nagano.jp/site/kyouiku/3652.html","https://www.city.nagano.nagano.jp/site/kyouiku/3652.html"
"37936","https://www.city.shikokuchuo.ehime.jp/soshiki/22/26046.html","https://www.city.shikokuchuo.ehime.jp/soshiki/22/26046.html"
"37910","https://www.city.hitachi.lg.jp/shimin/013/001/p104820.html","https://www.city.hitachi.lg.jp/shimin/013/001/p104820.html"
"37911","https://www.city.hitachi.lg.jp/shimin/013/001/p104818.html","https://www.city.hitachi.lg.jp/shimin/013/001/p104818.html"
"37957","https://www.town.daigo.ibaraki.jp/page/page006148.html","https://www.town.daigo.ibaraki.jp/page/page006148.html"
"37968","https://www.city.fujinomiya.lg.jp/citizen/sceu1h0000004e6s.html","https://www.city.fujinomiya.lg.jp/citizen/sceu1h0000004e6s.html"
"37975","https://www.city.kiryu.lg.jp/sangyou/1018120/hojo/1020359.html","https://www.city.kiryu.lg.jp/sangyou/1018120/hojo/1020359.html"
"37996","https://www.city.tokamachi.lg.jp/soshiki/somubu/kikakuseisakuka/1_1/gyomu/7963.html","https://www.city.tokamachi.lg.jp/soshiki/somubu/kikakuseisakuka/1_1/gyomu/7963.html"
"38000","https://www.town.okutama.tokyo.jp/gyosei/7/sangyoshinko/norinsuisangyo/1/1732.html","https://www.town.okutama.tokyo.jp/gyosei/7/sangyoshinko/norinsuisangyo/1/1732.html"
"38002","https://www.city.setouchi.lg.jp/soshiki/3/123529.html","https://www.city.setouchi.lg.jp/soshiki/3/123529.html"
"38008","https://www.city.koshu.yamanashi.jp/docs/2022092900028/","https://www.city.koshu.yamanashi.jp/docs/2022092900028/"
"38017","http://www.city.katsuyama.fukui.jp/soshiki/13/20390.html","http://www.city.katsuyama.fukui.jp/soshiki/13/20390.html"
"38010","https://www.town.ishii.lg.jp/docs/2025062500013/","https://www.town.ishii.lg.jp/docs/2025062500013/"
"38029","https://www.city.ofunato.iwate.jp/soshiki/nourin/18969.html","https://www.city.ofunato.iwate.jp/soshiki/nourin/18969.html"
"38035","https://www.city.seiyo.ehime.jp/shisei/machidukuri/chiikikomyunitexi/4545.html","https://www.city.seiyo.ehime.jp/shisei/machidukuri/chiikikomyunitexi/4545.html"
"38039","https://www.city.seiyo.ehime.jp/shisei/machidukuri/chiikikomyunitexi/4668.html","https://www.city.seiyo.ehime.jp/shisei/machidukuri/chiikikomyunitexi/4668.html"
"38050","https://www.pref.tochigi.lg.jp/e02/welfare/iryou/ippan/innaikansen-byousyoukakuhoryou.html","https://www.pref.tochigi.lg.jp/e02/welfare/iryou/ippan/innaikansen-byousyoukakuhoryou.html"
"38073","https://www.city.chiryu.aichi.jp/jigyosha/yuchi/1648683874348.html","https://www.city.chiryu.aichi.jp/jigyosha/yuchi/1648683874348.html"
"38081","https://www.city.seiyo.ehime.jp/kurashi/bunka_sports_shougaigakushu/sports/hojyo/4058.html","https://www.city.seiyo.ehime.jp/kurashi/bunka_sports_shougaigakushu/sports/hojyo/4058.html"
"38082","https://www.town.fukaura.lg.jp/fixed_docs/2019072500224/","https://www.town.fukaura.lg.jp/fixed_docs/2019072500224/"
"38084","https://www.city.himi.toyama.jp/gyosei/soshiki/shokokanko/2/4/1881.html","https://www.city.himi.toyama.jp/gyosei/soshiki/shokokanko/2/4/1881.html"
"38083","https://www.city.seiyo.ehime.jp/kurashi/bunka_sports_shougaigakushu/bunka/hojyo/4379.html","https://www.city.seiyo.ehime.jp/kurashi/bunka_sports_shougaigakushu/bunka/hojyo/4379.html"
"38087","https://www.city.seiyo.ehime.jp/kakuka/sangyo_kensetsu/keizai_suishin/boshuu/15671.html","https://www.city.seiyo.ehime.jp/kakuka/sangyo_kensetsu/keizai_suishin/boshuu/15671.html"
"38088","https://www.city.himi.toyama.jp/gyosei/soshiki/shokokanko/2/4/1881.html","https://www.city.himi.toyama.jp/gyosei/soshiki/shokokanko/2/4/1881.html"
"38091","https://www.city.himi.toyama.jp/gyosei/soshiki/shokokanko/2/4/1881.html","https://www.city.himi.toyama.jp/gyosei/soshiki/shokokanko/2/4/1881.html"
"38107","https://www.city.himi.toyama.jp/gyosei/soshiki/shokokanko/2/4/6354.html","https://www.city.himi.toyama.jp/gyosei/soshiki/shokokanko/2/4/6354.html"
"38095","https://www.city.himi.toyama.jp/gyosei/soshiki/shokokanko/event/tourist_and_educational_trip/1847.html","https://www.city.himi.toyama.jp/gyosei/soshiki/shokokanko/event/tourist_and_educational_trip/1847.html"
"38110","https://www.city.yamatotakada.nara.jp/material/files/group/20/betuhyou1.pdf","https://www.city.yamatotakada.nara.jp/soshikikarasagasu/machishinkoka/machi/5827.html | https://www.city.yamatotakada.nara.jp/material/files/group/20/betuhyou1.pdf"
"38147","http://www.city.ibara.okayama.jp/docs/2019040100036/","http://www.city.ibara.okayama.jp/docs/2019040100036/"
"38115","https://www.city.minamiawaji.hyogo.jp/soshiki/furusato/dousoukai02.html","https://www.city.minamiawaji.hyogo.jp/soshiki/furusato/dousoukai02.html"
"38150","https://www.town.shiga-hino.lg.jp/contents_detail.php?frmId=6601","https://www.town.shiga-hino.lg.jp/contents_detail.php?frmId=6601"
"38156","https://www.town.toyono.osaka.jp/data/doc/1558664090_doc_46_0.pdf","https://www.town.toyono.osaka.jp/page/page003240.html | https://www.town.toyono.osaka.jp/data/doc/1558664090_doc_46_0.pdf"
"38155","https://www.city.hiroshima.lg.jp/site/saigaiinfo/300779.html","https://www.city.hiroshima.lg.jp/site/saigaiinfo/300779.html"
"38168","https://www.city.asago.hyogo.jp/0000010572.html","https://www.city.asago.hyogo.jp/0000010572.html"
"38170","https://www.city.asago.hyogo.jp/0000010571.html","https://www.city.asago.hyogo.jp/0000010571.html"
"38173","https://www.city.anjo.aichi.jp/zigyo/syoko/kigyourittihojokin/kigyourittihojokin.html","https://www.city.anjo.aichi.jp/zigyo/syoko/kigyourittihojokin/kigyourittihojokin.html"
"38197","https://www.town.daigo.ibaraki.jp/page/page006129.html","https://www.town.daigo.ibaraki.jp/page/page006129.html"
"38199","https://www.akitakata.jp/ja/shisei/section/zaimu/hojilyokin/","https://www.akitakata.jp/ja/shisei/section/zaimu/hojilyokin/"
"38209","https://www.town.toyono.osaka.jp/page/page002596.html","https://www.town.toyono.osaka.jp/page/page002596.html"
"38216","https://www.city.otsu.lg.jp/soshiki/080/2808/g/48812.html","https://www.city.otsu.lg.jp/soshiki/080/2808/g/48812.html"
"38248","https://www.city.tochigi.lg.jp/soshiki/12/36580.html","https://www.city.tochigi.lg.jp/soshiki/12/36580.html"
"38259","https://www.city.imabari.ehime.jp/nourin/syunyuhoken/","https://www.city.imabari.ehime.jp/nourin/syunyuhoken/"
"38254","https://www.city.uwajima.ehime.jp/uploaded/attachment/40958.pdf","https://www.city.uwajima.ehime.jp/soshiki/22/kaimono.html | https://www.city.uwajima.ehime.jp/uploaded/attachment/40958.pdf | http://www.city.uwajima.ehime.jp/soshiki/22/kaimono.html"
"38263","https://www.city.iga.lg.jp/0000004400.html","https://www.city.iga.lg.jp/0000004400.html"
"38265","https://www.city.tokamachi.lg.jp/soshiki/kyoikuiinkai_bunkasportsbu/sportsshinkoka/1/gyomu/1525929929373.html","https://www.city.tokamachi.lg.jp/soshiki/kyoikuiinkai_bunkasportsbu/sportsshinkoka/1/gyomu/1525929929373.html"
"38270","https://www.city.kuwana.lg.jp/kikikanri/anzen/bouhan/2-383-978-239-888.html","https://www.city.kuwana.lg.jp/kikikanri/anzen/bouhan/2-383-978-239-888.html"
"38271","https://www.city.kuwana.lg.jp/kikikanri/anzen/bouhan/2-351-059-239-450.html","https://www.city.kuwana.lg.jp/kikikanri/anzen/bouhan/2-351-059-239-450.html"
"38318","https://www.city.nogata.fukuoka.jp/kurashi/_1201/_1332/_1389/_11251.html","https://www.city.nogata.fukuoka.jp/kurashi/_1201/_1332/_1389/_11251.html"
"38298","https://www.city.sagae.yamagata.jp/kurashi/sumai/kankyou/nekohojokin.html","https://www.city.sagae.yamagata.jp/kurashi/sumai/kankyou/nekohojokin.html"
"38326","https://www.pref.fukui.lg.jp/doc/sinsan/marukei0408.html","https://www.pref.fukui.lg.jp/doc/sinsan/marukei0408.html"
"38352","https://www.city.toyoake.lg.jp/secure/3727/akitentirasi.pdf","https://www.city.toyoake.lg.jp/3657.htm | https://www.city.toyoake.lg.jp/secure/3727/akitentirasi.pdf"
"38354","https://www.pref.fukui.lg.jp/doc/sinsan/rishihokyu2022.html","https://www.pref.fukui.lg.jp/doc/sinsan/rishihokyu2022.html"
"38363","https://www.city.tahara.aichi.jp/kurashi/kekkonshien/1001034.html","https://www.city.tahara.aichi.jp/kurashi/kekkonshien/1001034.html"
"38388","https://www.city.toyoake.lg.jp/secure/5418/tirashi.pdf","https://www.city.toyoake.lg.jp/4912.htm | https://www.city.toyoake.lg.jp/secure/5418/tirashi.pdf"
"38396","https://www.city.tsuru.yamanashi.jp/soshiki/sangyo/nourin_t/ringyou/12218.html","https://www.city.tsuru.yamanashi.jp/soshiki/sangyo/nourin_t/ringyou/12218.html"
"38399","https://www.city.tottori.lg.jp/www/contents/1557893408404/files/youkou.pdf","https://www.city.tottori.lg.jp/www/contents/1557893408404/index.html | https://www.city.tottori.lg.jp/www/contents/1557893408404/files/youkou.pdf"
"38401","https://www.city.kunisaki.oita.jp/soshiki/ringyousuisan/makisutobu-makiwariki.html","https://www.city.kunisaki.oita.jp/soshiki/ringyousuisan/makisutobu-makiwariki.html"
"38404","https://www.city.tottori.lg.jp/www/contents/1657074416986/simple/kankouyukyakuouenyoukou.pdf","https://www.city.tottori.lg.jp/www/contents/1657074416986/index.html | https://www.city.tottori.lg.jp/www/contents/1657074416986/simple/kankouyukyakuouenyoukou.pdf"
"38429","https://www.city.ishinomaki.lg.jp/cont/10452000a/383/sangyosozoHP.pdf","https://www.city.ishinomaki.lg.jp/cont/10452000a/383/383.html | https://www.city.ishinomaki.lg.jp/cont/10452000a/383/sangyosozoHP.pdf | https://www.city.ishinomaki.lg.jp/cont/10452000a/383/sangyozyosei_annai_1904.pdf"
"38430","https://www.city.kitanagoya.lg.jp/syoukounousei/files/upload/files/070_Outline.pdf","https://www.city.kitanagoya.lg.jp/sangyo/shokogyo/1004154.html | https://www.city.kitanagoya.lg.jp/syoukounousei/files/upload/files/070_Outline.pdf"
"38439","https://www.ikedamachi.net/0000002238.html","https://www.ikedamachi.net/0000002238.html"
"38475","https://www.town.kumamoto-yamato.lg.jp/kiji0037628/index.html","https://www.town.kumamoto-yamato.lg.jp/kiji0037628/index.html"
"38471","https://www.town.nanbu.yamanashi.jp/kakuka/sangyoushinkou/news/2022-0404-0924-1.html","https://www.town.nanbu.yamanashi.jp/kakuka/sangyoushinkou/news/2022-0404-0924-1.html"
"38443","https://www.town.tochigi-nakagawa.lg.jp/life/kurashi/2023-1003-1524-46.html","https://www.town.tochigi-nakagawa.lg.jp/life/kurashi/2023-1003-1524-46.html"
"38486","https://www.city.shimada.shizuoka.jp/gyosei-docs/470953914.html","https://www.city.shimada.shizuoka.jp/gyosei-docs/470953914.html"
"38505","https://www.city.setouchi.lg.jp/soshiki/3/124154.html","https://www.city.setouchi.lg.jp/soshiki/3/124154.html"
"38507","https://www.city.sabae.fukui.jp/anzen_anshin/bosai/oshirase/bousaisosikihozyokin.html","https://www.city.sabae.fukui.jp/anzen_anshin/bosai/oshirase/bousaisosikihozyokin.html"
"38510","https://www.city.saga.lg.jp/main/79365.html","https://www.city.saga.lg.jp/main/79365.html"
"38518","http://www.town.kamikawa.hyogo.jp/0000002034.html","http://www.town.kamikawa.hyogo.jp/0000002034.html"
"38511","https://www.town.kumiyama.lg.jp/0000004695.html","https://www.town.kumiyama.lg.jp/0000004695.html"
"38519","https://www.town.miyagi-osato.lg.jp/soshiki/nosei/oosatochouyuugaichoujuuhigaibousisisetsukounyuujigyouhojokinnnitsuite.html","https://www.town.miyagi-osato.lg.jp/soshiki/nosei/oosatochouyuugaichoujuuhigaibousisisetsukounyuujigyouhojokinnnitsuite.html"
"38521","https://www.town.shiroishi.lg.jp/chousei_machi/nousanshou/_3659/_5381.html","https://www.town.shiroishi.lg.jp/chousei_machi/nousanshou/_3659/_5381.html"
"38520","https://www.city.himi.toyama.jp/gyosei/soshiki/shokokanko/2/4/8091.html","https://www.city.himi.toyama.jp/gyosei/soshiki/shokokanko/2/4/8091.html"
"38553","https://www.city.komatsushima.lg.jp/docs/tyuusyoukigyousinndannsihakenn.html","https://www.city.komatsushima.lg.jp/docs/tyuusyoukigyousinndannsihakenn.html"
"38555","https://www.city.komatsushima.lg.jp/fs/3/4/6/7/9/4/_/_______l__l_____b_____4C.pdf","https://www.city.komatsushima.lg.jp/docs/1752563.html | https://www.city.komatsushima.lg.jp/fs/3/4/6/7/9/4/_/_______l__l_____b_____4C.pdf"
"38575","https://www.city.uozu.toyama.jp/attach/EDIT/060/060352.pdf","https://www.city.uozu.toyama.jp/guide/svGuideDtl.aspx?servno=20148&topkb= | https://www.city.uozu.toyama.jp/attach/EDIT/060/060352.pdf"
"38669","https://www.town.okoppe.lg.jp/cms/section/kikaku/opbvt10000005tt0-att/opbvt10000005twd.pdf","https://www.town.okoppe.lg.jp/cms/section/kikaku/kaigyoshien.html | https://www.town.okoppe.lg.jp/cms/section/kikaku/opbvt10000005tt0-att/opbvt10000005twd.pdf"
"38676","https://www.jetro.go.jp/ext_images/consortium/apply/partner/outline_2022.pdf","https://www.jetro.go.jp/consortium/apply/partner.html | https://www.jetro.go.jp/ext_images/consortium/apply/partner/outline_2022.pdf"
"38633","https://www.city.uji.kyoto.jp/soshiki/80/54797.html","https://www.city.uji.kyoto.jp/soshiki/80/54797.html"
"38700","http://www.city.funabashi.lg.jp/jigyou/shoukou/002/p035459_d/fil/gaiyou.pdf","https://www.city.funabashi.lg.jp/jigyou/shoukou/002/p035459.html | http://www.city.funabashi.lg.jp/jigyou/shoukou/002/p035459_d/fil/gaiyou.pdf"
"38702","https://www.town.yabuki.fukushima.jp/page/page001954.html","https://www.town.yabuki.fukushima.jp/page/page001954.html"
"38717","https://www.jetro.go.jp/ext_images/services/coordinator/pdf/siryo.pdf","https://www.jetro.go.jp/services/coordinator/ | https://www.jetro.go.jp/ext_images/services/coordinator/pdf/siryo.pdf"
"38718","https://www.city.hitachiota.ibaraki.jp/data/doc/1660634379_doc_144_0.pdf","https://www.city.hitachiota.ibaraki.jp/page/page005231.html | https://www.city.hitachiota.ibaraki.jp/data/doc/1660634379_doc_144_0.pdf"
"38736","https://www.jetro.go.jp/services/japan_mall/#page02","https://www.jetro.go.jp/services/japan_mall/#page02 | https://www.jetro.go.jp/form5/pub/dne/japanmall2022_inq"
"38729","https://www.city.sosa.lg.jp/page/page002518.html","https://www.city.sosa.lg.jp/page/page002518.html"
"38743","http://www.syaanken.or.jp/wp-content/uploads/2019/03/saigai_boshu_youkou.pdf","https://www.syaanken.or.jp/?p=10623 | http://www.syaanken.or.jp/wp-content/uploads/2019/03/saigai_boshu_youkou.pdf"
"38748","https://www.town.hyogo-taishi.lg.jp/soshikikarasagasu/asuka/1632967882384.html","https://www.town.hyogo-taishi.lg.jp/soshikikarasagasu/asuka/1632967882384.html"
"38763","https://www.city.shirakawa.fukushima.jp/page/page005327.html","https://www.city.shirakawa.fukushima.jp/page/page005327.html"
"38779","https://www.city.sado.niigata.jp/soshiki/2007/42679.html","https://www.city.sado.niigata.jp/soshiki/2007/42679.html"
"38794","https://www.city.saito.lg.jp/sangyo/nogyo/post_975.html","https://www.city.saito.lg.jp/sangyo/nogyo/post_975.html | https://www.city.saito.lg.jp/organization/contact/post-38.html"
"38770","https://www.town.furudono.fukushima.jp/file/15409/20191209144334_.pdf","https://www.town.furudono.fukushima.jp/news-topikkusu/oshirase/2343 | https://www.town.furudono.fukushima.jp/file/15409/20191209144334_.pdf"
"38801","https://www.city.kiyosu.aichi.jp/shisei_joho/shiseisuishin_iin/shukaijo_hojokin.html","https://www.city.kiyosu.aichi.jp/shisei_joho/shiseisuishin_iin/shukaijo_hojokin.html"
"38802","https://www.city.saito.lg.jp/6fa3d10a2486ab09583c0ebe86044f00.pdf","https://www.city.saito.lg.jp/sangyo/shoko/post_1351.html | https://www.city.saito.lg.jp/6fa3d10a2486ab09583c0ebe86044f00.pdf"
"38800","https://www.town.ayagawa.lg.jp/docs/2022100500035/","https://www.town.ayagawa.lg.jp/docs/2022100500035/"
"38809","https://www.smrj.go.jp/sme/overseas/consulting/advice/fbrion00000042oq-att/c7moap000000cxdh.pdf","https://www.smrj.go.jp/sme/overseas/consulting/advice/index.html | https://www.smrj.go.jp/sme/overseas/consulting/advice/fbrion00000042oq-att/c7moap000000cxdh.pdf"
"38805","https://www.city.muroto.kochi.jp/pbfile/m000064/koufuyoukou.pdf","https://www.city.muroto.kochi.jp/pages/page0064.php | https://www.city.muroto.kochi.jp/pbfile/m000064/koufuyoukou.pdf | https://www.city.muroto.kochi.jp/contact/?id=0109"
"38804","https://www.pref.niigata.lg.jp/uploaded/attachment/337056.pdf","https://www.pref.niigata.lg.jp/sec/nosanengei/220929gouuhigai.html | https://www.pref.niigata.lg.jp/uploaded/attachment/337056.pdf"
"38816","https://www.city.uozu.toyama.jp/attach/EDIT/052/052949.pdf","https://www.city.uozu.toyama.jp/guide/svGuideDtl.aspx?servno=19262 | https://www.city.uozu.toyama.jp/attach/EDIT/052/052949.pdf | https://www.city.uozu.toyama.jp/formmail/formEntry.aspx?seccd=A030102&backurl=https%3a%2f%2fwww.city.uozu.toyama.jp%2fguide%2fsvGuideDtl.aspx%3fservno%3d19262"
"38815","https://www.pref.kanagawa.jp/docs/f6k/cnt/f100639/hiryou.html","https://www.pref.kanagawa.jp/docs/f6k/cnt/f100639/hiryou.html"
"38820","https://www.pref.okinawa.lg.jp/site/norin/chikusan/shiryo/documents/2022youkou.pdf","https://www.pref.okinawa.lg.jp/site/norin/chikusan/shiryo/r4siryokakakukoto.html | https://www.pref.okinawa.lg.jp/site/norin/chikusan/shiryo/documents/2022youkou.pdf"
"38824","https://www.metro.tokyo.lg.jp/tosei/hodohappyo/press/2022/10/07/documents/35_04.pdf","https://www.sangyo-rodo.metro.tokyo.lg.jp/nourin/nougyou/other/soshiryou_kakuho_2022/ | https://www.metro.tokyo.lg.jp/tosei/hodohappyo/press/2022/10/07/documents/35_04.pdf"
"38832","https://www.city.ojiya.niigata.jp/uploaded/attachment/28316.pdf","https://www.city.ojiya.niigata.jp/soshiki/syoko/genyu-yushi.html | https://www.city.ojiya.niigata.jp/uploaded/attachment/28316.pdf"
"38867","https://www.pref.shimane.lg.jp/industry/syoko/sangyo/dentou_kougei/kougei-hozyo.data/youkou.pdf","https://www.pref.shimane.lg.jp/industry/syoko/sangyo/dentou_kougei/kougei-hozyo.html | https://www.pref.shimane.lg.jp/industry/syoko/sangyo/dentou_kougei/kougei-hozyo.data/youkou.pdf"
"38924","https://www.city.kanoya.lg.jp/documents/1874/chirashi0827.pdf","https://www.city.kanoya.lg.jp/syoukoushinkou/sangyo/shokogyo/hojokin/shikinrishi.html | https://www.city.kanoya.lg.jp/documents/1874/chirashi0827.pdf | https://www.city.kanoya.lg.jp/cgi-bin/simple_faq/form.cgi"
"39001","https://www.pref.fukuoka.lg.jp/contents/utilitycosts-koto.html","https://www.pref.fukuoka.lg.jp/contents/utilitycosts-koto.html"
"38995","https://www.town.kamijima.lg.jp/soshiki/norin-suisan/21527.html","https://www.town.kamijima.lg.jp/soshiki/norin-suisan/21527.html"
"39010","https://www.jica.go.jp/volunteer/relevant/company/cooperation/pdf/Private_partnership.pdf","https://www.jica.go.jp/volunteer/relevant/company/cooperation/index.html | https://www.jica.go.jp/volunteer/relevant/company/cooperation/pdf/Private_partnership.pdf"
"39019","https://www.city.yuki.lg.jp/page/page007999.html","https://www.city.yuki.lg.jp/page/page007999.html"
"39015","https://www.town.fujisaki.lg.jp/index.cfm/7,16311,57,html","https://www.town.fujisaki.lg.jp/index.cfm/7,16311,57,html"
"39033","https://www.city.kitanagoya.lg.jp/syakaifukushi/2600025.php","https://www.city.kitanagoya.lg.jp/syakaifukushi/2600025.php"
"39035","https://www.city.yukuhashi.fukuoka.jp/soshiki/30/13347.html","https://www.city.yukuhashi.fukuoka.jp/soshiki/30/13347.html"
"39050","https://www.city.hachioji.tokyo.jp/kurashi/gomi/hojo/p002560_d/fil/2021sinyoukou.pdf","https://www.city.hachioji.tokyo.jp/kurashi/gomi/hojo/p002560.html | https://www.city.hachioji.tokyo.jp/kurashi/gomi/hojo/p002560_d/fil/2021sinyoukou.pdf"
"39052","https://www.city.minato.tokyo.jp/seikatsuanzen/bouhankamerataiyo.html","https://www.city.minato.tokyo.jp/seikatsuanzen/bouhankamerataiyo.html"
"39066","https://www.inacity.jp/kurashi/kankyo_keikan/energy/taiyou-netsu.html","https://www.inacity.jp/kurashi/kankyo_keikan/energy/taiyou-netsu.html"
"39071","https://www.town.kanegasaki.iwate.jp/articles/2022093000017/file_contents/youkou.pdf","https://www.town.kanegasaki.iwate.jp/articles/2022093000017/ | https://www.town.kanegasaki.iwate.jp/articles/2022093000017/file_contents/youkou.pdf"
"39072","http://www.city.ono.fukui.jp/kenko/sports/hojo/sports-coach.html","http://www.city.ono.fukui.jp/kenko/sports/hojo/sports-coach.html"
"39076","https://www.city.minamiawaji.hyogo.jp/soshiki/fukushi/kodomo-shokudou.html","https://www.city.minamiawaji.hyogo.jp/soshiki/fukushi/kodomo-shokudou.html"
"39074","https://www.city.ama.aichi.jp/bussiness/sangyo/1003786/1003794.html","https://www.city.ama.aichi.jp/bussiness/sangyo/1003786/1003794.html"
"39094","https://www.city.toyoake.lg.jp/secure/3726/2021tirashi.pdf","https://www.city.toyoake.lg.jp/3656.htm | https://www.city.toyoake.lg.jp/secure/3726/2021tirashi.pdf"
"39091","https://www.city.tahara.aichi.jp/kankou/shokogyou/1011049/1004100.html","https://www.city.tahara.aichi.jp/kankou/shokogyou/1011049/1004100.html"
"39089","https://www.city.kiyosu.aichi.jp/shisei_joho/shiseisuishin_iin/jichikatsudo_hojokin.html","https://www.city.kiyosu.aichi.jp/shisei_joho/shiseisuishin_iin/jichikatsudo_hojokin.html"
"39098","https://www.city.chiryu.aichi.jp/jigyosha/yushi/1451813560829.html","https://www.city.chiryu.aichi.jp/jigyosha/yushi/1451813560829.html"
"39141","https://www.city.joetsu.niigata.jp/uploaded/attachment/216248.pdf","https://www.city.joetsu.niigata.jp/site/joetsu-agri-portal/yukijas-gap-hojyo.html | https://www.city.joetsu.niigata.jp/uploaded/attachment/216248.pdf | https://www.city.joetsu.niigata.jp/uploaded/attachment/216249.pdf"
"39135","https://www.city.seto.aichi.jp/docs/2017032400010/","https://www.city.seto.aichi.jp/docs/2017032400010/"
"39143","https://www.city.toyoake.lg.jp/secure/5411/chirashi.pdf","https://www.city.toyoake.lg.jp/4909.htm | https://www.city.toyoake.lg.jp/secure/5411/chirashi.pdf | https://www.city.toyoake.lg.jp/secure/5411/youkou.pdf"
"39146","https://www.city.kamisu.ibaraki.jp/kodomo/scholarship/1001748/1001752.html","https://www.city.kamisu.ibaraki.jp/kodomo/scholarship/1001748/1001752.html"
"39151","https://www.city.gujo.gifu.jp/life/detail/post-902.html","https://www.city.gujo.gifu.jp/life/detail/post-902.html"
"39158","https://www.city.gujo.gifu.jp/business/detail/post-14.html","https://www.city.gujo.gifu.jp/business/detail/post-14.html"
"39159","https://www.city.gujo.gifu.jp/business/docs/174be5c5052fdd526532b0f359fb81f415be1885.pdf","https://www.city.gujo.gifu.jp/business/detail/post-135.html | https://www.city.gujo.gifu.jp/business/docs/174be5c5052fdd526532b0f359fb81f415be1885.pdf"
"39161","https://www.city.gujo.gifu.jp/life/detail/uij.html","https://www.city.gujo.gifu.jp/life/detail/uij.html"
"39175","https://official.shinkamigoto.net/goto_business_full.php?eid=05399&bn=2&r=3&wcid=k00006","https://official.shinkamigoto.net/goto_business_full.php?eid=05399&bn=2&r=3&wcid=k00006"
"39170","https://www.city.seiyo.ehime.jp/kurashi/life/sumainohojokinn/4808.html","https://www.city.seiyo.ehime.jp/kurashi/life/sumainohojokinn/4808.html"
"39171","http://www.city.oyabe.toyama.jp/ikkrwebBrowse/material/files/group/8/tirashi(hiryoukoutou)new.pdf","https://www.city.oyabe.toyama.jp/soshiki/sangyokensetsuka/nourinka/shinseisho/nourin/1665900936018.html | http://www.city.oyabe.toyama.jp/ikkrwebBrowse/material/files/group/8/tirashi(hiryoukoutou)new.pdf"
"39186","https://www.city.kunisaki.oita.jp/soshiki/ringyousuisan/rindo-hoso.html","https://www.city.kunisaki.oita.jp/soshiki/ringyousuisan/rindo-hoso.html"
"39187","https://www.e-rumoi.jp/content/000010121.pdf","https://www.e-rumoi.jp/seisaku/sei_00099.html | https://www.e-rumoi.jp/content/000010121.pdf | https://www.e-rumoi.jp/content/000010124.pdf | https://www.e-rumoi.jp/cgi-bin/inquire/inquire.cgi"
"39183","https://www.pref.okayama.jp/uploaded/life/813225_7664156_misc.pdf","https://www.pref.okayama.jp/page/811747.html | https://www.pref.okayama.jp/uploaded/life/813225_7664156_misc.pdf | https://www.pref.okayama.jp/uploaded/life/813225_7664155_misc.pdf | https://view.officeapps.live.com/op/view.aspx?src=https%3A%2F%2Fwww.pref.okayama.jp%2Fuploaded%2Flife%2F813225_7656634_misc.docx&wdOrigin=BROWSELINK"
"39202","https://www.city.tomakomai.hokkaido.jp/files/00014700/00014725/%E9%96%8B%E5%82%AC%E5%9C%B0%E8%A6%81%E7%B6%B1.pdf","https://www.city.tomakomai.hokkaido.jp/kyoiku/hojokin/unneihojyo.html | https://www.city.tomakomai.hokkaido.jp/files/00014700/00014725/%E9%96%8B%E5%82%AC%E5%9C%B0%E8%A6%81%E7%B6%B1.pdf"
"39223","https://www.city.kasai.hyogo.jp/soshiki/5/25117.html","https://www.city.kasai.hyogo.jp/soshiki/5/25117.html"
"39256","https://www.city.kisarazu.lg.jp/_res/projects/default_project/_page_/001/001/444/kaiseigoyoukou.pdf","https://www.city.kisarazu.lg.jp/kurashi/kankyo/doubutsu/1001444.html | https://www.city.kisarazu.lg.jp/_res/projects/default_project/_page_/001/001/444/kaiseigoyoukou.pdf"
"39257","https://www.city.kisarazu.lg.jp/_res/projects/default_project/_page_/001/001/392/20190328.pdf","https://www.city.kisarazu.lg.jp/kurashi/jutaku/akiya/1001392.html | https://www.city.kisarazu.lg.jp/_res/projects/default_project/_page_/001/001/392/20190328.pdf | https://www.city.kisarazu.lg.jp/_res/projects/default_project/_page_/001/001/392/20201112r.pdf"
"39259","https://www.city.kisarazu.lg.jp/shisei/1003952/1004568/1008490/index.html","https://www.city.kisarazu.lg.jp/shisei/1003952/1004568/1008490/index.html"
"39267","https://www.city.ono.fukui.jp/sangyo/shokogyo/hojokin/kashitsuke-guide/koronachushokigyo.html","https://www.city.ono.fukui.jp/sangyo/shokogyo/hojokin/kashitsuke-guide/koronachushokigyo.html"
"39279","https://www.pref.fukui.lg.jp/doc/sansei/korona-fukuiken_d/fil/shienseidonogoannai.pdf","https://www.pref.fukui.lg.jp/doc/sansei/korona-fukuiken.html | https://www.pref.fukui.lg.jp/doc/sansei/korona-fukuiken_d/fil/shienseidonogoannai.pdf"
"39285","https://www.city.nanao.lg.jp/sangyou-s/shingata_korona.html","https://www.city.nanao.lg.jp/sangyou-s/shingata_korona.html"
"39283","https://www.town.aichi-togo.lg.jp/material/files/group/21/youkou_14347855.pdf","https://www.town.aichi-togo.lg.jp/hojokin_joseikin/sumai/9852.html | https://www.town.aichi-togo.lg.jp/material/files/group/21/youkou_14347855.pdf | https://www.town.aichi-togo.lg.jp/material/files/group/21/chirashi.pdf | https://www.town.aichi-togo.lg.jp/cgi-bin/inquiry.php/27?page_no=9852"
"39303","https://www.pref.hiroshima.lg.jp/uploaded/life/773996_7635615_misc.pdf","https://www.pref.hiroshima.lg.jp/soshiki/64/byousyoutenkan-2020apr.html | https://www.pref.hiroshima.lg.jp/uploaded/life/773996_7635615_misc.pdf"
"39300","https://www.pref.oita.jp/uploaded/life/2009058_3701798_misc.pdf","https://www.pref.oita.jp/soshiki/17300/ferryroro2.html | https://www.pref.oita.jp/uploaded/life/2009058_3701798_misc.pdf | https://www.pref.oita.jp/uploaded/life/2009058_3701802_misc.pdf"
"39292","https://www.city.tahara.aichi.jp/kankou/nogyou/1001905/1002645/1004297.html","https://www.city.tahara.aichi.jp/kankou/nogyou/1001905/1002645/1004297.html"
"39320","https://www.city.chiryu.aichi.jp/jigyosha/yuchi/1648684180157.html","https://www.city.chiryu.aichi.jp/jigyosha/yuchi/1648684180157.html | https://www.city.chiryu.aichi.jp/ikkrwebBrowse/inquiryPC/Sec.do;jsessionid=AB5E145687A3962C8BF15C6861F8E097?mode=pc&inquiryId=47&ref=www.city.chiryu.aichi.jp/jigyosha/yuchi/1648684180157.html"
"39307","https://www.city.wakayama.wakayama.jp/kurashi/sangyo_koyo_roudou/nougyou/1024693.html","https://www.city.wakayama.wakayama.jp/kurashi/sangyo_koyo_roudou/nougyou/1024693.html"
"39315","https://www.city.nayoro.lg.jp/section/noumu/prkeql000002ga5y.html","https://www.city.nayoro.lg.jp/section/noumu/prkeql000002ga5y.html"
"39325","https://www.city.amagasaki.hyogo.jp/kurashi/syobo/kyukyutaio/1015720.html","https://www.city.amagasaki.hyogo.jp/kurashi/syobo/kyukyutaio/1015720.html"
"39351","https://www.city.yokosuka.kanagawa.jp/4430/nagekomi/2022_0929.html","https://www.city.yokosuka.kanagawa.jp/4430/nagekomi/2022_0929.html | https://www.city.yokosuka.kanagawa.jp/cgi-bin/simple_faq/form.cgi"
"39326","https://www.city.seiyo.ehime.jp/material/files/group/20/machinamiyoukou.pdf","https://www.city.seiyo.ehime.jp/kurashi/bunka_sports_shougaigakushu/bunka/hojyo/4430.html | https://www.city.seiyo.ehime.jp/material/files/group/20/machinamiyoukou.pdf"
"39361","https://www.city.date.hokkaido.jp/hotnews/detail/00006845.html","https://www.city.date.hokkaido.jp/hotnews/detail/00006845.html"
"39377","https://www.city.inuyama.aichi.jp/jigyo/yushi/1001133/1001137.html","https://www.city.inuyama.aichi.jp/jigyo/yushi/1001133/1001137.html"
"39364","https://www.town.oguchi.lg.jp/secure/4043/sigengomikaisyuu.pdf","https://www.town.oguchi.lg.jp/2609.htm | https://www.town.oguchi.lg.jp/secure/4043/sigengomikaisyuu.pdf"
"39386","https://www.akaihane.or.jp/wp/wp-content/uploads/78a5a04c7e2df79d93ff0537a108b4bc.pdf","https://www.akaihane.or.jp/saigai-news/vorasapo/17037/ | https://www.akaihane.or.jp/wp/wp-content/uploads/78a5a04c7e2df79d93ff0537a108b4bc.pdf"
"39464","https://www.city.katsushika.lg.jp/kurashi/1003399/1033377/1029837/index.html","https://www.city.katsushika.lg.jp/kurashi/1003399/1033377/1029837/index.html"
"39400","https://www.city.sumida.lg.jp/sangyo_jigyosya/sangyo/monodukuri_sien/hwstartup/index.html","https://www.city.sumida.lg.jp/sangyo_jigyosya/sangyo/monodukuri_sien/hwstartup/index.html"
"39477","https://www.vill.matsukawa.nagano.jp/life/uploads/f6791143937a5d00d7f3be280b3aa622e2cdae7a.pdf","https://www.vill.matsukawa.nagano.jp/life/archives/004239.php | https://www.vill.matsukawa.nagano.jp/life/uploads/f6791143937a5d00d7f3be280b3aa622e2cdae7a.pdf"
"39489","https://www.town.kanie.aichi.jp/uploaded/attachment/12092.pdf","https://www.town.kanie.aichi.jp/soshiki/5/bouhannkameratousettihihojyokinn.html | https://www.town.kanie.aichi.jp/uploaded/attachment/12092.pdf | https://www.town.kanie.aichi.jp/uploaded/attachment/4387.pdf"
"39503","https://www.city.noboribetsu.lg.jp/article/2017080400048/","https://www.city.noboribetsu.lg.jp/article/2017080400048/"
"39576","https://www.city.kisarazu.lg.jp/_res/projects/default_project/_page_/001/001/220/r2nendoban.pdf","https://www.city.kisarazu.lg.jp/kurashi/gomi/josei/1001220.html | https://www.city.kisarazu.lg.jp/_res/projects/default_project/_page_/001/001/220/r2nendoban.pdf"
"39532","https://www.town.kanie.aichi.jp/uploaded/attachment/6863.pdf","https://www.town.kanie.aichi.jp/soshiki/3/saitoushi.html | https://www.town.kanie.aichi.jp/uploaded/attachment/6863.pdf"
"39517","https://www.city.tokyo-nakano.lg.jp/dept/218000/d032431.html","https://www.city.tokyo-nakano.lg.jp/dept/218000/d032431.html"
"39600","http://www.city.inazawa.aichi.jp/_res/projects/default_project/_page_/001/001/908/kihonsisin.pdf","https://www.city.inazawa.aichi.jp/0000000875.html | http://www.city.inazawa.aichi.jp/_res/projects/default_project/_page_/001/001/908/kihonsisin.pdf"
"39616","https://www.city.sumida.lg.jp/kenko_fukushi/koureisya_kaigohoken/ziritu_sien/kayoinobasiennjigyou.html","https://www.city.sumida.lg.jp/kenko_fukushi/koureisya_kaigohoken/ziritu_sien/kayoinobasiennjigyou.html"
"39607","https://www.pref.kyoto.jp/sangyo/1282111034399.html","https://www.pref.kyoto.jp/sangyo/1282111034399.html"
"39621","https://www.city.inazawa.aichi.jp/0000000866.html","https://www.city.inazawa.aichi.jp/0000000866.html"
"39631","https://www.city.funabashi.lg.jp/jigyou/shoukou/006/p063748_d/fil/gairotou-kisoku.pdf","https://www.city.funabashi.lg.jp/jigyou/shoukou/006/p063748.html#kankyoushisetsu | https://www.city.funabashi.lg.jp/jigyou/shoukou/006/p063748_d/fil/gairotou-kisoku.pdf"
"39623","https://www.city.kitakyushu.lg.jp/files/000766300.pdf","https://www.city.kitakyushu.lg.jp/business/file_0152.html | https://www.city.kitakyushu.lg.jp/files/000766300.pdf"
"39635","https://www.city.funabashi.lg.jp/jigyou/shoukou/006/p063748_d/fil/kasseika.pdf","https://www.city.funabashi.lg.jp/jigyou/shoukou/006/p063748.html#kankyoushisetsu | https://www.city.funabashi.lg.jp/jigyou/shoukou/006/p063748_d/fil/kasseika.pdf"
"39645","https://www.city.kisarazu.lg.jp/kurashi/1008685/1008689/1008698/1008701.html","https://www.city.kisarazu.lg.jp/kurashi/1008685/1008689/1008698/1008701.html | https://joseishugyo.mhlw.go.jp/"
"39641","https://www.city.kobe.lg.jp/documents/43690/shiminkadanri-huretto.pdf","https://www.city.kobe.lg.jp/b07715/kuyakusho/higashinadaku/shoukai/shoukai/shiminkadan.html | https://www.city.kobe.lg.jp/documents/43690/shiminkadanri-huretto.pdf"
"39690","https://www.city.saito.lg.jp/important/post_1377.html","https://www.city.saito.lg.jp/important/post_1377.html"
"39695","https://www.city.kisarazu.lg.jp/_res/projects/default_project/_page_/001/001/369/20181205-103150.pdf","https://www.city.kisarazu.lg.jp/soshiki/toshiseibi/jutaku/1/1810.html | https://www.city.kisarazu.lg.jp/_res/projects/default_project/_page_/001/001/369/20181205-103150.pdf | https://www.city.kisarazu.lg.jp/_res/projects/default_project/_page_/001/001/369/20181211-090554.pdf"
"39691","https://www.city.kisarazu.lg.jp/kurashi/sanka/jichikai/1002612.html","https://www.city.kisarazu.lg.jp/kurashi/sanka/jichikai/1002612.html"
"39733","https://www.city.nayoro.lg.jp/section/kodomo/prkeql000001k7x2.html","https://www.city.nayoro.lg.jp/section/kodomo/prkeql000001k7x2.html"
"39739","https://www.city.fukuchiyama.lg.jp/soshiki/27/51368.html","https://www.city.fukuchiyama.lg.jp/soshiki/27/51368.html"
"39763","https://www.city.hokota.lg.jp/page/page005170.html","https://www.city.hokota.lg.jp/page/page005170.html | https://www.maff.go.jp/j/seisan/sien/sizai/s_hiryo/attach/pdf/220729-3.pdf | https://www.maff.go.jp/j/seisan/sien/sizai/s_hiryo/220729.html"
"39792","https://www.city.chiyoda.lg.jp/documents/4175/kinkyuyusodoro1_2.pdf","https://www.city.chiyoda.lg.jp/koho/machizukuri/kenchiku/taishin/kinkyuyusodoro.html | https://www.city.chiyoda.lg.jp/documents/4175/kinkyuyusodoro1_2.pdf"
"39787","https://www.city.miyakojima.lg.jp/jigyousya/kaigo/files/sennmonnsyokusidounagare.pdf","https://www.city.miyakojima.lg.jp/jigyousya/kaigo/R4Ippannkaigo-yoboujigyou.html | https://www.city.miyakojima.lg.jp/jigyousya/kaigo/files/sennmonnsyokusidounagare.pdf"
"39776","https://www.city.chiba.jp/keizainosei/keizai/sangyo/documents/youkou.pdf","https://www.city.chiba.jp/keizainosei/keizai/sangyo/inohana-hojo2014.html | https://www.city.chiba.jp/keizainosei/keizai/sangyo/documents/youkou.pdf"
"39796","https://www.city.chiyoda.lg.jp/koho/kenko/shogaisha/techo/josei/koyo.html","https://www.city.chiyoda.lg.jp/koho/kenko/shogaisha/techo/josei/koyo.html"
"39819","https://www.city.chiyoda.lg.jp/documents/4318/mansion-josei1_2.pdf","https://www.city.chiyoda.lg.jp/koho/machizukuri/kenchiku/taishin/mansion-josei.html | https://www.city.chiyoda.lg.jp/documents/4318/mansion-josei1_2.pdf"
"39799","https://www.city.ube.yamaguchi.jp/shisei/hojyojyosei/hojyojyosei_kojin/1011838.html","https://www.city.ube.yamaguchi.jp/shisei/hojyojyosei/hojyojyosei_kojin/1011838.html | https://www.city.ube.yamaguchi.jp/cgi-bin/contacts/a1168000"
"39822","https://www.city.chiyoda.lg.jp/documents/12819/jutakutsukikenchikubutsu-josei1_2.pdf","https://www.city.chiyoda.lg.jp/koho/machizukuri/kenchiku/taishin/jutakutsukikenchikubutsu-josei.html | https://www.city.chiyoda.lg.jp/documents/12819/jutakutsukikenchikubutsu-josei1_2.pdf"
"39857","https://www.town.kijo.lg.jp/somuzaisei/R04_kinkyusien.html","https://www.town.kijo.lg.jp/somuzaisei/R04_kinkyusien.html"
"39865","https://www.city.nagakute.lg.jp/kanko_bunka_sports/2/4/6510.html","https://www.city.nagakute.lg.jp/kanko_bunka_sports/2/4/6510.html"
"39870","https://www.city.sakata.lg.jp/sangyo/nogyo/news/narashitaisaku.html","https://www.city.sakata.lg.jp/sangyo/nogyo/news/narashitaisaku.html"
"39877","https://www.city.miyakojima.lg.jp/soshiki/kyouiku/kyouikubu/gakkokyouiku/2022-1018-1700-175.html","https://www.city.miyakojima.lg.jp/soshiki/kyouiku/kyouikubu/gakkokyouiku/2022-1018-1700-175.html"
"39879","https://www.city.handa.lg.jp/keizai/documents/dentoryoyoukou.pdf","https://www.city.handa.lg.jp/jigyosha/shokogyo/1003622/1005370.html | https://www.city.handa.lg.jp/keizai/documents/dentoryoyoukou.pdf | https://www.city.handa.lg.jp/cgi-bin/simple_faq/form.cgi"
"39882","https://www.city.sakata.lg.jp/sangyo/nogyo/news/smartnogyo.html","https://www.city.sakata.lg.jp/sangyo/nogyo/news/smartnogyo.html"
"39880","https://www.city.sakata.lg.jp/sangyo/nogyo/news/nosei0520220801.html","https://www.city.sakata.lg.jp/sangyo/nogyo/news/nosei0520220801.html"
"39881","https://www.city.handa.lg.jp/keizai/shoko/jigyosha/shokogyo/shinko/shinnkouhi.html","https://www.city.handa.lg.jp/keizai/shoko/jigyosha/shokogyo/shinko/shinnkouhi.html | https://www.city.handa.lg.jp/cgi-bin/simple_faq/form.cgi"
"39883","https://www.city.sakata.lg.jp/sangyo/nogyo/news/nosei03.html","https://www.city.sakata.lg.jp/sangyo/nogyo/news/nosei03.html"
"39893","http://www.city.ichikikushikino.lg.jp/zaisei1/corona_toriku1.html","http://www.city.ichikikushikino.lg.jp/zaisei1/corona_toriku1.html"
"39910","https://www.city.kyoto.lg.jp/tokei/cmsfiles/contents/0000199/199579/panfu.pdf","https://www.city.kyoto.lg.jp/tokei/page/0000199579.html | https://www.city.kyoto.lg.jp/tokei/cmsfiles/contents/0000199/199579/panfu.pdf | https://www.city.kyoto.lg.jp/tokei/cmsfiles/contents/0000199/199579/dosya_youkou.pdf"
"39913","https://www.city.ozu.ehime.jp/soshiki/shoukou/26248.html","https://www.city.ozu.ehime.jp/soshiki/shoukou/26248.html"
"39916","https://www.city.ozu.ehime.jp/soshiki/shoukou/26248.html","https://www.city.ozu.ehime.jp/soshiki/shoukou/26248.html"
"39919","https://www.city.ozu.ehime.jp/soshiki/shoukou/26248.html","https://www.city.ozu.ehime.jp/soshiki/shoukou/26248.html"
"39924","https://www.city.ozu.ehime.jp/soshiki/shoukou/26248.html","https://www.city.ozu.ehime.jp/soshiki/shoukou/26248.html"
"39921","https://www.city.ozu.ehime.jp/soshiki/shoukou/26248.html","https://www.city.ozu.ehime.jp/soshiki/shoukou/26248.html"
"39920","https://www.city.ozu.ehime.jp/soshiki/shoukou/26248.html","https://www.city.ozu.ehime.jp/soshiki/shoukou/26248.html"
"39925","https://www.city.ozu.ehime.jp/soshiki/shoukou/26248.html","https://www.city.ozu.ehime.jp/soshiki/shoukou/26248.html"
"39927","https://www.city.ozu.ehime.jp/soshiki/shoukou/26248.html","https://www.city.ozu.ehime.jp/soshiki/shoukou/26248.html"
"39930","https://www.city.oita.oita.jp/o155/shigotosangyo/kigyoshien/documents/bosyuuyouryou.pdf","https://www.city.oita.oita.jp/o155/shigotosangyo/kigyoshien/mihonichihojo.html | https://www.city.oita.oita.jp/o155/shigotosangyo/kigyoshien/documents/bosyuuyouryou.pdf | https://www.city.oita.oita.jp/o155/shigotosangyo/kigyoshien/documents/youkou2.pdf | https://www.city.oita.oita.jp/o155/shigotosangyo/kigyoshien/documents/mihonniti-chirashi.pdf | https://www.city.oita.oita.jp/cgi-bin/simple_faq/form.cgi"
"39938","https://www.city.anjo.aichi.jp/tanoshimu/kanko/documents/annai-chirashi-2.pdf","https://www.city.anjo.aichi.jp/tanoshimu/kanko/anjo-bustourhojokin.html | https://www.city.anjo.aichi.jp/tanoshimu/kanko/documents/annai-chirashi-2.pdf | https://www.city.anjo.aichi.jp/tanoshimu/kanko/documents/bosyuuyoukou.pdf | https://www.city.anjo.aichi.jp/tanoshimu/kanko/documents/faq.pdf | https://www.city.anjo.aichi.jp/cgi-bin/faq/form.cgi"
"39944","https://www.city.meguro.tokyo.jp/kurashi/shizen/koji/josei.html","https://www.city.meguro.tokyo.jp/kurashi/shizen/koji/josei.html"
"39952","https://www.city.hamura.tokyo.jp/prsite/0000007721.html","https://www.city.hamura.tokyo.jp/prsite/0000007721.html"
"39955","http://www.city.iruma.saitama.jp/_res/projects/default_project/_page_/001/009/566/chirasi.pdf","https://www.city.iruma.saitama.jp/kurashi/kosodate/1008297/1009566.html | http://www.city.iruma.saitama.jp/_res/projects/default_project/_page_/001/009/566/chirasi.pdf"
"39979","https://www.city.sakata.lg.jp/sangyo/kigyo/shienseido/kanko20200825.files/201907_yoko.pdf","https://www.city.sakata.lg.jp/sangyo/kigyo/shienseido/kanko20200825.html | https://www.city.sakata.lg.jp/sangyo/kigyo/shienseido/kanko20200825.files/201907_yoko.pdf"
"39981","https://www.city.sakata.lg.jp/sangyo/kigyo/shienseido/dxhojo.html","https://www.city.sakata.lg.jp/sangyo/kigyo/shienseido/dxhojo.html"
"39983","https://www.city.sakata.lg.jp/sangyo/kigyo/shienseido/yuukyaku_hojyokin.files/yoko2019.pdf","https://www.city.sakata.lg.jp/sangyo/kigyo/shienseido/yuukyaku_hojyokin.html | https://www.city.sakata.lg.jp/sangyo/kigyo/shienseido/yuukyaku_hojyokin.files/yoko2019.pdf"
"39990","https://www.hyugacity.jp/sp/tempimg/20200122170855.pdf","https://www.hyugacity.jp/sp/display.php?cont=200106155104 | https://www.hyugacity.jp/sp/tempimg/20200122170855.pdf"
"39993","http://www.city.izu.shizuoka.jp/media/01050201_pdf_2019621_rad5D02F.pdf","https://www.city.izu.shizuoka.jp/gyousei/gyousei_detail006448.html | http://www.city.izu.shizuoka.jp/media/01050201_pdf_2019621_rad5D02F.pdf"
"39995","http://www.city.izu.shizuoka.jp/media/01050201_pdf_2020130_rad97ADB.pdf","https://www.city.izu.shizuoka.jp/gyousei/gyousei_detail008349.html | http://www.city.izu.shizuoka.jp/media/01050201_pdf_2020130_rad97ADB.pdf"
"40006","https://www.city.meguro.tokyo.jp/kurashi/anzen/anzen_enjo/bohansetsubiseibihojo.files/R04mimamori.pdf","https://www.city.meguro.tokyo.jp/kurashi/anzen/anzen_enjo/bohansetsubiseibihojo.html | https://www.city.meguro.tokyo.jp/kurashi/anzen/anzen_enjo/bohansetsubiseibihojo.files/R04mimamori.pdf"
"40018","https://www.vill.nosegawa.nara.jp/material/files/group/5/kouhuyoukou.pdf","https://www.vill.nosegawa.nara.jp/top/oshirase/680.html | https://www.vill.nosegawa.nara.jp/material/files/group/5/kouhuyoukou.pdf | https://www.vill.nosegawa.nara.jp/material/files/group/5/kouhuyoukoubehhyou.pdf"
"40052","https://www.nishi.or.jp/kurashi/gomi/bika/netbox_hojokinn.files/2022youkou.pdf","https://www.nishi.or.jp/kurashi/gomi/bika/netbox_hojokinn.html | https://www.nishi.or.jp/kurashi/gomi/bika/netbox_hojokinn.files/2022youkou.pdf"
"40032","https://www.vill.mitsue.nara.jp/kurashi/jigyosha/sangyo_koyo/808.html","https://www.vill.mitsue.nara.jp/kurashi/jigyosha/sangyo_koyo/808.html"
"40059","https://www.vill.mitsue.nara.jp/kurashi/jigyosha/sangyo_koyo/1957.html","https://www.vill.mitsue.nara.jp/kurashi/jigyosha/sangyo_koyo/1957.html"
"40061","https://asukamura.jp/files/nogyo_denkisaku_yoko.pdf","https://asukamura.jp/shigoto_nogyo_denkisaku.html | https://asukamura.jp/files/nogyo_denkisaku_yoko.pdf"
"40073","http://www.town.yamatsuri.fukushima.jp/data/doc/1666591236_doc_22_0.pdf","https://www.town.yamatsuri.fukushima.jp/page/page000820.html | http://www.town.yamatsuri.fukushima.jp/data/doc/1666591236_doc_22_0.pdf"
"40070","http://vill.kamikitayama.nara.jp/download.php?filepath=newsPdf1/763.pdf","http://vill.kamikitayama.nara.jp/news/#763 | http://vill.kamikitayama.nara.jp/download.php?filepath=newsPdf1/763.pdf"
"40081","https://www.nishi.or.jp/kurashi/rodo/joseikin_hojo/shogakukin-hensai.files/shougakukinhensaisiennseido31.04.pdf","https://www.nishi.or.jp/kurashi/rodo/joseikin_hojo/shogakukin-hensai.html | https://www.nishi.or.jp/kurashi/rodo/joseikin_hojo/shogakukin-hensai.files/shougakukinhensaisiennseido31.04.pdf"
"40116","https://www.city.shibuya.tokyo.jp/kurashi/gomi/recycle/returnableyouki_00001.html","https://www.city.shibuya.tokyo.jp/kurashi/gomi/recycle/returnableyouki_00001.html"
"40083","https://www.nishi.or.jp/kurashi/rodo/joseikin_hojo/koyoshorei.files/2016syougaisyakoyousyoureikinchirashi.pdf","https://www.nishi.or.jp/kurashi/rodo/joseikin_hojo/koyoshorei.html | https://www.nishi.or.jp/kurashi/rodo/joseikin_hojo/koyoshorei.files/2016syougaisyakoyousyoureikinchirashi.pdf"
"40131","http://www.city-kirishima.jp/nouchiku/nousei/documents/chirasi.pdf","http://www.city-kirishima.jp/nouchiku/nousei/hiryokoutoutaisaku.html | http://www.city-kirishima.jp/nouchiku/nousei/documents/chirasi.pdf"
"40119","https://www.city.hiroshima.lg.jp/soshiki/112/5415.html","https://www.city.hiroshima.lg.jp/soshiki/112/5415.html"
"40124","https://www.city.shibuya.tokyo.jp/assets/kankyo/000064007.pdf","https://www.city.shibuya.tokyo.jp/kankyo_keikaku/eco/kousyu_kituen_zyosei.html | https://www.city.shibuya.tokyo.jp/assets/kankyo/000064007.pdf"
"40132","http://www.town.saitama-miyoshi.lg.jp/study/sports/art_shourei_youkou_220531.pdf","http://www.town.saitama-miyoshi.lg.jp/study/sports/art_shoureikin.html | http://www.town.saitama-miyoshi.lg.jp/study/sports/art_shourei_youkou_220531.pdf"
"40134","https://www.town.tone.ibaraki.jp/data/doc/1663288689_doc_211_0.pdf","https://www.town.tone.ibaraki.jp/page/page005150.html | https://www.town.tone.ibaraki.jp/data/doc/1663288689_doc_211_0.pdf"
"40135","https://www.town.aichi-higashiura.lg.jp/soshiki/kenchikushisetsu/kenchiku/gyomu/sumai/tatemono/taishinsokushinka/1452566175521.html","https://www.town.aichi-higashiura.lg.jp/soshiki/kenchikushisetsu/kenchiku/gyomu/sumai/tatemono/taishinsokushinka/1452566175521.html"
"40137","https://www.city.honjo.lg.jp/soshiki/toshiseibi/sigaiti/tantoujouhou/cyukatu/1394432175793.html","https://www.city.honjo.lg.jp/soshiki/toshiseibi/sigaiti/tantoujouhou/cyukatu/1394432175793.html"
"40147","https://www.city.joyo.kyoto.jp/0000001449.html","https://www.city.joyo.kyoto.jp/0000001449.html"
"40141","https://www.city.minato.tokyo.jp/jutakushien/kankyo-machi/sumai/jutaku/reform.html","https://www.city.minato.tokyo.jp/jutakushien/kankyo-machi/sumai/jutaku/reform.html"
"40150","https://www.city.mihara.hiroshima.jp/soshiki/24/tyuushinshigaiti-kasseikahojokin.html","https://www.city.mihara.hiroshima.jp/soshiki/24/tyuushinshigaiti-kasseikahojokin.html"
"40154","https://minato-sansin.com/kaigaisinsyutu/","https://minato-sansin.com/kaigaisinsyutu/"
"40148","https://www.city.shibuya.tokyo.jp/assets/kankyo/000053196.pdf","https://www.city.shibuya.tokyo.jp/kankyo/kenchiku/bf_shibuyaeki_josei.html | https://www.city.shibuya.tokyo.jp/assets/kankyo/000053196.pdf"
"40165","https://www.city.sumida.lg.jp/sangyo_jigyosya/sangyo/syoutengai_sien/sakutei_josei.html","https://www.city.sumida.lg.jp/sangyo_jigyosya/sangyo/syoutengai_sien/sakutei_josei.html"
"40166","https://www.city.bunkyo.lg.jp/var/rev0/0247/5604/hozyoyoukou.pdf","https://www.city.bunkyo.lg.jp/hoken/shogai/jigyousyadownload/zyuusin.html | https://www.city.bunkyo.lg.jp/var/rev0/0247/5604/hozyoyoukou.pdf | https://www.city.bunkyo.lg.jp/var/rev0/0247/5605/beppyou.pdf | https://www.city.bunkyo.lg.jp/var/rev0/0247/5606/nagare.pdf"
"40169","https://www.city.ota.tokyo.jp/sangyo/syogyo_sangyo/minasamahe/shinkokumiai.html","https://www.city.ota.tokyo.jp/sangyo/syogyo_sangyo/minasamahe/shinkokumiai.html"
"40173","https://www.city.kiryu.lg.jp/kankou/spot/denken/soudan/hozonseibi/1003097.html","https://www.city.kiryu.lg.jp/kankou/spot/denken/soudan/hozonseibi/1003097.html"
"40183","https://www.town.otoyo.kochi.jp/life/detail.php?hdnKey=1153","https://www.town.otoyo.kochi.jp/life/detail.php?hdnKey=1153 | https://kochi-shoukiborin.jp/about/"
"40182","https://www.town.oe.yamagata.jp/news/304","https://www.town.oe.yamagata.jp/news/304"
"40185","https://www.town.otoyo.kochi.jp/life/detail.php?hdnKey=1155","https://www.town.otoyo.kochi.jp/life/detail.php?hdnKey=1155 | https://www.town.otoyo.kochi.jp/download/?t=LD&id=1155&fid=9028"
"40203","https://www.pref.aichi.jp/soshiki/nogyo-shinko/0000051974.html","https://www.pref.aichi.jp/soshiki/nogyo-shinko/0000051974.html"
"40186","https://www.pref.kochi.lg.jp/doc/2023022200386/","https://www.pref.kochi.lg.jp/doc/2023022200386/"
"40209","https://www.city.bunkyo.lg.jp/sangyo/syoutengai/bunkyohanbaisokusinjigyou.html","https://www.city.bunkyo.lg.jp/sangyo/syoutengai/bunkyohanbaisokusinjigyou.html"
"40231","https://www.city.meguro.tokyo.jp/kankyouhozen/kurashi/kankyou/rakugakitaisaku.html#p2","https://www.city.meguro.tokyo.jp/kankyouhozen/kurashi/kankyou/rakugakitaisaku.html#p2"
"40242","https://www.city.uwajima.ehime.jp/soshiki/15/umigomiseisou.html","https://www.city.uwajima.ehime.jp/soshiki/15/umigomiseisou.html"
"40249","https://www.city.osaka.lg.jp/toshiseibi/cmsfiles/contents/0000103/103942/chirashi_saisei.pdf","https://www.city.osaka.lg.jp/toshiseibi/page/0000103942.html | https://www.city.osaka.lg.jp/toshiseibi/cmsfiles/contents/0000103/103942/chirashi_saisei.pdf | https://www.city.osaka.lg.jp/toshiseibi/cmsfiles/contents/0000103/103942/tebiki.pdf"
"40253","https://www.city.osaka.lg.jp/toshiseibi/cmsfiles/contents/0000267/267019/hanteishiki.pdf","https://www.city.osaka.lg.jp/toshiseibi/page/0000267019.html | https://www.city.osaka.lg.jp/toshiseibi/cmsfiles/contents/0000267/267019/hanteishiki.pdf | https://www.city.osaka.lg.jp/toshiseibi/cmsfiles/contents/0000267/267019/chirashi_choukei.pdf | https://www.city.osaka.lg.jp/toshiseibi/cmsfiles/contents/0000267/267019/tebiki.pdf"
"40245","https://www.town.tako.chiba.jp/docs/2022031400022/","https://www.town.tako.chiba.jp/docs/2022031400022/"
"40311","https://www.city.aisai.lg.jp/contents_detail.php?co=cat&frmId=984&frmCd=3-12-6-0-0","https://www.city.aisai.lg.jp/contents_detail.php?co=cat&frmId=984&frmCd=3-12-6-0-0"
"40273","https://www.city.neyagawa.osaka.jp/kankyo/matidukuri/jyukan/seibi/13144.html","https://www.city.neyagawa.osaka.jp/kankyo/matidukuri/jyukan/seibi/13144.html"
"40283","https://www.city.osaka.lg.jp/kankyo/page/0000531480.html","https://www.city.osaka.lg.jp/kankyo/page/0000531480.html | https://www.city.osaka.lg.jp/kankyo/page/0000531535.html"
"40317","https://www.city.takahama.lg.jp/soshiki/keizai/16529.html","https://www.city.takahama.lg.jp/soshiki/keizai/16529.html"
"40350","https://www.city.ota.tokyo.jp/seikatsu/sumaimachinami/sumai/j_josei/gaketounoseibikoujijosei.html","https://www.city.ota.tokyo.jp/seikatsu/sumaimachinami/sumai/j_josei/gaketounoseibikoujijosei.html"
"40353","https://www.city.ota.tokyo.jp/seikatsu/sumaimachinami/sumai/j_josei/usuichoryuusou.html","https://www.city.ota.tokyo.jp/seikatsu/sumaimachinami/sumai/j_josei/usuichoryuusou.html"
"40354","https://www.city.ota.tokyo.jp/seikatsu/sumaimachinami/kankyou/ryoka/okujouhekimenryokukajosei.html","https://www.city.ota.tokyo.jp/seikatsu/sumaimachinami/kankyou/ryoka/okujouhekimenryokukajosei.html"
"40407","https://www.city.miyakonojo.miyazaki.jp/soshiki/59/1587.html","https://www.city.miyakonojo.miyazaki.jp/soshiki/59/1587.html"
"40396","https://www.town.minamiise.lg.jp/admin/shoshiki/kankyou/seikatsu/inuneko/2736.html","https://www.town.minamiise.lg.jp/admin/shoshiki/kankyou/seikatsu/inuneko/2736.html"
"40408","https://www.city.miyakonojo.miyazaki.jp/soshiki/59/2146.html","https://www.city.miyakonojo.miyazaki.jp/soshiki/59/2146.html"
"40465","https://www.city.toshima.lg.jp/123/machizukuri/sangyo/shotengai/025561.html#dentouryo","https://www.city.toshima.lg.jp/123/machizukuri/sangyo/shotengai/025561.html#dentouryo"
"40447","http://www.town.nagara.chiba.jp/soshiki/4/4781.html","http://www.town.nagara.chiba.jp/soshiki/4/4781.html"
"40481","https://www.pref.miyazaki.lg.jp/documents/52592/52592_20220412161656-1.pdf","https://www.pref.miyazaki.lg.jp/keieikinyushien/projinzai/20200618170145.html | https://www.pref.miyazaki.lg.jp/documents/52592/52592_20220412161656-1.pdf"
"40466","https://www.city.toshima.lg.jp/123/machizukuri/sangyo/shotengai/025561.html#soshikiryoku","https://www.city.toshima.lg.jp/123/machizukuri/sangyo/shotengai/025561.html#soshikiryoku"
"40468","https://www.city.toshima.lg.jp/123/machizukuri/sangyo/shotengai/025561.html#akitenpo","https://www.city.toshima.lg.jp/123/machizukuri/sangyo/shotengai/025561.html#akitenpo"
"40500","https://www.city.mishima.shizuoka.jp/ipn033495.html","https://www.city.mishima.shizuoka.jp/ipn033495.html"
"40503","https://www.city.mishima.shizuoka.jp/ipn033495.html","https://www.city.mishima.shizuoka.jp/ipn033495.html"
"40509","https://www.city.mishima.shizuoka.jp/ipn033315.html","https://www.city.mishima.shizuoka.jp/ipn033315.html"
"40530","http://www.city.fujinomiya.lg.jp/entrepreneur/visuf80000020vps-att/visuf80000020vt6.pdf","http://www.city.fujinomiya.lg.jp/entrepreneur/visuf80000020vps.html | http://www.city.fujinomiya.lg.jp/entrepreneur/visuf80000020vps-att/visuf80000020vt6.pdf"
"40540","https://www.town-takachiho.jp/top/sangyo/shoko/1589.html","https://www.town-takachiho.jp/top/sangyo/shoko/1589.html"
"40541","https://www.city.bunkyo.lg.jp/hoken/shogai/jigyousyadownload/gurupuhomuseibihozyokin.html","https://www.city.bunkyo.lg.jp/hoken/shogai/jigyousyadownload/gurupuhomuseibihozyokin.html"
"40542","https://www.city.bunkyo.lg.jp/hoken/shogai/jigyousyadownload/seikatukaigoseibihozyokin.html","https://www.city.bunkyo.lg.jp/hoken/shogai/jigyousyadownload/seikatukaigoseibihozyokin.html"
"40554","https://www.city.mishima.shizuoka.jp/ipn044241.html","https://www.city.mishima.shizuoka.jp/ipn044241.html"
"40545","https://www.city.miyakonojo.miyazaki.jp/soshiki/77/3270.html","https://www.city.miyakonojo.miyazaki.jp/soshiki/77/3270.html"
"40566","https://www.city.ota.tokyo.jp/seikatsu/sumaimachinami/kankyou/ryoka/josei.html","https://www.city.ota.tokyo.jp/seikatsu/sumaimachinami/kankyou/ryoka/josei.html"
"40574","https://www.city.mishima.shizuoka.jp/ipn046042.html","https://www.city.mishima.shizuoka.jp/ipn046042.html"
"40599","https://www.pref.gifu.lg.jp/uploaded/attachment/209940.pdf","https://www.pref.gifu.lg.jp/page/21260.html | https://www.pref.gifu.lg.jp/uploaded/attachment/209940.pdf | https://www.pref.gifu.lg.jp/uploaded/attachment/323957.pdf | https://www.pref.gifu.lg.jp/uploaded/attachment/323958.pdf"
"40603","https://www.city.bunkyo.lg.jp/var/rev0/0249/1767/syougaizitusyosisetsuseibihihozyogaiyou1.pdf","https://www.city.bunkyo.lg.jp/hoken/shogai/jigyousyadownload/syougaizisisetuseibihozyokin.html | https://www.city.bunkyo.lg.jp/var/rev0/0249/1767/syougaizitusyosisetsuseibihihozyogaiyou1.pdf | https://www.city.bunkyo.lg.jp/var/rev0/0249/1768/syougaizitusyosisetsuseibihihozyogaiyou2.pdf"
"40631","https://www.city.machida.tokyo.jp/kurashi/sumai/house/earthquake-resistant/mannsyonntaisinnka.html","https://www.city.machida.tokyo.jp/kurashi/sumai/house/earthquake-resistant/mannsyonntaisinnka.html"
"40600","https://www.city.kashima.ibaraki.jp/soshiki/45/14304.html","https://www.city.kashima.ibaraki.jp/soshiki/45/14304.html | https://www.city.kashima.ibaraki.jp/form/detail.php?sec_sec1=45&lif_id=14304&check"
"40647","https://www.city.nikko.lg.jp/kenkou/guide/fukushi/kenkou/hojokin/hojokin.html","https://www.city.nikko.lg.jp/kenkou/guide/fukushi/kenkou/hojokin/hojokin.html"
"40649","https://www.city.nikko.lg.jp/soshiki/6/1029/5/1/2545.html","https://www.city.nikko.lg.jp/soshiki/6/1029/5/1/2545.html"
"40648","https://www.city.nikko.lg.jp/kenkou/guide/fukushi/kenkou/hojokin/hojokin.html","https://www.city.nikko.lg.jp/kenkou/guide/fukushi/kenkou/hojokin/hojokin.html"
"40666","https://www.town.higashisonogi.lg.jp/sangyo/nogyo_ringyo_gyogyo/1888.html","https://www.town.higashisonogi.lg.jp/sangyo/nogyo_ringyo_gyogyo/1888.html"
"40678","https://www.city.nikko.lg.jp/shoukou/documents/ri-suhojoyoukou.pdf","https://www.city.nikko.lg.jp/shoukou/ri-suhojokin.html | https://www.city.nikko.lg.jp/shoukou/documents/ri-suhojoyoukou.pdf"
"40676","https://www.city.nikko.lg.jp/soshiki/6/1024/7/592.html","https://www.city.nikko.lg.jp/soshiki/6/1024/7/592.html"
"40679","https://www.city.nikko.lg.jp/shinkou/kankou/documents/sportsgasyukuchirasi.pdf","https://www.city.nikko.lg.jp/shinkou/kankou/sport.html | https://www.city.nikko.lg.jp/shinkou/kankou/documents/sportsgasyukuchirasi.pdf"
"40685","https://www.city.otsu.lg.jp/business/yushihojo/hojo/kensetsu/1390362876869.html","https://www.city.otsu.lg.jp/business/yushihojo/hojo/kensetsu/1390362876869.html"
"40681","https://www.city.otsu.lg.jp/business/yushihojo/hojo/sangyo/31490.html","https://www.city.otsu.lg.jp/business/yushihojo/hojo/sangyo/31490.html"
"40707","http://www.city.chiryu.aichi.jp/ikkrwebBrowse/material/files/group/4/nihongogakushu_-R4.pdf","http://www.city.chiryu.aichi.jp/topics/1666671148381.html | http://www.city.chiryu.aichi.jp/ikkrwebBrowse/material/files/group/4/nihongogakushu_-R4.pdf | http://www.city.chiryu.aichi.jp/ikkrwebBrowse/material/files/group/4/nihongogakushu_R5-.pdf"
"40720","https://www.city.nabari.lg.jp/s035/100/020/20220719150852.html","https://www.city.nabari.lg.jp/s035/100/020/20220719150852.html"
"40749","https://www.city.otsu.lg.jp/business/yushihojo/hojo/nogyo/1390343625297.html","https://www.city.otsu.lg.jp/business/yushihojo/hojo/nogyo/1390343625297.html"
"40802","https://www.city.gojo.lg.jp/kurashi/hojokin/10790.html","https://www.city.gojo.lg.jp/kurashi/hojokin/10790.html | https://www.city.gojo.lg.jp/cgi-bin/inquiry.php/94?page_no=10790"
"40816","http://www.town.tomamae.lg.jp/section/norinsuisan/t55cub000000108b-att/g6v5n20000001puz.pdf","http://www.town.tomamae.lg.jp/section/norinsuisan/t55cub000000108b.html | http://www.town.tomamae.lg.jp/section/norinsuisan/t55cub000000108b-att/g6v5n20000001puz.pdf"
"40754","https://www.city.otsu.lg.jp/soshiki/020/1408/g/b/40477.html","https://www.city.otsu.lg.jp/soshiki/020/1408/g/b/40477.html"
"40826","https://www.pref.shiga.lg.jp/ippan/kendoseibi/koutsu/20104.html","https://www.pref.shiga.lg.jp/ippan/kendoseibi/koutsu/20104.html"
"40831","https://www.city.otsu.lg.jp/b/i/sk/n/f/1390639862341.html","https://www.city.otsu.lg.jp/b/i/sk/n/f/1390639862341.html"
"40848","https://www.city.amakusa.kumamoto.jp/kiji0039988/3_9988_43513_up_imp653gl.pdf","https://www.city.amakusa.kumamoto.jp/kiji0039988/index.html | https://www.city.amakusa.kumamoto.jp/kiji0039988/3_9988_43513_up_imp653gl.pdf"
"40861","https://www.pref.miyazaki.lg.jp/documents/72612/72612_20221028150745-1.pdf","https://www.pref.miyazaki.lg.jp/nosanengei/shigoto/nogyo/20221027151203.html | https://www.pref.miyazaki.lg.jp/documents/72612/72612_20221028150745-1.pdf"
"40856","http://www.tochi-shinkyo.org/assets/files/bus-josei/info001.pdf","http://www.tochi-shinkyo.org/13.html | http://www.tochi-shinkyo.org/assets/files/bus-josei/info001.pdf | http://www.tochi-shinkyo.org/assets/files/bus-josei/info002-2.pdf"
"40862","https://www.pref.miyazaki.lg.jp/documents/72612/72612_20221028150745-1.pdf","https://www.pref.miyazaki.lg.jp/nosanengei/shigoto/nogyo/20221027151203.html | https://www.pref.miyazaki.lg.jp/documents/72612/72612_20221028150745-1.pdf"
"40884","https://www.city.otsu.lg.jp/material/files/group/41/R4siteigyousyaitiran.pdf","https://www.city.otsu.lg.jp/kurashi/kyodo/jichikai/1398683817986.html | https://www.city.otsu.lg.jp/material/files/group/41/R4siteigyousyaitiran.pdf | https://www.city.otsu.lg.jp/material/files/group/41/4de89a71002.pdf | https://www.city.otsu.lg.jp/material/files/group/41/4de88e8c002.pdf | https://www.city.otsu.lg.jp/material/files/group/41/kouhuyoukou.pdf"
"40868","https://www.town.sakawa.lg.jp/life/dtl.php?hdnKey=2393","https://www.town.sakawa.lg.jp/life/dtl.php?hdnKey=2393 | https://www.town.sakawa.lg.jp/file/?t=LD&id=2393&fid=12860 | https://www.town.sakawa.lg.jp/file/?t=LD&id=2393&fid=12859"
"40875","https://www.city.fuchu.tokyo.jp/bunka/sport/hojokin/taiiku.html","https://www.city.fuchu.tokyo.jp/bunka/sport/hojokin/taiiku.html"
"40893","https://www.city.otsu.lg.jp/material/files/group/36/kanouhozyokin18.pdf","https://www.city.otsu.lg.jp/business/sangyo/s/45409.html | https://www.city.otsu.lg.jp/material/files/group/36/kanouhozyokin18.pdf"
"40895","https://www.town.wakasa.tottori.jp/?page_id=21058","https://www.town.wakasa.tottori.jp/?page_id=21058"
"40930","https://www.city.futtsu.lg.jp/0000007156.html","https://www.city.futtsu.lg.jp/0000007156.html"
"40936","https://www.city.otsu.lg.jp/material/files/group/37/20200403tikusankankyouzigyouhozyokinkouhuyoukou.pdf","https://www.city.otsu.lg.jp/business/yushihojo/hojo/nogyo/1390638064282.html | https://www.city.otsu.lg.jp/material/files/group/37/20200403tikusankankyouzigyouhozyokinkouhuyoukou.pdf | https://www.city.otsu.lg.jp/cgi-bin/inquiry.php/55"
"40955","https://www.city.hida.gifu.jp/soshiki/12/kjyutakukaisyuhojyo.html","https://www.city.hida.gifu.jp/soshiki/12/kjyutakukaisyuhojyo.html"
"40964","https://www.town.hino.tottori.jp/item/40889.htm#itemid40889","https://www.town.hino.tottori.jp/item/40889.htm#itemid40889"
"40979","https://www.sangyo-rodo.metro.tokyo.lg.jp/nourin/ringyou/promotion/rinsan/","https://www.sangyo-rodo.metro.tokyo.lg.jp/nourin/ringyou/promotion/rinsan/"
"40991","https://www.pref.oita.jp/uploaded/life/2196959_3829888_misc.pdf","https://www.pref.oita.jp/site/nourinsuisan/r4oitachikusan9hosei.html | https://www.pref.oita.jp/uploaded/life/2196959_3829888_misc.pdf"
"40995","http://www.town.misasa.tottori.jp/315/319/374/1587/28258.html","http://www.town.misasa.tottori.jp/315/319/374/1587/28258.html"
"41017","https://www.harp.lg.jp/SksJuminWeb/EntryForm?id=eRbuyzwx","https://www.city.tomakomai.hokkaido.jp/shisei/shisei/shiseihoshin/senryaku/inntaanhojyo.html | https://www.city.tomakomai.hokkaido.jp/files/00057900/00057945/tirasi.pdf | https://www.city.tomakomai.hokkaido.jp/files/00057900/00057945/kouhuyoukou.pdf | https://www.harp.lg.jp/SksJuminWeb/EntryForm?id=eRbuyzwx"
"41018","https://www.city.saikai.nagasaki.jp/soshiki/seisaku/1/1/9232.html","https://www.city.saikai.nagasaki.jp/soshiki/seisaku/1/1/9232.html | https://www.city.saikai.nagasaki.jp/cgi-bin/inquiry.php/1?page_no=9232"
"41023","https://www.city.ukiha.fukuoka.jp/kiji0036738/index.html","https://www.city.ukiha.fukuoka.jp/kiji0036738/index.html"
"41033","https://www.city.sapporo.jp/eisei/kenkozukuri/documents/1.pdf","https://www.city.sapporo.jp/eisei/kenkozukuri/support.html | https://www.city.sapporo.jp/eisei/kenkozukuri/documents/1.pdf | https://www.city.sapporo.jp/eisei/kenkozukuri/documents/2.pdf"
"41049","https://www.city.shiso.lg.jp/material/files/group/37/sports-kouhuyoukou.pdf","https://www.city.shiso.lg.jp/soshiki/shiminseikatsu/shiminnkyoudou/tantojoho/supotu/shinsei/1386659465791.html | https://www.city.shiso.lg.jp/material/files/group/37/sports-kouhuyoukou.pdf"
"41051","https://www.vill.hinohara.tokyo.jp/0000000413.html","https://www.vill.hinohara.tokyo.jp/0000000413.html"
"41067","https://www.town.shinonsen.hyogo.jp/uppdf/1588038775.pdf","https://www.town.shinonsen.hyogo.jp/page/?mode=detail&detail_mode=topics&page_id=4608e6edfca1d28e114ab35a483bb4d7 | https://www.town.shinonsen.hyogo.jp/uppdf/1588038775.pdf | https://www.town.shinonsen.hyogo.jp/inquiry/?mode=kashitsu&id=25ae2c43547278f0cafeadaeb794e9a3&page_id=4608e6edfca1d28e114ab35a483bb4d7"
"41076","https://www.city.sumoto.lg.jp/site/shinseisho/5338.html","https://www.city.sumoto.lg.jp/site/shinseisho/5338.html"
"41105","https://www.city.unnan.shimane.jp/unnan/kankou/bunkasports/sports/files/system_overview2.pdf","https://www.city.unnan.shimane.jp/unnan/kankou/bunkasports/sports/sports-shonendan-support.html | https://www.city.unnan.shimane.jp/unnan/kankou/bunkasports/sports/files/system_overview2.pdf"
"41109","https://www.city.taito.lg.jp/bosai/bohantaisaku/anzentaisaku/bouhanjyosei/kameraijikannri.html","https://www.city.taito.lg.jp/bosai/bohantaisaku/anzentaisaku/bouhanjyosei/kameraijikannri.html"
"41141","https://www.city.chiyoda.lg.jp/documents/16098/hojyokinseido_1.pdf","https://www.city.chiyoda.lg.jp/koho/kosodate/hoikuen/jigyosya/chintaihojyo.html | https://www.city.chiyoda.lg.jp/documents/16098/hojyokinseido_1.pdf"
"41146","https://www.city.otsu.lg.jp/soshiki/020/1408/g/j/35156.html","https://www.city.otsu.lg.jp/soshiki/020/1408/g/j/35156.html"
"41154","https://www.town.nachikatsuura.wakayama.jp/info/547","https://www.town.nachikatsuura.wakayama.jp/info/547"
"41161","https://www.city.musashino.lg.jp/_res/projects/default_project/_page_/001/005/019/20210517.pdf","https://www.city.musashino.lg.jp/gomi_kankyo/midori_koen/shisaku/1005019.html | https://www.city.musashino.lg.jp/_res/projects/default_project/_page_/001/005/019/20210517.pdf | https://www.city.musashino.lg.jp/cgi-crm/CRM030/CRM030_001/G00600500/1005019"
"41158","https://www.city.musashino.lg.jp/_res/projects/default_project/_page_/001/005/973/burokkubeihozyochirashi.pdf","https://www.city.musashino.lg.jp/kurashi_tetsuzuki/bosai_anzen/bosai_anzen_center_web/jishintaisaku/1005973.html | https://www.city.musashino.lg.jp/_res/projects/default_project/_page_/001/005/973/burokkubeihozyochirashi.pdf"
"41170","https://www.city.minoh.lg.jp/katudou/community/jitikai/hojokin.html","https://www.city.minoh.lg.jp/katudou/community/jitikai/hojokin.html | https://www.city.minoh.lg.jp/cgi-bin/simple_faq/form.cgi"
"41185","https://www.city.ureshino.lg.jp/kenko/bunka/_24634/_26615.html","https://www.city.ureshino.lg.jp/kenko/bunka/_24634/_26615.html"
"41168","https://www.city.minoh.lg.jp/katudou/community/jitikai/hojokin.html","https://www.city.minoh.lg.jp/katudou/community/jitikai/hojokin.html | https://www.city.minoh.lg.jp/cgi-bin/simple_faq/form.cgi"
"41200","https://www.town.yoshika.lg.jp/sangyou/minkanchintaijyutaku/minkanchintaijyutaku.data/youkou7.1.pdf","https://www.town.yoshika.lg.jp/sangyou/minkanchintaijyutaku/minkanchintaijyutaku.html | https://www.town.yoshika.lg.jp/sangyou/minkanchintaijyutaku/minkanchintaijyutaku.data/youkou7.1.pdf"
"41215","https://www.town.motoyama.kochi.jp/soshikikarasagasu/machizukurisuishinka/4/1359.html","https://www.town.motoyama.kochi.jp/soshikikarasagasu/machizukurisuishinka/4/1359.html"
"41202","https://www.city.yokote.lg.jp/_res/projects/default_project/_page_/001/008/610/leaflet.pdf","https://www.city.yokote.lg.jp/shigoto/1001165/1001371/1008760.html | https://www.city.yokote.lg.jp/_res/projects/default_project/_page_/001/008/610/leaflet.pdf"
"41216","https://www.town.motoyama.kochi.jp/soshikikarasagasu/machizukurisuishinka/4/1358.html","https://www.town.motoyama.kochi.jp/soshikikarasagasu/machizukurisuishinka/4/1358.html"
"41223","https://web.pref.hyogo.lg.jp/ks18/wd20_000000115.html","https://web.pref.hyogo.lg.jp/ks18/wd20_000000115.html"
"41224","https://www.town.sera.hiroshima.jp/soshiki/9/7768.html","https://www.town.sera.hiroshima.jp/soshiki/9/7768.html | https://www.town.sera.hiroshima.jp/form/detail.php?sec_sec1=9&inq=03&lif_id=7768&check"
"41258","https://www.city.kawasaki.jp/500/cmsfiles/contents/0000017/17959/mansyon_kaisyu_annai.pdf","https://www.city.kawasaki.jp/500/page/0000017959.html | https://www.city.kawasaki.jp/500/cmsfiles/contents/0000017/17959/mansyon_kaisyu_annai.pdf"
"41229","https://www.city.kawasaki.jp/280/cmsfiles/contents/0000065/65312/youkou.pdf","https://www.city.kawasaki.jp/280/page/0000065312.html | https://www.city.kawasaki.jp/280/cmsfiles/contents/0000065/65312/youkou.pdf"
"41257","https://www.pref.fukui.lg.jp/doc/rousei/kigyoushien/gaikokuzinnzai_d/fil/tirashi.pdf","https://www.pref.fukui.lg.jp/doc/rousei/kigyoushien/gaikokuzinnzai.html | https://www.pref.fukui.lg.jp/doc/rousei/kigyoushien/gaikokuzinnzai_d/fil/tirashi.pdf"
"41260","https://www.city.sukagawa.fukushima.jp/shigoto_sangyo/nogyo/1003360/1012427.html","https://www.city.sukagawa.fukushima.jp/shigoto_sangyo/nogyo/1003360/1012427.html"
"41268","https://www.city.kawasaki.jp/500/cmsfiles/contents/0000050/50671/tokutei_annai.pdf","https://www.city.kawasaki.jp/500/page/0000050671.html | https://www.city.kawasaki.jp/500/cmsfiles/contents/0000050/50671/tokutei_annai.pdf"
"41263","https://www.city.toyota.aichi.jp/_res/projects/default_project/_page_/001/002/560/h31_kunren.pdf","https://www.city.toyota.aichi.jp/kurashi/bousaibouhan/bousaishien/1002560.html | https://www.city.toyota.aichi.jp/_res/projects/default_project/_page_/001/002/560/h31_kunren.pdf"
"41274","https://www.city.shiso.lg.jp/soshiki/shichokoshitsu/shobobosai/tantojoho/bohannsisetsuseibi/10137.html","https://www.city.shiso.lg.jp/soshiki/shichokoshitsu/shobobosai/tantojoho/bohannsisetsuseibi/10137.html"
"41280","https://www.vill.otama.fukushima.jp/oshirase/3055/","https://www.vill.otama.fukushima.jp/oshirase/3055/"
"41276","https://www.city.shiso.lg.jp/material/files/group/8/syoubousisetuseibizigyounaiyouitiran.pdf","https://www.city.shiso.lg.jp/kurashi/bosaibohankotsu/sonota/12750.html | https://www.city.shiso.lg.jp/material/files/group/8/syoubousisetuseibizigyounaiyouitiran.pdf"
"41311","https://www.city.hanamaki.iwate.jp/business/norinchikusan/1008474/1017392.html","https://www.city.hanamaki.iwate.jp/business/norinchikusan/1008474/1017392.html"
"41317","https://www.city.shiojiri.lg.jp/soshiki/12/27129.html","https://www.city.shiojiri.lg.jp/soshiki/12/27129.html"
"41331","https://www.city.chikugo.lg.jp/var/rev0/0032/2058/220729-20.pdf","https://www.city.chikugo.lg.jp/jigyou/_2187/_29341.html | https://www.city.chikugo.lg.jp/var/rev0/0032/2058/220729-20.pdf"
"41333","https://www.city.shiso.lg.jp/kurashi/bosaibohankotsu/jishubosaisoshiki/1386726527955.html","https://www.city.shiso.lg.jp/kurashi/bosaibohankotsu/jishubosaisoshiki/1386726527955.html | https://www.city.shiso.lg.jp/cgi-bin/inquiry.php/8?page_no=5125"
"41348","https://www.city.tosu.lg.jp/soshiki/19/49693.html","https://www.city.tosu.lg.jp/soshiki/19/49693.html"
"41349","https://www.city.nikko.lg.jp/shoukou/kigyourichyuuguuseido.html","https://www.city.nikko.lg.jp/shoukou/kigyourichyuuguuseido.html | https://www.city.nikko.lg.jp/cgi-bin/simple_faq/form.cgi"
"41371","https://www.city.sakata.lg.jp/kigyo/support_grant_fxdast.html","https://www.city.sakata.lg.jp/kigyo/support_grant_fxdast.html | http://www.city.sakata.lg.jp/kigyo/support_grant_fxdast.html"
"41350","https://www.city.nikko.lg.jp/shoukou/kigyourichyuuguuseido.html","https://www.city.nikko.lg.jp/shoukou/kigyourichyuuguuseido.html | https://www.city.nikko.lg.jp/cgi-bin/simple_faq/form.cgi"
"41351","https://www.city.nikko.lg.jp/shoukou/kigyourichyuuguuseido.html","https://www.city.nikko.lg.jp/shoukou/kigyourichyuuguuseido.html | https://www.city.nikko.lg.jp/cgi-bin/simple_faq/form.cgi"
"41426","https://www.city.kato.lg.jp/kakukanogoannai/toshiseibibu/toshiseisakuka/jutaku/jutaku/11138.html","https://www.city.kato.lg.jp/kakukanogoannai/toshiseibibu/toshiseisakuka/jutaku/jutaku/11138.html"
"41412","https://www.city.echizen.lg.jp/office/060/051/neko.html","https://www.city.echizen.lg.jp/office/060/051/neko.html"
"41444","https://www.town.asahi.yamagata.jp/portal/soshikinogoannai/seisakusuishinka/sogoseisakukakari/1/6138.html","https://www.town.asahi.yamagata.jp/portal/soshikinogoannai/seisakusuishinka/sogoseisakukakari/1/6138.html"
"41446","https://www.toshizukuri.or.jp/business/toshidukuri/documents/191201jidounirinjyoseiyouryou.pdf","https://www.toshizukuri.or.jp/business/toshidukuri/index.html | https://www.toshizukuri.or.jp/business/toshidukuri/documents/191201jidounirinjyoseiyouryou.pdf | https://www.city.machida.tokyo.jp/kurashi/sumai/road/parking_subsidy/bike.files/newpannhu.pdf"
"41463","http://www.town.koryo.nara.jp/cmsfiles/contents/0000005/5370/1.pdf","https://www.town.koryo.nara.jp/contents_detail.php?frmId=5370 | http://www.town.koryo.nara.jp/cmsfiles/contents/0000005/5370/1.pdf"
"41454","https://www.city.ishinomaki.lg.jp/d1100/info.html","https://www.city.ishinomaki.lg.jp/d1100/info.html"
"41504","https://www.vill.minamiyamashiro.lg.jp/0000002542.html","https://www.vill.minamiyamashiro.lg.jp/0000002542.html"
"41507","https://www.city.ebina.kanagawa.jp/_res/projects/default_project/_page_/001/003/424/youkou.pdf","https://www.city.ebina.kanagawa.jp/guide/kurashi/pet/1003424.html | https://www.city.ebina.kanagawa.jp/_res/projects/default_project/_page_/001/003/424/youkou.pdf"
"41519","https://www.city.yokote.lg.jp/_res/projects/default_project/_page_/001/006/966/sangakugaiyou.pdf","https://www.city.yokote.lg.jp/shigoto/1005724/1006966.html | https://www.city.yokote.lg.jp/_res/projects/default_project/_page_/001/006/966/sangakugaiyou.pdf"
"41533","https://www.city.meguro.tokyo.jp/kurashi/sumai/enjo/tatesoku.files/tebiki.pdf","https://www.city.meguro.tokyo.jp/kurashi/sumai/enjo/tatesoku.html | https://www.city.meguro.tokyo.jp/kurashi/sumai/enjo/tatesoku.files/tebiki.pdf"
"41544","https://www.town.tsunan.niigata.jp/soshiki/somu/nanshicho-hojo.html","https://www.town.tsunan.niigata.jp/soshiki/somu/nanshicho-hojo.html"
"41547","https://www.city.maniwa.lg.jp/soshiki/40/25792.html","https://www.city.maniwa.lg.jp/soshiki/40/25792.html"
"41556","https://www.city.sanyo-onoda.lg.jp/soshiki/84/boukame.html","https://www.city.sanyo-onoda.lg.jp/soshiki/84/boukame.html"
"41564","https://www.town.oirase.aomori.jp/soshiki/2220/taikaisyutujouhojokinn.html","https://www.town.oirase.aomori.jp/soshiki/2220/taikaisyutujouhojokinn.html"
"41559","https://www.miyoshi.i-tokushima.jp/docs/4842.html","https://www.miyoshi.i-tokushima.jp/docs/4842.html"
"41572","https://www.city.hachioji.tokyo.jp/kurashi/life/003/003/p030508.html","https://www.city.hachioji.tokyo.jp/kurashi/life/003/003/p030508.html"
"41601","https://www.pref.kanagawa.jp/docs/t3u/cnt/f5510/documents/houmonkango_hojyo.html","https://www.pref.kanagawa.jp/docs/t3u/cnt/f5510/documents/houmonkango_hojyo.html"
"41579","https://www.city.hagi.lg.jp/soshiki/49/h46995.html","https://www.city.hagi.lg.jp/soshiki/49/h46995.html"
"41606","https://www.city.kitakata.fukushima.jp/site/syoukou/1795.html","https://www.city.kitakata.fukushima.jp/site/syoukou/1795.html"
"41616","https://www.city.hokuto.yamanashi.jp/genki100/kayoi/hojyo.html","https://www.city.hokuto.yamanashi.jp/genki100/kayoi/hojyo.html"
"41612","https://www.city.takashima.lg.jp/www/contents/1650411800826/index.html","https://www.city.takashima.lg.jp/www/contents/1650411800826/index.html"
"41622","https://www.city.kanonji.kagawa.jp/soshiki/48/19506.html","https://www.city.kanonji.kagawa.jp/soshiki/48/19506.html"
"41641","https://www.town.oi.kanagawa.jp/soshiki/9/denkicar.html","https://www.town.oi.kanagawa.jp/soshiki/9/denkicar.html"
"41642","https://www.vill.oshino.lg.jp/docs/2019030100015/","https://www.vill.oshino.lg.jp/docs/2019030100015/"
"41644","https://www.city.sakata.lg.jp/sangyo/kigyo/shienseido/kigyouricchisokushin.html","https://www.city.sakata.lg.jp/sangyo/kigyo/shienseido/kigyouricchisokushin.html | http://www.city.sakata.lg.jp/kigyo/support_grant_site.html | http://www.city.sakata.lg.jp/kigyo/contact.html"
"41700","https://www.town.tsuwano.lg.jp/www/contents/1648860056109/index.html","https://www.town.tsuwano.lg.jp/www/contents/1648860056109/index.html"
"41653","https://www.city.tomioka.lg.jp/www/contents/1585286348908/index.html","https://www.city.tomioka.lg.jp/www/contents/1585286348908/index.html"
"41732","https://www.pref.osaka.lg.jp/attach/19579/00148573/youkou.pdf","https://www.pref.osaka.lg.jp/keieishien/start-apper/hojyokin.html | https://www.pref.osaka.lg.jp/attach/19579/00148573/youkou.pdf"
"41705","https://www.city.minamiawaji.hyogo.jp/uploaded/attachment/317774.pdf","https://www.city.minamiawaji.hyogo.jp/soshiki/toshi/akiyakakuho.html | https://www.city.minamiawaji.hyogo.jp/uploaded/attachment/317774.pdf"
"41728","https://www.town.yamanobe.yamagata.jp/soshiki/9/yamanobebejinzaiikusei.html","https://www.town.yamanobe.yamagata.jp/soshiki/9/yamanobebejinzaiikusei.html"
"41736","https://www.town.aichi-mihama.lg.jp/docs/2022033100012/","https://www.town.aichi-mihama.lg.jp/docs/2022033100012/"
"41735","https://www.city.aichi-miyoshi.lg.jp/kourei/koureifukushi/kaigojinzaiikusei.html","https://www.city.aichi-miyoshi.lg.jp/kourei/koureifukushi/kaigojinzaiikusei.html | https://www.city.aichi-miyoshi.lg.jp/cgi-bin/faq/form.cgi"
"41734","https://www.city.aichi-miyoshi.lg.jp/kourei/koureifukushi/kaigojinzaiikusei.html","https://www.city.aichi-miyoshi.lg.jp/kourei/koureifukushi/kaigojinzaiikusei.html | https://www.city.aichi-miyoshi.lg.jp/cgi-bin/faq/form.cgi"
"41737","https://www.city.gotsu.lg.jp/soshiki/18/2489.html","https://www.city.gotsu.lg.jp/soshiki/18/2489.html"
"41738","https://www.town.minamioguni.lg.jp/gyousei/ringyo/ringyo-hojokin.html","https://www.town.minamioguni.lg.jp/gyousei/ringyo/ringyo-hojokin.html"
"41740","https://www.town.minamioguni.lg.jp/gyousei/ringyo/ringyo-hojokin.html","https://www.town.minamioguni.lg.jp/gyousei/ringyo/ringyo-hojokin.html"
"41743","https://www.hodatsushimizu.jp/soshiki/norinsuisanka/1_2/4866.html","https://www.hodatsushimizu.jp/soshiki/norinsuisanka/1_2/4866.html"
"41755","https://www.city.sukagawa.fukushima.jp/kanko_sukagawa/kuko_joho/kuko_kasseika/1003633.html","https://www.city.sukagawa.fukushima.jp/kanko_sukagawa/kuko_joho/kuko_kasseika/1003633.html | https://www.city.sukagawa.fukushima.jp/cgi-bin/contacts/kankou_m"
"41754","https://www.city.sukagawa.fukushima.jp/kanko_sukagawa/kuko_joho/kuko_kasseika/1003633.html","https://www.city.sukagawa.fukushima.jp/kanko_sukagawa/kuko_joho/kuko_kasseika/1003633.html | https://www.city.sukagawa.fukushima.jp/cgi-bin/contacts/kankou_m"
"41756","https://www.city.sukagawa.fukushima.jp/kanko_sukagawa/kuko_joho/kuko_kasseika/1003633.html","https://www.city.sukagawa.fukushima.jp/kanko_sukagawa/kuko_joho/kuko_kasseika/1003633.html"
"41760","https://www.pref.fukushima.lg.jp/uploaded/attachment/507926.pdf","https://www.pref.fukushima.lg.jp/sec/32031b/kyouikuryokou.html | https://www.pref.fukushima.lg.jp/uploaded/attachment/507926.pdf | https://www.pref.fukushima.lg.jp/form/detail.php?sec_sec1=122&lif_id=616985&check"
"41764","https://www.city.sukagawa.fukushima.jp/kanko_sukagawa/kuko_joho/1003631.html","https://www.city.sukagawa.fukushima.jp/kanko_sukagawa/kuko_joho/1003631.html | https://www.city.sukagawa.fukushima.jp/cgi-bin/contacts/kankou_m"
"41774","https://www.city.miyakonojo.miyazaki.jp/soshiki/101/9351.html","https://www.city.miyakonojo.miyazaki.jp/soshiki/101/9351.html"
"41789","https://www.city.suzu.lg.jp/soshiki/6/5165.html","https://www.city.suzu.lg.jp/soshiki/6/5165.html"
"41790","https://www.city.oda.lg.jp/ohda_city/city_organization/24a/43/327/3234","https://www.city.oda.lg.jp/ohda_city/city_organization/24a/43/327/3234"