policy_id,primary_url,all_urls
"111338","https://www.gaas-port.jp/20_suzaka/procedure/186?category_id=107","https://www.gaas-port.jp/20_suzaka/procedure/186?category_id=107"
"111339","https://www.city.matsumoto.nagano.jp/soshiki/62/154970.html","https://www.city.matsumoto.nagano.jp/soshiki/62/154970.html"
"111343","https://www.vill.nishigo.fukushima.jp/material/files/group/8/ibasyodukuritirahi03.pdf","https://www.vill.nishigo.fukushima.jp/soshiki/fukushika/ninshin_shussan_kosodate/5839.html | https://www.vill.nishigo.fukushima.jp/material/files/group/8/ibasyodukuritirahi03.pdf"
"111344","https://www.city.daisen.lg.jp/uploads/contents/archive_0000000281_01/R7%E5%A4%A7%E4%BB%99%E5%B8%82%E9%9B%87%E7%94%A8%E5%8A%A9%E6%88%90%E9%87%91%E6%A6%82%E8%A6%81%E5%8F%8A%E3%81%B3%E6%B5%81%E3%82%8C.pdf","https://www.city.daisen.lg.jp/archive/contents-8255 | https://www.city.daisen.lg.jp/uploads/contents/archive_0000000281_01/R7%E5%A4%A7%E4%BB%99%E5%B8%82%E9%9B%87%E7%94%A8%E5%8A%A9%E6%88%90%E9%87%91%E6%A6%82%E8%A6%81%E5%8F%8A%E3%81%B3%E6%B5%81%E3%82%8C.pdf"
"111346","https://www.city.yokosuka.kanagawa.jp/2645/hojoshinsei/kyusyokuhishien.html","https://www.city.yokosuka.kanagawa.jp/2645/hojoshinsei/kyusyokuhishien.html"
"111348","https://www.thk.or.jp/service/life_support.html","https://www.thk.or.jp/service/life_support.html"
"111356","https://www.city.tajimi.lg.jp/kurashi/sangyo/shokogyo/yushi/chushokigyo.html#:~:text=%E5%90%84%E9%87%91%E8%9E%8D%E6%A9%9F%E9%96%A2-,%E5%A4%9A%E6%B2%BB%E8%A6%8B%E5%B8%82%E4%B8%AD%E5%B0%8F%E4%BC%81%E6%A5%AD%E8%9E%8D%E8%B3%87%E5%88%B6%E5%BA%A6%E5%88%A9%E5%AD%90%E8%A3%9C%E7%B5%A6,-%E5%90%8D%E7%A7%B0","https://www.city.tajimi.lg.jp/kurashi/sangyo/shokogyo/yushi/chushokigyo.html#:~:text=%E5%90%84%E9%87%91%E8%9E%8D%E6%A9%9F%E9%96%A2-,%E5%A4%9A%E6%B2%BB%E8%A6%8B%E5%B8%82%E4%B8%AD%E5%B0%8F%E4%BC%81%E6%A5%AD%E8%9E%8D%E8%B3%87%E5%88%B6%E5%BA%A6%E5%88%A9%E5%AD%90%E8%A3%9C%E7%B5%A6,-%E5%90%8D%E7%A7%B0"
"111358","https://www2.town.komono.mie.jp/www/contents/1762656731210/simple/kuiki.pdf","https://www2.town.komono.mie.jp/www/contents/1762656731210/index.html | https://www2.town.komono.mie.jp/www/contents/1762656731210/simple/kuiki.pdf"
"111363","https://www.city.shimonoseki.lg.jp/uploaded/attachment/91746.pdf","https://www.city.shimonoseki.lg.jp/soshiki/57/140578.html | https://www.city.shimonoseki.lg.jp/uploaded/attachment/91746.pdf"
"111357","https://www.city.tajimi.lg.jp/kurashi/sangyo/shokogyo/yushi/chushokigyo.html#:~:text=%E5%A4%9A%E6%B2%BB%E8%A6%8B%E5%B8%82%E4%B8%AD%E5%B0%8F%E4%BC%81%E6%A5%AD%E9%81%8B%E8%BB%A2%E8%B3%87%E9%87%91%E8%9E%8D%E8%B3%87%E5%88%A9%E5%AD%90%E8%A3%9C%E7%B5%A6","https://www.city.tajimi.lg.jp/kurashi/sangyo/shokogyo/yushi/chushokigyo.html#:~:text=%E5%A4%9A%E6%B2%BB%E8%A6%8B%E5%B8%82%E4%B8%AD%E5%B0%8F%E4%BC%81%E6%A5%AD%E9%81%8B%E8%BB%A2%E8%B3%87%E9%87%91%E8%9E%8D%E8%B3%87%E5%88%A9%E5%AD%90%E8%A3%9C%E7%B5%A6"
"111364","https://www.city.shimonoseki.lg.jp/uploaded/attachment/91747.pdf","https://www.city.shimonoseki.lg.jp/soshiki/57/140583.html | https://www.city.shimonoseki.lg.jp/uploaded/attachment/91747.pdf"
"111368","https://higashikawa-town.jp/storage/files/files/r7_pamphlet%281%29%281%29.pdf","https://higashikawa-town.jp/portal/kurashi/panel/77#:~:text=%E6%9D%B1%E5%B7%9D%E7%94%BA%E6%9C%AA%E6%9D%A5%E3%83%81%E3%83%A3%E3%83%AC%E3%83%B3%E3%82%B8%E6%B4%BB%E5%8B%95%E6%94%AF%E6%8F%B4%E4%BA%8B%E6%A5%AD%E8%A3%9C%E5%8A%A9%E9%87%91%E3%81%A8%E3%81%AF | https://higashikawa-town.jp/storage/files/files/r7_pamphlet%281%29%281%29.pdf"
"111369","https://www.town.shikabe.lg.jp/shigoto_sangyo/kigyo_sogyoshien/2843.html","https://www.town.shikabe.lg.jp/shigoto_sangyo/kigyo_sogyoshien/2843.html"
"111377","https://www.city.handa.lg.jp/kurashi/shimin/1001923/1001924/1010605.html","https://www.city.handa.lg.jp/kurashi/shimin/1001923/1001924/1010605.html"
"111370","https://www.city.yokkaichi.lg.jp/www/contents/1760410684129/simple/chirashi.pdf","https://www.city.yokkaichi.lg.jp/www/contents/1760410684129/index.html | https://www.city.yokkaichi.lg.jp/www/contents/1760410684129/simple/chirashi.pdf | https://www.city.yokkaichi.lg.jp/"
"111371","http://www.vill.ooshika.nagano.jp/zyugaibousisaku/","http://www.vill.ooshika.nagano.jp/zyugaibousisaku/"
"111381","https://www.town.kawanishi.yamagata.jp/sangyo/syokogyo/inovetion-gaiyo.pdf","https://www.town.kawanishi.yamagata.jp/sangyo/syokogyo/challenge.html | https://www.town.kawanishi.yamagata.jp/sangyo/syokogyo/inovetion-gaiyo.pdf"
"111383","https://www.city.yokkaichi.lg.jp/www/contents/1001000001363/index.html","https://www.city.yokkaichi.lg.jp/www/contents/1001000001363/index.html"
"111382","https://www.town.minamisanriku.miyagi.jp/shigoto-sangyo/sangyoshinko/3/4/7475.html","https://www.town.minamisanriku.miyagi.jp/shigoto-sangyo/sangyoshinko/3/4/7475.html"
"111387","https://www.town.tagami.niigata.jp/docs/8918.html","https://www.town.tagami.niigata.jp/docs/8918.html"
"111401","https://www.town.kawanishi.yamagata.jp/sangyo/syokogyo/startup-gaiyo.pdf","https://www.town.kawanishi.yamagata.jp/sangyo/syokogyo/sogyo_sokushin.html | https://www.town.kawanishi.yamagata.jp/sangyo/syokogyo/startup-gaiyo.pdf"
"111399","https://www.city.bando.lg.jp/page/page004408.html","https://www.city.bando.lg.jp/page/page004408.html"
"111405","https://www.vill.kitashiobara.fukushima.jp/soshiki/hoken/8422.html","https://www.vill.kitashiobara.fukushima.jp/soshiki/hoken/8422.html"
"111423","https://www.pref.yamagata.jp/documents/8253/r7joseiichiran.pdf","https://www.pref.yamagata.jp/337001/kurashi/kendo/kuukou/shounaikuukou/syo.html | https://www.pref.yamagata.jp/documents/8253/r7joseiichiran.pdf"
"111421","https://www.metro.tokyo.lg.jp/information/press/2025/11/2025111406","https://www.metro.tokyo.lg.jp/information/press/2025/11/2025111406 | https://www.metro.tokyo.lg.jp/information/press/2025/11/2025112101"
"111427","https://www.nedo.go.jp/koubo/CA2_100508.html","https://www.nedo.go.jp/koubo/CA2_100508.html"
"111432","https://www.city.izunokuni.shizuoka.jp/nousin/nousyoukourennkeirokuzi.html","https://www.city.izunokuni.shizuoka.jp/nousin/nousyoukourennkeirokuzi.html"
"111434","https://www.kumamura.com/kiji0031751/3_1751_up_a5u55tyt.pdf","https://www.kumamura.com/kiji0031751/index.html | https://www.kumamura.com/kiji0031751/3_1751_up_a5u55tyt.pdf"
"111439","https://www.town.asagiri.lg.jp/kiji0033867/index.html","https://www.town.asagiri.lg.jp/kiji0033867/index.html"
"111441","https://www.city.miyama.lg.jp/s034/kanko/030/040/20251020092022.html","https://www.city.miyama.lg.jp/s034/kanko/030/040/20251020092022.html"
"111443","https://www.town.tokushima-tsurugi.lg.jp/iju/work/tenpo.html","https://www.town.tokushima-tsurugi.lg.jp/iju/work/tenpo.html"
"111448","https://www.town.fukui-mihama.lg.jp/site/iju/15182.html","https://www.town.fukui-mihama.lg.jp/site/iju/15182.html"
"111449","https://www.city.buzen.lg.jp/kodomosyokudou.html","https://www.city.buzen.lg.jp/kodomosyokudou.html"
"111447","https://www.town.fukui-mihama.lg.jp/site/iju/15181.html","https://www.town.fukui-mihama.lg.jp/site/iju/15181.html"
"111458","https://www.city.awa.lg.jp/docs/2021121700042/file_contents/R7.pdf","https://www.city.awa.lg.jp/docs/2021121700042/ | https://www.city.awa.lg.jp/docs/2021121700042/file_contents/R7.pdf"
"111464","https://www.city.kaminoyama.yamagata.jp/uploaded/attachment/24445.pdf","https://www.city.kaminoyama.yamagata.jp/soshiki/9/sinkijutyuu.html | https://www.city.kaminoyama.yamagata.jp/uploaded/attachment/24445.pdf"
"111465","https://www.city.kyoto.lg.jp/bunshi/page/0000347493.html","https://www.city.kyoto.lg.jp/bunshi/page/0000347493.html"
"111473","https://www.kamishihoro.jp/page/00000288","https://www.kamishihoro.jp/page/00000288"
"111470","https://www.city.higashiomi.shiga.jp/sangyou_business/shoukougyou/1008811/1006375/1006378.html","https://www.city.higashiomi.shiga.jp/sangyou_business/shoukougyou/1008811/1006375/1006378.html"
"111475","https://www.city.kaminoyama.yamagata.jp/soshiki/9/nigiwaisoushutu.html","https://www.city.kaminoyama.yamagata.jp/soshiki/9/nigiwaisoushutu.html"
"111478","https://www.city.matsue.lg.jp/gyoseijoho/hojyokin/sisyo/19591.html","https://www.city.matsue.lg.jp/gyoseijoho/hojyokin/sisyo/19591.html"
"111488","https://www.city.yasugi.shimane.jp/kurashi/gomi/hojo/shuseki-hojo.html","https://www.city.yasugi.shimane.jp/kurashi/gomi/hojo/shuseki-hojo.html"
"111485","https://www.city.yasugi.shimane.jp/kurashi/shiminkatsudo/chiikizukuri/ikiiki.html","https://www.city.yasugi.shimane.jp/kurashi/shiminkatsudo/chiikizukuri/ikiiki.html"
"111491","https://www.city.yasugi.shimane.jp/kurashi/shiminkatsudo/chiikizukuri/sisetsuseibi.html","https://www.city.yasugi.shimane.jp/kurashi/shiminkatsudo/chiikizukuri/sisetsuseibi.html"
"111496","https://www.city.tokamachi.lg.jp/material/files/group/15/flyer_marketgrowth1.pdf","https://www.city.tokamachi.lg.jp/soshiki/sangyokankobu/sangyoseisakuka/1/gyomu/1450419604389.html | https://www.city.tokamachi.lg.jp/material/files/group/15/flyer_marketgrowth1.pdf"
"111493","https://www.city.takashima.lg.jp/soshiki/kenkofukushibu/chiikihokatsushienka/1/2/1505.html","https://www.city.takashima.lg.jp/soshiki/kenkofukushibu/chiikihokatsushienka/1/2/1505.html"
"111498","https://www.niikappu.jp/sangyo/nogyo/nogyokoukeishashien.html#:~:text=%E8%BE%B2%E6%A5%AD%E5%BE%8C%E7%B6%99%E8%80%85%E6%94%AF%E6%8F%B4%E5%AF%BE%E7%AD%96%E4%BA%8B%E6%A5%AD%E8%A3%9C%E5%8A%A9%E9%87%91","https://www.niikappu.jp/sangyo/nogyo/nogyokoukeishashien.html#:~:text=%E8%BE%B2%E6%A5%AD%E5%BE%8C%E7%B6%99%E8%80%85%E6%94%AF%E6%8F%B4%E5%AF%BE%E7%AD%96%E4%BA%8B%E6%A5%AD%E8%A3%9C%E5%8A%A9%E9%87%91"
"111497","https://www.niikappu.jp/sangyo/nogyo/nogyokoukeishashien.html","https://www.niikappu.jp/sangyo/nogyo/nogyokoukeishashien.html"
"111499","https://www.city.nogata.fukuoka.jp/library/kogyo/R7hukugyokengyo/chirashi2.pdf","https://www.city.nogata.fukuoka.jp/sangyo/_1229/_13332.html | https://www.city.nogata.fukuoka.jp/library/kogyo/R7hukugyokengyo/chirashi2.pdf"
"111508","https://www.kankyo.metro.tokyo.lg.jp/safety/gas/lpgas/hojo05","https://www.kankyo.metro.tokyo.lg.jp/safety/gas/lpgas/hojo05"
"111511","https://www.pref.nagano.lg.jp/rodokoyo/tinnage/uwanose.html","https://www.pref.nagano.lg.jp/rodokoyo/tinnage/uwanose.html"
"111509","https://www.pref.nagano.lg.jp/rodokoyo/tinnage/jinzaiikusei.html","https://www.pref.nagano.lg.jp/rodokoyo/tinnage/jinzaiikusei.html"
"111513","https://www.city.maebashi.gunma.jp/soshiki/noseibu/nosei/shinseisho/47540.html","https://www.city.maebashi.gunma.jp/soshiki/noseibu/nosei/shinseisho/47540.html"
"111512","https://www.pref.nagano.lg.jp/rodokoyo/rodo/koyou/keikasoti.html","https://www.pref.nagano.lg.jp/rodokoyo/rodo/koyou/keikasoti.html"
"111514","https://www.pref.nagano.lg.jp/rodokoyo/tinnage/tinnagekannkyouseibi.html","https://www.pref.nagano.lg.jp/rodokoyo/tinnage/tinnagekannkyouseibi.html"
"111527","https://www.city.toyokawa.lg.jp/soshiki/kodomokenkou/kosodateshien/2/2/5/26186.html","https://www.city.toyokawa.lg.jp/soshiki/kodomokenkou/kosodateshien/2/2/5/26186.html"
"111529","https://www.city.toyokawa.lg.jp/shigoto_sangyo/sangyoshinko/6/3/15847.html#:~:text=%EF%BC%88%E5%A4%96%E9%83%A8%E3%83%AA%E3%83%B3%E3%82%AF%EF%BC%89-,%E5%BC%B7%E3%81%84%E5%95%86%E6%A5%AD%E8%80%85%E5%AE%9F%E8%B7%B5%E4%BA%8B%E6%A5%AD,-%EF%BC%88%E5%95%86%E6%A5%AD%E8%80%85%E3%81%AE","https://www.city.toyokawa.lg.jp/shigoto_sangyo/sangyoshinko/6/3/15847.html#:~:text=%EF%BC%88%E5%A4%96%E9%83%A8%E3%83%AA%E3%83%B3%E3%82%AF%EF%BC%89-,%E5%BC%B7%E3%81%84%E5%95%86%E6%A5%AD%E8%80%85%E5%AE%9F%E8%B7%B5%E4%BA%8B%E6%A5%AD,-%EF%BC%88%E5%95%86%E6%A5%AD%E8%80%85%E3%81%AE"
"111528","https://www.city.kurayoshi.lg.jp/secure/5372/25_panphlet_snow.pdf","https://www.city.kurayoshi.lg.jp/5522.htm | https://www.city.kurayoshi.lg.jp/secure/5372/25_panphlet_snow.pdf"
"111530","https://www.city.tamba.lg.jp/material/files/group/31/100.pdf","https://www.city.tamba.lg.jp/soshiki/norinshinkoka/gyomuannai/6/2/10493.html | https://www.city.tamba.lg.jp/material/files/group/31/100.pdf"
"111531","https://www.fuchu-platz.jp/event/1007710.html","https://www.fuchu-platz.jp/event/1007710.html"
"111539","https://www.city.gojo.lg.jp/soshiki/kiki/3/4/12579.html","https://www.city.gojo.lg.jp/soshiki/kiki/3/4/12579.html"
"111540","https://www.city.gojo.lg.jp/soshiki/kiki/3/4/12579.html#:~:text=Word%E3%83%95%E3%82%A1%E3%82%A4%E3%83%AB%3A34.5KB)-,%E8%87%AA%E4%B8%BB%E9%98%B2%E7%81%BD%E7%B5%84%E7%B9%94%E6%B4%BB%E5%8B%95%E8%A3%9C%E5%8A%A9%E9%87%91,-%E4%BA%94%E6%A2%9D%E5%B8%82%E8%87%AA%E4%B8%BB","https://www.city.gojo.lg.jp/soshiki/kiki/3/4/12579.html#:~:text=Word%E3%83%95%E3%82%A1%E3%82%A4%E3%83%AB%3A34.5KB)-,%E8%87%AA%E4%B8%BB%E9%98%B2%E7%81%BD%E7%B5%84%E7%B9%94%E6%B4%BB%E5%8B%95%E8%A3%9C%E5%8A%A9%E9%87%91,-%E4%BA%94%E6%A2%9D%E5%B8%82%E8%87%AA%E4%B8%BB"
"111545","https://www.city.iwaki.lg.jp/www/contents/1731649808124/index.html","https://www.city.iwaki.lg.jp/www/contents/1731649808124/index.html"
"111543","http://sensyu.truck.or.jp/asset/00032/zyoseikin/nenryoutaisakusien/R7/izumi/pamphlet-R7.pdf","http://sensyu.truck.or.jp/fuelsubsidy-izumicity-r7.html | http://sensyu.truck.or.jp/asset/00032/zyoseikin/nenryoutaisakusien/R7/izumi/pamphlet-R7.pdf"
"111546","https://www.city.yamagata-yamagata.lg.jp/kenkofukushi/kaigo/1006650/1017227.html","https://www.city.yamagata-yamagata.lg.jp/kenkofukushi/kaigo/1006650/1017227.html"
"111553","https://www.city.tamba.lg.jp/soshiki/shokoshinkoka/gyomuannai/3/3/7/7569.html","https://www.city.tamba.lg.jp/soshiki/shokoshinkoka/gyomuannai/3/3/7/7569.html"
"111550","https://www.city.wakayama.wakayama.jp/1016047/sangyoukigyousien/1002106.html","https://www.city.wakayama.wakayama.jp/1016047/sangyoukigyousien/1002106.html"
"111554","https://www.city.higashiomi.shiga.jp/machizukuri_kankyou/douro_kasen_tochi/1008929/1003653.html","https://www.city.higashiomi.shiga.jp/machizukuri_kankyou/douro_kasen_tochi/1008929/1003653.html"
"111560","https://www.city.edogawa.tokyo.jp/e032/shigotosangyo/jigyosha_oen/sangyo_jigyosya/jyosei/akitenpo_jyosei.html","https://www.city.edogawa.tokyo.jp/e032/shigotosangyo/jigyosha_oen/sangyo_jigyosya/jyosei/akitenpo_jyosei.html"
"111555","https://www.city.kurashiki.okayama.jp/_res/projects/default_project/_page_/001/005/462/chirashi.pdf","https://www.city.kurashiki.okayama.jp/business/industry/1012617/1005462.html | https://www.city.kurashiki.okayama.jp/_res/projects/default_project/_page_/001/005/462/chirashi.pdf"
"111561","https://www.city.kurashiki.okayama.jp/_res/projects/default_project/_page_/001/011/025/tirashir7.pdf","https://www.city.kurashiki.okayama.jp/business/industry/1012617/1011025.html | https://www.city.kurashiki.okayama.jp/_res/projects/default_project/_page_/001/011/025/tirashir7.pdf"
"111563","https://www.city.kurashiki.okayama.jp/_res/projects/default_project/_page_/001/011/024/r7hojokintirasi2.pdf","https://www.city.kurashiki.okayama.jp/business/industry/1012617/1011024.html | https://www.city.kurashiki.okayama.jp/_res/projects/default_project/_page_/001/011/024/r7hojokintirasi2.pdf"
"111564","https://www.tsuyama-biz.jp/wp-content/uploads/2025/03/f655a184d63bd2c2c306a78106db03dd.pdf","https://www.tsuyama-biz.jp/support/ | https://www.tsuyama-biz.jp/wp-content/uploads/2025/03/f655a184d63bd2c2c306a78106db03dd.pdf"
"111565","https://www.tsuyama-biz.jp/wp-content/uploads/2025/03/39cba1bc283f7219d628f473fa661022.pdf","https://www.tsuyama-biz.jp/support/ | https://www.tsuyama-biz.jp/wp-content/uploads/2025/03/39cba1bc283f7219d628f473fa661022.pdf"
"111568","https://www.city.kurayoshi.lg.jp/1451.htm","https://www.city.kurayoshi.lg.jp/1451.htm"
"111566","https://www.city.kuji.lg.jp/kurashi_tetsuzuki/anzen_anshin/3/1/5229.html","https://www.city.kuji.lg.jp/kurashi_tetsuzuki/anzen_anshin/3/1/5229.html"
"111569","https://www.city.kurayoshi.lg.jp/5539.htm","https://www.city.kurayoshi.lg.jp/5539.htm"
"111573","https://www.city.matsuyama.ehime.jp/kurashi/kaigohoken/koureisyashien/ippannkaigo/salon.html","https://www.city.matsuyama.ehime.jp/kurashi/kaigohoken/koureisyashien/ippannkaigo/salon.html"
"111572","https://www.vill.minamiaso.lg.jp/kiji0033906/index.html","https://www.vill.minamiaso.lg.jp/kiji0033906/index.html"
"111575","https://www.city.kofu.yamanashi.jp/gakkokyoiku/kyoiku/kyoiku/chu/shidoushashikaku.html","https://www.city.kofu.yamanashi.jp/gakkokyoiku/kyoiku/kyoiku/chu/shidoushashikaku.html"
"111576","https://www.town.kuriyama.hokkaido.jp/uploaded/life/33544_54547_misc.pdf","https://www.town.kuriyama.hokkaido.jp/soshiki/51/28235.html | https://www.town.kuriyama.hokkaido.jp/uploaded/life/33544_54547_misc.pdf"
"111579","https://www.city.soja.okayama.jp/jinkouup/sangyo-machi/akindo.html","https://www.city.soja.okayama.jp/jinkouup/sangyo-machi/akindo.html | https://www.city.soja.okayama.jp/data/open/cnt/3/11275/1/akindoouen.pdf?20251014130158"
"111600","https://www.town.yubetsu.lg.jp/administration/work/detail.html?content=154","https://www.town.yubetsu.lg.jp/administration/work/detail.html?content=154"
"111612","https://www.city.izumisano.lg.jp/kakuka/seicyou/furusato/menu/shienhojokin/jibasanyuuchi.html","https://www.city.izumisano.lg.jp/kakuka/seicyou/furusato/menu/shienhojokin/jibasanyuuchi.html"
"111613","https://www.town.taiwa.miyagi.jp/material/files/group/17/12635.pdf","https://www.town.taiwa.miyagi.jp/shigoto_sangyo/no_ringyo/nogyo/3/2761.html | https://www.town.taiwa.miyagi.jp/material/files/group/17/12635.pdf"
"111615","https://www.hsc.or.jp/consul/business/","https://www.hsc.or.jp/consul/business/"
"111617","https://www.town.hiraizumi.iwate.jp/%e8%be%b2%e6%a9%9f%e5%85%b7%e7%ad%89%e3%83%9e%e3%83%83%e3%83%81%e3%83%b3%e3%82%b0%e4%ba%8b%e6%a5%ad%e3%81%ae%e3%81%8a%e7%9f%a5%e3%82%89%e3%81%9b-33747/","https://www.town.hiraizumi.iwate.jp/%e8%be%b2%e6%a9%9f%e5%85%b7%e7%ad%89%e3%83%9e%e3%83%83%e3%83%81%e3%83%b3%e3%82%b0%e4%ba%8b%e6%a5%ad%e3%81%ae%e3%81%8a%e7%9f%a5%e3%82%89%e3%81%9b-33747/"
"111619","https://www.town.funagata.yamagata.jp/s010/shigoto/050/250/20211201115218.html","https://www.town.funagata.yamagata.jp/s010/shigoto/050/250/20211201115218.html"
"111623","https://www.sangyo-rodo.metro.tokyo.lg.jp/gfct/initiatives/nurturing-players/fintech/security-token","https://www.sangyo-rodo.metro.tokyo.lg.jp/gfct/initiatives/nurturing-players/fintech/security-token"
"111635","https://www.seikatubunka.metro.tokyo.lg.jp/tomin_anzen/chian/bouhankankyo/bouhankankyo_05","https://www.seikatubunka.metro.tokyo.lg.jp/tomin_anzen/chian/bouhankankyo/bouhankankyo_05 | https://www.seikatubunka.metro.tokyo.lg.jp/documents/d/seikatubunka/ijikanri"
"111625","https://www.city.kawaguchi.lg.jp/soshiki/01110/050/2/hojyokintou/49877.html","https://www.city.kawaguchi.lg.jp/soshiki/01110/050/2/hojyokintou/49877.html"
"111641","https://www.hsc.or.jp/hsc_wp/wp-content/uploads/2025/04/70388e1cc021d0325d352cc3e98e20cf.pdf","https://www.hsc.or.jp/consul/entre_mentor/ | https://www.hsc.or.jp/hsc_wp/wp-content/uploads/2025/04/70388e1cc021d0325d352cc3e98e20cf.pdf"
"111638","https://www.seikatubunka.metro.tokyo.lg.jp/tomin_anzen/chian/bouhankankyo/bouhankankyo_02","https://www.seikatubunka.metro.tokyo.lg.jp/tomin_anzen/chian/bouhankankyo/bouhankankyo_02 | https://www.seikatubunka.metro.tokyo.lg.jp/documents/d/seikatubunka/bouhansetsubi"
"111642","https://www.seikatubunka.metro.tokyo.lg.jp/tomin_anzen/chian/bouhankankyo/bouhankankyo_08","https://www.seikatubunka.metro.tokyo.lg.jp/tomin_anzen/chian/bouhankankyo/bouhankankyo_08 | https://www.seikatubunka.metro.tokyo.lg.jp/documents/d/seikatubunka/chiikianzen"
"111643","https://www.hsc.or.jp/hsc_wp/wp-content/uploads/2025/04/41e289bd51241d061736bbf38d1860a6.pdf","https://www.hsc.or.jp/news/senmonkahaken_2025/ | https://www.hsc.or.jp/hsc_wp/wp-content/uploads/2025/04/41e289bd51241d061736bbf38d1860a6.pdf"
"111647","https://www.hsc.or.jp/consul/marketing_mediation/","https://www.hsc.or.jp/consul/marketing_mediation/"
"111650","https://www.seikatubunka.metro.tokyo.lg.jp/tomin_anzen/chian/bouhankankyo/bouhankankyo_06","https://www.seikatubunka.metro.tokyo.lg.jp/tomin_anzen/chian/bouhankankyo/bouhankankyo_06 | https://www.seikatubunka.metro.tokyo.lg.jp/documents/d/seikatubunka/unyou"
"111651","https://www.city.uruma.lg.jp/1008003000/contents/p000037.html","https://www.city.uruma.lg.jp/1008003000/contents/p000037.html"
"111669","https://www.vill.rusutsu.lg.jp/hotnews/files/00003100/00003157/machidukuri_bosyu_r7.pdf","https://www.vill.rusutsu.lg.jp/hotnews/detail/00003157.html | https://www.vill.rusutsu.lg.jp/hotnews/files/00003100/00003157/machidukuri_bosyu_r7.pdf"
"111668","https://www.pref.fukushima.lg.jp/sec/32011b/zigyousyasien.html","https://www.pref.fukushima.lg.jp/sec/32011b/zigyousyasien.html"
"111673","https://www.vill.rusutsu.lg.jp/hotnews/files/00003100/00003148/kigyoshien_bosyu_r7.pdf","https://www.vill.rusutsu.lg.jp/hotnews/detail/00003148.html | https://www.vill.rusutsu.lg.jp/hotnews/files/00003100/00003148/kigyoshien_bosyu_r7.pdf"
"111675","https://www.pref.fukushima.lg.jp/sec/32011b/purojinzai-hojo.html","https://www.pref.fukushima.lg.jp/sec/32011b/purojinzai-hojo.html"
"111681","https://nakanoku-shindanshikai.com/wp-content/uploads/2025/06/dokodemo2025_flyer.pdf","https://nakanoku-shindanshikai.com/?p=2564 | https://nakanoku-shindanshikai.com/wp-content/uploads/2025/06/dokodemo2025_flyer.pdf"
"111683","https://www.pref.fukushima.lg.jp/sec/32011b/purojinzai-hojo.html#:~:text=Word%E3%83%95%E3%82%A1%E3%82%A4%E3%83%AB%EF%BC%8F29KB%5D-,%E7%A6%8F%E5%B3%B6%E7%9C%8C%E5%89%AF%E6%A5%AD%E3%83%BB%E5%85%BC%E6%A5%AD%E3%83%97%E3%83%AD%E3%83%95%E3%82%A7%E3%83%83%E3%82%B7%E3%83%A7%E3%83%8A%E3%83%AB%E4%BA%BA%E6%9D%90%E6%B4%BB%E7%94%A8%E4%BF%83%E9%80%B2%E4%BA%8B%E6%A5%AD%E8%A3%9C%E5%8A%A9%E9%87%91,-%E7%A6%8F%E5%B3%B6%E7%9C%8C%E3%83%97%E3%83%AD%E3%83%95%E3%82%A7%E3%83%83%E3%82%B7%E3%83%A7%E3%83%8A%E3%83%AB","https://www.pref.fukushima.lg.jp/sec/32011b/purojinzai-hojo.html#:~:text=Word%E3%83%95%E3%82%A1%E3%82%A4%E3%83%AB%EF%BC%8F29KB%5D-,%E7%A6%8F%E5%B3%B6%E7%9C%8C%E5%89%AF%E6%A5%AD%E3%83%BB%E5%85%BC%E6%A5%AD%E3%83%97%E3%83%AD%E3%83%95%E3%82%A7%E3%83%83%E3%82%B7%E3%83%A7%E3%83%8A%E3%83%AB%E4%BA%BA%E6%9D%90%E6%B4%BB%E7%94%A8%E4%BF%83%E9%80%B2%E4%BA%8B%E6%A5%AD%E8%A3%9C%E5%8A%A9%E9%87%91,-%E7%A6%8F%E5%B3%B6%E7%9C%8C%E3%83%97%E3%83%AD%E3%83%95%E3%82%A7%E3%83%83%E3%82%B7%E3%83%A7%E3%83%8A%E3%83%AB"
"111715","https://www.city.itoshima.lg.jp/s047/020/010/160/100/R7keieikakushinyouryou.pdf","https://www.city.itoshima.lg.jp/s047/020/010/160/100/20220722161751.html | https://www.city.itoshima.lg.jp/s047/020/010/160/100/R7keieikakushinyouryou.pdf"
"111684","https://www.city.tokyo-nakano.lg.jp/kurashi/soudan/shigoto/kigyo/syokosodan.html","https://www.city.tokyo-nakano.lg.jp/kurashi/soudan/shigoto/kigyo/syokosodan.html"
"111723","https://www.tsuyama-biz.jp/wp-content/uploads/2025/03/7067588e663ff8f26d75bc6ae98a7729.pdf","https://www.tsuyama-biz.jp/support/ | https://www.tsuyama-biz.jp/wp-content/uploads/2025/03/7067588e663ff8f26d75bc6ae98a7729.pdf"
"111726","https://www.city.hanamaki.iwate.jp/business/norinchikusan/1000249/1008474/1022821.html","https://www.city.hanamaki.iwate.jp/business/norinchikusan/1000249/1008474/1022821.html"
"111724","https://www.city.hanamaki.iwate.jp/business/norinchikusan/1000249/1008474/1022656.html","https://www.city.hanamaki.iwate.jp/business/norinchikusan/1000249/1008474/1022656.html"
"111730","https://www.city.hanamaki.iwate.jp/business/norinchikusan/1000249/1008474/1022812.html","https://www.city.hanamaki.iwate.jp/business/norinchikusan/1000249/1008474/1022812.html"
"111727","https://www.city.hanamaki.iwate.jp/business/norinchikusan/1000249/1008474/1022824.html","https://www.city.hanamaki.iwate.jp/business/norinchikusan/1000249/1008474/1022824.html"
"111729","https://www.tsuyama-biz.jp/wp-content/uploads/2025/03/512d0dc23077a466fe78679655917323.pdf","https://www.tsuyama-biz.jp/support/ | https://www.tsuyama-biz.jp/wp-content/uploads/2025/03/512d0dc23077a466fe78679655917323.pdf"
"111731","https://www.city.hanamaki.iwate.jp/business/norinchikusan/1000249/1008474/1022826.html","https://www.city.hanamaki.iwate.jp/business/norinchikusan/1000249/1008474/1022826.html"
"111733","https://www.city.hanamaki.iwate.jp/business/norinchikusan/1000249/1008474/1022825.html","https://www.city.hanamaki.iwate.jp/business/norinchikusan/1000249/1008474/1022825.html"
"111732","https://www.tsuyama-biz.jp/wp-content/uploads/2025/03/d2697f29c00cf87ae93d181e1f651e4c.pdf","https://www.tsuyama-biz.jp/support/ | https://www.tsuyama-biz.jp/wp-content/uploads/2025/03/d2697f29c00cf87ae93d181e1f651e4c.pdf"
"111735","https://www.tsuyama-biz.jp/support/","https://www.tsuyama-biz.jp/support/"
"111738","https://www.tsuyama-biz.jp/wp-content/uploads/2025/03/7428973140c7cb1b5033baf440bc7931.pdf","https://www.tsuyama-biz.jp/support/ | https://www.tsuyama-biz.jp/wp-content/uploads/2025/03/7428973140c7cb1b5033baf440bc7931.pdf"
"111737","https://www.city.hanamaki.iwate.jp/business/norinchikusan/1000249/1008474/1022822.html","https://www.city.hanamaki.iwate.jp/business/norinchikusan/1000249/1008474/1022822.html"
"111739","https://www.city.hanamaki.iwate.jp/business/norinchikusan/1000249/1008474/1022827.html","https://www.city.hanamaki.iwate.jp/business/norinchikusan/1000249/1008474/1022827.html"
"111741","https://www.city.hanamaki.iwate.jp/business/norinchikusan/1000249/1008474/1022829.html","https://www.city.hanamaki.iwate.jp/business/norinchikusan/1000249/1008474/1022829.html"
"111740","https://www.tsuyama-biz.jp/wp-content/uploads/2025/03/427f0e36237305926f21ee96010d2235.pdf","https://www.tsuyama-biz.jp/support/ | https://www.tsuyama-biz.jp/wp-content/uploads/2025/03/427f0e36237305926f21ee96010d2235.pdf"
"111747","https://www.city.hanamaki.iwate.jp/business/sangyoshien/keieihojo/1017682.html","https://www.city.hanamaki.iwate.jp/business/sangyoshien/keieihojo/1017682.html"
"111742","https://www.tsuyama-biz.jp/wp-content/uploads/2025/03/0d576db0ca6c8f8d6aa7f6448df68d10.pdf","https://www.tsuyama-biz.jp/support/ | https://www.tsuyama-biz.jp/wp-content/uploads/2025/03/0d576db0ca6c8f8d6aa7f6448df68d10.pdf"
"111748","https://www.city.tamano.lg.jp/soshiki/16/1901.html","https://www.city.tamano.lg.jp/soshiki/16/1901.html"
"111752","https://www.city.tamano.lg.jp/uploaded/attachment/31350.pdf","https://www.city.tamano.lg.jp/soshiki/16/33376.html | https://www.city.tamano.lg.jp/uploaded/attachment/31350.pdf"
"111750","https://www.city.tamano.lg.jp/soshiki/16/12333.html","https://www.city.tamano.lg.jp/soshiki/16/12333.html"
"111749","https://www.city.hanamaki.iwate.jp/_res/projects/default_project/_page_/001/013/781/r7leflet00.pdf","https://www.city.hanamaki.iwate.jp/business/sangyoshien/keieihojo/1013781.html | https://www.city.hanamaki.iwate.jp/_res/projects/default_project/_page_/001/013/781/r7leflet00.pdf"
"111754","https://www.memuro.net/administration/soshiki/miryoku/joseikin/sangyo_josei.html","https://www.memuro.net/administration/soshiki/miryoku/joseikin/sangyo_josei.html"
"111760","https://yamanashi-energy6.com/img/imgdata/agriculture/flyer_agriculture.pdf","https://yamanashi-energy6.com/agriculture.html | https://yamanashi-energy6.com/img/imgdata/agriculture/flyer_agriculture.pdf"
"111757","https://yamanashi-energy6.com/img/imgdata/company/flyer_company.pdf","https://yamanashi-energy6.com/company.html | https://yamanashi-energy6.com/img/imgdata/company/flyer_company.pdf"
"111761","https://yamanashi-energy6.com/img/imgdata/welfare/flyer_welfare.pdf","https://yamanashi-energy6.com/welfare.html | https://yamanashi-energy6.com/img/imgdata/welfare/flyer_welfare.pdf"
"111770","https://www.city.takeo.lg.jp/information/2025/05/010982.html","https://www.city.takeo.lg.jp/information/2025/05/010982.html"
"111787","https://www.town.shizukuishi.iwate.jp/docs/2024022700029/file_contents/chirashi.pdf","https://www.town.shizukuishi.iwate.jp/docs/2024022700029/ | https://www.town.shizukuishi.iwate.jp/docs/2024022700029/file_contents/chirashi.pdf"
"111788","https://www.city.kasumigaura.lg.jp/page/page019078.html","https://www.city.kasumigaura.lg.jp/page/page019078.html"
"111803","https://www.town.kaminokawa.lg.jp/0028/info-0000002672-0.html","https://www.town.kaminokawa.lg.jp/0028/info-0000002672-0.html"
"111800","https://www.city.setouchi.lg.jp/uploaded/attachment/106026.pdf","https://www.city.setouchi.lg.jp/soshiki/22/3207.html | https://www.city.setouchi.lg.jp/uploaded/attachment/106026.pdf"
"111817","https://www.town.kumenan.lg.jp/industry_business/syoukou/hojo/koukeisha.html","https://www.town.kumenan.lg.jp/industry_business/syoukou/hojo/koukeisha.html"
"111808","https://www.city.ichikikushikino.lg.jp/seisaku4/tabunka3.html#:~:text=%E5%A4%96%E5%9B%BD%E4%BA%BA%E7%95%99%E5%AD%A6%E7%94%9F%E3%81%AB%E5%AF%BE%E3%81%99%E3%82%8B%E5%A5%A8%E5%AD%A6%E9%87%91%E6%94%AF%E6%8F%B4%E5%88%B6%E5%BA%A6%E3%81%AB%E3%81%A4%E3%81%84%E3%81%A6","https://www.city.ichikikushikino.lg.jp/seisaku4/tabunka3.html#:~:text=%E5%A4%96%E5%9B%BD%E4%BA%BA%E7%95%99%E5%AD%A6%E7%94%9F%E3%81%AB%E5%AF%BE%E3%81%99%E3%82%8B%E5%A5%A8%E5%AD%A6%E9%87%91%E6%94%AF%E6%8F%B4%E5%88%B6%E5%BA%A6%E3%81%AB%E3%81%A4%E3%81%84%E3%81%A6"
"111805","https://www.city.akaiwa.lg.jp/annai/sangyoushinkou/syoukoukankou/jigyousya/shien/912.html#an4","https://www.city.akaiwa.lg.jp/annai/sangyoushinkou/syoukoukankou/jigyousya/shien/912.html#an4"
"111822","https://www.city.ichikikushikino.lg.jp/shokan1/20230929.html","https://www.city.ichikikushikino.lg.jp/shokan1/20230929.html"
"111823","https://www.southokayama-biz.jp/wp-content/uploads/2025/05/skillup_2025.pdf","https://www.southokayama-biz.jp/news/20250502-2/ | https://www.southokayama-biz.jp/wp-content/uploads/2025/05/skillup_2025.pdf"
"111829","https://www.town.yazu.tottori.jp/uploaded/attachment/7635.pdf","https://www.town.yazu.tottori.jp/soshiki/18/1216.html | https://www.town.yazu.tottori.jp/uploaded/attachment/7635.pdf"
"111839","https://www.city.tomioka.lg.jp/www/contents/1440132744381/files/chirashi.pdf","https://www.city.tomioka.lg.jp/www/contents/1440132744381/index.html | https://www.city.tomioka.lg.jp/www/contents/1440132744381/files/chirashi.pdf"
"111853","https://www.city.sayama.saitama.jp/kankou/kigyoshien/kashikahojyokin.files/2025kashika.pdf","https://www.city.sayama.saitama.jp/kankou/kigyoshien/kashikahojyokin.html | https://www.city.sayama.saitama.jp/kankou/kigyoshien/kashikahojyokin.files/2025kashika.pdf"
"111854","https://jcmanet.or.jp/jcm/wp-content/uploads/2025/04/setsumei-shiryo01_gaiyo.pdf","https://jcmanet.or.jp/hojojigyo-top/hojojigyo_r6_hosei/ | https://jcmanet.or.jp/jcm/wp-content/uploads/2025/04/setsumei-shiryo01_gaiyo.pdf | https://jcmanet.or.jp/jcm/wp-content/uploads/2025/05/2_setsumei_5.pdf | https://jcmanet.or.jp/jcm/wp-content/uploads/2025/05/hojokoubo_panfu_3.pdf"
"111856","https://www.city.asago.hyogo.jp/soshiki/23/22052.html","https://www.city.asago.hyogo.jp/soshiki/23/22052.html"
"111859","https://www.city.chiba.jp/chuo/chiikizukuri/kasseika8.html","https://www.city.chiba.jp/chuo/chiikizukuri/kasseika8.html"
"111860","https://www.city.meguro.tokyo.jp/sangyoukeizai/shigoto/kigyoushien/kasseikashien.html#:~:text=%E8%A1%97%E8%B7%AF%E7%81%AF%E9%9B%BB%E6%B0%97%E6%96%99%E9%87%91%E7%AD%89%E8%A3%9C%E5%8A%A9","https://www.city.meguro.tokyo.jp/sangyoukeizai/shigoto/kigyoushien/kasseikashien.html#:~:text=%E8%A1%97%E8%B7%AF%E7%81%AF%E9%9B%BB%E6%B0%97%E6%96%99%E9%87%91%E7%AD%89%E8%A3%9C%E5%8A%A9"
"111896","https://www.town.nagatoro.saitama.jp/wp-content/uploads/2025/11/1ddb4eb78a6a87673745b55e1257ff18-1.pdf","https://www.town.nagatoro.saitama.jp/%e9%99%a4%e9%9b%aa%e4%bd%9c%e6%a5%ad%e8%a3%9c%e5%8a%a9%e9%87%91%e4%ba%a4%e4%bb%98%e4%ba%8b%e6%a5%ad/ | https://www.town.nagatoro.saitama.jp/wp-content/uploads/2025/11/1ddb4eb78a6a87673745b55e1257ff18-1.pdf"
"111869","https://hogo-zoushin.jp/","https://hogo-zoushin.jp/"
"111905","http://o-bunka.t-zaidan.jp/","http://o-bunka.t-zaidan.jp/"
"111928","https://www.city.onojo.fukuoka.jp/s051/030/010/010/130/030/10441.html#:~:text=%E7%9B%B8%E8%AB%87%E3%81%8F%E3%81%A0%E3%81%95%E3%81%84%E3%80%82-,%E5%95%93%E7%99%BA%E4%BA%8B%E6%A5%AD%E5%8A%A9%E6%88%90%E9%87%91,-%E5%BA%83%E3%81%8F%E5%A4%A7%E9%87%8E","https://www.city.onojo.fukuoka.jp/s051/030/010/010/130/030/10441.html#:~:text=%E7%9B%B8%E8%AB%87%E3%81%8F%E3%81%A0%E3%81%95%E3%81%84%E3%80%82-,%E5%95%93%E7%99%BA%E4%BA%8B%E6%A5%AD%E5%8A%A9%E6%88%90%E9%87%91,-%E5%BA%83%E3%81%8F%E5%A4%A7%E9%87%8E"
"111933","https://www.city.nakama.lg.jp/soshiki/27/1281.html#:~:text=%E8%B3%87%E6%BA%90%E5%9B%9E%E5%8F%8E%E5%9B%A3%E4%BD%93%E5%A5%A8%E5%8A%B1%E8%A3%9C%E5%8A%A9%E9%87%91","https://www.city.nakama.lg.jp/soshiki/27/1281.html#:~:text=%E8%B3%87%E6%BA%90%E5%9B%9E%E5%8F%8E%E5%9B%A3%E4%BD%93%E5%A5%A8%E5%8A%B1%E8%A3%9C%E5%8A%A9%E9%87%91"
"111929","https://www.city.onojo.fukuoka.jp/s051/030/010/010/130/030/10441.html#:~:text=50%E4%B8%87%E5%86%86%EF%BC%89-,%E5%82%99%E5%93%81%E8%B3%BC%E5%85%A5%E8%B2%BB%E5%8A%A9%E6%88%90%E9%87%91,-%E6%B4%BB%E5%8B%95%E3%81%AB%E5%BF%85%E8%A6%81","https://www.city.onojo.fukuoka.jp/s051/030/010/010/130/030/10441.html#:~:text=50%E4%B8%87%E5%86%86%EF%BC%89-,%E5%82%99%E5%93%81%E8%B3%BC%E5%85%A5%E8%B2%BB%E5%8A%A9%E6%88%90%E9%87%91,-%E6%B4%BB%E5%8B%95%E3%81%AB%E5%BF%85%E8%A6%81"
"111939","https://www.city.chikushino.fukuoka.jp/uploaded/attachment/28930.pdf","https://www.city.chikushino.fukuoka.jp/soshiki/3/34389.html | https://www.city.chikushino.fukuoka.jp/uploaded/attachment/28930.pdf"
"111941","https://www.city.chikushino.fukuoka.jp/uploaded/attachment/28760.pdf","https://www.city.chikushino.fukuoka.jp/soshiki/3/24280.html | https://www.city.chikushino.fukuoka.jp/uploaded/attachment/28760.pdf"
"111946","https://okicul-pr.jp/200_/230_/2025-11-14-15-56.html","https://okicul-pr.jp/200_/230_/2025-11-14-15-56.html"
"111972","https://www.city.kagoshima.lg.jp/keizai/nourinsuisan/seisanryutu/documents/tikurintirashihenkougo.pdf","https://www.city.kagoshima.lg.jp/keizai/nourinsuisan/seisanryutu/tikurinseibishien.html | https://www.city.kagoshima.lg.jp/keizai/nourinsuisan/seisanryutu/documents/tikurintirashihenkougo.pdf"
"111977","https://www.city.hashimoto.lg.jp/guide/keizaisuisinbu/sangyousinkou/sangyou_hojyokin/13141.html","https://www.city.hashimoto.lg.jp/guide/keizaisuisinbu/sangyousinkou/sangyou_hojyokin/13141.html"
"111986","https://www.city.ebetsu.hokkaido.jp/soshiki/kaigo/145262.html","https://www.city.ebetsu.hokkaido.jp/soshiki/kaigo/145262.html"
"111992","https://www.pref.gunma.jp/uploaded/attachment/682281.pdf","https://www.pref.gunma.jp/page/731650.html | https://www.pref.gunma.jp/uploaded/attachment/682281.pdf"
"112001","https://www.city.koga.fukuoka.jp/uploads/source/kankyo/%E5%8F%AF%E8%A6%96%E5%8C%96%E3%82%B7%E3%82%B9%E3%83%86%E3%83%A0%E8%A3%9C%E5%8A%A9%E9%87%91%E3%83%81%E3%83%A9%E3%82%B7%E3%83%87%E3%83%BC%E3%82%BF%20.pdf","https://www.city.koga.fukuoka.jp/cityhall/work/kankyo/007.php | https://www.city.koga.fukuoka.jp/uploads/source/kankyo/%E5%8F%AF%E8%A6%96%E5%8C%96%E3%82%B7%E3%82%B9%E3%83%86%E3%83%A0%E8%A3%9C%E5%8A%A9%E9%87%91%E3%83%81%E3%83%A9%E3%82%B7%E3%83%87%E3%83%BC%E3%82%BF%20.pdf"
"112003","https://www.pref.hokkaido.lg.jp/hf/cis/newkikin/241216.html","https://www.pref.hokkaido.lg.jp/hf/cis/newkikin/241216.html"
"112005","https://shoukei.smrj.go.jp/#counseling_counter","https://shoukei.smrj.go.jp/#counseling_counter"
"112010","https://www.city.katsushika.lg.jp/_res/projects/default_project/_page_/001/030/853/panhu.pdf","https://www.city.katsushika.lg.jp/kurashi/1000062/1023018/1035385/1030853.html | https://www.city.katsushika.lg.jp/_res/projects/default_project/_page_/001/030/853/panhu.pdf"
"112006","https://www.city.munakata.lg.jp/kiji0034123/3_4123_8168_up_hvx42ki0.pdf","https://www.city.munakata.lg.jp/kiji0034123/index.html | https://www.city.munakata.lg.jp/kiji0034123/3_4123_8168_up_hvx42ki0.pdf"
"112024","https://www.city.fujieda.shizuoka.jp/soshiki/shiminkyodo/kyodoseisaku/gyomu/jitikai/hojo/24805.html","https://www.city.fujieda.shizuoka.jp/soshiki/shiminkyodo/kyodoseisaku/gyomu/jitikai/hojo/24805.html"
"112022","https://www.city.kawagoe.saitama.jp/kenko/fukushi/1006736/1006825/1006828.html","https://www.city.kawagoe.saitama.jp/kenko/fukushi/1006736/1006825/1006828.html"
"112015","https://www.city.koto.lg.jp/221010/documents/syogaisaiyoukadutouhi.pdf","https://www.city.koto.lg.jp/221010/saiyohojyo.html | https://www.city.koto.lg.jp/221010/documents/syogaisaiyoukadutouhi.pdf"
"112026","https://www.city.yaita.tochigi.jp/uploaded/attachment/15378.pdf","https://www.city.yaita.tochigi.jp/soshiki/nougyosinkou/syuunyuuhoken.html | https://www.city.yaita.tochigi.jp/uploaded/attachment/15378.pdf"
"112047","https://www.city.kyoto.lg.jp/kankyo/page/0000347380.html","https://www.city.kyoto.lg.jp/kankyo/page/0000347380.html"
"112043","https://www.city.yokosuka.kanagawa.jp/2645/hozyokinn.html","https://www.city.yokosuka.kanagawa.jp/2645/hozyokinn.html"
"112053","https://www.city.yokosuka.kanagawa.jp/2645/hozyokinn.html","https://www.city.yokosuka.kanagawa.jp/2645/hozyokinn.html"
"112054","https://www.city.dazaifu.lg.jp/uploaded/attachment/25325.pdf","https://www.city.dazaifu.lg.jp/soshiki/26/2986.html#:~:text=%E5%A4%AA%E5%AE%B0%E5%BA%9C%E5%B8%82%E5%9C%B0%E5%9F%9F%E8%AA%B2%E9%A1%8C%E8%A7%A3%E6%B1%BA%E3%82%B9%E3%82%BF%E3%83%BC%E3%83%88%E3%82%A2%E3%83%83%E3%83%97%E7%AD%89%E8%B3%83%E6%96%99%E8%A3%9C%E5%8A%A9%E9%87%91%E3%80%90%E4%BB%A4%E5%92%8C6%E5%B9%B49%E6%9C%88%E6%96%B0%E8%A8%AD%E3%80%91 | https://www.city.dazaifu.lg.jp/uploaded/attachment/25325.pdf"
"112056","https://www.city.yokosuka.kanagawa.jp/2645/hozyokinn.html","https://www.city.yokosuka.kanagawa.jp/2645/hozyokinn.html"
"112061","https://www.city.asaka.lg.jp/soshiki/50/syogai-fukyuukeihatsu-hojokin.html","https://www.city.asaka.lg.jp/soshiki/50/syogai-fukyuukeihatsu-hojokin.html"
"112068","https://www.city.hachinohe.aomori.jp/kurashi_tetsuzuki/kyodonomachizukuri/genzainojigyo/21028.html","https://www.city.hachinohe.aomori.jp/kurashi_tetsuzuki/kyodonomachizukuri/genzainojigyo/21028.html"
"112058","https://www.city.okegawa.lg.jp/soshiki/soumubu/jichishinko/chiiki/chiiki/1771.html","https://www.city.okegawa.lg.jp/soshiki/soumubu/jichishinko/chiiki/chiiki/1771.html"
"112069","https://www.town.kumiyama.lg.jp/0000002334.html","https://www.town.kumiyama.lg.jp/0000002334.html"
"112071","https://www.city.yawata.kyoto.jp/0000008826.html","https://www.city.yawata.kyoto.jp/0000008826.html"
"112072","https://www.metro.tokyo.lg.jp/information/press/2025/11/2025112526","https://www.metro.tokyo.lg.jp/information/press/2025/11/2025112526 | https://www.metro.tokyo.lg.jp/documents/d/tosei/20251125_36_01"
"112077","https://www.vill.tozawa.yamagata.jp/files/libs/2295/202510081721221917.pdf","https://www.vill.tozawa.yamagata.jp/tantokaichiran/machidukurika/#:~:text=%E6%88%B8%E6%B2%A2%E6%9D%91%E4%B8%AD%E5%B0%8F%E4%BC%81%E6%A5%AD%E7%92%B0%E5%A2%83%E6%94%B9%E5%96%84%E4%BA%8B%E6%A5%AD%E5%8A%A9%E6%88%90%E9%87%91 | https://www.vill.tozawa.yamagata.jp/files/libs/2295/202510081721221917.pdf"
"112074","https://www.pref.mie.lg.jp/MONOZU/HP/m0142100237.htm","https://www.pref.mie.lg.jp/MONOZU/HP/m0142100237.htm"
"112073","https://www.digitalservice.metro.tokyo.lg.jp/business/tokyo-data-highway/vm-openroaming-wifi","https://www.digitalservice.metro.tokyo.lg.jp/business/tokyo-data-highway/vm-openroaming-wifi"
"112084","https://www.city.isesaki.lg.jp/kurashi_tetsuzuki/kankyohozen/keihatsukatsudo_hojokin_joseikin/17275.html","https://www.city.isesaki.lg.jp/kurashi_tetsuzuki/kankyohozen/keihatsukatsudo_hojokin_joseikin/17275.html"
"112110","https://www.city.kashihara.nara.jp/soshiki/3001/gyomu/kodomosyokudou/14180.html","https://www.city.kashihara.nara.jp/soshiki/3001/gyomu/kodomosyokudou/14180.html"
"112082","https://www.town.kumiyama.lg.jp/cmsfiles/contents/0000004/4783/gaiyou.pdf","https://www.town.kumiyama.lg.jp/0000004783.html | https://www.town.kumiyama.lg.jp/cmsfiles/contents/0000004/4783/gaiyou.pdf | https://www.town.kumiyama.lg.jp/cmsfiles/contents/0000004/4783/chirashi.pdf"
"112120","https://www.city.fukutsu.lg.jp/material/files/group/39/R7_sougyouhojokin_tirasi-3.pdf","https://www.city.fukutsu.lg.jp/sangyou/shoko/5482.html | https://www.city.fukutsu.lg.jp/material/files/group/39/R7_sougyouhojokin_tirasi-3.pdf"
"112122","https://www.city.kanzaki.saga.jp/main/19406.html","https://www.city.kanzaki.saga.jp/main/19406.html"
"112121","https://www.city.kochi.kochi.jp/uploaded/attachment/87950.pdf","https://www.city.kochi.kochi.jp/soshiki/135/saigaikyuuyu.html | https://www.city.kochi.kochi.jp/uploaded/attachment/87950.pdf"
"112124","https://www.city.miyoshi.hiroshima.jp/soshiki/31/1548.html","https://www.city.miyoshi.hiroshima.jp/soshiki/31/1548.html"
"112123","https://www.city.suwa.lg.jp/soshiki/15/3541.html","https://www.city.suwa.lg.jp/soshiki/15/3541.html"
"112126","https://www.city.miyoshi.hiroshima.jp/soshiki/31/1566.html","https://www.city.miyoshi.hiroshima.jp/soshiki/31/1566.html"
"112127","https://www.city.miyoshi.hiroshima.jp/soshiki/31/1565.html","https://www.city.miyoshi.hiroshima.jp/soshiki/31/1565.html"
"112128","https://www.city.miyoshi.hiroshima.jp/soshiki/31/1553.html","https://www.city.miyoshi.hiroshima.jp/soshiki/31/1553.html"
"112129","https://www.city.miyoshi.hiroshima.jp/soshiki/31/1530.html","https://www.city.miyoshi.hiroshima.jp/soshiki/31/1530.html"
"112130","https://www.city.ukiha.fukuoka.jp/kiji0037478/index.html","https://www.city.ukiha.fukuoka.jp/kiji0037478/index.html"
"112135","https://www.town.aridagawa.lg.jp/top/kakuka/kanaya/9/3/1/8713.html","https://www.town.aridagawa.lg.jp/top/kakuka/kanaya/9/3/1/8713.html"
"112138","https://www.city.miyoshi.hiroshima.jp/soshiki/31/25114.html","https://www.city.miyoshi.hiroshima.jp/soshiki/31/25114.html"
"112140","https://www.city.ukiha.fukuoka.jp/kiji0037939/index.html","https://www.city.ukiha.fukuoka.jp/kiji0037939/index.html"
"112149","https://www.city.ukiha.fukuoka.jp/kiji0037079/index.html","https://www.city.ukiha.fukuoka.jp/kiji0037079/index.html"
"112155","https://www.city.ukiha.fukuoka.jp/kiji0037065/index.html","https://www.city.ukiha.fukuoka.jp/kiji0037065/index.html"
"112177","https://www.city.komaki.aichi.jp/material/files/group/14/jisedaiaramasi202404_pdf.pdf","https://www.city.komaki.aichi.jp/admin/soshiki/chiikikassei/kigyouricchi/1/nextgeneration/hojo/7138.html | https://www.city.komaki.aichi.jp/material/files/group/14/jisedaiaramasi202404_pdf.pdf"
"112162","https://www.city.mobara.chiba.jp/cmsfiles/contents/0000008/8857/7.8.12.pdf","https://www.city.mobara.chiba.jp/0000008857.html | https://www.city.mobara.chiba.jp/cmsfiles/contents/0000008/8857/7.8.12.pdf"
"112175","https://www.city.kuwana.lg.jp/hoiku/shiyouzumikamiomutsushobun.html","https://www.city.kuwana.lg.jp/hoiku/shiyouzumikamiomutsushobun.html"
"112182","https://www.town.tatsuno.lg.jp/gyosei/shigoto_sangyo/jigyoshien/1738.html","https://www.town.tatsuno.lg.jp/gyosei/shigoto_sangyo/jigyoshien/1738.html"
"112179","https://gxleague.go.jp/rules/gx-guidance/","https://gxleague.go.jp/rules/gx-guidance/ | https://www.nedo.go.jp/koubo/IT2_100380.html"
"112183","https://www.pref.aomori.lg.jp/soshiki/kenko/kkenkofu/files/bukkakoutoushienleaflet.pdf","https://www.pref.aomori.lg.jp/soshiki/kenko/kkenkofu/iryofukushitoubukkakoutoushienkin.html | https://www.pref.aomori.lg.jp/soshiki/kenko/kkenkofu/files/bukkakoutoushienleaflet.pdf"
"112187","https://www.city.ota.tokyo.jp/sangyo/syogyo_sangyo/minasamahe/ootanoakinaisienjigyounogoannai.html","https://www.city.ota.tokyo.jp/sangyo/syogyo_sangyo/minasamahe/ootanoakinaisienjigyounogoannai.html | https://www.city.ota.tokyo.jp/sangyo/syogyo_sangyo/minasamahe/ootanoakinaisienjigyounogoannai.files/HP_R7_1_shienjigyounogoannai.pdf#page=31"
"112188","https://www.city.miyawaka.lg.jp/kiji003445887/index.html","https://www.city.miyawaka.lg.jp/kiji003445887/index.html"
"112191","https://www.pref.osaka.lg.jp/documents/11270/r8hozyokinpamhplet.pdf","https://www.pref.osaka.lg.jp/o070100/bunka/news/geibunhojo.html | https://www.pref.osaka.lg.jp/documents/11270/r8hozyokinpamhplet.pdf"
"112199","https://www.town.tatsuno.lg.jp/material/files/group/6/gaiyou_kaisyuuhi.pdf","https://www.town.tatsuno.lg.jp/gyosei/shigoto_sangyo/jigyoshien/1717.html#akitenpohojo | https://www.town.tatsuno.lg.jp/material/files/group/6/gaiyou_kaisyuuhi.pdf | https://www.town.tatsuno.lg.jp/material/files/group/6/gaiyou_chinsyakuryou.pdf"
"112209","https://www.city.kuwana.lg.jp/hoiku/teatsuihoikushihaichi.html","https://www.city.kuwana.lg.jp/hoiku/teatsuihoikushihaichi.html"
"112207","https://www.town.yoshimi.saitama.jp/soshiki/sougou_seisaku/kigyouban_furusato/4084.html","https://www.town.yoshimi.saitama.jp/soshiki/sougou_seisaku/kigyouban_furusato/4084.html"
"112217","https://www.city.kasama.lg.jp/page/page016824.html","https://www.city.kasama.lg.jp/page/page016824.html"
"112215","https://www.city.ichikikushikino.lg.jp/shokan1/20211222kasohou.html","https://www.city.ichikikushikino.lg.jp/shokan1/20211222kasohou.html"
"112218","https://www.city.annaka.lg.jp/page/12792.html","https://www.city.annaka.lg.jp/page/12792.html"
"112220","https://www.city.motomiya.lg.jp/soshiki/15/sogyoshienhojokin.html","https://www.city.motomiya.lg.jp/soshiki/15/sogyoshienhojokin.html"
"112221","https://www.city.kama.lg.jp/soshiki/4/3529.html","https://www.city.kama.lg.jp/soshiki/4/3529.html"
"112225","https://www.city.kama.lg.jp/uploaded/attachment/24985.pdf","https://www.city.kama.lg.jp/soshiki/41/36276.html | https://www.city.kama.lg.jp/uploaded/attachment/24985.pdf"
"112226","https://www.city.fukutsu.lg.jp/kyoudou/jichi/jichikai/hojokin/2193.html","https://www.city.fukutsu.lg.jp/kyoudou/jichi/jichikai/hojokin/2193.html"
"112229","https://www.city.awara.lg.jp/mokuteki/life/life06/life0608/p001724.html","https://www.city.awara.lg.jp/mokuteki/life/life06/life0608/p001724.html"
"112231","https://www.city.kama.lg.jp/soshiki/19/40290.html","https://www.city.kama.lg.jp/soshiki/19/40290.html"
"112239","https://www.city.fukuchiyama.lg.jp/soshiki/11/39677.html","https://www.city.fukuchiyama.lg.jp/soshiki/11/39677.html"
"112237","https://www.city.fukuchiyama.lg.jp/soshiki/78/44410.html#:~:text=%E5%B7%A5%E5%A0%B4%E8%A8%AD%E7%BD%AE%E5%A5%A8%E5%8A%B1%EF%BC%88%E5%9B%BA%E5%AE%9A%E8%B3%87%E7%94%A3%E7%A8%8E%E6%B8%9B%E5%85%8D%EF%BC%89","https://www.city.fukuchiyama.lg.jp/soshiki/78/44410.html#:~:text=%E5%B7%A5%E5%A0%B4%E8%A8%AD%E7%BD%AE%E5%A5%A8%E5%8A%B1%EF%BC%88%E5%9B%BA%E5%AE%9A%E8%B3%87%E7%94%A3%E7%A8%8E%E6%B8%9B%E5%85%8D%EF%BC%89"
"112234","https://www.city.fukutsu.lg.jp/material/files/group/28/kouminnkannhojo_2025.pdf","https://www.city.fukutsu.lg.jp/kyoudou/jichi/jichikai/hojokin/6788.html | https://www.city.fukutsu.lg.jp/material/files/group/28/kouminnkannhojo_2025.pdf"
"112258","https://woman-career-change.jp/company/index.php","https://woman-career-change.jp/company/index.php"
"112249","https://www.city.chigasaki.kanagawa.jp/sangyo/1043316/1057620.html","https://www.city.chigasaki.kanagawa.jp/sangyo/1043316/1057620.html"
"112250","https://horse-fw.or.jp/2026-subsidy/","https://horse-fw.or.jp/2026-subsidy/"
"112266","https://www.city.naka.lg.jp/bunka-sports-shimin/kyoudou-machidukuri/page001402.html","https://www.city.naka.lg.jp/bunka-sports-shimin/kyoudou-machidukuri/page001402.html"
"112262","https://www.city.naka.lg.jp/kurashi-tetsuduki/koutsu-bouhan/bouhan/page010746.html","https://www.city.naka.lg.jp/kurashi-tetsuduki/koutsu-bouhan/bouhan/page010746.html"
"112268","https://www.city.sapporo.jp/shogaifukushi/jiritsushien/kinkyuukeireisouhi.html","https://www.city.sapporo.jp/shogaifukushi/jiritsushien/kinkyuukeireisouhi.html"
"112273","https://www.city.minamata.lg.jp/kiji0033046/index.html","https://www.city.minamata.lg.jp/kiji0033046/index.html"
"112281","https://www.city.nagahama.lg.jp/0000012739.html","https://www.city.nagahama.lg.jp/0000012739.html"
"112290","https://www.city.tokyo-nakano.lg.jp/jigyosha/sangyoshinko/keieisien/syucyou-soudan.html","https://www.city.tokyo-nakano.lg.jp/jigyosha/sangyoshinko/keieisien/syucyou-soudan.html"
"112305","https://www.city.yurihonjo.lg.jp/1001504/1002136/1003367.html","https://www.city.yurihonjo.lg.jp/1001504/1002136/1003367.html"
"112293","https://www.pref.chiba.lg.jp/ontai/led-switch/documents/r7-led-flyer.pdf","https://www.pref.chiba.lg.jp/ontai/led-switch/led-sanka.html | https://www.pref.chiba.lg.jp/ontai/led-switch/documents/r7-led-flyer.pdf"
"112292","https://www.city.kobayashi.lg.jp/soshikikarasagasu/keizaibunogyoshinkoka/noringyo/1/10655.html","https://www.city.kobayashi.lg.jp/soshikikarasagasu/keizaibunogyoshinkoka/noringyo/1/10655.html"
"112310","https://www.city.yonezawa.yamagata.jp/material/files/group/20/2025sougyou.pdf","https://www.city.yonezawa.yamagata.jp/seikatsu_navi/hojo/business/6857.html | https://www.city.yonezawa.yamagata.jp/material/files/group/20/2025sougyou.pdf"
"112333","https://www.city.asakura.lg.jp/www/contents/1462760917323/files/gaiyou.pdf","https://www.city.asakura.lg.jp/www/contents/1462760917323/index.html | https://www.city.asakura.lg.jp/www/contents/1462760917323/files/gaiyou.pdf"
"112312","https://www.city.asakura.lg.jp/www/contents/1302828222049/index.html","https://www.city.asakura.lg.jp/www/contents/1302828222049/index.html"
"112367","https://www.city-kirishima.jp/shoukoushinkou/machizukuri/shokogyo/zigyoukeizokukyuhukin2/documents/13_chirashi.pdf","http://www.city-kirishima.jp/shoukoushinkou/machizukuri/shokogyo/zigyoukeizokukyuhukin2/r7_enerugi-_torakkuunsotou.html | https://www.city-kirishima.jp/shoukoushinkou/machizukuri/shokogyo/zigyoukeizokukyuhukin2/documents/13_chirashi.pdf"
"112391","https://www.city.yokkaichi.lg.jp/www/contents/1679016717791/index.html","https://www.city.yokkaichi.lg.jp/www/contents/1679016717791/index.html"
"112374","https://fukuokapref-navi.jp/wp-content/uploads/2024/07/corp_tanjikan_leaflet.pdf","https://fukuokapref-navi.jp/ | https://fukuokapref-navi.jp/wp-content/uploads/2024/07/corp_tanjikan_leaflet.pdf"
"112400","https://www.city.sakuragawa.lg.jp/shisei/nouringyou/page009128.html","https://www.city.sakuragawa.lg.jp/shisei/nouringyou/page009128.html"
"112401","https://www.city.hokuto.yamanashi.jp/docs/12547.html","https://www.city.hokuto.yamanashi.jp/docs/12547.html"
"112412","https://www.enecho.meti.go.jp/category/saving_and_new/saving/general/housing/kyutokidonyu/kyutodonyuhojo2025.html","https://www.enecho.meti.go.jp/category/saving_and_new/saving/general/housing/kyutokidonyu/kyutodonyuhojo2025.html | https://www.enecho.meti.go.jp/category/saving_and_new/saving/general/housing/data/koukouritsukyutoki_gaiyou2026.pdf?update=251128"
"112413","https://www.enecho.meti.go.jp/category/saving_and_new/saving/general/housing/kyutokidonyu/chintaisyugo2025.html","https://www.enecho.meti.go.jp/category/saving_and_new/saving/general/housing/kyutokidonyu/chintaisyugo2025.html | https://www.enecho.meti.go.jp/category/saving_and_new/saving/general/housing/data/drain-list.xlsx | https://www.enecho.meti.go.jp/category/saving_and_new/saving/general/housing/data/chintaisyugo_gaiyou2026.pdf?update=251128"
"112440","https://www.city.ota.gunma.jp/page/3119.html","https://www.city.ota.gunma.jp/page/3119.html"
"112417","https://www.meti.go.jp/press/2025/11/20251128005/20251128005.html","https://www.meti.go.jp/press/2025/11/20251128005/20251128005.html"
"112443","https://www.city.toyama.lg.jp/_res/projects/default_project/_page_/001/018/002/chirashi.pdf","https://www.city.toyama.lg.jp/bunka/sports/1010564/1018002.html | https://www.city.toyama.lg.jp/_res/projects/default_project/_page_/001/018/002/chirashi.pdf"
"112482","http://www.city-kirishima.jp/kikaku/energy_kyufu.html","http://www.city-kirishima.jp/kikaku/energy_kyufu.html"
"112470","https://www.town.miyako.lg.jp/soumu3/soumu/syuukaisyohojoseido-2.html","https://www.town.miyako.lg.jp/soumu3/soumu/syuukaisyohojoseido-2.html"
"112483","https://www.city.kashima.ibaraki.jp/soshiki/42/88476.html","https://www.city.kashima.ibaraki.jp/soshiki/42/88476.html"
"112487","https://bnet-okayama.jp/img/support/mini-eco-town.pdf","https://bnet-okayama.jp/support/support_1 | https://bnet-okayama.jp/img/support/mini-eco-town.pdf"
"112488","https://betsukai.jp/kurashi/fukushi/kourei_fukushi/ikoinoba/","https://betsukai.jp/kurashi/fukushi/kourei_fukushi/ikoinoba/"
"112503","https://www.city.beppu.oita.jp/doc/sangyou/wellness/sien/carehojyo/chirasi.pdf","https://www.city.beppu.oita.jp/sangyou/wellness/sien/carehojyo.html | https://www.city.beppu.oita.jp/doc/sangyou/wellness/sien/carehojyo/chirasi.pdf"
"112510","https://www.city.kakuda.lg.jp/soshiki/12/22116.html","https://www.city.kakuda.lg.jp/soshiki/12/22116.html"
"112521","https://www.town.misasa.tottori.jp/files/64920.pdf","https://www.town.misasa.tottori.jp/315/319/327/23892.html | https://www.town.misasa.tottori.jp/files/64920.pdf"
"112524","https://www.town.misasa.tottori.jp/files/64920.pdf","https://www.town.misasa.tottori.jp/315/319/327/23892.html | https://www.town.misasa.tottori.jp/files/64920.pdf"
"112526","https://www.town.misasa.tottori.jp/files/64920.pdf","https://www.town.misasa.tottori.jp/315/319/327/23892.html | https://www.town.misasa.tottori.jp/files/64920.pdf"
"112531","https://www.city.ichinomiya.aichi.jp/_res/projects/default_project/_page_/001/020/487/2025yuusiseioannai.pdf","https://www.city.ichinomiya.aichi.jp/katsuryokusouzou/sangyoushinkou/1044297/1044298/1010591/1020487.html | https://www.city.ichinomiya.aichi.jp/_res/projects/default_project/_page_/001/020/487/2025yuusiseioannai.pdf"
"112532","https://tokkolpg-shienkin.tokyo/assets/pdf/electricity-flyer.pdf","https://tokkolpg-shienkin.tokyo/ | https://tokkolpg-shienkin.tokyo/assets/pdf/electricity-flyer.pdf | https://tokkolpg-shienkin.tokyo/assets/pdf/lpgas-flyer.pdf"
"112536","https://www.yiso.or.jp/subsidy/fund.html","https://www.yiso.or.jp/subsidy/fund.html"
"112534","https://www.pref.fukuoka.lg.jp/contents/kensanmokuzaigangu.html","https://www.pref.fukuoka.lg.jp/contents/kensanmokuzaigangu.html"
"112539","https://www.town.nishihara.okinawa.jp/soshiki/17/11647.html","https://www.town.nishihara.okinawa.jp/soshiki/17/11647.html"
"112538","https://www.jfc.or.jp/news_subsidy/%E4%BC%8A%E5%8B%A2%E3%83%A8%E3%82%B7%E3%82%AF%E3%83%8B%E7%92%B0%E5%A2%83%E4%BF%9D%E8%AD%B7%E5%9F%BA%E9%87%91%EF%BC%882026%E5%B9%B4%EF%BC%89/","https://www.jfc.or.jp/news_subsidy/%E4%BC%8A%E5%8B%A2%E3%83%A8%E3%82%B7%E3%82%AF%E3%83%8B%E7%92%B0%E5%A2%83%E4%BF%9D%E8%AD%B7%E5%9F%BA%E9%87%91%EF%BC%882026%E5%B9%B4%EF%BC%89/"
"112541","https://www.town.yahaba.iwate.jp/soshiki/kyouiku/kurashi/17627542521611/","https://www.town.yahaba.iwate.jp/soshiki/kyouiku/kurashi/17627542521611/"
"112542","https://www.town.minamisanriku.miyagi.jp/kosodate-kyoiku/kosodateshien/7411.html","https://www.town.minamisanriku.miyagi.jp/kosodate-kyoiku/kosodateshien/7411.html"
"112545","https://www.town.yoshinogari.lg.jp/lifeinfo/sangyo_kanko/sangyoshinko/1369.html","https://www.town.yoshinogari.lg.jp/lifeinfo/sangyo_kanko/sangyoshinko/1369.html"
"112543","https://www.town.yoshinogari.lg.jp/lifeinfo/soshiki/nourin/3/3/5161.html","https://www.town.yoshinogari.lg.jp/lifeinfo/soshiki/nourin/3/3/5161.html"
"112560","https://www.city.tokorozawa.saitama.jp/kurashi/seikatukankyo/kankyo/ekojyosei/smart3.files/zitikaiR7.pdf","https://www.city.tokorozawa.saitama.jp/kurashi/seikatukankyo/kankyo/ekojyosei/smart3.html | https://www.city.tokorozawa.saitama.jp/kurashi/seikatukankyo/kankyo/ekojyosei/smart3.files/zitikaiR7.pdf"
"112582","https://www.city.sagamihara.kanagawa.jp/kankou/1026674/1026704/1026705/1028735.html","https://www.city.sagamihara.kanagawa.jp/kankou/1026674/1026704/1026705/1028735.html"
"112564","https://www.kaigo-kiban-portal.jp/","https://www.kaigo-kiban-portal.jp/"
"112592","https://db.pref.tottori.jp/r6hojyokinkoukai.nsf/5a4e300c6b3c4a8c49257c8b000a1390/4ff7d9b4c4c8f97e49258ae500275acb?OpenDocument","https://db.pref.tottori.jp/r6hojyokinkoukai.nsf/5a4e300c6b3c4a8c49257c8b000a1390/4ff7d9b4c4c8f97e49258ae500275acb?OpenDocument"
"112588","https://www.city.chuo.lg.jp/documents/16425/2025tirashi.pdf","https://www.city.chuo.lg.jp/citypromotion/20241215.html | https://www.city.chuo.lg.jp/documents/16425/2025tirashi.pdf"
"112586","https://www.pref.wakayama.lg.jp/prefg/070400/d00221209.html","https://www.pref.wakayama.lg.jp/prefg/070400/d00221209.html"
"112599","https://www.pref.tottori.lg.jp/255475.htm","https://www.pref.tottori.lg.jp/255475.htm"
"112606","https://www.city.moriguchi.osaka.jp/shigoto_sangyo/sangyoshinko_jigyoshien_joseikin/1/7363.html#:~:text=2.%E5%95%86%E5%BA%97%E4%BC%9A%E7%AD%89%E9%98%B2%E7%8A%AF%E5%AF%BE%E5%BF%9C%E8%A8%AD%E5%82%99%E3%81%AB%E9%96%A2%E3%81%99%E3%82%8B%E8%A3%9C%E5%8A%A9%E9%87%91","https://www.city.moriguchi.osaka.jp/shigoto_sangyo/sangyoshinko_jigyoshien_joseikin/1/7363.html#:~:text=2.%E5%95%86%E5%BA%97%E4%BC%9A%E7%AD%89%E9%98%B2%E7%8A%AF%E5%AF%BE%E5%BF%9C%E8%A8%AD%E5%82%99%E3%81%AB%E9%96%A2%E3%81%99%E3%82%8B%E8%A3%9C%E5%8A%A9%E9%87%91"
"112609","https://www.mlit.go.jp/kankocho/kobo08_00054.html","https://www.mlit.go.jp/kankocho/kobo08_00054.html"
"112610","https://www.city.saga-kashima.lg.jp/site_files/file/%E9%9A%8F%E6%99%82%E5%8B%9F%E9%9B%86%20%E3%83%81%E3%83%A9%E3%82%B7%EF%BC%8F%E5%B8%82%E8%A3%9C%E5%8A%A9%E9%87%91%EF%BC%88%E7%89%B9%E7%94%A3%E5%93%81%E9%96%8B%E7%99%BA%E3%83%BB%E8%B2%A9%E8%B7%AF%E6%8B%A1%E5%A4%A7%EF%BC%89.pdf","https://www.city.saga-kashima.lg.jp/main/25355.html | https://www.city.saga-kashima.lg.jp/site_files/file/%E9%9A%8F%E6%99%82%E5%8B%9F%E9%9B%86%20%E3%83%81%E3%83%A9%E3%82%B7%EF%BC%8F%E5%B8%82%E8%A3%9C%E5%8A%A9%E9%87%91%EF%BC%88%E7%89%B9%E7%94%A3%E5%93%81%E9%96%8B%E7%99%BA%E3%83%BB%E8%B2%A9%E8%B7%AF%E6%8B%A1%E5%A4%A7%EF%BC%89.pdf"
"112611","https://www.pref.nagano.lg.jp/enchiku/kentan.html","https://www.pref.nagano.lg.jp/enchiku/kentan.html"
"112612","https://www.city.joso.lg.jp/kurashi_gyousei/jigyousha/nougyou_ringyou/news_farmer/page004556.html","https://www.city.joso.lg.jp/kurashi_gyousei/jigyousha/nougyou_ringyou/news_farmer/page004556.html | https://www.pref.ibaraki.jp/nourinsuisan/noseisaku/senryaku/2kaikaku/documents/711guidebook0.pdf#page=9"
"112615","https://www.city.ozu.ehime.jp/uploaded/attachment/44578.pdf","https://www.city.ozu.ehime.jp/soshiki/shoukou/67179.html | https://www.city.ozu.ehime.jp/uploaded/attachment/44578.pdf"
"112632","https://www.town.kumamoto-yamato.lg.jp/kiji0038398/index.html","https://www.town.kumamoto-yamato.lg.jp/kiji0038398/index.html"
"112623","https://www.city.shibukawa.lg.jp/manage/contents/upload/66b4843dde9da.pdf","https://www.city.shibukawa.lg.jp/sangyou/000149/000154/p011626.html | https://www.city.shibukawa.lg.jp/manage/contents/upload/66b4843dde9da.pdf"
"112634","https://www.inpit.go.jp/content/100885212.pdf","https://www.inpit.go.jp/shien/gaikoku/index.html | https://www.inpit.go.jp/content/100885212.pdf"
"112635","https://www.town.ikaruga.nara.jp/0000002303.html#:~:text=%E9%98%B2%E7%8A%AF%E7%81%AF%E8%A8%AD%E7%BD%AE%E8%A3%9C%E5%8A%A9%E9%87%91","https://www.town.ikaruga.nara.jp/0000002303.html#:~:text=%E9%98%B2%E7%8A%AF%E7%81%AF%E8%A8%AD%E7%BD%AE%E8%A3%9C%E5%8A%A9%E9%87%91"
"112636","https://www.town.ikaruga.nara.jp/0000002303.html#:~:text=%E6%B6%88%E9%98%B2%E6%96%BD%E8%A8%AD%E6%95%B4%E5%82%99%E4%BA%8B%E6%A5%AD%E7%AD%89%E8%A3%9C%E5%8A%A9%E9%87%91","https://www.town.ikaruga.nara.jp/0000002303.html#:~:text=%E6%B6%88%E9%98%B2%E6%96%BD%E8%A8%AD%E6%95%B4%E5%82%99%E4%BA%8B%E6%A5%AD%E7%AD%89%E8%A3%9C%E5%8A%A9%E9%87%91"
"112639","https://www.town.ikaruga.nara.jp/0000002303.html#:~:text=%E9%98%B2%E7%8A%AF%E3%82%AB%E3%83%A1%E3%83%A9%E8%A8%AD%E7%BD%AE%E4%BA%8B%E6%A5%AD%E8%A3%9C%E5%8A%A9%E9%87%91","https://www.town.ikaruga.nara.jp/0000002303.html#:~:text=%E9%98%B2%E7%8A%AF%E3%82%AB%E3%83%A1%E3%83%A9%E8%A8%AD%E7%BD%AE%E4%BA%8B%E6%A5%AD%E8%A3%9C%E5%8A%A9%E9%87%91"
"112638","https://www.town.ikaruga.nara.jp/0000002303.html#:~:text=%E8%87%AA%E4%B8%BB%E9%98%B2%E7%81%BD%E7%B5%84%E7%B9%94%E8%A8%AD%E7%AB%8B%E3%81%8A%E3%82%88%E3%81%B3%E6%B4%BB%E5%8B%95%E6%94%AF%E6%8F%B4%E8%A3%9C%E5%8A%A9%E9%87%91","https://www.town.ikaruga.nara.jp/0000002303.html#:~:text=%E8%87%AA%E4%B8%BB%E9%98%B2%E7%81%BD%E7%B5%84%E7%B9%94%E8%A8%AD%E7%AB%8B%E3%81%8A%E3%82%88%E3%81%B3%E6%B4%BB%E5%8B%95%E6%94%AF%E6%8F%B4%E8%A3%9C%E5%8A%A9%E9%87%91"
"112641","https://www.town.ikaruga.nara.jp/0000002303.html#:~:text=%E8%B3%87%E6%BA%90%E7%89%A9%E9%9B%86%E5%9B%A3%E5%9B%9E%E5%8F%8E%E4%BA%8B%E6%A5%AD%E5%A5%A8%E5%8A%B1%E9%87%91","https://www.town.ikaruga.nara.jp/0000002303.html#:~:text=%E8%B3%87%E6%BA%90%E7%89%A9%E9%9B%86%E5%9B%A3%E5%9B%9E%E5%8F%8E%E4%BA%8B%E6%A5%AD%E5%A5%A8%E5%8A%B1%E9%87%91"
"112644","https://www.town.ikaruga.nara.jp/0000002303.html#:~:text=%E5%9C%B0%E5%85%83%E6%96%BD%E8%A1%8C%E3%81%AB%E4%BF%82%E3%82%8B%E8%88%97%E8%A3%85%E4%BA%8B%E6%A5%AD%E3%81%AB%E5%AF%BE%E3%81%99%E3%82%8B%E8%A3%9C%E5%8A%A9%E9%87%91","https://www.town.ikaruga.nara.jp/0000002303.html#:~:text=%E5%9C%B0%E5%85%83%E6%96%BD%E8%A1%8C%E3%81%AB%E4%BF%82%E3%82%8B%E8%88%97%E8%A3%85%E4%BA%8B%E6%A5%AD%E3%81%AB%E5%AF%BE%E3%81%99%E3%82%8B%E8%A3%9C%E5%8A%A9%E9%87%91"
"112642","https://www.town.ikaruga.nara.jp/0000002303.html#:~:text=%E5%9C%B0%E5%85%83%E6%96%BD%E8%A1%8C%E3%81%AB%E4%BF%82%E3%82%8B%E6%B0%B4%E8%B7%AF%E6%94%B9%E4%BF%AE%E3%81%8A%E3%82%88%E3%81%B3%E6%B0%B4%E8%B7%AF%E6%B5%9A%E6%B8%AB%E4%BA%8B%E6%A5%AD%E3%81%AB%E5%AF%BE%E3%81%99%E3%82%8B%E8%A3%9C%E5%8A%A9%E9%87%91","https://www.town.ikaruga.nara.jp/0000002303.html#:~:text=%E5%9C%B0%E5%85%83%E6%96%BD%E8%A1%8C%E3%81%AB%E4%BF%82%E3%82%8B%E6%B0%B4%E8%B7%AF%E6%94%B9%E4%BF%AE%E3%81%8A%E3%82%88%E3%81%B3%E6%B0%B4%E8%B7%AF%E6%B5%9A%E6%B8%AB%E4%BA%8B%E6%A5%AD%E3%81%AB%E5%AF%BE%E3%81%99%E3%82%8B%E8%A3%9C%E5%8A%A9%E9%87%91"
"112645","https://www.town.ikaruga.nara.jp/0000002303.html#:~:text=%E7%94%9F%E6%B6%AF%E5%AD%A6%E7%BF%92%E6%B4%BB%E5%8B%95%E8%A3%9C%E5%8A%A9%E9%87%91","https://www.town.ikaruga.nara.jp/0000002303.html#:~:text=%E7%94%9F%E6%B6%AF%E5%AD%A6%E7%BF%92%E6%B4%BB%E5%8B%95%E8%A3%9C%E5%8A%A9%E9%87%91"
"112662","https://www.city.ibaraki.osaka.jp/jigyosha_sangyo/sangyo_shinko/shokogyo/hojoseido/syogyodantaihojo/53129.html","https://www.city.ibaraki.osaka.jp/jigyosha_sangyo/sangyo_shinko/shokogyo/hojoseido/syogyodantaihojo/53129.html"
"112646","http://www.city.katsuyama.fukui.jp/soshiki/2/20435.html","http://www.city.katsuyama.fukui.jp/soshiki/2/20435.html"
"112663","https://www.city.ibaraki.osaka.jp/jigyosha_sangyo/sangyo_shinko/shokogyo/hojoseido/syogyodantaihojo/53493.html","https://www.city.ibaraki.osaka.jp/jigyosha_sangyo/sangyo_shinko/shokogyo/hojoseido/syogyodantaihojo/53493.html"
"112666","https://www.hokeniryo.metro.tokyo.lg.jp/iryo/jigyo/hojo/syukusya.html","https://www.hokeniryo.metro.tokyo.lg.jp/iryo/jigyo/hojo/syukusya.html | https://www.hokeniryo.metro.tokyo.lg.jp/documents/d/hokeniryo/2025-03-27-162210-218"
"112669","https://www.town.nara-kawanishi.lg.jp/0000008653.html","https://www.town.nara-kawanishi.lg.jp/0000008653.html"
"112673","https://www.maff.go.jp/j/nousin/tiiki/sesaku/syotoku_kakuho.html","https://www.maff.go.jp/j/nousin/tiiki/sesaku/syotoku_kakuho.html"
"112675","https://sougyou-ikaruga.com/","https://sougyou-ikaruga.com/"
"112676","https://www.town.minamisanriku.miyagi.jp/kurashi/community/6605.html","https://www.town.minamisanriku.miyagi.jp/kurashi/community/6605.html"
"112677","https://www.city.ikoma.lg.jp/0000039532.html","https://www.city.ikoma.lg.jp/0000039532.html"
"112679","https://www.town.minamisanriku.miyagi.jp/shigoto-sangyo/sangyoshinko/4/6858.html","https://www.town.minamisanriku.miyagi.jp/shigoto-sangyo/sangyoshinko/4/6858.html"
"112681","https://www.city.ikoma.lg.jp/0000039532.html","https://www.city.ikoma.lg.jp/0000039532.html"
"112682","https://www.town.minamisanriku.miyagi.jp/shigoto-sangyo/sangyoshinko/3/3/6960.html","https://www.town.minamisanriku.miyagi.jp/shigoto-sangyo/sangyoshinko/3/3/6960.html"
"112686","https://www.city.ome.tokyo.jp/soshiki/36/112085.html","https://www.city.ome.tokyo.jp/soshiki/36/112085.html"
"112690","https://www.city.ayase.kanagawa.jp/shigoto_sangyo_machizukuri/sangyoshinko/chushokigyotoshien/9717.html","https://www.city.ayase.kanagawa.jp/shigoto_sangyo_machizukuri/sangyoshinko/chushokigyotoshien/9717.html"
"112688","https://www.city.fukaya.saitama.jp/soshiki/fukushikenko/chojufukushi/tanto/teatezyosei/16671.html","https://www.city.fukaya.saitama.jp/soshiki/fukushikenko/chojufukushi/tanto/teatezyosei/16671.html"
"112692","https://www.city.isahaya.nagasaki.jp/uploaded/attachment/19665.pdf","https://www.city.isahaya.nagasaki.jp/soshiki/62/1536.html | https://www.city.isahaya.nagasaki.jp/uploaded/attachment/19665.pdf"
"112693","https://www.town.minamisanriku.miyagi.jp/shigoto-sangyo/sangyoshinko/3/4/6856.html","https://www.town.minamisanriku.miyagi.jp/shigoto-sangyo/sangyoshinko/3/4/6856.html"
"112694","https://www.city.joetsu.niigata.jp/uploaded/attachment/264599.pdf","https://www.city.joetsu.niigata.jp/soshiki/sangyou/sougyoushien.html | https://www.city.joetsu.niigata.jp/uploaded/attachment/264599.pdf"
"112696","https://www.city.kagoshima-izumi.lg.jp/page/page_09958.html#:~:text=%E5%87%BA%E6%B0%B4%E5%B8%82%E7%A4%BE%E4%BC%9A%E7%A6%8F%E7%A5%89%E4%BA%8B%E6%A5%AD%E7%AD%89%E6%96%BD%E8%A8%AD%E8%B3%87%E6%A0%BC%E5%8F%96%E5%BE%97%E6%94%AF%E6%8F%B4%E9%87%91%E4%BA%A4%E4%BB%98%E4%BA%8B%E6%A5%AD","https://www.city.kagoshima-izumi.lg.jp/page/page_09958.html#:~:text=%E5%87%BA%E6%B0%B4%E5%B8%82%E7%A4%BE%E4%BC%9A%E7%A6%8F%E7%A5%89%E4%BA%8B%E6%A5%AD%E7%AD%89%E6%96%BD%E8%A8%AD%E8%B3%87%E6%A0%BC%E5%8F%96%E5%BE%97%E6%94%AF%E6%8F%B4%E9%87%91%E4%BA%A4%E4%BB%98%E4%BA%8B%E6%A5%AD"
"112701","https://www.town.yamada.iwate.jp/docs/4352.html","https://www.town.yamada.iwate.jp/docs/4352.html"
"112700","https://www.pref.miyagi.jp/documents/25739/pamphlet.pdf","https://www.pref.miyagi.jp/soshiki/syokokin/kaimono.html | https://www.pref.miyagi.jp/documents/25739/pamphlet.pdf"
"112708","https://www.town.ogawa.saitama.jp/gyosei/sosiki/11/9/1/6050.html","https://www.town.ogawa.saitama.jp/gyosei/sosiki/11/9/1/6050.html"
"112712","https://www.city.kamisu.ibaraki.jp/business/maff/1012045/1012493.html","https://www.city.kamisu.ibaraki.jp/business/maff/1012045/1012493.html"
"112709","https://www.city.himeji.lg.jp/sangyo/0000001762.html","https://www.city.himeji.lg.jp/sangyo/0000001762.html"
"112719","https://www.city.kashima.ibaraki.jp/soshiki/15/76129.html","https://www.city.kashima.ibaraki.jp/soshiki/15/76129.html"
"112713","https://www.city.kamisu.ibaraki.jp/_res/projects/default_project/_page_/001/002/745/03miryokuarusanti_1.pdf","https://www.city.kamisu.ibaraki.jp/business/maff/1012045/1002745.html | https://www.city.kamisu.ibaraki.jp/_res/projects/default_project/_page_/001/002/745/03miryokuarusanti_1.pdf"
"112723","https://www.fcp.or.jp/culture/uploads/2025/11/56a00e05d144e66465130641dd14b2d6cf9e5bb5.pdf","https://www.fcp.or.jp/culture/grants-and-awards/zyosei.html | https://www.fcp.or.jp/culture/uploads/2025/11/56a00e05d144e66465130641dd14b2d6cf9e5bb5.pdf"
"112733","https://www.city.sendai.jp/shisetsushien/shisetsu/documents/2025_kyoukouyousei_annai.pdf","https://www.city.sendai.jp/shisetsushien/shisetsu/kyoukoukenshuhojokin.html | https://www.city.sendai.jp/shisetsushien/shisetsu/documents/2025_kyoukouyousei_annai.pdf"
"112735","https://www.mishima-kaiun.or.jp/assist/humanities-department/","https://www.mishima-kaiun.or.jp/assist/humanities-department/"
"112734","https://www.mishima-kaiun.or.jp/assist/natural-science/","https://www.mishima-kaiun.or.jp/assist/natural-science/"
"112745","https://www.city.ogori.fukuoka.jp/application/files/7517/5929/5500/a37460449484ad03cbd47bf3c840689b.pdf","https://www.city.ogori.fukuoka.jp/205/278/5317#:~:text=%E3%81%BE%E3%81%A1%E3%81%AA%E3%81%8B%E8%B3%91%E3%82%8F%E3%81%84%E5%89%B5%E9%80%A0%E4%BA%8B%E6%A5%AD%E8%A3%9C%E5%8A%A9%E9%87%91 | https://www.city.ogori.fukuoka.jp/application/files/7517/5929/5500/a37460449484ad03cbd47bf3c840689b.pdf"
"112748","https://www.pref.gifu.lg.jp/page/3397.html","https://www.pref.gifu.lg.jp/page/3397.html"
"112746","https://www.pref.oita.jp/soshiki/15270/nougyou-jyosei.html","https://www.pref.oita.jp/soshiki/15270/nougyou-jyosei.html"
"112769","https://www.city.kagoshima-izumi.lg.jp/page/page_012303.html","https://www.city.kagoshima-izumi.lg.jp/page/page_012303.html"
"112764","https://www.city.ibaraki.osaka.jp/material/files/group/37/jinzaiikusei-chirashi-r7-pdf.pdf","https://www.city.ibaraki.osaka.jp/jigyosha_sangyo/sangyo_shinko/shokogyo/hojoseido/53292.html | https://www.city.ibaraki.osaka.jp/material/files/group/37/jinzaiikusei-chirashi-r7-pdf.pdf"
"112784","https://www.mhlw.go.jp/content/11909000/001144742.pdf","https://www.mhlw.go.jp/stf/seisakunitsuite/bunya/0000198331.html | https://www.mhlw.go.jp/content/11909000/001144742.pdf"
"112805","https://www.kagawa-isf.jp/wp-content/uploads/2025/12/r8_fund_tirasi.pdf","https://www.kagawa-isf.jp/support/fund/newfund/fund01/ | https://www.kagawa-isf.jp/wp-content/uploads/2025/12/r8_fund_tirasi.pdf"
"112787","https://jinzai-platform.jp/","https://jinzai-platform.jp/"
"112790","https://www.city.ibaraki.osaka.jp/jigyosha_sangyo/sangyo_shinko/kigyoshien/53883.html","https://www.city.ibaraki.osaka.jp/jigyosha_sangyo/sangyo_shinko/kigyoshien/53883.html"
"112809","https://www.kagawa-isf.jp/wp-content/uploads/2025/12/r8_fund_tirasi.pdf","https://www.kagawa-isf.jp/support/fund/newfund/ | https://www.kagawa-isf.jp/wp-content/uploads/2025/12/r8_fund_tirasi.pdf"
"112807","https://www.kagawa-isf.jp/wp-content/uploads/2025/12/r8_fund_tirasi.pdf","https://www.kagawa-isf.jp/support/fund/newfund/fund02/ | https://www.kagawa-isf.jp/wp-content/uploads/2025/12/r8_fund_tirasi.pdf"
"112808","https://www.kagawa-isf.jp/wp-content/uploads/2025/12/r8_fund_tirasi.pdf","https://www.kagawa-isf.jp/support/fund/newfund/seicho_sokusin/ | https://www.kagawa-isf.jp/wp-content/uploads/2025/12/r8_fund_tirasi.pdf"
"112814","https://www.town.karumai.iwate.jp/article/gyosei/kakukaoshirase/oshirase-sangyoshinkou/entry-basename-62.html","https://www.town.karumai.iwate.jp/article/gyosei/kakukaoshirase/oshirase-sangyoshinkou/entry-basename-62.html"
"112815","https://www.town.karumai.iwate.jp/article/gyosei/kakukaoshirase/oshirase-sangyoshinkou/entry-basename-61.html","https://www.town.karumai.iwate.jp/article/gyosei/kakukaoshirase/oshirase-sangyoshinkou/entry-basename-61.html"
"112810","https://www.kagawa-isf.jp/wp-content/uploads/2025/12/r8_fund_tirasi.pdf","https://www.kagawa-isf.jp/support/fund/newfund/r6kaigaimihonichi/ | https://www.kagawa-isf.jp/wp-content/uploads/2025/12/r8_fund_tirasi.pdf"
"112821","https://www.city.minamisatsuma.lg.jp/living/chiiki-machizukuri/community/genki/e016503.html","https://www.city.minamisatsuma.lg.jp/living/chiiki-machizukuri/community/genki/e016503.html"
"112830","https://www.town.kamikawa.saitama.jp/soshiki/keizaikan/nourinshokogyou/3593.html#:~:text=%E9%B3%A5%E7%8D%A3%E5%AE%B3%E9%98%B2%E9%99%A4%E5%AF%BE%E7%AD%96%E4%BA%8B%E6%A5%AD","https://www.town.kamikawa.saitama.jp/soshiki/keizaikan/nourinshokogyou/3593.html#:~:text=%E9%B3%A5%E7%8D%A3%E5%AE%B3%E9%98%B2%E9%99%A4%E5%AF%BE%E7%AD%96%E4%BA%8B%E6%A5%AD"
"112826","https://www.city.mutsu.lg.jp/government/bousai/bousaisoshiki/bousaikatudousiennjigyou.html","https://www.city.mutsu.lg.jp/government/bousai/bousaisoshiki/bousaikatudousiennjigyou.html"
"112834","https://www.city.yamatotakada.nara.jp/soshikikarasagasu/kohokochoka/kokusaikoryu/9234.html","https://www.city.yamatotakada.nara.jp/soshikikarasagasu/kohokochoka/kokusaikoryu/9234.html"
"112854","https://www.city.gotemba.lg.jp/gyousei/kanri/assets/uploads/2022/06/feab43ade074ef95a32f5c20de2c434e.pdf","https://www.city.gotemba.lg.jp/gyousei/g-16/g-16-1/18714.html | https://www.city.gotemba.lg.jp/gyousei/kanri/assets/uploads/2022/06/feab43ade074ef95a32f5c20de2c434e.pdf"
"112852","https://www.town.misato.miyagi.jp/04sigoto/2024-0529-retention.html","https://www.town.misato.miyagi.jp/04sigoto/2024-0529-retention.html | https://www.town.misato.miyagi.jp/04sigoto/pdf/2025_retention_a4_ura.jpg"
"112856","https://www.city.hokota.lg.jp/page/page004855.html","https://www.city.hokota.lg.jp/page/page004855.html"
"112858","https://www.pref.yamanashi.jp/ringyo/kennsannzai-riyousokushinn-hojokin.html","https://www.pref.yamanashi.jp/ringyo/kennsannzai-riyousokushinn-hojokin.html"
"112857","https://www.city.ibaraki.osaka.jp/jigyosha_sangyo/norin/nogyo/54940.html","https://www.city.ibaraki.osaka.jp/jigyosha_sangyo/norin/nogyo/54940.html"
"112862","https://www.hyotokyo.or.jp/member-public/j11.html","https://www.hyotokyo.or.jp/member-public/j11.html"
"112863","https://www.chusho.meti.go.jp/kinyu/sefu_net_5gou.html","https://www.chusho.meti.go.jp/kinyu/sefu_net_5gou.html | https://www.hyotokyo.or.jp/member-public/j03.html"
"112860","https://www.city.ibaraki.osaka.jp/material/files/group/37/ninteikizyun.pdf","https://www.city.ibaraki.osaka.jp/jigyosha_sangyo/koyo_shugyo/53439.html | https://www.city.ibaraki.osaka.jp/material/files/group/37/ninteikizyun.pdf"
"112864","https://www.hyotokyo.or.jp/member-public/j05-02.html","https://www.hyotokyo.or.jp/member-public/j05-02.html"
"112868","https://www.city.kitanagoya.lg.jp/_res/projects/default_project/_page_/001/006/609/hozyokinnkouhutetudukigaiyou.pdf","https://www.city.kitanagoya.lg.jp/kurashi/kankyo/1002083/1006609.html | https://www.city.kitanagoya.lg.jp/_res/projects/default_project/_page_/001/006/609/hozyokinnkouhutetudukigaiyou.pdf"
"112869","https://www.hyotokyo.or.jp/member-public/j16.html","https://www.hyotokyo.or.jp/member-public/j16.html"
"112872","https://www.hyotokyo.or.jp/member-public/j18.html","https://www.hyotokyo.or.jp/member-public/j18.html"
"112874","https://www.hyotokyo.or.jp/member-public/j19.html","https://www.hyotokyo.or.jp/member-public/j19.html"
"112875","https://www.hyotokyo.or.jp/member-public/j21.html","https://www.hyotokyo.or.jp/member-public/j21.html"
"112880","https://www.city.osaki.miyagi.jp/shisei/shiseijoho/shogaigakushu/1/8267.html","https://www.city.osaki.miyagi.jp/shisei/shiseijoho/shogaigakushu/1/8267.html"
"112893","https://www.city.mutsu.lg.jp/work/shigoto/files/shinseischedule.pdf","https://www.city.mutsu.lg.jp/work/shigoto/rishokusyakoyou.html | https://www.city.mutsu.lg.jp/work/shigoto/files/shinseischedule.pdf"
"112896","https://www.tri-step.or.jp/support/development/commercialization-project/","https://www.tri-step.or.jp/support/development/commercialization-project/ | https://www.tri-step.or.jp/"
"112897","https://www.hyotokyo.or.jp/member-public/j07.html","https://www.hyotokyo.or.jp/member-public/j07.html"
"112898","https://www.city.kagoshima.lg.jp/hoiku/hoikushikakuho/documents/chirashi-hoikukyouyukakuho.pdf","https://www.city.kagoshima.lg.jp/hoiku/hoikushikakuho/hoikushishikakusyutokushien.html | https://www.city.kagoshima.lg.jp/hoiku/hoikushikakuho/documents/chirashi-hoikukyouyukakuho.pdf | https://www.city.kagoshima.lg.jp/hoiku/hoikushikakuho/documents/chirashi-hoikusyotou.pdf"
"112899","https://www.hyotokyo.or.jp/member-public/j09.html","https://www.hyotokyo.or.jp/member-public/j09.html"
"112908","https://www.hyotokyo.or.jp/member-public/j22.html","https://www.hyotokyo.or.jp/member-public/j22.html"
"112911","https://www.metro.tokyo.lg.jp/information/press/2025/12/2025120509","https://www.metro.tokyo.lg.jp/information/press/2025/12/2025120509"
"112912","https://www.hyotokyo.or.jp/member-public/j10.html","https://www.hyotokyo.or.jp/member-public/j10.html"
"112913","https://www.hyotokyo.or.jp/member-public/j10-02.html","https://www.hyotokyo.or.jp/member-public/j10-02.html"
"112915","https://www.hyotokyo.or.jp/member-public/j20.html","https://www.hyotokyo.or.jp/member-public/j20.html"
"112914","https://www.hyotokyo.or.jp/member-public/j10-03.html","https://www.hyotokyo.or.jp/member-public/j10-03.html"
"112919","https://www.hyotokyo.or.jp/member-public/j24.html","https://www.hyotokyo.or.jp/member-public/j24.html"
"112916","https://www.hyotokyo.or.jp/member-public/data/sad-schedule-2025.pdf","https://www.hyotokyo.or.jp/member-public/j20-02.html | https://www.hyotokyo.or.jp/member-public/data/sad-schedule-2025.pdf"
"112921","https://www.city.hakusan.lg.jp/machi/syougyoshinko/1010573/1010471.html","https://www.city.hakusan.lg.jp/machi/syougyoshinko/1010573/1010471.html"
"112922","https://www.city.fuefuki.yamanashi.jp/kosodateshien/kosodate/kosodatesienn/kasugaitamokuteki.html","https://www.city.fuefuki.yamanashi.jp/kosodateshien/kosodate/kosodatesienn/kasugaitamokuteki.html"
"112931","https://www.city.miyako.iwate.jp/material/files/group/45/00_cchirashi.pdf","https://www.city.miyako.iwate.jp/gyosei/soshiki/kigyoritchi/5/kankyokaizen.html | https://www.city.miyako.iwate.jp/material/files/group/45/00_cchirashi.pdf"
"112933","https://www.city.ono.fukui.jp/kanko/jigyosha/hojokin/minsyukusien.html","https://www.city.ono.fukui.jp/kanko/jigyosha/hojokin/minsyukusien.html"
"112939","https://www.city.shobara.hiroshima.jp/main/industry/jichishinko/cat01/post_1765.html","https://www.city.shobara.hiroshima.jp/main/industry/jichishinko/cat01/post_1765.html"
"112941","https://www.town.misasa.tottori.jp/315/319/1387/1412/28286.html","https://www.town.misasa.tottori.jp/315/319/1387/1412/28286.html"
"112940","https://www.city.uwajima.ehime.jp/site/gou201807/hisairishi.html","https://www.city.uwajima.ehime.jp/site/gou201807/hisairishi.html"
"112942","https://www.city.fukushima.fukushima.jp/shigoto-sangyo/kigyoshien/1/8399.html","https://www.city.fukushima.fukushima.jp/shigoto-sangyo/kigyoshien/1/8399.html | https://www.city.fukushima.fukushima.jp/material/files/group/22/7aramashi.pdf#page=11"
"112954","https://www.city.fukushima.fukushima.jp/material/files/group/22/firststep.pdf","https://www.city.fukushima.fukushima.jp/f-work/companies/foreign-workers/3686.html | https://www.city.fukushima.fukushima.jp/material/files/group/22/firststep.pdf"
"112945","https://www.city.fukushima.fukushima.jp/f-work/consulting/diverwork/12483.html","https://www.city.fukushima.fukushima.jp/f-work/consulting/diverwork/12483.html"
"112957","https://www.city.fukushima.fukushima.jp/material/files/group/22/ad.pdf","https://www.city.fukushima.fukushima.jp/shigoto-sangyo/kigyoshien/3/8443.html | https://www.city.fukushima.fukushima.jp/material/files/group/22/ad.pdf"
"112965","https://www.city.fukushima.fukushima.jp/shigoto-sangyo/kigyoshien/1/8447.html","https://www.city.fukushima.fukushima.jp/shigoto-sangyo/kigyoshien/1/8447.html"
"112961","https://www.town.misasa.tottori.jp/315/319/374/1587/24848.html","https://www.town.misasa.tottori.jp/315/319/374/1587/24848.html"
"112974","https://www.town.kamikawa.saitama.jp/soshiki/sougouseisaku/shiminkatsudo_NPO/496.html","https://www.town.kamikawa.saitama.jp/soshiki/sougouseisaku/shiminkatsudo_NPO/496.html"
"112970","https://www.city.fukushima.fukushima.jp/shigoto-sangyo/kigyoshien/1/8419.html","https://www.city.fukushima.fukushima.jp/shigoto-sangyo/kigyoshien/1/8419.html"
"112977","https://www.town.kamikawa.saitama.jp/soshiki/bosaikankyou/gomi_kankyou/4924.html","https://www.town.kamikawa.saitama.jp/soshiki/bosaikankyou/gomi_kankyou/4924.html"
"112987","https://www.city.tsuru.yamanashi.jp/material/files/group/11/tisantisyougaiyou.pdf","https://www.city.tsuru.yamanashi.jp/jigyoshamuke/josei_kashitsuke/8977.html | https://www.city.tsuru.yamanashi.jp/material/files/group/11/tisantisyougaiyou.pdf"
"112993","https://www.our-think.or.jp/wp/wp-content/uploads/2025/12/9ce7d635354d4f6ec7e668bd9754ffd8.pdf","https://www.our-think.or.jp/327914/ | https://www.our-think.or.jp/wp/wp-content/uploads/2025/12/9ce7d635354d4f6ec7e668bd9754ffd8.pdf"
"112988","https://www.city.tsuru.yamanashi.jp/material/files/group/11/6josangyoukagaiyou.pdf","https://www.city.tsuru.yamanashi.jp/jigyoshamuke/josei_kashitsuke/8977.html | https://www.city.tsuru.yamanashi.jp/material/files/group/11/6josangyoukagaiyou.pdf"
"112995","https://www.city.tsuru.yamanashi.jp/jigyoshamuke/akitempo_kojojoho/7506.html","https://www.city.tsuru.yamanashi.jp/jigyoshamuke/akitempo_kojojoho/7506.html"
"112997","https://www.city.tsuru.yamanashi.jp/jigyoshamuke/josei_kashitsuke/7515.html","https://www.city.tsuru.yamanashi.jp/jigyoshamuke/josei_kashitsuke/7515.html"
"112996","https://www.pref.osaka.lg.jp/o100030/iryo/kango2/byouinnaihoikusho.html#:~:text=%E7%97%85%E9%99%A2%E5%86%85%E4%BF%9D%E8%82%B2%E6%89%80%E9%81%8B%E5%96%B6%E8%B2%BB%E8%A3%9C%E5%8A%A9%E9%87%91","https://www.pref.osaka.lg.jp/o100030/iryo/kango2/byouinnaihoikusho.html#:~:text=%E7%97%85%E9%99%A2%E5%86%85%E4%BF%9D%E8%82%B2%E6%89%80%E9%81%8B%E5%96%B6%E8%B2%BB%E8%A3%9C%E5%8A%A9%E9%87%91"
"113000","https://www.pref.osaka.lg.jp/o100030/iryo/kango2/byouinnnaihoikusiset.html","https://www.pref.osaka.lg.jp/o100030/iryo/kango2/byouinnnaihoikusiset.html"
"113009","https://www.pref.osaka.lg.jp/o100030/iryo/kango3/gaikokujin.html","https://www.pref.osaka.lg.jp/o100030/iryo/kango3/gaikokujin.html"
"113006","https://www.pref.osaka.lg.jp/o100030/iryo/kango2/sinjinkangokenshuu.html","https://www.pref.osaka.lg.jp/o100030/iryo/kango2/sinjinkangokenshuu.html"
"113012","https://www.pref.osaka.lg.jp/o100030/iryo/kango2/kinmukankyo.html","https://www.pref.osaka.lg.jp/o100030/iryo/kango2/kinmukankyo.html"
"113014","https://www.city.hikone.lg.jp/material/files/group/30/matidukurihojyokin_gaiyou.pdf","https://www.city.hikone.lg.jp/kakuka/kikakushinko/4_1/1/1/gakkujinsuikyou/27647.html | https://www.city.hikone.lg.jp/material/files/group/30/matidukurihojyokin_gaiyou.pdf"
"113015","https://www.pref.kumamoto.jp/soshiki/83/518.html","https://www.pref.kumamoto.jp/soshiki/83/518.html"
"113018","https://www.city.hikone.lg.jp/kurashi/machizukuri/3/3/5175.html","https://www.city.hikone.lg.jp/kurashi/machizukuri/3/3/5175.html"
"113016","https://www.city.hikone.lg.jp/kurashi/machizukuri/3/21224.html","https://www.city.hikone.lg.jp/kurashi/machizukuri/3/21224.html"
"113024","https://www.city.hikone.lg.jp/benri/teate/5/23689.html","https://www.city.hikone.lg.jp/benri/teate/5/23689.html"
"113036","https://www.mitsubishi-ufj-foundation.jp/news.html","https://www.mitsubishi-ufj-foundation.jp/news.html"
"113038","https://www.city.urayasu.lg.jp/shisei/jigyosha/1007216/1047399.html","https://www.city.urayasu.lg.jp/shisei/jigyosha/1007216/1047399.html"
"113040","https://www.actbeyondtrust.org/info/21133/","https://www.actbeyondtrust.org/info/21133/"
"113041","https://www.e-hokuei.net/secure/19323/tirashi.pdf","https://www.e-hokuei.net/item/19323.htm#itemid19323 | https://www.e-hokuei.net/secure/19323/tirashi.pdf"
"113043","http://www.gushinkai.com/jyosei/index.html","http://www.gushinkai.com/jyosei/index.html"
"113044","https://www.tambasasayama-wel.or.jp/?news=news-6769","https://www.tambasasayama-wel.or.jp/?news=news-6769"
"113060","https://www.pref.osaka.lg.jp/o100030/iryo/isikakuho/jitan.html","https://www.pref.osaka.lg.jp/o100030/iryo/isikakuho/jitan.html"
"113045","https://www.town.asahi.toyama.jp/soshiki/kyoiku/sports/asahimatibeach/2757.html","https://www.town.asahi.toyama.jp/soshiki/kyoiku/sports/asahimatibeach/2757.html"
"113058","https://www.pref.osaka.lg.jp/o100030/iryo/isikakuho/joseiisi.html","https://www.pref.osaka.lg.jp/o100030/iryo/isikakuho/joseiisi.html"
"113074","https://www.city.tsuru.yamanashi.jp/soshiki/somu/kikikanri_t/3/jisyubousai/5/9970.html","https://www.city.tsuru.yamanashi.jp/soshiki/somu/kikikanri_t/3/jisyubousai/5/9970.html"
"113090","https://www.city.tsuru.yamanashi.jp/soshiki/choujukaigo/koreifukushi_hokatsu_t/1_5/9139.html","https://www.city.tsuru.yamanashi.jp/soshiki/choujukaigo/koreifukushi_hokatsu_t/1_5/9139.html"
"113086","https://www.town.ibaraki-sakai.lg.jp/page/page003938.html","https://www.town.ibaraki-sakai.lg.jp/page/page003938.html"
"113102","https://www.city.shimada.shizuoka.jp/gyosei-docs/590927698.html","https://www.city.shimada.shizuoka.jp/gyosei-docs/590927698.html | https://www.city.shimada.shizuoka.jp/fs/9/3/0/3/0/3/_/tirashi.png"
"113117","https://www.city.hikone.lg.jp/benri/teate/4/23677.html#:~:text=%E3%83%96%E3%83%AD%E3%83%83%E3%82%AF%E5%A1%80%E7%AD%89%E3%81%AE%E6%94%B9%E4%BF%AE%E4%BF%83%E9%80%B2%E8%A3%9C%E5%8A%A9%E4%BA%8B%E6%A5%AD","https://www.city.hikone.lg.jp/benri/teate/4/23677.html#:~:text=%E3%83%96%E3%83%AD%E3%83%83%E3%82%AF%E5%A1%80%E7%AD%89%E3%81%AE%E6%94%B9%E4%BF%AE%E4%BF%83%E9%80%B2%E8%A3%9C%E5%8A%A9%E4%BA%8B%E6%A5%AD"
"113104","https://www.city.toyota.aichi.jp/shisei/jichiku/1008649/asahi/1065398.html","https://www.city.toyota.aichi.jp/shisei/jichiku/1008649/asahi/1065398.html"
"113120","https://www.city.kochi-konan.lg.jp/material/files/group/17/siminsyuyaku.pdf","https://www.city.kochi-konan.lg.jp/soshikikarasagasu/chiikishienka/shiminkatsudo_community_kyodo/shiminnsyuyaku/8845.html | https://www.city.kochi-konan.lg.jp/material/files/group/17/siminsyuyaku.pdf"
"113154","https://www.city.amagasaki.hyogo.jp/sangyo/yusi_josei/eco_sien/1006271/1041324.html","https://www.city.amagasaki.hyogo.jp/sangyo/yusi_josei/eco_sien/1006271/1041324.html"
"113159","https://www.town.ichikawa.lg.jp/info/1844","https://www.town.ichikawa.lg.jp/info/1844"
"113178","https://www.pref.niigata.lg.jp/uploaded/attachment/314229.pdf","https://www.pref.niigata.lg.jp/sec/kankyotaisaku/1356890353270.html | https://www.pref.niigata.lg.jp/uploaded/attachment/314229.pdf"
"113185","https://www.kesennuma.miyagi.jp/sec/s072/001/R7_2/flyer.pdf","https://www.kesennuma.miyagi.jp/sec/s072/001/R7_2/20250507144850.html | https://www.kesennuma.miyagi.jp/sec/s072/001/R7_2/flyer.pdf"
"113181","https://www.city.gosen.lg.jp/material/files/group/21/shizaikoutoutirasi.pdf","https://www.city.gosen.lg.jp/organization/12/8/8972.html | https://www.city.gosen.lg.jp/material/files/group/21/shizaikoutoutirasi.pdf"
"113201","https://www.city.takaoka.toyama.jp/soshiki/kikakuka/2/6/2485.html","https://www.city.takaoka.toyama.jp/soshiki/kikakuka/2/6/2485.html"
"113197","https://www.pref.miyazaki.lg.jp/documents/104784/104784_20251208153017-1.pdf","https://www.pref.miyazaki.lg.jp/sogokotsu/shigoto/butsuryu/20251205131424.html | https://www.pref.miyazaki.lg.jp/documents/104784/104784_20251208153017-1.pdf"
"113200","https://www.city.toyota.aichi.jp/_res/projects/default_project/_page_/001/072/102/04.pdf","https://www.city.toyota.aichi.jp/jigyousha/tetsuzuki/hukushi/1072102.html | https://www.city.toyota.aichi.jp/_res/projects/default_project/_page_/001/072/102/04.pdf"
"113212","https://www.pref.kagoshima.jp/af08/kdukuri/documents/113993_20250717185133-1.pdf","https://www.pref.kagoshima.jp/af08/kdukuri/r6cyclekoubo.html | https://www.pref.kagoshima.jp/af08/kdukuri/documents/113993_20250717185133-1.pdf"
"113209","https://www.city.maniwa.lg.jp/uploaded/attachment/35853.pdf","https://www.city.maniwa.lg.jp/soshiki/40/2155.html | https://www.city.maniwa.lg.jp/uploaded/attachment/35853.pdf"
"113243","https://www.city.suginami.tokyo.jp/s121/1742.html","https://www.city.suginami.tokyo.jp/s121/1742.html"
"113246","http://www.town.kikai.lg.jp/nousei/satoukibigomahojyo.html","http://www.town.kikai.lg.jp/nousei/satoukibigomahojyo.html"
"113256","https://www.city.katsushika.lg.jp/_res/projects/default_project/_page_/001/004/961/r7.goannai.pdf","https://www.city.katsushika.lg.jp/business/1000011/1034399/1004961.html | https://www.city.katsushika.lg.jp/_res/projects/default_project/_page_/001/004/961/r7.goannai.pdf"
"113257","https://www.city.katsushika.lg.jp/_res/projects/default_project/_page_/001/004/959/r7goannnai.pdf","https://www.city.katsushika.lg.jp/business/1000011/1034399/1004959.html | https://www.city.katsushika.lg.jp/_res/projects/default_project/_page_/001/004/959/r7goannnai.pdf"
"113261","https://www.city.katsushika.lg.jp/_res/projects/default_project/_page_/001/004/957/7goannnai.pdf","https://www.city.katsushika.lg.jp/business/1000011/1034399/1004957.html | https://www.city.katsushika.lg.jp/_res/projects/default_project/_page_/001/004/957/7goannnai.pdf"
"113259","https://www.maff.go.jp/j/supply/hozyo/yusyutu_kokusai/251210_103-1.html","https://www.maff.go.jp/j/supply/hozyo/yusyutu_kokusai/251210_103-1.html"
"113270","https://www.city.hikari.lg.jp/soshiki/7/kanko_1/minkankatsuryokukatsuyougatanijigahamanigiwaisoushutsu/16025.html","https://www.city.hikari.lg.jp/soshiki/7/kanko_1/minkankatsuryokukatsuyougatanijigahamanigiwaisoushutsu/16025.html"
"113273","https://www.city.nishinoomote.lg.jp/admin/soshiki/keizaikankoka/shoukouseisaku/shoukougyou/kigyousien/8174.html","https://www.city.nishinoomote.lg.jp/admin/soshiki/keizaikankoka/shoukouseisaku/shoukougyou/kigyousien/8174.html"
"113278","https://www.city.sendai.jp/waka-katsudo/wakabayashiku/machizukuri/kyodo/r4machikatu.html","https://www.city.sendai.jp/waka-katsudo/wakabayashiku/machizukuri/kyodo/r4machikatu.html"
"113282","https://www.town.kawaminami.miyazaki.jp/soshiki/7/15099.html#:~:text=%E7%AC%AC%E4%B8%89%E8%80%85%E6%89%BF%E7%B6%99%E7%AD%89%E6%94%AF%E6%8F%B4%E8%A3%9C%E5%8A%A9%E9%87%91","https://www.town.kawaminami.miyazaki.jp/soshiki/7/15099.html#:~:text=%E7%AC%AC%E4%B8%89%E8%80%85%E6%89%BF%E7%B6%99%E7%AD%89%E6%94%AF%E6%8F%B4%E8%A3%9C%E5%8A%A9%E9%87%91"
"113292","https://www.city.minamata.lg.jp/kiji0033722/3_3722_22925_up_u82tb8d5.pdf","https://www.city.minamata.lg.jp/kiji0033722/index.html | https://www.city.minamata.lg.jp/kiji0033722/3_3722_22925_up_u82tb8d5.pdf"
"113294","https://www.city.minamata.lg.jp/kiji0031891/index.html","https://www.city.minamata.lg.jp/kiji0031891/index.html"
"113287","https://www.city.minamata.lg.jp/kiji0032445/3_2445_25238_up_ks82vrmp.pdf","https://www.city.minamata.lg.jp/kiji0032445/index.html | https://www.city.minamata.lg.jp/kiji0032445/3_2445_25238_up_ks82vrmp.pdf"
"113297","https://www.city.minamata.lg.jp/kiji0033905/3_3905_up_ov7pynx5.pdf","https://www.city.minamata.lg.jp/kiji0033905/index.html | https://www.city.minamata.lg.jp/kiji0033905/3_3905_up_ov7pynx5.pdf"
"113299","https://www.city.minamata.lg.jp/kiji0033937/3_3937_up_iw8xyj6d.pdf","https://www.city.minamata.lg.jp/kiji0033937/index.html | https://www.city.minamata.lg.jp/kiji0033937/3_3937_up_iw8xyj6d.pdf"
"113312","https://www.city.ibaraki-koga.lg.jp/material/files/group/1/2024charm-of-the-city_pamphlet.pdf","https://www.city.ibaraki-koga.lg.jp/soshiki/hisyokouho/citypr/14832.html | https://www.city.ibaraki-koga.lg.jp/material/files/group/1/2024charm-of-the-city_pamphlet.pdf"
"113321","https://www.city.moka.lg.jp/kakuka/kodomo_katei/gyomu/kosodate/22219.html","https://www.city.moka.lg.jp/kakuka/kodomo_katei/gyomu/kosodate/22219.html"
"113334","https://www.city.amakusa.kumamoto.jp/kiji00313615/3_13615_71086_up_idspvjq4.pdf","https://www.city.amakusa.kumamoto.jp/kiji00313615/index.html | https://www.city.amakusa.kumamoto.jp/kiji00313615/3_13615_71086_up_idspvjq4.pdf"
"113351","https://www.noastec.jp/news/subsidy/post_6003.html","https://www.noastec.jp/news/subsidy/post_6003.html"
"113356","https://www.city.iwakuni.lg.jp/uploaded/attachment/59999.pdf","https://www.city.iwakuni.lg.jp/soshiki/38/45739.html | https://www.city.iwakuni.lg.jp/uploaded/attachment/59999.pdf"
"113357","https://www.city.arakawa.tokyo.jp/documents/24809/2025p.pdf","https://www.city.arakawa.tokyo.jp/a020/jigyousha/jigyouunei/r4hojyo.html | https://www.city.arakawa.tokyo.jp/documents/24809/2025p.pdf"
"113358","https://www.city.arakawa.tokyo.jp/a021/jigyousha/jigyouunei/sangaku.html#p3","https://www.city.arakawa.tokyo.jp/a021/jigyousha/jigyouunei/sangaku.html#p3"
"113362","https://shienkin.santokyo.or.jp/","https://shienkin.santokyo.or.jp/"
"113359","https://www.city.arakawa.tokyo.jp/documents/30023/r07fy_gx_chirashi.pdf","https://www.city.arakawa.tokyo.jp/a021/jigyousha/jigyouunei/gxkeieisuishinshien.html | https://www.city.arakawa.tokyo.jp/documents/30023/r07fy_gx_chirashi.pdf"
"113360","https://www.meti.go.jp/information/publicoffer/kobo/2025/k251211001.html","https://www.meti.go.jp/information/publicoffer/kobo/2025/k251211001.html"
"113365","https://www.pref.ibaraki.jp/nourinsuisan/noseisaku/senryaku/2kaikaku/h30guidebook.html","https://www.pref.ibaraki.jp/nourinsuisan/noseisaku/senryaku/2kaikaku/h30guidebook.html | https://www.pref.ibaraki.jp/nourinsuisan/noseisaku/senryaku/2kaikaku/documents/711guidebook0.pdf#page=12"
"113368","https://www.pref.ibaraki.jp/eigyo/kokusyo/kokusyotop/documents/startupvisa.pdf","https://www.pref.ibaraki.jp/eigyo/kokusyo/kokusyotop/kokusyotop.html#:~:text=%E5%A4%96%E5%9B%BD%E4%BA%BA%E8%B5%B7%E6%A5%AD%E6%B4%BB%E5%8B%95%E4%BF%83%E9%80%B2%E4%BA%8B%E6%A5%AD%EF%BC%88%E9%80%9A%E7%A7%B0%EF%BC%9A%E3%82%B9%E3%82%BF%E3%83%BC%E3%83%88%E3%82%A2%E3%83%83%E3%83%97%E3%83%93%E3%82%B6%E5%88%B6%E5%BA%A6%EF%BC%89 | https://www.pref.ibaraki.jp/eigyo/kokusyo/kokusyotop/documents/startupvisa.pdf"
"113370","https://www.city.nagareyama.chiba.jp/life/1000764/1019685/1051875.html","https://www.city.nagareyama.chiba.jp/life/1000764/1019685/1051875.html"
"113372","https://www.town.shizukuishi.iwate.jp/docs/2025111200017/","https://www.town.shizukuishi.iwate.jp/docs/2025111200017/"
"113377","https://www.pref.tochigi.lg.jp/f03/documents/h28bcp_chirashi.pdf","https://www.pref.tochigi.lg.jp/f03/bcp2.html | https://www.pref.tochigi.lg.jp/f03/documents/h28bcp_chirashi.pdf"
"113373","https://manabi-mirai.mext.go.jp/torikumi/yosan/","https://manabi-mirai.mext.go.jp/torikumi/yosan/"
"113384","https://www.city.ebetsu.hokkaido.jp/uploaded/life/145847_453749_misc.pdf","https://www.city.ebetsu.hokkaido.jp/soshiki/kodomokateika/142697.html | https://www.city.ebetsu.hokkaido.jp/uploaded/life/145847_453749_misc.pdf"
"113386","https://www.city.ise.mie.jp/sangyo/syoukou/sangyoshien/1009569/1009572.html","https://www.city.ise.mie.jp/sangyo/syoukou/sangyoshien/1009569/1009572.html"
"113393","https://www.town.fukaura.lg.jp/doc/2025110400012/","https://www.town.fukaura.lg.jp/doc/2025110400012/"
"113395","https://www.pref.saitama.lg.jp/reskilling_portal/","https://www.pref.saitama.lg.jp/reskilling_portal/"
"113408","https://www.town.hiroo.lg.jp/gyousei/hojokinkoufukin/jisyubousaisoshikikouhukin","https://www.town.hiroo.lg.jp/gyousei/hojokinkoufukin/jisyubousaisoshikikouhukin"
"113398","https://www.city.aichi-miyoshi.lg.jp/material/files/group/18/R7syogyo.pdf","https://www.city.aichi-miyoshi.lg.jp/kurashi_tetsuzuki/hojyokinmatome/kojinigai/kigyou/10739.html | https://www.city.aichi-miyoshi.lg.jp/material/files/group/18/R7syogyo.pdf"
"113409","https://www.town.hiroo.lg.jp/gyousei/hojokinkoufukin/machidukurikouhukin/","https://www.town.hiroo.lg.jp/gyousei/hojokinkoufukin/machidukurikouhukin/"
"113413","https://www.city.ebetsu.hokkaido.jp/soshiki/hoikuka/78406.html","https://www.city.ebetsu.hokkaido.jp/soshiki/hoikuka/78406.html"
"113411","https://www.sarabetsu.jp/kurashi/fukushi_kaigo/kaigo_jinzai/","https://www.sarabetsu.jp/kurashi/fukushi_kaigo/kaigo_jinzai/"
"113417","https://www.town.kuriyama.hokkaido.jp/site/-/26835.html","https://www.town.kuriyama.hokkaido.jp/site/-/26835.html"
"113418","https://www.town.gonohe.aomori.jp/sangyo/2024-06-hannrokaitakuzigyou.html","https://www.town.gonohe.aomori.jp/sangyo/2024-06-hannrokaitakuzigyou.html"
"113419","https://www.nedo.go.jp/koubo/SM2_100001_00108.html","https://www.nedo.go.jp/koubo/SM2_100001_00108.html"
"113421","https://www.town.higashimiyoshi.lg.jp/docs/2860222.html","https://www.town.higashimiyoshi.lg.jp/docs/2860222.html"
"113422","https://www.town.anamizu.lg.jp/uploaded/attachment/105202.pdf","https://www.town.anamizu.lg.jp/page/107126.html | https://www.town.anamizu.lg.jp/uploaded/attachment/105202.pdf"
"113437","https://www.city.yokohama.lg.jp/business/bunyabetsu/kosodate/seibi/2024_jjyuuten_soudan.html","https://www.city.yokohama.lg.jp/business/bunyabetsu/kosodate/seibi/2024_jjyuuten_soudan.html"
"113440","https://www.city.koriyama.lg.jp/soshiki/111/114170.html","https://www.city.koriyama.lg.jp/soshiki/111/114170.html"
"113442","https://www.city.onomichi.hiroshima.jp/soshiki/26/2447.html","https://www.city.onomichi.hiroshima.jp/soshiki/26/2447.html"
"113443","https://www.town.karuizawa.lg.jp/site/volunteer/1393.html","https://www.town.karuizawa.lg.jp/site/volunteer/1393.html"
"113444","https://www.city.yokohama.lg.jp/business/kigyoshien/keieishien/kaihatsu/tenjikai/tennjikaijyosei.html","https://www.city.yokohama.lg.jp/business/kigyoshien/keieishien/kaihatsu/tenjikai/tennjikaijyosei.html"
"113445","https://www.city.kofu.yamanashi.jp/shoko/documents/n2-2.pdf","https://www.city.kofu.yamanashi.jp/shoko/akitenpo.html | https://www.city.kofu.yamanashi.jp/shoko/documents/n2-2.pdf"
"113448","https://www.nedo.go.jp/koubo/SR2_100020.html","https://www.nedo.go.jp/koubo/SR2_100020.html"
"113449","https://www.nedo.go.jp/koubo/SM1_100001_00110.html","https://www.nedo.go.jp/koubo/SM1_100001_00110.html"
"113454","https://www.city.nara.lg.jp/site/kaigohoken/182182.html","https://www.city.nara.lg.jp/site/kaigohoken/182182.html"
"113453","https://www.city.itoman.lg.jp/soshiki/6/33755.html","https://www.city.itoman.lg.jp/soshiki/6/33755.html"
"113462","https://www.nedo.go.jp/koubo/SM2_100001_00111.html","https://www.nedo.go.jp/koubo/SM2_100001_00111.html"
"113464","https://www.pref.niigata.lg.jp/uploaded/attachment/471374.pdf","https://www.pref.niigata.lg.jp/site/tyoujyutaisakusienn/251119kumakinkyutaisaku.html#:~:text=%E3%82%A2%E3%83%BC%E3%83%90%E3%83%B3%E3%83%99%E3%82%A2%E6%8D%95%E7%8D%B2%E7%B7%8A%E6%80%A5%E6%94%AF%E6%8F%B4%E4%BA%8B%E6%A5%AD | https://www.pref.niigata.lg.jp/uploaded/attachment/471374.pdf"
"113459","https://www.nedo.go.jp/koubo/SM2_100001_00104.html","https://www.nedo.go.jp/koubo/SM2_100001_00104.html"
"113466","http://www.city.hirosaki.aomori.jp/ichi-per/R8ichiper-bosyu.html","http://www.city.hirosaki.aomori.jp/ichi-per/R8ichiper-bosyu.html"
"113468","https://www.town.umi.lg.jp/site/kyoudouteian/65258.html","https://www.town.umi.lg.jp/site/kyoudouteian/65258.html"
"113469","https://www.city.hirosaki.aomori.jp/ichi-per/R8ichiper-bosyu.html","https://www.city.hirosaki.aomori.jp/ichi-per/R8ichiper-bosyu.html"
"113470","https://www.pref.iwate.jp/sangyoukoyou/nouson/youkou/kanri/1073510/1092083.html","https://www.pref.iwate.jp/sangyoukoyou/nouson/youkou/kanri/1073510/1092083.html"
"113476","https://www.town.suo-oshima.lg.jp/soshiki/27/13835.html","https://www.town.suo-oshima.lg.jp/soshiki/27/13835.html"
"113485","https://www.town.suo-oshima.lg.jp/soshiki/2/13864.html","https://www.town.suo-oshima.lg.jp/soshiki/2/13864.html"
"113493","https://www.vill.shimukappu.lg.jp/shimukappu/section/kikaku/dnoqph0000000lwb.html","https://www.vill.shimukappu.lg.jp/shimukappu/section/kikaku/dnoqph0000000lwb.html"
"113498","https://www.pref.kanagawa.jp/docs/m8u/tiikinosasaeai.html","https://www.pref.kanagawa.jp/docs/m8u/tiikinosasaeai.html"
"113512","https://www.city.koshigaya.saitama.jp/kurashi_shisei/kurashi/gomi_recycle/risaikuru/shigennksisyu.html","https://www.city.koshigaya.saitama.jp/kurashi_shisei/kurashi/gomi_recycle/risaikuru/shigennksisyu.html"
"113524","https://www.city.kawachinagano.lg.jp/soshiki/2/64975.html","https://www.city.kawachinagano.lg.jp/soshiki/2/64975.html"
"113526","https://www.city.kawachinagano.lg.jp/soshiki/2/65322.html","https://www.city.kawachinagano.lg.jp/soshiki/2/65322.html"
"113527","https://www.chisou.go.jp/tiiki/tiiki_digital/boshu_r071215.html","https://www.chisou.go.jp/tiiki/tiiki_digital/boshu_r071215.html"
"113529","https://www.city.tambasasayama.lg.jp/soshikikarasagasu/shiminanzenka/bousai/kakusyusinnsei/29846.html","https://www.city.tambasasayama.lg.jp/soshikikarasagasu/shiminanzenka/bousai/kakusyusinnsei/29846.html"