policy_id,primary_url,all_urls
"102572","https://www.city.hitachi.lg.jp/sangyo_business/koyo_shugyo_shien/1008016.html","https://www.city.hitachi.lg.jp/sangyo_business/koyo_shugyo_shien/1008016.html"
"102576","https://www.city.nakama.lg.jp/soshiki/40/15898.html","https://www.city.nakama.lg.jp/soshiki/40/15898.html"
"102580","https://www.tokyo-co2down.jp/subsidy/sbtcertification","https://www.tokyo-co2down.jp/subsidy/sbtcertification"
"102602","https://www.vill.hakuba.lg.jp/material/files/group/7/sisutemukausyuuhozyokinngaiyou.pdf","https://www.vill.hakuba.lg.jp/gyosei/keikan_kankyo_kanko/kanko/13084.html | https://www.vill.hakuba.lg.jp/material/files/group/7/sisutemukausyuuhozyokinngaiyou.pdf"
"102585","https://www.city.saito.lg.jp/%E8%A5%BF%E9%83%BD%E5%B8%82%E3%82%B9%E3%83%9E%E3%83%BC%E3%83%88%E8%BE%B2%E6%A5%AD%E6%8E%A8%E9%80%B2%E4%BA%8B%E6%A5%AD%20%281%29.pdf","https://www.city.saito.lg.jp/kurashi/hojokin/post_1769.html | https://www.city.saito.lg.jp/%E8%A5%BF%E9%83%BD%E5%B8%82%E3%82%B9%E3%83%9E%E3%83%BC%E3%83%88%E8%BE%B2%E6%A5%AD%E6%8E%A8%E9%80%B2%E4%BA%8B%E6%A5%AD%20%281%29.pdf"
"102604","https://www.town.minano.saitama.jp/section/kankou/41802/","https://www.town.minano.saitama.jp/section/kankou/41802/"
"102612","https://town.matsuda.kanagawa.jp/soshiki/17/tournament2025.html","https://town.matsuda.kanagawa.jp/soshiki/17/tournament2025.html"
"102611","https://www.pref.gunma.jp/site/hojokin/8876.html","https://www.pref.gunma.jp/site/hojokin/8876.html"
"102616","https://www.pref.gunma.jp/site/hojokin/9383.html","https://www.pref.gunma.jp/site/hojokin/9383.html"
"102613","https://www.city.minato.tokyo.jp/documents/168211/thirashi.pdf","https://www.city.minato.tokyo.jp/sangyousinkou/sangyo/shinko/shinsui.html | https://www.city.minato.tokyo.jp/documents/168211/thirashi.pdf"
"102621","https://www.pref.fukushima.lg.jp/uploaded/attachment/700716.pdf","https://www.pref.fukushima.lg.jp/sec/32011c/erukuru.html | https://www.pref.fukushima.lg.jp/uploaded/attachment/700716.pdf"
"102641","https://www.pref.gunma.jp/site/hojokin/641223.html","https://www.pref.gunma.jp/site/hojokin/641223.html"
"102623","https://www.pref.gunma.jp/site/hojokin/198897.html","https://www.pref.gunma.jp/site/hojokin/198897.html"
"102624","https://www.city.koriyama.lg.jp/uploaded/attachment/106661.pdf","https://www.city.koriyama.lg.jp/soshiki/119/154876.html | https://www.city.koriyama.lg.jp/uploaded/attachment/106661.pdf"
"102643","https://www.town.shichinohe.lg.jp/jigyo/shien/kigyo/post-82.html","https://www.town.shichinohe.lg.jp/jigyo/shien/kigyo/post-82.html"
"102644","https://www.nishi.or.jp/kenko/shakaifukushi/chiikifukushi/kodomoshokudo.html","https://www.nishi.or.jp/kenko/shakaifukushi/chiikifukushi/kodomoshokudo.html"
"102647","https://www.city.kakegawa.shizuoka.jp/fs/6/1/0/4/9/7/_/__________.pdf","https://www.city.kakegawa.shizuoka.jp/gyosei/docs/9926.html | https://www.city.kakegawa.shizuoka.jp/fs/6/1/0/4/9/7/_/__________.pdf"
"102653","https://www.city.kakegawa.shizuoka.jp/gyosei/docs/611905.html","https://www.city.kakegawa.shizuoka.jp/gyosei/docs/611905.html"
"102654","https://www.city.kakegawa.shizuoka.jp/gyosei/docs/9846.html","https://www.city.kakegawa.shizuoka.jp/gyosei/docs/9846.html"
"102661","https://kanazawa-hataraku.jp/employer/shogakukin/","https://kanazawa-hataraku.jp/employer/shogakukin/"
"102670","https://www.city.urayasu.lg.jp/fukushi/koureisha/hoken/1046042.html","https://www.city.urayasu.lg.jp/fukushi/koureisha/hoken/1046042.html"
"102669","https://www.city.sasebo.lg.jp/keizai/syouko/documents/r7syusyokusokusin.pdf","https://www.city.sasebo.lg.jp/keizai/syouko/202304sinaisyusyokusokusinjigyohojokin.html | https://www.city.sasebo.lg.jp/keizai/syouko/documents/r7syusyokusokusin.pdf"
"102664","https://www.town.obuse.nagano.jp/docs/304996.html","https://www.town.obuse.nagano.jp/docs/304996.html"
"102678","https://www.pref.hokkaido.lg.jp/sr/rrm/04_mokusan/20250711rinkou.html","https://www.pref.hokkaido.lg.jp/sr/rrm/04_mokusan/20250711rinkou.html"
"102674","https://www.city.futtsu.lg.jp/0000000490.html","https://www.city.futtsu.lg.jp/0000000490.html"
"102686","https://www.city.amakusa.kumamoto.jp/kiji00313368/index.html","https://www.city.amakusa.kumamoto.jp/kiji00313368/index.html"
"102754","https://www.city.shizuoka.lg.jp/s5478/s013079.html","https://www.city.shizuoka.lg.jp/s5478/s013079.html"
"102756","https://www.city.karatsu.lg.jp/uploaded/attachment/20324.pdf","https://www.city.karatsu.lg.jp/page/34531.html | https://www.city.karatsu.lg.jp/uploaded/attachment/20324.pdf"
"102760","https://www.city.shizuoka.lg.jp/s2746/s013079.html","https://www.city.shizuoka.lg.jp/s2746/s013079.html"
"102761","https://www.city.shunan.lg.jp/soshiki/101/133770.html","https://www.city.shunan.lg.jp/soshiki/101/133770.html"
"102764","https://www.city.shizuoka.lg.jp/s2746/s013081.html","https://www.city.shizuoka.lg.jp/s2746/s013081.html"
"102762","https://www.city.kikugawa.shizuoka.jp/sangyou/keieikiban/documents/kikugawashidatsutanso.pdf","http://www.city.kikugawa.shizuoka.jp/sangyou/keieikiban/datutannso.html | https://www.city.kikugawa.shizuoka.jp/sangyou/keieikiban/documents/kikugawashidatsutanso.pdf"
"102769","https://www.mhlw.go.jp/content/001517326.pdf","https://www.mhlw.go.jp/stf/seisakunitsuite/bunya/koyou_roudou/koyou/koyouhoken/kyukakyufukin.html | https://www.mhlw.go.jp/content/001517326.pdf | https://www.mhlw.go.jp/content/001513591.pdf | https://www.mhlw.go.jp/content/001513595.pdf"
"102776","https://www.pref.aichi.jp/uploaded/life/596976_2744465_misc.pdf","https://www.pref.aichi.jp/soshiki/chikusan/chiku-haigoushiryousoshiryoukakakukoutoutaisaku.html | https://www.pref.aichi.jp/uploaded/life/596976_2744465_misc.pdf"
"102780","https://www.city.shizuoka.lg.jp/s2746/s003777.html","https://www.city.shizuoka.lg.jp/s2746/s003777.html"
"102781","https://www.pref.aichi.jp/uploaded/life/596976_2744465_misc.pdf","https://www.pref.aichi.jp/soshiki/chikusan/chiku-haigoushiryousoshiryoukakakukoutoutaisaku.html | https://www.pref.aichi.jp/uploaded/life/596976_2744465_misc.pdf"
"102782","https://www.pref.aichi.jp/uploaded/life/596976_2744471_misc.pdf","https://www.pref.aichi.jp/soshiki/chikusan/chiku-haigoushiryousoshiryoukakakukoutoutaisaku.html | https://www.pref.aichi.jp/uploaded/life/596976_2744471_misc.pdf"
"102784","https://www.city.shizuoka.lg.jp/s2746/s003776.html","https://www.city.shizuoka.lg.jp/s2746/s003776.html"
"102838","https://www.tax.metro.tokyo.lg.jp/genmen/htt_kt/kangen-tokyo#a","https://www.tax.metro.tokyo.lg.jp/genmen/htt_kt/kangen-tokyo#a"
"102867","https://www.tokyo-machidukuri.or.jp/global-image/units/upfiles/86315-1-20250526135311_b6833f3b7e7fda.pdf","https://www.tokyo-machidukuri.or.jp/tatemono/shoene-hojyo2 | https://www.tokyo-machidukuri.or.jp/global-image/units/upfiles/86315-1-20250526135311_b6833f3b7e7fda.pdf | https://www.tokyo-machidukuri.or.jp/global-image/units/upfiles/91403-1-20231205163413_b656ed275ca6be.pdf"
"102848","https://www.pref.chiba.lg.jp/ontai/hojo/documents/chirashi3.pdf","https://www.pref.chiba.lg.jp/ontai/hojo/sekkeihojo.html | https://www.pref.chiba.lg.jp/ontai/hojo/documents/chirashi3.pdf"
"102871","https://www.careerbank-itnl.jp/2025sapporo-ssw/","https://www.careerbank-itnl.jp/2025sapporo-ssw/"
"102872","https://www.city.kurayoshi.lg.jp/item/11110.htm","https://www.city.kurayoshi.lg.jp/item/11110.htm"
"102873","https://www.pref.aomori.lg.jp/soshiki/sangyo/chikikigyo/files/R7_shoutengai_hojokin.pdf","https://www.pref.aomori.lg.jp/soshiki/sangyo/chikikigyo/R7shoutengai-hojokin.html | https://www.pref.aomori.lg.jp/soshiki/sangyo/chikikigyo/files/R7_shoutengai_hojokin.pdf"
"102897","https://www.city.tosu.lg.jp/soshiki/12/97758.html","https://www.city.tosu.lg.jp/soshiki/12/97758.html"
"102901","https://www.city.takasago.lg.jp/soshikikarasagasu/shogaifukushika/shogaishafukushi/5/12503.html","https://www.city.takasago.lg.jp/soshikikarasagasu/shogaifukushika/shogaishafukushi/5/12503.html"
"102879","https://www.pref.kumamoto.jp/uploaded/attachment/285239.pdf","https://www.pref.kumamoto.jp/soshiki/83/239991.html | https://www.pref.kumamoto.jp/uploaded/attachment/285239.pdf"
"102902","https://www.town.ainan.ehime.jp/kurashi/business/suisangyoko/suisanshinko/umigyousinnkouhojo2025.html","https://www.town.ainan.ehime.jp/kurashi/business/suisangyoko/suisanshinko/umigyousinnkouhojo2025.html"
"102904","https://www.town.mamurogawa.yamagata.jp/kurashi_tetsuzuki/seido/1/4550.html","https://www.town.mamurogawa.yamagata.jp/kurashi_tetsuzuki/seido/1/4550.html"
"102924","https://www.pref.tottori.lg.jp/203009.htm","https://www.pref.tottori.lg.jp/203009.htm"
"102928","https://www.tomioka-town.jp/uploaded/attachment/1566.pdf","https://www.tomioka-town.jp/soshiki/sangyoshinko/1492.html | https://www.tomioka-town.jp/uploaded/attachment/1566.pdf"
"102938","https://www.town.namie.fukushima.jp/site/zcn-hydrogen/37111.html","https://www.town.namie.fukushima.jp/site/zcn-hydrogen/37111.html"
"102930","https://www.city.katsuura.lg.jp/page/6255.html","https://www.city.katsuura.lg.jp/page/6255.html"
"102939","https://www.city.tochigi-sakura.lg.jp/business/000043/000255/000548/p004608.html","https://www.city.tochigi-sakura.lg.jp/business/000043/000255/000548/p004608.html"
"102940","https://www.city.tochigi-sakura.lg.jp/sightseeing/000040/000244/p003839.html","https://www.city.tochigi-sakura.lg.jp/sightseeing/000040/000244/p003839.html"
"102951","https://www.city.tsushima.nagasaki.jp/gyousei/soshiki/kanko/kankoshokoka/shokogyo/hatarakikatakaikaku/6542.html","https://www.city.tsushima.nagasaki.jp/gyousei/soshiki/kanko/kankoshokoka/shokogyo/hatarakikatakaikaku/6542.html"
"102955","https://www.city.tsushima.nagasaki.jp/gyousei/soshiki/kanko/kankoshokoka/shokogyo/hatarakikatakaikaku/6544.html","https://www.city.tsushima.nagasaki.jp/gyousei/soshiki/kanko/kankoshokoka/shokogyo/hatarakikatakaikaku/6544.html"
"102989","https://www.city.karatsu.lg.jp/page/36778.html","https://www.city.karatsu.lg.jp/page/36778.html"
"102976","https://www.city.wako.lg.jp/kurashi/anshin/1002080/1002125/1002134.html","https://www.city.wako.lg.jp/kurashi/anshin/1002080/1002125/1002134.html"
"102997","https://www.pref.ehime.jp/site/madoguchi/117835.html","https://www.pref.ehime.jp/site/madoguchi/117835.html"
"103009","https://www.city.awara.lg.jp/mokuteki/industry/industry0401/p014888_d/fil/001.pdf","https://www.city.awara.lg.jp/mokuteki/industry/industry0401/p014888.html | https://www.city.awara.lg.jp/mokuteki/industry/industry0401/p014888_d/fil/001.pdf"
"102994","https://www.city.minamiuonuma.niigata.jp/docs/72034.html","https://www.city.minamiuonuma.niigata.jp/docs/72034.html"
"103017","https://www.town.ichinohe.iwate.jp/soshikikarasagasu/shokokankoka/chushokigyonadoshien/6367.html","https://www.town.ichinohe.iwate.jp/soshikikarasagasu/shokokankoka/chushokigyonadoshien/6367.html"
"103047","https://www.pref.kanagawa.jp/docs/ap4/cnt/f4259/fc-truck.html#fc01","https://www.pref.kanagawa.jp/docs/ap4/cnt/f4259/fc-truck.html#fc01"
"103037","https://www.pref.kanagawa.jp/docs/d2t/chiki/marugoto_hotel/marugoto_hojyokin.html","https://www.pref.kanagawa.jp/docs/d2t/chiki/marugoto_hotel/marugoto_hojyokin.html"
"103059","https://www.town.yokoshibahikari.chiba.jp/uploaded/attachment/28776.pdf","https://www.town.yokoshibahikari.chiba.jp/soshiki/8/24244.html | https://www.town.yokoshibahikari.chiba.jp/uploaded/attachment/28776.pdf"
"103066","https://www.pref.fukuoka.lg.jp/contents/ganbarusyotengai.html","https://www.pref.fukuoka.lg.jp/contents/ganbarusyotengai.html"
"103070","https://www.city.morioka.iwate.jp/jigyousha/1026070/shogyo/1052747.html","https://www.city.morioka.iwate.jp/jigyousha/1026070/shogyo/1052747.html"
"103080","https://www.city.kashihara.nara.jp/soshiki/1003/gyomu/7/4/18882.html","https://www.city.kashihara.nara.jp/soshiki/1003/gyomu/7/4/18882.html"
"103072","https://www.city.hanyu.lg.jp/docs/2024101800022/file_contents/01.pdf","https://www.city.hanyu.lg.jp/docs/2024101800022/ | https://www.city.hanyu.lg.jp/docs/2024101800022/file_contents/01.pdf"
"103082","https://www.city.hagi.lg.jp/soshiki/49/h59523.html","https://www.city.hagi.lg.jp/soshiki/49/h59523.html"
"103100","https://www.city.toda.saitama.jp/soshiki/253/jidoseisyonen-tugakuhojyo.html","https://www.city.toda.saitama.jp/soshiki/253/jidoseisyonen-tugakuhojyo.html"
"103104","https://www.nishi.or.jp/shisei/sankaku/community/josei/seishonen-hojokin.html","https://www.nishi.or.jp/shisei/sankaku/community/josei/seishonen-hojokin.html"
"103103","https://www.nishi.or.jp/jigyoshajoho/sangyoshinko/shotengai/shogyoakinmise.html","https://www.nishi.or.jp/jigyoshajoho/sangyoshinko/shotengai/shogyoakinmise.html"
"103142","https://www.pref.aomori.lg.jp/soshiki/kenko/syofuku/iryouteki-care_R7hozyokin.html","https://www.pref.aomori.lg.jp/soshiki/kenko/syofuku/iryouteki-care_R7hozyokin.html"
"103148","https://www.pref.kochi.lg.jp/doc/2025060200120/","https://www.pref.kochi.lg.jp/doc/2025060200120/"
"103140","https://www.city.sosa.lg.jp/page/page000127.html","https://www.city.sosa.lg.jp/page/page000127.html"
"103156","https://www.town.minabe.lg.jp/shigoto/02/2025-0723-1132-27.html","https://www.town.minabe.lg.jp/shigoto/02/2025-0723-1132-27.html"
"103160","https://www.pref.kanagawa.jp/docs/gd6/cnt/f420415.html","https://www.pref.kanagawa.jp/docs/gd6/cnt/f420415.html"
"103166","https://www.city.sendai.jp/kikakushien/chusyokigyoshien/documents/chirashi.pdf","https://www.city.sendai.jp/kikakushien/chusyokigyoshien/keieikankyouhenkakyuhukin.html | https://www.city.sendai.jp/kikakushien/chusyokigyoshien/documents/chirashi.pdf"
"103168","https://www.city.muroto.kochi.jp/pages/page3268.php","https://www.city.muroto.kochi.jp/pages/page3268.php"
"103192","https://www.city.nara.lg.jp/soshiki/110/241875.html","https://www.city.nara.lg.jp/soshiki/110/241875.html"
"103173","https://www.city.gero.lg.jp/soshiki/15/33905.html","https://www.city.gero.lg.jp/soshiki/15/33905.html"
"103202","https://www.pref.niigata.lg.jp/uploaded/attachment/445642.pdf","https://www.pref.niigata.lg.jp/site/dobokukanri/kensetsu-director.html | https://www.pref.niigata.lg.jp/uploaded/attachment/445642.pdf"
"103204","https://www.city.kawanishi.hyogo.jp/kurashi/fukushi_kaigo/fukushi/1007999/1009033.html","https://www.city.kawanishi.hyogo.jp/kurashi/fukushi_kaigo/fukushi/1007999/1009033.html"
"103215","https://www.city.tajimi.lg.jp/kurashi/shiminkatsudo/jichikai/bouhantouijikanrijigyouhojyokin.html","https://www.city.tajimi.lg.jp/kurashi/shiminkatsudo/jichikai/bouhantouijikanrijigyouhojyokin.html"
"103270","https://www.gpc-gifu.or.jp/topics/2025072203/index.asp","https://www.gpc-gifu.or.jp/topics/2025072203/index.asp"
"103225","https://www.city.hofu.yamaguchi.jp/soshiki/24/rishirishihokyu.html","https://www.city.hofu.yamaguchi.jp/soshiki/24/rishirishihokyu.html"
"103231","https://www.city.yufu.oita.jp/article_82227","https://www.city.yufu.oita.jp/article_82227"
"103275","https://www.pref.niigata.lg.jp/sec/shigototeijyu/1356865510782.html","https://www.pref.niigata.lg.jp/sec/shigototeijyu/1356865510782.html"
"103276","https://www.pref.niigata.lg.jp/site/koyou/shougaishajoseikin.html","https://www.pref.niigata.lg.jp/site/koyou/shougaishajoseikin.html"
"103278","https://www.pref.aomori.lg.jp/soshiki/kodomo/wakamono/files/01_R7projinzai_chirashi.pdf","https://www.pref.aomori.lg.jp/soshiki/kodomo/wakamono/R7prohojo.html | https://www.pref.aomori.lg.jp/soshiki/kodomo/wakamono/files/01_R7projinzai_chirashi.pdf"
"103279","https://www.heco-hojo.jp/yR07/trkbus/competition.html","https://www.heco-hojo.jp/yR07/trkbus/competition.html"
"103289","https://www.town.tateyama.toyama.jp/soshikikarasagasu/juminka/kankyo_anzenkakari/1/1/777.html","https://www.town.tateyama.toyama.jp/soshikikarasagasu/juminka/kankyo_anzenkakari/1/1/777.html"
"103293","https://www.city.sanjo.niigata.jp/soshiki/keizaibu/nourinka/nouseikakari2019/19361.html","https://www.city.sanjo.niigata.jp/soshiki/keizaibu/nourinka/nouseikakari2019/19361.html"
"103296","https://www.pref.niigata.lg.jp/sec/chiikinosei/1239825711339.html","https://www.pref.niigata.lg.jp/sec/chiikinosei/1239825711339.html"
"103308","https://www.city.naka.lg.jp/hojokin-joseikin/hojokin/page011125.html","https://www.city.naka.lg.jp/hojokin-joseikin/hojokin/page011125.html"
"103299","https://www.city.saito.lg.jp/sangyo/nogyo/7_13.html","https://www.city.saito.lg.jp/sangyo/nogyo/7_13.html"
"103326","https://www.city.takeo.lg.jp/benri/kenko/kenkou/013858.html","https://www.city.takeo.lg.jp/benri/kenko/kenkou/013858.html"
"103328","https://www.city.takeo.lg.jp/benri/shushoku/norin/006745.html","https://www.city.takeo.lg.jp/benri/shushoku/norin/006745.html"
"103327","https://www.city.takeo.lg.jp/benri/shisei/kyodo/003345.html","https://www.city.takeo.lg.jp/benri/shisei/kyodo/003345.html"
"103339","https://www.pref.niigata.lg.jp/sec/kenminsports/sports-challenge-hojokin.html","https://www.pref.niigata.lg.jp/sec/kenminsports/sports-challenge-hojokin.html"
"103338","https://www.pref.niigata.lg.jp/site/dobokukanri/1356864738550.html","https://www.pref.niigata.lg.jp/site/dobokukanri/1356864738550.html"
"103350","https://www.city.okazaki.lg.jp/1400/1404/1414/p042985.html#:~:text=%E5%B2%A1%E5%B4%8E%E5%B8%82%E8%BE%B2%E6%A5%AD%E7%B5%8C%E5%96%B6%E5%9F%BA%E7%9B%A4%E5%BC%B7%E5%8C%96%E8%B3%87%E9%87%91%E5%88%A9%E5%AD%90%E8%A3%9C%E7%B5%A6%E8%A3%9C%E5%8A%A9%E9%87%91","https://www.city.okazaki.lg.jp/1400/1404/1414/p042985.html#:~:text=%E5%B2%A1%E5%B4%8E%E5%B8%82%E8%BE%B2%E6%A5%AD%E7%B5%8C%E5%96%B6%E5%9F%BA%E7%9B%A4%E5%BC%B7%E5%8C%96%E8%B3%87%E9%87%91%E5%88%A9%E5%AD%90%E8%A3%9C%E7%B5%A6%E8%A3%9C%E5%8A%A9%E9%87%91"
"103356","https://www.city.okazaki.lg.jp/1400/1404/1414/p042985.html#:~:text=%E5%85%B1%E5%90%8C%E6%A9%9F%E6%A2%B0%E6%96%BD%E8%A8%AD%E6%95%B4%E5%82%99%E4%BA%8B%E6%A5%AD%E8%B2%BB%E8%A3%9C%E5%8A%A9%E9%87%91","https://www.city.okazaki.lg.jp/1400/1404/1414/p042985.html#:~:text=%E5%85%B1%E5%90%8C%E6%A9%9F%E6%A2%B0%E6%96%BD%E8%A8%AD%E6%95%B4%E5%82%99%E4%BA%8B%E6%A5%AD%E8%B2%BB%E8%A3%9C%E5%8A%A9%E9%87%91"
"103358","https://www.pref.mie.lg.jp/HKISHU/HP/m0012800075_00003.htm","https://www.pref.mie.lg.jp/HKISHU/HP/m0012800075_00003.htm"
"103354","https://www.city.okazaki.lg.jp/1400/1404/1414/p042985.html#:~:text=%E9%BA%A6%E8%B5%A4%E3%81%8B%E3%81%B3%E7%97%85%E9%98%B2%E9%99%A4%E4%BA%8B%E6%A5%AD%E8%B2%BB%E8%A3%9C%E5%8A%A9%E9%87%91","https://www.city.okazaki.lg.jp/1400/1404/1414/p042985.html#:~:text=%E9%BA%A6%E8%B5%A4%E3%81%8B%E3%81%B3%E7%97%85%E9%98%B2%E9%99%A4%E4%BA%8B%E6%A5%AD%E8%B2%BB%E8%A3%9C%E5%8A%A9%E9%87%91"
"103370","https://www.town.shirataka.lg.jp/secure/7064/zinzaikakuhogaiyou.pdf","https://www.town.shirataka.lg.jp/2302.htm | https://www.town.shirataka.lg.jp/secure/7064/zinzaikakuhogaiyou.pdf"
"103371","https://www.town.shirataka.lg.jp/secure/7066/zinzaiikuseigaiyou.pdf","https://www.town.shirataka.lg.jp/2303.htm | https://www.town.shirataka.lg.jp/secure/7066/zinzaiikuseigaiyou.pdf"
"103378","https://www.city.minamata.lg.jp/kiji0034306/index.html","https://www.city.minamata.lg.jp/kiji0034306/index.html"
"103384","https://www.city.nagaoka.niigata.jp/sangyou/cate08/file/cba-recruitment01.pdf","https://www.city.nagaoka.niigata.jp/sangyou/cate08/cba-recruitment.html | https://www.city.nagaoka.niigata.jp/sangyou/cate08/file/cba-recruitment01.pdf"
"103391","https://www.yurihama.jp/soshiki/10/1774.html","https://www.yurihama.jp/soshiki/10/1774.html"
"103387","https://pmh-hojokin2025.metro.tokyo.lg.jp/common/pdf/info-pmh.pdf","https://pmh-hojokin2025.metro.tokyo.lg.jp/ | https://pmh-hojokin2025.metro.tokyo.lg.jp/common/pdf/info-pmh.pdf"
"103394","https://www.iinan.jp/soshiki/6/9550.html","https://www.iinan.jp/soshiki/6/9550.html"
"103409","https://www.pref.akita.lg.jp/pages/archive/90691","https://www.pref.akita.lg.jp/pages/archive/90691"
"103396","https://www.town.motegi.tochigi.jp/motegi/nextpage.php?cd=8095&syurui=2","https://www.town.motegi.tochigi.jp/motegi/nextpage.php?cd=8095&syurui=2"
"103412","https://www.city.minamiawaji.hyogo.jp/soshiki/kyoudou/ninaitedukuri.html","https://www.city.minamiawaji.hyogo.jp/soshiki/kyoudou/ninaitedukuri.html"
"103422","https://www.town.tamamura.lg.jp/docs/2025032100052/file_contents/refo-muhojoannnai.pdf","https://www.town.tamamura.lg.jp/docs/2025032100052/ | https://www.town.tamamura.lg.jp/docs/2025032100052/file_contents/refo-muhojoannnai.pdf"
"103418","https://www.city.yamatokoriyama.lg.jp/kurashi_tetsuzuki/bosai/bosaikatsudo/7125.html","https://www.city.yamatokoriyama.lg.jp/kurashi_tetsuzuki/bosai/bosaikatsudo/7125.html"
"103425","https://www.town.iwaizumi.lg.jp/docs/2025022000027/","https://www.town.iwaizumi.lg.jp/docs/2025022000027/"
"103428","https://www.city.oita.oita.jp/o245/r7tiikinekojoseikin.html","https://www.city.oita.oita.jp/o245/r7tiikinekojoseikin.html"
"103429","https://www.city.hita.oita.jp/soshiki/norinshinkobu/shokoroseika/keieisogyo/kigyo_shien/shotengai/16743.html","https://www.city.hita.oita.jp/soshiki/norinshinkobu/shokoroseika/keieisogyo/kigyo_shien/shotengai/16743.html"
"103466","https://www.city.maebashi.gunma.jp/soshiki/noseibu/nosei/gyomu/6/41043.html","https://www.city.maebashi.gunma.jp/soshiki/noseibu/nosei/gyomu/6/41043.html"
"103441","https://plaza-tokushima.com/wp/wp-content/uploads/2025/03/7e6a4bf3f41c0f5d924fd45bc819bed3.pdf","https://plaza-tokushima.com/npo%e5%bc%b7%e5%8c%96%e4%ba%8b%e6%a5%ad-3-2/ | https://plaza-tokushima.com/wp/wp-content/uploads/2025/03/7e6a4bf3f41c0f5d924fd45bc819bed3.pdf | http://www.plaza-tokushima.com/"
"103469","https://www.city.maebashi.gunma.jp/material/files/group/57/r7kousakusaiseitirasi.pdf","https://www.city.maebashi.gunma.jp/soshiki/noseibu/nosei/gyomu/6/24586.html | https://www.city.maebashi.gunma.jp/material/files/group/57/r7kousakusaiseitirasi.pdf"
"103471","https://www.city.maebashi.gunma.jp/soshiki/noseibu/nosei/gyomu/6/27550.html","https://www.city.maebashi.gunma.jp/soshiki/noseibu/nosei/gyomu/6/27550.html"
"103472","https://www.city.maebashi.gunma.jp/gyosei/2/5/2/8/15729.html","https://www.city.maebashi.gunma.jp/gyosei/2/5/2/8/15729.html"
"103475","https://www.city.maebashi.gunma.jp/gyosei/2/5/2/8/35683.html","https://www.city.maebashi.gunma.jp/gyosei/2/5/2/8/35683.html"
"103493","https://www.city.tsuruoka.lg.jp/sangyo/kankyouhozengataagri/yukijyunkantsuruoka.files/nijiboshyuutirashi.pdf","https://www.city.tsuruoka.lg.jp/sangyo/kankyouhozengataagri/yukijyunkantsuruoka.html | https://www.city.tsuruoka.lg.jp/sangyo/kankyouhozengataagri/yukijyunkantsuruoka.files/nijiboshyuutirashi.pdf"
"103488","https://web.pref.hyogo.lg.jp/nk19/baiomasu.html","https://web.pref.hyogo.lg.jp/nk19/baiomasu.html"
"103495","https://www.town.matsuno.ehime.jp/uploaded/life/15640_31447_misc.pdf","https://www.town.matsuno.ehime.jp/soshiki/3/15640.html | https://www.town.matsuno.ehime.jp/uploaded/life/15640_31447_misc.pdf"
"103500","https://hogo-zoushin.jp/download1_kanri.html","https://hogo-zoushin.jp/download1_kanri.html"
"103502","https://www.tomioka-town.jp/uploaded/attachment/6389.pdf","https://www.tomioka-town.jp/soshiki/kenkodukuri/6967.html | https://www.tomioka-town.jp/uploaded/attachment/6389.pdf"
"103508","https://www.mlit.go.jp/jidosha/anzen/03punishment/cgi-bin/search.cgi","https://www.mlit.go.jp/jidosha/anzen/03punishment/cgi-bin/search.cgi | https://hogo-zoushin.jp/download1_anzen.html"
"103576","https://www.city.katsuyama.fukui.jp/site/kosodate/31673.html#01","https://www.city.katsuyama.fukui.jp/site/kosodate/31673.html#01"
"103519","https://www.city.kobe.lg.jp/a13150/202503_nigiwaisoushutu.html","https://www.city.kobe.lg.jp/a13150/202503_nigiwaisoushutu.html"
"103581","https://web.pref.hyogo.lg.jp/nk19/hijuutakuyou.html","https://web.pref.hyogo.lg.jp/nk19/hijuutakuyou.html"
"103588","https://www.nijinet.or.jp/about/activities/grants/tabid/96/Default.aspx","https://www.nijinet.or.jp/about/activities/grants/tabid/96/Default.aspx"
"103592","https://www.city.nomi.ishikawa.jp/www/contents/1752022780075/simple/adv.pdf","https://www.city.nomi.ishikawa.jp/www/contents/1752022780075/index.html | https://www.city.nomi.ishikawa.jp/www/contents/1752022780075/simple/adv.pdf"
"103624","https://www.town.minowa.lg.jp/soshiki/midori_senryaku/gyomu/5/1/5/1289.html?utm_source=chatgpt.com","https://www.town.minowa.lg.jp/soshiki/midori_senryaku/gyomu/5/1/5/1289.html?utm_source=chatgpt.com"
"103654","https://www.city.sakura.lg.jp/soshiki/shokoshinko/4/3771.html","https://www.city.sakura.lg.jp/soshiki/shokoshinko/4/3771.html"
"103625","https://www.pref.wakayama.lg.jp/prefg/040300/d00213048_d/fil/chirashi.pdf","https://www.pref.wakayama.lg.jp/prefg/040300/d00213048.html | https://www.pref.wakayama.lg.jp/prefg/040300/d00213048_d/fil/chirashi.pdf"
"103637","https://esg-lease.or.jp/application/","https://esg-lease.or.jp/application/ | https://esg-lease.or.jp/"
"103667","https://www.city.oita.oita.jp/o158/2025hiryou.html","https://www.city.oita.oita.jp/o158/2025hiryou.html"
"103662","https://www.pref.shiga.lg.jp/ippan/kendoseibi/koutsu/338157.html","https://www.pref.shiga.lg.jp/ippan/kendoseibi/koutsu/338157.html | https://www.pref.shiga.lg.jp/ippan/kendoseibi/koutsu/345484.html"
"103656","https://www.town.mikawa.yamagata.jp/business/shoukou/shien/shoukousougyou.html","https://www.town.mikawa.yamagata.jp/business/shoukou/shien/shoukousougyou.html"
"103673","https://www.city.komatsushima.lg.jp/docs/5029041.html","https://www.city.komatsushima.lg.jp/docs/5029041.html"
"103670","https://www.city.sakata.lg.jp/bunka/kokusaikouryukyokai/zyoseikin.html","https://www.city.sakata.lg.jp/bunka/kokusaikouryukyokai/zyoseikin.html"
"103681","https://www.city.hirakawa.lg.jp/shigoto/nourin/nougyou/2025-0618-1509-142.html","https://www.city.hirakawa.lg.jp/shigoto/nourin/nougyou/2025-0618-1509-142.html"
"103722","https://www.city.maebashi.gunma.jp/soshiki/noseibu/nosonseibi/shinseisho/7338.html","https://www.city.maebashi.gunma.jp/soshiki/noseibu/nosonseibi/shinseisho/7338.html"
"103706","https://www.city.saito.lg.jp/kurashi/korei_kaigo/post_1768.html","https://www.city.saito.lg.jp/kurashi/korei_kaigo/post_1768.html"
"103685","https://www.town.happo.lg.jp/uploads/public/archive_0000002597_00/%E9%9B%87%E7%94%A8%E5%89%B5%E5%87%BA%EF%BC%88%E3%83%81%E3%83%A9%E3%82%B7%EF%BC%89.pdf","https://www.town.happo.lg.jp/archive/p20250421143625 | https://www.town.happo.lg.jp/uploads/public/archive_0000002597_00/%E9%9B%87%E7%94%A8%E5%89%B5%E5%87%BA%EF%BC%88%E3%83%81%E3%83%A9%E3%82%B7%EF%BC%89.pdf"
"103737","https://www.city.maebashi.gunma.jp/sangyo_business/4/5/2/2/9966.html","https://www.city.maebashi.gunma.jp/sangyo_business/4/5/2/2/9966.html"
"103733","https://www.city.komatsushima.lg.jp/docs/5007756.html","https://www.city.komatsushima.lg.jp/docs/5007756.html"
"103738","https://www.maff.go.jp/j/seisan/ryutu/fruits/attach/pdf/index-222.pdf","https://www.maff.go.jp/j/seisan/ryutu/fruits/attach/pdf/index-222.pdf"
"103739","https://www.yurihama.jp/soshiki/3/20851.html","https://www.yurihama.jp/soshiki/3/20851.html"
"103740","https://www.city.satsumasendai.lg.jp/material/files/group/26/tennpo.pdf","https://www.city.satsumasendai.lg.jp/soshiki/1013/1/7/4/815.html | https://www.city.satsumasendai.lg.jp/material/files/group/26/tennpo.pdf"
"103742","https://www.city.maebashi.gunma.jp/soshiki/bunkasupotsukanko/sports/45130.html","https://www.city.maebashi.gunma.jp/soshiki/bunkasupotsukanko/sports/45130.html"
"103744","https://www.city.usuki.oita.jp/docs/2014013100259/file_contents/aaa.pdf","https://www.city.usuki.oita.jp/docs/2014013100259/ | https://www.city.usuki.oita.jp/docs/2014013100259/file_contents/aaa.pdf"
"103748","https://www.city.maebashi.gunma.jp/soshiki/toshikeikakubu/shigaichiseibi/gyomu/5/2/2012.html","https://www.city.maebashi.gunma.jp/soshiki/toshikeikakubu/shigaichiseibi/gyomu/5/2/2012.html"
"103745","https://www.city.maebashi.gunma.jp/material/files/group/62/R7_UDsienhojoleaflet.pdf","https://www.city.maebashi.gunma.jp/soshiki/toshikeikakubu/shigaichiseibi/gyomu/kanminrenkeimatidukuri/2013.html | https://www.city.maebashi.gunma.jp/material/files/group/62/R7_UDsienhojoleaflet.pdf"
"103749","https://www.city.amagasaki.hyogo.jp/_res/projects/default_project/_page_/001/041/642/R7skillup_tirashi.pdf","https://www.city.amagasaki.hyogo.jp/sangyo/yusi_josei/keiei_sien/1041642.html | https://www.city.amagasaki.hyogo.jp/_res/projects/default_project/_page_/001/041/642/R7skillup_tirashi.pdf"
"103751","https://www.pref.kochi.lg.jp/doc/2025071000115/","https://www.pref.kochi.lg.jp/doc/2025071000115/"
"103756","https://www.city.koto.lg.jp/102020/sangyoshigoto/chusho/hojokin/66611.html","https://www.city.koto.lg.jp/102020/sangyoshigoto/chusho/hojokin/66611.html"
"103757","https://www.city.karatsu.lg.jp/uploaded/attachment/20585.pdf","https://www.city.karatsu.lg.jp/page/37352.html | https://www.city.karatsu.lg.jp/uploaded/attachment/20585.pdf"
"103785","https://www.pref.kagawa.lg.jp/choju/choju/jigyosya/kikin_hojyo.html#%E9%A6%99%E5%B7%9D%E7%9C%8C%E4%BB%8B%E8%AD%B7%E4%BA%BA%E6%9D%90%E7%A2%BA%E4%BF%9D%E4%BA%8B%E6%A5%AD%E8%A3%9C%E5%8A%A9%E9%87%91%E4%BA%A4%E4%BB%98%E8%A6%81%E7%B6%B1:~:text=087%2D832%2D3267-,%E4%BB%A4%E5%92%8C7%E5%B9%B4%E5%BA%A6%E9%A6%99%E5%B7%9D%E7%9C%8C%E4%BB%8B%E8%AD%B7%E4%BA%BA%E6%9D%90%E7%A2%BA%E4%BF%9D%E4%BA%8B%E6%A5%AD%E8%A3%9C%E5%8A%A9%E9%87%91,-%E4%BA%A4%E4%BB%98%E8%A6%81%E7%B6%B1%E3%81%AB%E3%81%A4%E3%81%84%E3%81%A6","https://www.pref.kagawa.lg.jp/choju/choju/jigyosya/kikin_hojyo.html#%E9%A6%99%E5%B7%9D%E7%9C%8C%E4%BB%8B%E8%AD%B7%E4%BA%BA%E6%9D%90%E7%A2%BA%E4%BF%9D%E4%BA%8B%E6%A5%AD%E8%A3%9C%E5%8A%A9%E9%87%91%E4%BA%A4%E4%BB%98%E8%A6%81%E7%B6%B1:~:text=087%2D832%2D3267-,%E4%BB%A4%E5%92%8C7%E5%B9%B4%E5%BA%A6%E9%A6%99%E5%B7%9D%E7%9C%8C%E4%BB%8B%E8%AD%B7%E4%BA%BA%E6%9D%90%E7%A2%BA%E4%BF%9D%E4%BA%8B%E6%A5%AD%E8%A3%9C%E5%8A%A9%E9%87%91,-%E4%BA%A4%E4%BB%98%E8%A6%81%E7%B6%B1%E3%81%AB%E3%81%A4%E3%81%84%E3%81%A6"
"103784","https://www.maff.go.jp/j/press/nousin/mizu/attach/pdf/250730-1.pdf","https://www.maff.go.jp/j/press/nousin/mizu/250730.html | https://www.maff.go.jp/j/press/nousin/mizu/attach/pdf/250730-1.pdf"
"103794","https://www.city.hiratsuka.kanagawa.jp/common/200179552.pdf","https://www.city.hiratsuka.kanagawa.jp/sangyo/page33_00136.html | https://www.city.hiratsuka.kanagawa.jp/common/200179552.pdf"
"103797","https://www.city.hiratsuka.kanagawa.jp/sangyo/page33_00104.html","https://www.city.hiratsuka.kanagawa.jp/sangyo/page33_00104.html"
"103799","https://www.city.hiratsuka.kanagawa.jp/sangyo/page33_00096.html","https://www.city.hiratsuka.kanagawa.jp/sangyo/page33_00096.html"
"103802","https://www.city.hiratsuka.kanagawa.jp/sangyo/page33_00140.html","https://www.city.hiratsuka.kanagawa.jp/sangyo/page33_00140.html"
"103803","https://www.city.hiratsuka.kanagawa.jp/sangyo/page33_00089.html","https://www.city.hiratsuka.kanagawa.jp/sangyo/page33_00089.html"
"103805","https://www.tokyo-aff.or.jp/site/business/33426.html","https://www.tokyo-aff.or.jp/site/business/33426.html"
"103806","https://www.tokyo-aff.or.jp/site/business/33427.html","https://www.tokyo-aff.or.jp/site/business/33427.html"
"103808","https://www.tokyo-aff.or.jp/site/challenge/34181.html","https://www.tokyo-aff.or.jp/site/challenge/34181.html"
"103819","https://www.town.shintomi.lg.jp/secure/21341/R7ninaitechirashi.pdf","https://www.town.shintomi.lg.jp/item/21341.htm#itemid21341 | https://www.town.shintomi.lg.jp/secure/21341/R7ninaitechirashi.pdf"
"103826","https://www.city.tsukuba.lg.jp/soshikikarasagasu/keizaibunogyoseisakuka/gyomuannai/4/1/25025.html","https://www.city.tsukuba.lg.jp/soshikikarasagasu/keizaibunogyoseisakuka/gyomuannai/4/1/25025.html"
"103835","https://www.city.ozu.ehime.jp/soshiki/nourin/16551.html","https://www.city.ozu.ehime.jp/soshiki/nourin/16551.html"
"103831","https://www.city.iwakuni.lg.jp/site/kigyouseisaku/45241.html","https://www.city.iwakuni.lg.jp/site/kigyouseisaku/45241.html"
"103843","https://www.city.ozu.ehime.jp/soshiki/nourin/16551.html#:~:text=%E3%83%8F%E3%82%BC%E3%81%AE%E5%AE%9F%E7%94%9F%E7%94%A3%E6%8C%AF%E8%88%88%E4%BA%8B%E6%A5%AD","https://www.city.ozu.ehime.jp/soshiki/nourin/16551.html#:~:text=%E3%83%8F%E3%82%BC%E3%81%AE%E5%AE%9F%E7%94%9F%E7%94%A3%E6%8C%AF%E8%88%88%E4%BA%8B%E6%A5%AD"
"103848","https://www.city.ozu.ehime.jp/soshiki/nourin/16551.html#:~:text=%E3%82%B9%E3%83%9E%E3%83%BC%E3%83%88%E8%BE%B2%E6%A5%AD%E6%8E%A8%E9%80%B2%E3%83%A2%E3%83%87%E3%83%AB%E4%BA%8B%E6%A5%AD","https://www.city.ozu.ehime.jp/soshiki/nourin/16551.html#:~:text=%E3%82%B9%E3%83%9E%E3%83%BC%E3%83%88%E8%BE%B2%E6%A5%AD%E6%8E%A8%E9%80%B2%E3%83%A2%E3%83%87%E3%83%AB%E4%BA%8B%E6%A5%AD"
"103841","https://www.city.ozu.ehime.jp/soshiki/nourin/16551.html#:~:text=%EF%BC%96%E6%AC%A1%E7%94%A3%E6%A5%AD%E5%8C%96%E7%AD%89%E6%8E%A8%E9%80%B2%E4%BA%8B%E6%A5%AD","https://www.city.ozu.ehime.jp/soshiki/nourin/16551.html#:~:text=%EF%BC%96%E6%AC%A1%E7%94%A3%E6%A5%AD%E5%8C%96%E7%AD%89%E6%8E%A8%E9%80%B2%E4%BA%8B%E6%A5%AD"
"103856","https://www.city.maebashi.gunma.jp/soshiki/shimin/kyouseishakaisuishinka/shinseisho/7499.html","https://www.city.maebashi.gunma.jp/soshiki/shimin/kyouseishakaisuishinka/shinseisho/7499.html"
"103857","https://www.city.tsukuba.lg.jp/soshikikarasagasu/kodomobukodomomiraicenter/gyomuannai/2/2/1006980.html","https://www.city.tsukuba.lg.jp/soshikikarasagasu/kodomobukodomomiraicenter/gyomuannai/2/2/1006980.html"
"103858","https://www.city.matsuyama.ehime.jp/kurashi/sangyo/sousyutu/student.files/R7-matsuyama-kigyouchirashi.pdf","https://www.city.matsuyama.ehime.jp/kurashi/sangyo/sousyutu/student.html | https://www.city.matsuyama.ehime.jp/kurashi/sangyo/sousyutu/student.files/R7-matsuyama-kigyouchirashi.pdf"
"103860","https://www.city.odate.lg.jp/uploads/public/pages_0000011045_00/%E3%83%91%E3%83%B3%E3%83%95%E3%83%AC%E3%83%83%E3%83%88.pdf","https://www.city.odate.lg.jp/city/soshiki/kenkokikaku/p11045 | https://www.city.odate.lg.jp/uploads/public/pages_0000011045_00/%E3%83%91%E3%83%B3%E3%83%95%E3%83%AC%E3%83%83%E3%83%88.pdf"
"103863","https://www.pref.kumamoto.jp/uploaded/life/241097_697831_misc.pdf","https://www.pref.kumamoto.jp/soshiki/98/92611.html | https://www.pref.kumamoto.jp/uploaded/life/241097_697831_misc.pdf"
"103870","https://www.city.obu.aichi.jp/_res/projects/default_project/_page_/001/006/455/ganbarugaiyou.pdf","https://www.city.obu.aichi.jp/jigyo/sangyo_shinko/sogyo_yushi/1006454/1006455.html | https://www.city.obu.aichi.jp/_res/projects/default_project/_page_/001/006/455/ganbarugaiyou.pdf"
"103872","https://www.town.shirakawa.lg.jp/kankou/koyou_roudou/1002037/1002801.html","https://www.town.shirakawa.lg.jp/kankou/koyou_roudou/1002037/1002801.html"
"103876","https://www.city.ena.lg.jp/kanko_sangyo_business/sangyo/nogyo/2778.html","https://www.city.ena.lg.jp/kanko_sangyo_business/sangyo/nogyo/2778.html"
"103884","https://www.city.kasugai.lg.jp/business/kigyo/shotengai/1036641.html","https://www.city.kasugai.lg.jp/business/kigyo/shotengai/1036641.html"
"103885","https://www.pref.tokushima.lg.jp/ippannokata/kenko/kosodateshien/7305424/","https://www.pref.tokushima.lg.jp/ippannokata/kenko/kosodateshien/7305424/"
"103897","https://www.city.tonami.lg.jp/service/2055p/","https://www.city.tonami.lg.jp/service/2055p/"
"103902","https://www.town.shintomi.lg.jp/item/21336.htm#itemid21336","https://www.town.shintomi.lg.jp/item/21336.htm#itemid21336"
"103899","https://www1.city.obama.fukui.jp/kanko-bunka/rekishi-bunka/obamanishigumichiku/4189_d/fil/3.pdf","https://www1.city.obama.fukui.jp/kanko-bunka/rekishi-bunka/obamanishigumichiku/4189.html | https://www1.city.obama.fukui.jp/kanko-bunka/rekishi-bunka/obamanishigumichiku/4189_d/fil/3.pdf"
"103905","https://www.town.satosho.okayama.jp/soshiki/3/12976.html","https://www.town.satosho.okayama.jp/soshiki/3/12976.html"
"103909","https://www.tokyo-aff.or.jp/uploaded/attachment/10444.pdf","https://www.tokyo-aff.or.jp/site/business/1120.html | https://www.tokyo-aff.or.jp/uploaded/attachment/10444.pdf"
"103914","https://www.city.nagato.yamaguchi.jp/uploaded/life/61493_250717_misc.pdf","https://www.city.nagato.yamaguchi.jp/soshiki/13/61493.html | https://www.city.nagato.yamaguchi.jp/uploaded/life/61493_250717_misc.pdf"
"103917","https://www.city.itoman.lg.jp/uploaded/life/30413_60744_misc.pdf","https://www.city.itoman.lg.jp/soshiki/18/30413.html | https://www.city.itoman.lg.jp/uploaded/life/30413_60744_misc.pdf | https://www.city.itoman.lg.jp/uploaded/life/30413_60740_misc.pdf"
"103924","https://www.city.kamogawa.lg.jp/soshiki/25/23020.html","https://www.city.kamogawa.lg.jp/soshiki/25/23020.html"
"103925","https://www.pref.kumamoto.jp/uploaded/life/235473_673594_misc.pdf","https://www.pref.kumamoto.jp/soshiki/73/175669.html | https://www.pref.kumamoto.jp/uploaded/life/235473_673594_misc.pdf"
"103931","https://nawate-sci.or.jp/nawatechallenge_2025/index.htm","https://nawate-sci.or.jp/nawatechallenge_2025/index.htm"
"103940","https://www.city.atami.lg.jp/jigyosha/kigyoshien/1017444.html","https://www.city.atami.lg.jp/jigyosha/kigyoshien/1017444.html"
"103945","https://www.city.kitahiroshima.hokkaido.jp/hotnews/detail/00156860.html","https://www.city.kitahiroshima.hokkaido.jp/hotnews/detail/00156860.html"
"103942","https://www.city.shibata.lg.jp/_res/projects/default_project/_page_/001/028/370/jigyougaiyoushinki.pdf","https://www.city.shibata.lg.jp/kurashi/1013319/1028370.html | https://www.city.shibata.lg.jp/_res/projects/default_project/_page_/001/028/370/jigyougaiyoushinki.pdf | https://www.city.shibata.lg.jp/_res/projects/default_project/_page_/001/028/370/shinkieria.pdf | https://www.city.shibata.lg.jp/_res/projects/default_project/_page_/001/028/370/shinkihozyotaisyou.pdf"
"103956","http://www.town.fujisaki.lg.jp/index.cfm/7,21379,57,html","http://www.town.fujisaki.lg.jp/index.cfm/7,21379,57,html"
"103967","https://www.town.misato.akita.jp/up/files/madoguchi/shokoukankou/kouryushoukou/roudou/%E7%BE%8E%E9%83%B7%E7%94%BA%E9%9B%87%E7%94%A8%E4%BF%83%E9%80%B2%E6%94%AF%E6%8F%B4%E9%87%91%E3%83%81%E3%83%A9%E3%82%B7.pdf","https://www.town.misato.akita.jp/koyou/4029 | https://www.town.misato.akita.jp/up/files/madoguchi/shokoukankou/kouryushoukou/roudou/%E7%BE%8E%E9%83%B7%E7%94%BA%E9%9B%87%E7%94%A8%E4%BF%83%E9%80%B2%E6%94%AF%E6%8F%B4%E9%87%91%E3%83%81%E3%83%A9%E3%82%B7.pdf"
"103969","https://www.city.mimasaka.lg.jp/material/files/group/28/assist_bicycle_R07.pdf","https://www.city.mimasaka.lg.jp/material/files/group/28/assist_bicycle_R07.pdf"
"104003","https://www.city.matsuyama.ehime.jp/kurashi/sangyo/chusyoukigyou/gkentei.html","https://www.city.matsuyama.ehime.jp/kurashi/sangyo/chusyoukigyou/gkentei.html"
"104019","https://www.town.misato.akita.jp/nourinseibi/5094","https://www.town.misato.akita.jp/nourinseibi/5094"
"103997","https://www.city.hitoyoshi.lg.jp/toppage/jyuyo/2433509","https://www.city.hitoyoshi.lg.jp/toppage/jyuyo/2433509"
"104043","https://www.town.yonaguni.okinawa.jp/docs/2025022700019","https://www.town.yonaguni.okinawa.jp/docs/2025022700019"
"104064","https://www.town.misaki.okayama.jp/uploaded/attachment/8263.pdf","https://www.town.misaki.okayama.jp/soshiki/jouhou/13604.html | https://www.town.misaki.okayama.jp/uploaded/attachment/8263.pdf"
"104066","https://www.pref.kochi.lg.jp/doc/2025071100204/","https://www.pref.kochi.lg.jp/doc/2025071100204/"
"104068","https://www.city.towada.lg.jp/sangyo/nourin/nougyou/files/nouhuku_hojokinn_pdf.pdf","https://www.city.towada.lg.jp/sangyo/nourin/nougyou/nouhukurennkei_hojokinn.html | https://www.city.towada.lg.jp/sangyo/nourin/nougyou/files/nouhuku_hojokinn_pdf.pdf"
"104070","https://www.city.ena.lg.jp/soshikiichiran/norimbu/noseika/annai/18420.html","https://www.city.ena.lg.jp/soshikiichiran/norimbu/noseika/annai/18420.html"
"104071","https://www.city.tomigusuku.lg.jp/kurashi_tetsuzuki/sumai/8715.html","https://www.city.tomigusuku.lg.jp/kurashi_tetsuzuki/sumai/8715.html"
"104093","https://www.pref.fukushima.lg.jp/uploaded/attachment/574935.pdf","https://www.pref.fukushima.lg.jp/sec/32011c/wlb-joseikin.html | https://www.pref.fukushima.lg.jp/uploaded/attachment/574935.pdf"
"104104","https://www.city.nonoichi.lg.jp/soshiki/29/49485.html","https://www.city.nonoichi.lg.jp/soshiki/29/49485.html"
"104097","https://www.pref.aichi.jp/soshiki/shugyo/fukugyo.html","https://www.pref.aichi.jp/soshiki/shugyo/fukugyo.html"
"104112","https://www.pref.fukuoka.lg.jp/contents/iryo-tokubetsukouatsu-shien.html","https://www.pref.fukuoka.lg.jp/contents/iryo-tokubetsukouatsu-shien.html"
"104114","https://www.city.omuta.lg.jp/kiji0033669/index.html","https://www.city.omuta.lg.jp/kiji0033669/index.html"
"104115","https://www.city.omuta.lg.jp/kiji003472/3_472_107713_up_7a0ol7i6.pdf","https://www.city.omuta.lg.jp/kiji003472/index.html | https://www.city.omuta.lg.jp/kiji003472/3_472_107713_up_7a0ol7i6.pdf"
"104116","https://www.city.omuta.lg.jp/kiji0039245/3_9245_107711_up_bim1xsoq.pdf","https://www.city.omuta.lg.jp/kiji0039245/index.html | https://www.city.omuta.lg.jp/kiji0039245/3_9245_107711_up_bim1xsoq.pdf | https://www.city.omuta.lg.jp/kiji0039245/3_9245_112743_up_z88ds7jt.pdf"
"104119","https://www.city.sendai.jp/iji/kurashi/machi/kotsu/ijikanri/fuyumichi/toketsuboshi/documents/hojo.pdf","https://www.city.sendai.jp/iji/kurashi/machi/kotsu/ijikanri/fuyumichi/toketsuboshi/kogatahojo.html | https://www.city.sendai.jp/iji/kurashi/machi/kotsu/ijikanri/fuyumichi/toketsuboshi/documents/hojo.pdf"
"104118","https://www.pref.nara.jp/secure/324900/%E3%80%90%E4%B8%AD%E5%B1%B1%E3%81%BD%E3%82%93%E3%81%A1%E3%83%9D%E3%83%B3%E3%83%81%E3%80%91R7%E4%BC%81%E6%A5%AD%E5%90%91%E3%81%91%E3%83%81%E3%83%A9%E3%82%B7.pdf","https://www.pref.nara.jp/58276.htm | https://www.pref.nara.jp/secure/324900/%E3%80%90%E4%B8%AD%E5%B1%B1%E3%81%BD%E3%82%93%E3%81%A1%E3%83%9D%E3%83%B3%E3%83%81%E3%80%91R7%E4%BC%81%E6%A5%AD%E5%90%91%E3%81%91%E3%83%81%E3%83%A9%E3%82%B7.pdf"
"104125","https://www.city.yamaguchi.lg.jp/soshiki/65/181048.html","https://www.city.yamaguchi.lg.jp/soshiki/65/181048.html"
"104130","https://www.city.muroto.kochi.jp/pages/page3277.php","https://www.city.muroto.kochi.jp/pages/page3277.php"
"104134","https://www.mhlw.go.jp/stf/seisakunitsuite/bunya/kenkou_iryou/kenkou/hoken-eisei/index.html","https://www.mhlw.go.jp/stf/seisakunitsuite/bunya/kenkou_iryou/kenkou/hoken-eisei/index.html"
"104137","https://www.pref.shiga.lg.jp/file/attachment/5556491.pdf","https://www.pref.shiga.lg.jp/ippan/kendoseibi/koutsu/340530.html | https://www.pref.shiga.lg.jp/file/attachment/5556491.pdf"
"104138","https://www.city.hamura.tokyo.jp/0000019905.html","https://www.city.hamura.tokyo.jp/0000019905.html"
"104151","https://www.pref.nagasaki.jp/bunrui/shigoto-sangyo/kogyo-kagakugijutsu/kaiyouenergy/zinzaihojokin/","https://www.pref.nagasaki.jp/bunrui/shigoto-sangyo/kogyo-kagakugijutsu/kaiyouenergy/zinzaihojokin/"
"104155","https://www.pref.nagasaki.jp/shared/uploads/2024/05/1715165153.pdf","https://www.pref.nagasaki.jp/bunrui/hukushi-hoken/kosodateshien-shoshikataisaku/manabukensyu/manabuhoikusitou/ | https://www.pref.nagasaki.jp/shared/uploads/2024/05/1715165153.pdf"
"104195","https://hogo-zoushin.jp/","https://hogo-zoushin.jp/"
"104163","https://www.pref.niigata.lg.jp/site/keieifukyu/tayounanougyoujinzai.html","https://www.pref.niigata.lg.jp/site/keieifukyu/tayounanougyoujinzai.html"
"104198","https://www.city.yamaguchi.lg.jp/uploaded/attachment/111297.pdf","https://www.city.yamaguchi.lg.jp/soshiki/56/180831.html | https://www.city.yamaguchi.lg.jp/uploaded/attachment/111297.pdf"
"104201","https://www.city.yamaguchi.lg.jp/uploaded/attachment/111487.pdf","https://www.city.yamaguchi.lg.jp/soshiki/56/181100.html | https://www.city.yamaguchi.lg.jp/uploaded/attachment/111487.pdf"
"104200","https://www.city.yamaguchi.lg.jp/uploaded/attachment/111301.pdf","https://www.city.yamaguchi.lg.jp/soshiki/56/180852.html | https://www.city.yamaguchi.lg.jp/uploaded/attachment/111301.pdf"
"104216","https://www.city.uruma.lg.jp/1007002000/contents/p000041.html","https://www.city.uruma.lg.jp/1007002000/contents/p000041.html"
"104219","https://www.city.shibata.lg.jp/jigyosha/shien/shien/1028385.html","https://www.city.shibata.lg.jp/jigyosha/shien/shien/1028385.html"
"104230","https://www.city.okayama.jp/jigyosha/cmsfiles/contents/0000035/35883/00_youkou.pdf","https://www.city.okayama.jp/jigyosha/0000035883.html | https://www.city.okayama.jp/jigyosha/cmsfiles/contents/0000035/35883/00_youkou.pdf"
"104241","https://www.pref.niigata.lg.jp/sec/nosanengei/0823kassuihigaioukyuutaisakushienn.html","https://www.pref.niigata.lg.jp/sec/nosanengei/0823kassuihigaioukyuutaisakushienn.html"
"104243","https://www.pref.ehime.jp/uploaded/attachment/153878.pdf","https://www.pref.ehime.jp/site/madoguchi/69869.html | https://www.pref.ehime.jp/uploaded/attachment/153878.pdf"
"104244","https://www.pref.kagoshima.jp/ac06/kaimono-shien.html","https://www.pref.kagoshima.jp/ac06/kaimono-shien.html"
"104251","https://www.pref.kagoshima.jp/af02/keieikaizen.html","https://www.pref.kagoshima.jp/af02/keieikaizen.html"
"104274","https://www.city.katsuyama.fukui.jp/soshiki/13/31080.html","https://www.city.katsuyama.fukui.jp/soshiki/13/31080.html"
"104254","https://www.city.kiryu.lg.jp/sangyou/nougyoushinko/ringyou/1025501.html","https://www.city.kiryu.lg.jp/sangyou/nougyoushinko/ringyou/1025501.html"
"104277","https://www.pref.kagoshima.jp/ae04/chiikifukushi/ryugakuseishienkaigoshisetsujisshi.html","https://www.pref.kagoshima.jp/ae04/chiikifukushi/ryugakuseishienkaigoshisetsujisshi.html"
"104285","https://www.city.ako.lg.jp/shimin/bika/20150205.html","https://www.city.ako.lg.jp/shimin/bika/20150205.html"
"104298","https://www.city.wajima.ishikawa.jp/docs/2018072400015/file_contents/gaiyo.pdf","https://www.city.wajima.ishikawa.jp/docs/2018072400015/ | https://www.city.wajima.ishikawa.jp/docs/2018072400015/file_contents/gaiyo.pdf"
"104305","https://www.pref.aichi.jp/soshiki/shichoson/genki-aichi-hojokin.html","https://www.pref.aichi.jp/soshiki/shichoson/genki-aichi-hojokin.html"
"104300","https://www.city.yasu.lg.jp/soshiki/keizai/jigyousha/1631237109689.html","https://www.city.yasu.lg.jp/soshiki/keizai/jigyousha/1631237109689.html"
"104304","https://www.town.tako.chiba.jp/docs/2024083000014/#:~:text=11%2C000%E5%86%86%E4%BB%A5%E5%86%85-,%E5%A4%9A%E5%8F%A4%E7%94%BA%E6%B0%B4%E7%94%B0%E6%B4%BB%E7%94%A8%E6%8E%A8%E9%80%B2%E8%A3%9C%E5%8A%A9%E9%87%91%EF%BC%88%E7%94%BA%E4%BA%8B%E6%A5%AD%EF%BC%89,-%E6%A6%82%E3%80%80%E3%80%80%E8%A6%81%E3%80%80%EF%BC%9A%E3%80%80%E6%96%B0%E8%A6%8F","https://www.town.tako.chiba.jp/docs/2024083000014/#:~:text=11%2C000%E5%86%86%E4%BB%A5%E5%86%85-,%E5%A4%9A%E5%8F%A4%E7%94%BA%E6%B0%B4%E7%94%B0%E6%B4%BB%E7%94%A8%E6%8E%A8%E9%80%B2%E8%A3%9C%E5%8A%A9%E9%87%91%EF%BC%88%E7%94%BA%E4%BA%8B%E6%A5%AD%EF%BC%89,-%E6%A6%82%E3%80%80%E3%80%80%E8%A6%81%E3%80%80%EF%BC%9A%E3%80%80%E6%96%B0%E8%A6%8F"
"104319","https://www.city.minami-alps.yamanashi.jp/biz-support/support/14595.html","https://www.city.minami-alps.yamanashi.jp/biz-support/support/14595.html"
"104315","https://www.city.yabu.hyogo.jp/soshiki/sangyokankyo/shoko/1/5322.html","https://www.city.yabu.hyogo.jp/soshiki/sangyokankyo/shoko/1/5322.html"
"104320","https://www.city.minami-alps.yamanashi.jp/biz-support/support/14594.html","https://www.city.minami-alps.yamanashi.jp/biz-support/support/14594.html"
"104321","https://www.city.minato.tokyo.jp/documents/104298/tirasi.pdf","https://www.city.minato.tokyo.jp/sangyousinkou/sangyo/shinko/challenge0928hozyokin.html | https://www.city.minato.tokyo.jp/documents/104298/tirasi.pdf"
"104329","https://www.pref.saga.lg.jp/kiji00396596/index.html","https://www.pref.saga.lg.jp/kiji00396596/index.html"
"104323","https://www.city.minato.tokyo.jp/documents/124179/tirasi.pdf","https://www.city.minato.tokyo.jp/sangyousinkou/sangyousinkou.html | https://www.city.minato.tokyo.jp/documents/124179/tirasi.pdf"
"104333","https://www.town.toyono.osaka.jp/kurashi/nourin-shoukou/nouringyou/page002596.html","https://www.town.toyono.osaka.jp/kurashi/nourin-shoukou/nouringyou/page002596.html"
"104336","https://www.city.shibata.lg.jp/_res/projects/default_project/_page_/001/024/136/r7_dxhojokin_chirashi.pdf","https://www.city.shibata.lg.jp/jigyosha/shien/shien/1024136.html | https://www.city.shibata.lg.jp/_res/projects/default_project/_page_/001/024/136/r7_dxhojokin_chirashi.pdf"
"104340","https://www.pref.toyama.jp/documents/49093/zigyougaiyou.pdf","https://www.pref.toyama.jp/1632/sangyou/nourinsuisan/1632/shinchaku/250801kanngaizigyou.html | https://www.pref.toyama.jp/documents/49093/zigyougaiyou.pdf"
"104346","https://www.city.fukuyama.hiroshima.jp/uploaded/attachment/307896.pdf","https://www.city.fukuyama.hiroshima.jp/soshiki/sangyou/332703.html | https://www.city.fukuyama.hiroshima.jp/uploaded/attachment/307896.pdf"
"104343","https://www.city.fukuyama.hiroshima.jp/uploaded/attachment/310816.pdf","https://www.city.fukuyama.hiroshima.jp/soshiki/sangyou/368630.html | https://www.city.fukuyama.hiroshima.jp/uploaded/attachment/310816.pdf"
"104354","https://www.city.matsue.lg.jp/sangyo_business/sangyoshinko/9/2/23598.html","https://www.city.matsue.lg.jp/sangyo_business/sangyoshinko/9/2/23598.html"
"104360","https://www.city.maebashi.gunma.jp/soshiki/noseibu/nosonseibi/gyomu/46384.html","https://www.city.maebashi.gunma.jp/soshiki/noseibu/nosonseibi/gyomu/46384.html"
"104358","https://www.city.maebashi.gunma.jp/soshiki/noseibu/nosonseibi/gyomu/46384.html","https://www.city.maebashi.gunma.jp/soshiki/noseibu/nosonseibi/gyomu/46384.html"
"104363","https://www.pref.iwate.jp/sangyoukoyou/kankou/1089397.html","https://www.pref.iwate.jp/sangyoukoyou/kankou/1089397.html"
"104387","https://www.city.yanagawa.fukuoka.jp/sangyo/kanko/brand_20161007.html","https://www.city.yanagawa.fukuoka.jp/sangyo/kanko/brand_20161007.html"
"104386","https://www.city.yanagawa.fukuoka.jp/sangyo/kanko/brand_20161007.html","https://www.city.yanagawa.fukuoka.jp/sangyo/kanko/brand_20161007.html"
"104365","https://www.pref.kochi.lg.jp/doc/2023030800097/","https://www.pref.kochi.lg.jp/doc/2023030800097/"
"104389","https://www.city.isesaki.lg.jp/soshiki/kankyobu/kankyo/kikaku/zigyoibekei/21342.html","https://www.city.isesaki.lg.jp/soshiki/kankyobu/kankyo/kikaku/zigyoibekei/21342.html"
"104398","https://www.city.ureshino.lg.jp/sangyo/shokogyo/shokogyo/_31226.html","https://www.city.ureshino.lg.jp/sangyo/shokogyo/shokogyo/_31226.html"
"104397","https://www.city.karatsu.lg.jp/site/kifu/4382.html","https://www.city.karatsu.lg.jp/site/kifu/4382.html"
"104402","https://www.pref.saga.lg.jp/kiji00319530/index.html","https://www.pref.saga.lg.jp/kiji00319530/index.html"
"104409","https://www.pref.saga.lg.jp/isan/kiji00379863/index.html","https://www.pref.saga.lg.jp/isan/kiji00379863/index.html"
"104410","https://www.city.hirosaki.aomori.jp/sangyo/nogyo/komekokatsuyo_R5.html","https://www.city.hirosaki.aomori.jp/sangyo/nogyo/komekokatsuyo_R5.html"
"104416","https://www.pref.saga.lg.jp/kiji0031043/index.html","https://www.pref.saga.lg.jp/kiji0031043/index.html"
"104427","https://www.city.kita.lg.jp/_res/projects/default_project/_page_/001/017/612/r7tirashi.pdf","https://www.city.kita.lg.jp/business/industry/1011327/1011346/1017612.html | https://www.city.kita.lg.jp/_res/projects/default_project/_page_/001/017/612/r7tirashi.pdf"
"104435","https://www.city.kawasaki.jp/280/page/0000136954.html","https://www.city.kawasaki.jp/280/page/0000136954.html"
"104438","https://www.city.semboku.akita.jp/news_topics/whatsnew.php?id=4416","https://www.city.semboku.akita.jp/news_topics/whatsnew.php?id=4416"
"104436","https://www.city.tainai.niigata.jp/sangyo/nogyo/documents/syuunyuuhokennchirashi7.pdf","https://www.city.tainai.niigata.jp/sangyo/nogyo/06syunyuhoken.html | https://www.city.tainai.niigata.jp/sangyo/nogyo/documents/syuunyuuhokennchirashi7.pdf"
"104439","http://www.city.semboku.akita.jp/file/12126.pdf","https://www.city.semboku.akita.jp/news_topics/whatsnew.php?id=4476 | http://www.city.semboku.akita.jp/file/12126.pdf"
"104448","https://www.pref.toyama.jp/140406/miryokukankou/bunka/geijutsu/kj00008047.html","https://www.pref.toyama.jp/140406/miryokukankou/bunka/geijutsu/kj00008047.html"
"104446","http://www.city.semboku.akita.jp/file/12171.pdf","https://www.city.semboku.akita.jp/news_topics/whatsnew.php?id=4489 | http://www.city.semboku.akita.jp/file/12171.pdf"
"104445","https://www.city.semboku.akita.jp/news_topics/whatsnew.php?id=3644","https://www.city.semboku.akita.jp/news_topics/whatsnew.php?id=3644"
"104451","https://www.pref.toyama.jp/1510/sangyou/shoukoukensetsu/kensetsugyou/kj00013803.html","https://www.pref.toyama.jp/1510/sangyou/shoukoukensetsu/kensetsugyou/kj00013803.html"
"104464","https://www.city.semboku.akita.jp/news_topics/whatsnew.php?id=4417","https://www.city.semboku.akita.jp/news_topics/whatsnew.php?id=4417"
"104463","https://www.town.kaneyama.yamagata.jp/machinososhiki/kenkofukushika/kosodateshienshitu/2/3/4100.html","https://www.town.kaneyama.yamagata.jp/machinososhiki/kenkofukushika/kosodateshienshitu/2/3/4100.html"
"104465","https://www.city.odate.lg.jp/city/handbook/handbook6/page35/p197","https://www.city.odate.lg.jp/city/handbook/handbook6/page35/p197"
"104470","https://www.city.semboku.akita.jp/file/12170.pdf","https://www.city.semboku.akita.jp/news_topics/whatsnew.php?id=4468 | https://www.city.semboku.akita.jp/file/12170.pdf"
"104467","https://www.pref.toyama.jp/documents/5181/tirashi.pdf","https://www.pref.toyama.jp/1503/kurashi/kyousei/volunteer/kj00005244/kj00005244-004-01.html | https://www.pref.toyama.jp/documents/5181/tirashi.pdf"
"104473","https://saga-shospo.com/information/4575.html","https://saga-shospo.com/information/4575.html"
"104476","https://www.pref.okayama.jp/uploaded/life/968836_9323592_misc.pdf","https://www.pref.okayama.jp/page/509551.html | https://www.pref.okayama.jp/uploaded/life/968836_9323592_misc.pdf"
"104480","https://www.pref.gifu.lg.jp/page/16378.html","https://www.pref.gifu.lg.jp/page/16378.html | https://www.pref.gifu.lg.jp/page/3764.html"
"104481","https://www.karatsu-kankou.jp/files/NewsDetail/55/NewsDetail_55552_file.pdf","https://www.karatsu-kankou.jp/sp/news/detail/613 | https://www.karatsu-kankou.jp/files/NewsDetail/55/NewsDetail_55552_file.pdf"
"104489","https://www.city.kakamigahara.lg.jp/business/shokogyo/1025341.html","https://www.city.kakamigahara.lg.jp/business/shokogyo/1025341.html"
"104497","https://www.tcvb.or.jp/jp/news/r7hijoujitebiki.pdf","https://www.tcvb.or.jp/jp/news/2025/0807_6993/ | https://www.tcvb.or.jp/jp/news/r7hijoujitebiki.pdf"
"104525","http://www.vill.ooshika.nagano.jp/storage/2025/08/198332a7d272a9533cc209f4467fa7ad.pdf","http://www.vill.ooshika.nagano.jp/%e5%a4%a7%e9%b9%bf%e6%9d%91%e5%89%b5%e6%a5%ad%e6%94%af%e6%8f%b4%e4%ba%8b%e6%a5%ad%e8%a3%9c%e5%8a%a9%e9%87%91%e3%81%ae%e3%81%94%e6%a1%88%e5%86%85/6846/ | http://www.vill.ooshika.nagano.jp/storage/2025/08/198332a7d272a9533cc209f4467fa7ad.pdf"
"104529","https://www.town.kannami.shizuoka.jp/material/files/group/14/r7sougixyousixyasiennzixyoseikin.pdf","https://www.town.kannami.shizuoka.jp/soshiki/1013/2/2/1/5717.html | https://www.town.kannami.shizuoka.jp/material/files/group/14/r7sougixyousixyasiennzixyoseikin.pdf"
"104528","https://www.pref.saga.lg.jp/kiji003106075/index.html","https://www.pref.saga.lg.jp/kiji003106075/index.html"
"104531","https://okinawa-ric.jp/.assets/%E3%80%90%E7%A2%BA%E5%AE%9A%E7%89%88%E3%80%91%E3%83%81%E3%83%A9%E3%82%B7.pdf","https://okinawa-ric.jp/news/info/post-302.html | https://okinawa-ric.jp/.assets/%E3%80%90%E7%A2%BA%E5%AE%9A%E7%89%88%E3%80%91%E3%83%81%E3%83%A9%E3%82%B7.pdf"
"104535","https://www.pref.gifu.lg.jp/uploaded/attachment/439002.pdf","https://www.pref.gifu.lg.jp/page/16850.html | https://www.pref.gifu.lg.jp/uploaded/attachment/439002.pdf"
"104536","https://www.pref.gifu.lg.jp/uploaded/attachment/439006.pdf","https://www.pref.gifu.lg.jp/page/212895.html | https://www.pref.gifu.lg.jp/uploaded/attachment/439006.pdf"
"104563","https://www.city.saga.lg.jp/main/2878.html","https://www.city.saga.lg.jp/main/2878.html"
"104562","https://www.city.matsudo.chiba.jp/jigyosya/syoukougyou/hojokinshutokushien.files/R7brosyutokusienn.pdf","https://www.city.matsudo.chiba.jp/jigyosya/syoukougyou/hojokinshutokushien.html | https://www.city.matsudo.chiba.jp/jigyosya/syoukougyou/hojokinshutokushien.files/R7brosyutokusienn.pdf"
"104556","https://www.town.ichinohe.iwate.jp/soshikikarasagasu/chiikiseibika/jutakuseisakukakari/akiya/6410.html","https://www.town.ichinohe.iwate.jp/soshikikarasagasu/chiikiseibika/jutakuseisakukakari/akiya/6410.html"
"104566","https://www.maff.go.jp/j/keiei/koukai/kikou/attach/pdf/nouchibank-133.pdf","https://www.maff.go.jp/j/keiei/koukai/kikou/nouchibank.html | https://www.maff.go.jp/j/keiei/koukai/kikou/attach/pdf/nouchibank-133.pdf"
"104592","https://www.gifushoko.or.jp/gifuken20250710/","https://www.gifushoko.or.jp/gifuken20250710/"
"104575","https://www.city.imabari.ehime.jp/kankou/inbound/","https://www.city.imabari.ehime.jp/kankou/inbound/"
"104595","https://www.gifushoko.or.jp/gifuken20250710/","https://www.gifushoko.or.jp/gifuken20250710/"
"104602","https://www.city.yamaguchi.lg.jp/soshiki/63/181017.html","https://www.city.yamaguchi.lg.jp/soshiki/63/181017.html"
"104614","https://www.city.toyota.aichi.jp/kurashi/kenkou/iryou/1008238/1069516.html","https://www.city.toyota.aichi.jp/kurashi/kenkou/iryou/1008238/1069516.html"
"104617","https://www.town.ibaraki-yachiyo.lg.jp/page/page011491.html","https://www.town.ibaraki-yachiyo.lg.jp/page/page011491.html"
"104621","https://www.city.awara.lg.jp/mokuteki/life/life0101/p014913_d/fil/flyer.pdf","https://www.city.awara.lg.jp/mokuteki/life/life0101/p014913.html | https://www.city.awara.lg.jp/mokuteki/life/life0101/p014913_d/fil/flyer.pdf"
"104619","https://www.city.honjo.lg.jp/soshiki/keizaikankyo/nousei/hojyokin/19917.html","https://www.city.honjo.lg.jp/soshiki/keizaikankyo/nousei/hojyokin/19917.html"
"104626","https://www.pref.okayama.jp/uploaded/life/974048_9455680_misc.pdf","https://www.pref.okayama.jp/page/974048.html | https://www.pref.okayama.jp/uploaded/life/974048_9455680_misc.pdf"
"104653","https://www.city.ube.yamaguchi.jp/boshu/boshuu_shigoto/boshu_sangyou/1018609.html","https://www.city.ube.yamaguchi.jp/boshu/boshuu_shigoto/boshu_sangyou/1018609.html"
"104668","https://www.pref.gifu.lg.jp/uploaded/attachment/428264.pdf","https://www.pref.gifu.lg.jp/page/318605.html | https://www.pref.gifu.lg.jp/uploaded/attachment/428264.pdf"
"104725","https://www.city.aichi-miyoshi.lg.jp/material/files/group/18/r7chojuhojyokin.pdf","https://www.city.aichi-miyoshi.lg.jp/kurashi_tetsuzuki/hojyokinmatome/kojin/kurashi/9360.html | https://www.city.aichi-miyoshi.lg.jp/material/files/group/18/r7chojuhojyokin.pdf"
"104679","https://www.city.funabashi.lg.jp/jigyou/shoukou/002/p048619.html","https://www.city.funabashi.lg.jp/jigyou/shoukou/002/p048619.html"
"104731","https://www.city.tokyo-nakano.lg.jp/machizukuri/toshi/bentisettihozyo.html","https://www.city.tokyo-nakano.lg.jp/machizukuri/toshi/bentisettihozyo.html"
"104740","https://www.gifushoko.or.jp/wp/wp-content/uploads/2025/08/%EF%BC%B2%EF%BC%97%E5%A4%A7%E9%87%8E%E7%94%BA%E3%80%80%E5%89%B5%E6%A5%AD%E6%94%AF%E6%8F%B4%E4%BA%8B%E6%A5%AD%E8%A3%9C%E5%8A%A9%E9%87%91.pdf","https://www.gifushoko.or.jp/%e4%bb%a4%e5%92%8c%ef%bc%97%e5%b9%b4%e5%ba%a6%e5%a4%a7%e9%87%8e%e7%94%ba%e5%89%b5%e6%a5%ad%e6%94%af%e6%8f%b4%e4%ba%8b%e6%a5%ad%e8%a3%9c%e5%8a%a9%e9%87%91/ | https://www.gifushoko.or.jp/wp/wp-content/uploads/2025/08/%EF%BC%B2%EF%BC%97%E5%A4%A7%E9%87%8E%E7%94%BA%E3%80%80%E5%89%B5%E6%A5%AD%E6%94%AF%E6%8F%B4%E4%BA%8B%E6%A5%AD%E8%A3%9C%E5%8A%A9%E9%87%91.pdf"
"104742","https://www.pref.gunma.jp/site/doctorguide/717368.html","https://www.pref.gunma.jp/site/doctorguide/717368.html"
"104741","https://www.gifushoko.or.jp/wp/wp-content/uploads/2020/07/%E4%BB%A4%E5%92%8C%EF%BC%97%E5%B9%B4%E5%BA%A6%E7%89%88%EF%BC%9A%E5%A4%A7%E9%87%8E%E7%94%BA%E3%80%80%E8%B2%A9%E8%B7%AF%E6%8B%A1%E5%A4%A7%E6%94%AF%E6%8F%B4%E4%BA%8B%E6%A5%AD%E8%A3%9C%E5%8A%A9%E9%87%91.pdf","https://www.gifushoko.or.jp/%e4%bb%a4%e5%92%8c%ef%bc%97%e5%b9%b4%e5%ba%a6%e5%a4%a7%e9%87%8e%e7%94%ba%e8%b2%a9%e8%b7%af%e6%8b%a1%e5%a4%a7%e6%94%af%e6%8f%b4%e4%ba%8b%e6%a5%ad%e8%a3%9c%e5%8a%a9%e9%87%91/ | https://www.gifushoko.or.jp/wp/wp-content/uploads/2020/07/%E4%BB%A4%E5%92%8C%EF%BC%97%E5%B9%B4%E5%BA%A6%E7%89%88%EF%BC%9A%E5%A4%A7%E9%87%8E%E7%94%BA%E3%80%80%E8%B2%A9%E8%B7%AF%E6%8B%A1%E5%A4%A7%E6%94%AF%E6%8F%B4%E4%BA%8B%E6%A5%AD%E8%A3%9C%E5%8A%A9%E9%87%91.pdf"
"104743","https://www.pref.kochi.lg.jp/doc/2024053100065/file_contents/file_20254104142643_1.pdf","https://www.pref.kochi.lg.jp/doc/2024053100065/ | https://www.pref.kochi.lg.jp/doc/2024053100065/file_contents/file_20254104142643_1.pdf"
"104748","https://www.pref.kochi.lg.jp/doc/2025031200173/","https://www.pref.kochi.lg.jp/doc/2025031200173/"
"104768","https://town.matsuda.kanagawa.jp/soshiki/9/nougyoukeieishuunyuuhoken.html","https://town.matsuda.kanagawa.jp/soshiki/9/nougyoukeieishuunyuuhoken.html"
"104773","https://www.city.ube.yamaguchi.jp/machizukuri/sangyou/shougyou/1005907/1022783.html","https://www.city.ube.yamaguchi.jp/machizukuri/sangyou/shougyou/1005907/1022783.html"
"104770","https://town.matsuda.kanagawa.jp/soshiki/9/nougyousizaikounyuuhojokin.html","https://town.matsuda.kanagawa.jp/soshiki/9/nougyousizaikounyuuhojokin.html"
"104769","https://town.wanouchi.gifu.jp/portal/business/post0063051/","https://town.wanouchi.gifu.jp/portal/business/post0063051/"
"104780","https://www.town.oizumi.gunma.jp/s020/jigyo/020/090/20200825153401.html","https://www.town.oizumi.gunma.jp/s020/jigyo/020/090/20200825153401.html"
"104786","https://www.maff.go.jp/j/press/nousan/kokumotu/attach/pdf/250808-2.pdf","https://www.maff.go.jp/j/press/nousan/kokumotu/250808.html | https://www.maff.go.jp/j/press/nousan/kokumotu/attach/pdf/250808-2.pdf"
"104789","https://www.town.sakae.chiba.jp/page/page001934.html","https://www.town.sakae.chiba.jp/page/page001934.html"
"104803","https://web.pref.hyogo.lg.jp/nk03/af02_000000006.html","https://web.pref.hyogo.lg.jp/nk03/af02_000000006.html"
"104791","https://www.town.oizumi.gunma.jp/s019/jigyo/020/080/20250606161800.html","https://www.town.oizumi.gunma.jp/s019/jigyo/020/080/20250606161800.html"
"104805","https://www.city.kuwana.lg.jp/shoko/shigoto/kigyoushien/internshipkikakuritsuan.html","https://www.city.kuwana.lg.jp/shoko/shigoto/kigyoushien/internshipkikakuritsuan.html"
"104814","https://www.pref.ehime.jp/uploaded/attachment/151907.pdf","https://www.pref.ehime.jp/page/115414.html | https://www.pref.ehime.jp/uploaded/attachment/151907.pdf"
"104812","https://www.city.aichi-miyoshi.lg.jp/kurashi_tetsuzuki/hojyokinmatome/kojinigai/katsudodantai/9404.html","https://www.city.aichi-miyoshi.lg.jp/kurashi_tetsuzuki/hojyokinmatome/kojinigai/katsudodantai/9404.html"
"104819","https://www.mhlw.go.jp/stf/kaigo-kyoudouka.html","https://www.mhlw.go.jp/stf/kaigo-kyoudouka.html | https://www.mhlw.go.jp/content/12300000/001258062.pdf#page=3"
"104822","https://www.mhlw.go.jp/content/12300000/renkeisuishinhoujin.pdf","https://www.mhlw.go.jp/stf/kaigo-kyoudouka.html | https://www.mhlw.go.jp/content/12300000/renkeisuishinhoujin.pdf"
"104827","https://www.city.koriyama.lg.jp/uploaded/life/148939_320097_misc.pdf","https://www.city.koriyama.lg.jp/soshiki/119/33616.html | https://www.city.koriyama.lg.jp/uploaded/life/148939_320097_misc.pdf"
"104821","https://www.city.ozu.ehime.jp/soshiki/nourin/68355.html","https://www.city.ozu.ehime.jp/soshiki/nourin/68355.html"
"104829","https://www.city.joetsu.niigata.jp/uploaded/attachment/272905.pdf","https://www.city.joetsu.niigata.jp/soshiki/sangyou/kangai-kinyusien.html | https://www.city.joetsu.niigata.jp/uploaded/attachment/272905.pdf"
"104830","https://www.city.koriyama.lg.jp/uploaded/attachment/99729.pdf","https://www.city.koriyama.lg.jp/soshiki/119/4840.html | https://www.city.koriyama.lg.jp/uploaded/attachment/99729.pdf"
"104835","https://sagacreativehub.pref.saga.lg.jp/","https://sagacreativehub.pref.saga.lg.jp/ | https://www.infosaga.or.jp/news/000262.php"
"104836","https://www.city.wakayama.wakayama.jp/_res/projects/default_project/_page_/001/017/324/R7tirasi.pdf","https://www.city.wakayama.wakayama.jp/1016047/sangyoukigyousien/1017324.html | https://www.city.wakayama.wakayama.jp/_res/projects/default_project/_page_/001/017/324/R7tirasi.pdf"
"104842","https://www.city.yaizu.lg.jp/business/sangyo-shogyo/shien-hojo/dx-model.html","https://www.city.yaizu.lg.jp/business/sangyo-shogyo/shien-hojo/dx-model.html"
"104837","https://www.pref.yamaguchi.lg.jp/soshiki/48/250204.html","https://www.pref.yamaguchi.lg.jp/soshiki/48/250204.html"
"104849","https://www.city.wakayama.wakayama.jp/_res/projects/default_project/_page_/001/048/729/r7chirashi.pdf","https://www.city.wakayama.wakayama.jp/1016047/sangyoukigyousien/1048729.html | https://www.city.wakayama.wakayama.jp/_res/projects/default_project/_page_/001/048/729/r7chirashi.pdf"
"104865","https://www.town.shirataka.lg.jp/item/2840.htm#:~:text=%E6%94%BE%E5%B0%84%E6%80%A7%E7%89%A9%E8%B3%AA%E3%81%AE%E6%B8%AC%E5%AE%9A%E8%B2%BB%E7%94%A8","https://www.town.shirataka.lg.jp/item/2840.htm#:~:text=%E6%94%BE%E5%B0%84%E6%80%A7%E7%89%A9%E8%B3%AA%E3%81%AE%E6%B8%AC%E5%AE%9A%E8%B2%BB%E7%94%A8"
"104868","https://www.town.shirataka.lg.jp/secure/2840/R7%E6%8B%85%E3%81%84%E6%89%8B%E8%BE%B2%E6%A5%AD%E8%80%85%E8%82%B2%E6%88%90%E6%94%AF%E6%8F%B4%E4%BA%8B%E3%81%AE%E3%83%81%E3%83%A9%E3%82%B7.pdf","https://www.town.shirataka.lg.jp/item/2840.htm#:~:text=%E6%8B%85%E3%81%84%E6%89%8B%E8%BE%B2%E6%A5%AD%E8%80%85%E8%82%B2%E6%88%90%E6%94%AF%E6%8F%B4%E4%BA%8B%E6%A5%AD%E3%81%AB%E3%81%A4%E3%81%84%E3%81%A6 | https://www.town.shirataka.lg.jp/secure/2840/R7%E6%8B%85%E3%81%84%E6%89%8B%E8%BE%B2%E6%A5%AD%E8%80%85%E8%82%B2%E6%88%90%E6%94%AF%E6%8F%B4%E4%BA%8B%E3%81%AE%E3%83%81%E3%83%A9%E3%82%B7.pdf"
"104877","https://www.pref.gunma.jp/site/gesn/695655.html","https://www.pref.gunma.jp/site/gesn/695655.html"
"104891","https://www.pref.fukui.lg.jp/doc/junkan/pladaitai.html","https://www.pref.fukui.lg.jp/doc/junkan/pladaitai.html"
"104890","https://www.city.matsuyama.ehime.jp/hodo/202504/chinageouenHP.html","https://www.city.matsuyama.ehime.jp/hodo/202504/chinageouenHP.html"
"104893","https://www.pref.fukui.lg.jp/doc/rousei/syainfirsthozyokin.html","https://www.pref.fukui.lg.jp/doc/rousei/syainfirsthozyokin.html"
"104896","https://www.city.chofu.lg.jp/060040/p034052.html","https://www.city.chofu.lg.jp/060040/p034052.html"
"104898","https://www.town.onga.lg.jp/soshiki/11/74155.html","https://www.town.onga.lg.jp/soshiki/11/74155.html"
"104910","https://www.city.nara.lg.jp/site/kankyoseisaku/243294.html","https://www.city.nara.lg.jp/site/kankyoseisaku/243294.html"
"104911","https://www.city.uonuma.lg.jp/site/shigoto-net/1033400.html","https://www.city.uonuma.lg.jp/site/shigoto-net/1033400.html"
"104899","https://www.pref.fukui.lg.jp/doc/rousei/kigyoushien/gaikokujin-kankyoseibi.html","https://www.pref.fukui.lg.jp/doc/rousei/kigyoushien/gaikokujin-kankyoseibi.html"
"104917","https://www.city.maniwa.lg.jp/uploaded/attachment/35932.pdf","https://kodomo.city.maniwa.okayama.jp/73053.html | https://www.city.maniwa.lg.jp/uploaded/attachment/35932.pdf"
"104946","https://www.town.sannohe.aomori.jp/shigoto_sangyo/1_1/4514.html","https://www.town.sannohe.aomori.jp/shigoto_sangyo/1_1/4514.html"
"104937","https://www.pref.fukui.lg.jp/doc/kensanzai/shintiku.html","https://www.pref.fukui.lg.jp/doc/kensanzai/shintiku.html"
"104948","https://www.city.hirakawa.lg.jp/shigoto/shoukougyou/shien/files/R7syodankaichirashi.pdf","https://www.city.hirakawa.lg.jp/shigoto/shoukougyou/shien/tenjishoudankai.html | https://www.city.hirakawa.lg.jp/shigoto/shoukougyou/shien/files/R7syodankaichirashi.pdf"
"104954","https://www.city.hirakawa.lg.jp/shigoto/shoukougyou/shien/files/R7kaizen_chirashi.pdf","https://www.city.hirakawa.lg.jp/shigoto/shoukougyou/shien/kaizenshien.html | https://www.city.hirakawa.lg.jp/shigoto/shoukougyou/shien/files/R7kaizen_chirashi.pdf"
"104953","https://www.pref.fukui.lg.jp/doc/kanri/jyoseikatuyaku_kakusyuhojyo.html","https://www.pref.fukui.lg.jp/doc/kanri/jyoseikatuyaku_kakusyuhojyo.html"
"104955","https://www.city.hirakawa.lg.jp/shigoto/shoukougyou/shien/files/R7akitennpo_tirasi.pdf","https://www.city.hirakawa.lg.jp/shigoto/shoukougyou/shien/akitenpo.html | https://www.city.hirakawa.lg.jp/shigoto/shoukougyou/shien/files/R7akitennpo_tirasi.pdf"
"104970","https://www.city.uonuma.lg.jp/page/1011827.html","https://www.city.uonuma.lg.jp/page/1011827.html"
"104977","https://www.city.uonuma.lg.jp/page/1012147.html","https://www.city.uonuma.lg.jp/page/1012147.html"
"104986","https://www.ganportal-saga.jp/files/uploads/%E8%82%9D%E7%96%BE%E6%82%A3%E8%A8%BA%E7%99%82%E7%AD%89%E6%B4%BB%E5%8B%95%E6%94%AF%E6%8F%B4%E4%BA%8B%E6%A5%AD%E8%B2%BB%E8%A3%9C%E5%8A%A9%E9%87%91%20%E3%83%81%E3%83%A9%E3%82%B7.pdf","https://www.ganportal-saga.jp/josei/hojokin | https://www.ganportal-saga.jp/files/uploads/%E8%82%9D%E7%96%BE%E6%82%A3%E8%A8%BA%E7%99%82%E7%AD%89%E6%B4%BB%E5%8B%95%E6%94%AF%E6%8F%B4%E4%BA%8B%E6%A5%AD%E8%B2%BB%E8%A3%9C%E5%8A%A9%E9%87%91%20%E3%83%81%E3%83%A9%E3%82%B7.pdf"
"104995","https://www.pref.yamanashi.jp/danjo-kyosei/danjohohozyokin.html","https://www.pref.yamanashi.jp/danjo-kyosei/danjohohozyokin.html"
"104993","https://www.pref.yamanashi.jp/danjo-kyosei/danjo_gaikoku/gaikoku_20240513_2.html","https://www.pref.yamanashi.jp/danjo-kyosei/danjo_gaikoku/gaikoku_20240513_2.html"
"104997","https://www.pref.yamanashi.jp/danjo-kyosei/gaikokujin_katsuyaku_hojokin.html","https://www.pref.yamanashi.jp/danjo-kyosei/gaikokujin_katsuyaku_hojokin.html"
"104999","https://www.kumamoto-cgc.or.jp/wp/wp-content/uploads/2025/08/1e547b619a6e9d148de0d72657ecd0e4.pdf","https://www.kumamoto-cgc.or.jp/8217/ | https://www.kumamoto-cgc.or.jp/wp/wp-content/uploads/2025/08/1e547b619a6e9d148de0d72657ecd0e4.pdf | https://www.kumamoto-cgc.or.jp/wp/wp-content/uploads/2025/08/59cb8d8d9664562d6085ded8cc6e0dda.pdf"
"104998","https://www.pref.fukui.lg.jp/doc/rousei/kigyoussien/r7chinage.html","https://www.pref.fukui.lg.jp/doc/rousei/kigyoussien/r7chinage.html"
"105001","https://www.pref.yamanashi.jp/josei/hojokin.html","https://www.pref.yamanashi.jp/josei/hojokin.html"
"105005","https://www.city.joetsu.niigata.jp/uploaded/attachment/273126.pdf","https://www.city.joetsu.niigata.jp/soshiki/nousonshinkou/nousui-kouonkassui-yuushi.html | https://www.city.joetsu.niigata.jp/uploaded/attachment/273126.pdf"
"105004","https://www.moritomidori.com/business/kochi_yama.html","https://www.moritomidori.com/business/kochi_yama.html"
"105006","https://www.town.mikawa.yamagata.jp/business/shoukou/shien/shoukoutakaramono.html","https://www.town.mikawa.yamagata.jp/business/shoukou/shien/shoukoutakaramono.html"
"105015","https://www.city.sado.niigata.jp/uploaded/attachment/54058.pdf","https://www.city.sado.niigata.jp/soshiki/2017/74292.html | https://www.city.sado.niigata.jp/uploaded/attachment/54058.pdf"
"105008","https://www.city.amakusa.kumamoto.jp/kiji00311986/index.html","https://www.city.amakusa.kumamoto.jp/kiji00311986/index.html"
"105018","https://www.pref.tottori.lg.jp/secure/1399713/kassuitaisakuzigyo6.pdf","https://www.pref.tottori.lg.jp/324457.htm | https://www.pref.tottori.lg.jp/secure/1399713/kassuitaisakuzigyo6.pdf"
"105033","https://www.city.ashiya.lg.jp/gyousei/fenics/index.html","https://www.city.ashiya.lg.jp/gyousei/fenics/index.html"
"105030","https://www.pref.ishikawa.lg.jp/satoyama/toki/toki_area.html","https://www.pref.ishikawa.lg.jp/satoyama/toki/toki_area.html"
"105035","https://www.city.kuwana.lg.jp/shoko/shigoto/kigyoushien/internshipuneshien.html","https://www.city.kuwana.lg.jp/shoko/shigoto/kigyoushien/internshipuneshien.html"
"105042","https://www.pref.yamanashi.jp/documents/109976/ppatirasi.pdf","https://www.pref.yamanashi.jp/kankyo-ene/kankyo-hojo/2023ppa.html | https://www.pref.yamanashi.jp/documents/109976/ppatirasi.pdf"
"105039","https://www.town.oi.kanagawa.jp/soshiki/10/oi-gibier-riyousuisinjigyouhojokin.html","https://www.town.oi.kanagawa.jp/soshiki/10/oi-gibier-riyousuisinjigyouhojokin.html"
"105065","https://www.pref.yamanashi.jp/seichosangyo/koukuuuchubouei.html","https://www.pref.yamanashi.jp/seichosangyo/koukuuuchubouei.html"
"105072","https://www.city.tajimi.lg.jp/gyose/shisaku/takuti.html","https://www.city.tajimi.lg.jp/gyose/shisaku/takuti.html"
"105043","https://www.city.chita.lg.jp/docs/2025081500025/","https://www.city.chita.lg.jp/docs/2025081500025/"
"105081","https://www.pref.nagano.lg.jp/keieishien/corona/documents/plushojo-flyer.pdf","https://www.pref.nagano.lg.jp/keieishien/corona/kouzou-tenkan.html | https://www.pref.nagano.lg.jp/keieishien/corona/documents/plushojo-flyer.pdf"
"105089","https://www.kesennuma.miyagi.jp/sec/s080/010/020/010/20230119192636.html","https://www.kesennuma.miyagi.jp/sec/s080/010/020/010/20230119192636.html"
"105083","https://www.pref.nagano.lg.jp/zerocarbon/hukyukatsudo.html","https://www.pref.nagano.lg.jp/zerocarbon/hukyukatsudo.html"
"105095","https://www.shukatsu-nagano.jp/wp/wp-content/themes/shukatsu-nagano/img/scholarship/document/2025/flyer_r7.pdf","https://www.shukatsu-nagano.jp/scholarship | https://www.shukatsu-nagano.jp/wp/wp-content/themes/shukatsu-nagano/img/scholarship/document/2025/flyer_r7.pdf | https://www.shukatsu-nagano.jp/wp/wp-content/themes/shukatsu-nagano/img/scholarship/document/2025/pamphlet_r7.pdf"
"105099","https://www.pref.kochi.lg.jp/doc/2025070300247/","https://www.pref.kochi.lg.jp/doc/2025070300247/"
"105103","https://www.kagoshima-kikou.jp/","https://www.kagoshima-kikou.jp/"
"105115","https://www.pref.miyagi.jp/soshiki/kosodate/sangokeahozyo.html","https://www.pref.miyagi.jp/soshiki/kosodate/sangokeahozyo.html"
"105165","https://www.pref.fukushima.lg.jp/uploaded/life/837741_2429789_misc.pdf","https://www.pref.fukushima.lg.jp/sec/16045a/kamigomi-recycle.html | https://www.pref.fukushima.lg.jp/uploaded/life/837741_2429789_misc.pdf"
"105142","https://www.pref.nagano.lg.jp/rodokoyo/documents/0704_hajimenoippochirashi.pdf","https://www.pref.nagano.lg.jp/rodokoyo/20220318joseikin.html | https://www.pref.nagano.lg.jp/rodokoyo/documents/0704_hajimenoippochirashi.pdf"
"105185","https://www.vill-shimojo.jp/gyousei/gyousei-info/shinseisho/2023-0901-1845-3.html","https://www.vill-shimojo.jp/gyousei/gyousei-info/shinseisho/2023-0901-1845-3.html"
"105186","https://www.city.shimanto.lg.jp/soshiki/10/9093.html","https://www.city.shimanto.lg.jp/soshiki/10/9093.html"
"105188","https://www.city.asahi.lg.jp/soshiki/10/36114.html","https://www.city.asahi.lg.jp/soshiki/10/36114.html"
"105189","https://www.pref.aichi.jp/uploaded/attachment/560900.pdf","https://www.pref.aichi.jp/soshiki/ondanka/car-subsidy.html | https://www.pref.aichi.jp/uploaded/attachment/560900.pdf | https://www.pref.aichi.jp/uploaded/attachment/560903.pdf | https://www.pref.aichi.jp/uploaded/attachment/560905.pdf"
"105194","https://www.nippon-foundation.or.jp/grant_application/programs/year2025","https://www.nippon-foundation.or.jp/grant_application/programs/year2025"
"105192","https://nippon-foundation.my.site.com/GrantPrograms/s/assistanceprogram/a0nIe000005kxtBIAQ/2025%E5%B9%B4%E5%BA%A6%E6%97%A5%E6%9C%AC%E8%B2%A1%E5%9B%A3%E8%A3%9C%E5%8A%A9%E6%96%BD%E8%A8%AD%E3%81%AE%E4%BF%AE%E7%B9%95%E6%94%B9%E9%80%A0%E7%AD%89%E3%81%AB%E9%96%A2%E3%81%99%E3%82%8B%E5%8A%A9%E6%88%90%E4%BA%8B%E6%A5%AD?_gl=1*dt7dt6*_gcl_au*NDI0MzEzNjE0LjE3NTU3NTU4MzE.*_ga*NTcxMDI5MjQwLjE3NTU3NTU4MzE.*_ga_JB0MDDL8E6*czE3NTU3NTk4MjUkbzIkZzEkdDE3NTU3NjA1MzckajYwJGwwJGgw","https://nippon-foundation.my.site.com/GrantPrograms/s/assistanceprogram/a0nIe000005kxtBIAQ/2025%E5%B9%B4%E5%BA%A6%E6%97%A5%E6%9C%AC%E8%B2%A1%E5%9B%A3%E8%A3%9C%E5%8A%A9%E6%96%BD%E8%A8%AD%E3%81%AE%E4%BF%AE%E7%B9%95%E6%94%B9%E9%80%A0%E7%AD%89%E3%81%AB%E9%96%A2%E3%81%99%E3%82%8B%E5%8A%A9%E6%88%90%E4%BA%8B%E6%A5%AD?_gl=1*dt7dt6*_gcl_au*NDI0MzEzNjE0LjE3NTU3NTU4MzE.*_ga*NTcxMDI5MjQwLjE3NTU3NTU4MzE.*_ga_JB0MDDL8E6*czE3NTU3NTk4MjUkbzIkZzEkdDE3NTU3NjA1MzckajYwJGwwJGgw"
"105220","https://www.pref.gifu.lg.jp/page/26280.html","https://www.pref.gifu.lg.jp/page/26280.html"
"105226","https://www.city.amagasaki.hyogo.jp/_res/projects/default_project/_page_/001/006/303/R7shienseido.pdf","https://www.city.amagasaki.hyogo.jp/sangyo/yusi_josei/keiei_sien/co_hojo/068syougyo.html | https://www.city.amagasaki.hyogo.jp/_res/projects/default_project/_page_/001/006/303/R7shienseido.pdf"
"105227","https://www.city.amagasaki.hyogo.jp/sangyo/yusi_josei/keiei_sien/co_hojo/1030586.html","https://www.city.amagasaki.hyogo.jp/sangyo/yusi_josei/keiei_sien/co_hojo/1030586.html"
"105230","https://www.city.asahikawa.hokkaido.jp/500/542/54501/545/p003799.html","https://www.city.asahikawa.hokkaido.jp/500/542/54501/545/p003799.html | https://www.city.asahikawa.hokkaido.jp/500/542/54501/545/p003799_d/fil/chukatsu_map.jpg"
"105232","https://www.city.suita.osaka.jp/anzen/1017894/1017908/1004318.html","https://www.city.suita.osaka.jp/anzen/1017894/1017908/1004318.html"
"105235","https://www.city.suita.osaka.jp/_res/projects/default_project/_page_/001/034/178/7jinzaileaf1.pdf","https://www.city.suita.osaka.jp/sangyo/1018028/1018029/1018030/1034178.html | https://www.city.suita.osaka.jp/_res/projects/default_project/_page_/001/034/178/7jinzaileaf1.pdf"
"105243","http://www.city.omura.nagasaki.jp/genkiseisaku/kurashi/chonaikai/bouhantou-hojokin.html","http://www.city.omura.nagasaki.jp/genkiseisaku/kurashi/chonaikai/bouhantou-hojokin.html"
"105240","https://www.pref.toyama.jp/130121/richitsusho/070611.html","https://www.pref.toyama.jp/130121/richitsusho/070611.html"
"105247","https://www.city.izunokuni.shizuoka.jp/kankyou/syusekijo.html","https://www.city.izunokuni.shizuoka.jp/kankyou/syusekijo.html"
"105257","https://www.town.atsuma.lg.jp/office/employment/job/entrepreneur/subsidies_grants/","https://www.town.atsuma.lg.jp/office/employment/job/entrepreneur/subsidies_grants/"
"105263","https://www.pref.kagoshima.jp/am01/documents/121119_20250820134435-1.pdf","https://www.pref.kagoshima.jp/am01/2025uijhojokinn.html | https://www.pref.kagoshima.jp/am01/documents/121119_20250820134435-1.pdf"
"105261","https://www.city.kuwana.lg.jp/shoko/shigoto/kigyoushien/zemigasshuku.html","https://www.city.kuwana.lg.jp/shoko/shigoto/kigyoushien/zemigasshuku.html"
"105271","https://www.pref.aichi.jp/site/suiso-fcv/suiso-jyuyou-hojyokin.html","https://www.pref.aichi.jp/site/suiso-fcv/suiso-jyuyou-hojyokin.html"
"105274","https://www.pref.shizuoka.jp/sangyoshigoto/shuroshien/koyosuishin/1045890/1062388.html","https://www.pref.shizuoka.jp/sangyoshigoto/shuroshien/koyosuishin/1045890/1062388.html"
"105273","https://www.city.maizuru.kyoto.jp/shigoto/0000012436.html","https://www.city.maizuru.kyoto.jp/shigoto/0000012436.html"
"105276","https://www.city.suita.osaka.jp/sangyo/1018028/1018029/1018030/1011732.html","https://www.city.suita.osaka.jp/sangyo/1018028/1018029/1018030/1011732.html"
"105284","https://www.city.maizuru.kyoto.jp/shigoto/0000013222.html","https://www.city.maizuru.kyoto.jp/shigoto/0000013222.html"
"105302","https://www.town.aridagawa.lg.jp/material/files/group/16/reform_panfu.pdf","https://www.town.aridagawa.lg.jp/top/kurashi_info/hojyokin/7417.html | https://www.town.aridagawa.lg.jp/material/files/group/16/reform_panfu.pdf"
"105305","https://www.city.yatsushiro.lg.jp/kiji0031084/index.html","https://www.city.yatsushiro.lg.jp/kiji0031084/index.html"
"105314","https://www.city.yabu.hyogo.jp/material/files/group/27/innbaunndotirasiR7.pdf","https://www.city.yabu.hyogo.jp/jigyosha/kigyoshien/7101.html | https://www.city.yabu.hyogo.jp/material/files/group/27/innbaunndotirasiR7.pdf"
"105308","https://www.town.aridagawa.lg.jp/material/files/group/11/daigakutourennkeisienjigyou.pdf","https://www.town.aridagawa.lg.jp/top/kurashi_info/hojyokin/machidukuri/8797.html | https://www.town.aridagawa.lg.jp/material/files/group/11/daigakutourennkeisienjigyou.pdf"
"105328","https://blog.goo.ne.jp/takaishisk/e/f30cbed19aafccc189bd364a15d24454","https://blog.goo.ne.jp/takaishisk/e/f30cbed19aafccc189bd364a15d24454"
"105329","https://town.matsuda.kanagawa.jp/soshiki/9/yu-kyu-saisei.html","https://town.matsuda.kanagawa.jp/soshiki/9/yu-kyu-saisei.html"
"105335","https://www.city.neyagawa.osaka.jp/material/files/group/23/1chirahsi.pdf","https://www.city.neyagawa.osaka.jp/topics/25503.html | https://www.city.neyagawa.osaka.jp/material/files/group/23/1chirahsi.pdf"
"105344","https://www.town.kumatori.lg.jp/moraeruokane/office/kurashi/12238.html","https://www.town.kumatori.lg.jp/moraeruokane/office/kurashi/12238.html"
"105350","https://www.town.kumatori.lg.jp/material/files/group/2/R7syatakuchirashi.pdf","https://www.town.kumatori.lg.jp/moraeruokane/office/kurashi/12675.html | https://www.town.kumatori.lg.jp/material/files/group/2/R7syatakuchirashi.pdf"
"105358","https://www.town.nankan.lg.jp/kosodate/shogaigakushu/4211.html","https://www.town.nankan.lg.jp/kosodate/shogaigakushu/4211.html"
"105363","https://www.city.hirakata.osaka.jp/0000003756.html","https://www.city.hirakata.osaka.jp/0000003756.html"
"105366","https://www.city.fukuchiyama.lg.jp/uploaded/attachment/47194.pdf","https://www.city.fukuchiyama.lg.jp/soshiki/27/67826.html | https://www.city.fukuchiyama.lg.jp/uploaded/attachment/47194.pdf"
"105372","https://www.city.ichinomiya.aichi.jp/katsuryokusouzou/hakubutsukan/1044092/1024202/1035230.html","https://www.city.ichinomiya.aichi.jp/katsuryokusouzou/hakubutsukan/1044092/1024202/1035230.html"
"105374","https://www.pref.yamaguchi.lg.jp/soshiki/86/315774.html","https://www.pref.yamaguchi.lg.jp/soshiki/86/315774.html"
"105382","https://www.city.hofu.yamaguchi.jp/soshiki/40/yamagutiken-hojo.html","https://www.city.hofu.yamaguchi.jp/soshiki/40/yamagutiken-hojo.html"
"105379","https://www.town.aridagawa.lg.jp/top/kurashi_info/hojyokin/machidukuri/5553.html","https://www.town.aridagawa.lg.jp/top/kurashi_info/hojyokin/machidukuri/5553.html"
"105393","https://www.city.suita.osaka.jp/_res/projects/default_project/_page_/001/018/709/R7tirasi..pdf","https://www.city.suita.osaka.jp/kenko/1018701/1020306/1018709/#:~:text=%E4%BB%A4%E5%92%8C7%E5%B9%B4%E5%BA%A6%E5%90%B9%E7%94%B0%E5%B8%82%E4%BB%8B%E8%AD%B7%E8%B3%87%E6%A0%BC%E5%8F%96%E5%BE%97%E6%94%AF%E6%8F%B4%E4%BA%8B%E6%A5%AD%E8%A3%9C%E5%8A%A9%E9%87%91 | https://www.city.suita.osaka.jp/_res/projects/default_project/_page_/001/018/709/R7tirasi..pdf"
"105400","https://www.city.kawagoe.saitama.jp/sangyo/noringyo/1012392/1012419/1018773.html","https://www.city.kawagoe.saitama.jp/sangyo/noringyo/1012392/1012419/1018773.html"
"105401","https://www.city.mitoyo.lg.jp/material/files/group/12/R7gaiyou.pdf","https://www.city.mitoyo.lg.jp/kakuka/seisaku/sangyo/1/6134.html#:~:text=%E4%BB%A4%E5%92%8C7%E5%B9%B4%E5%BA%A6%E5%9C%B0%E5%9F%9F%E3%81%AE%E5%85%88%E9%80%B2%E7%9A%84%E3%81%AA%E8%A6%B3%E5%85%89%E6%8E%A8%E9%80%B2%E4%BA%8B%E6%A5%AD%E8%B2%BB%E8%A3%9C%E5%8A%A9%E9%87%91 | https://www.city.mitoyo.lg.jp/material/files/group/12/R7gaiyou.pdf"
"105403","https://www.city.mitoyo.lg.jp/kakuka/seisaku/sangyo/1/6134.html#:~:text=%E3%82%B5%E3%82%A4%E3%82%AF%E3%83%AB%E3%82%B9%E3%82%BF%E3%83%B3%E3%83%89%E7%AD%89%E6%95%B4%E5%82%99%E8%A3%9C%E5%8A%A9%E9%87%91","https://www.city.mitoyo.lg.jp/kakuka/seisaku/sangyo/1/6134.html#:~:text=%E3%82%B5%E3%82%A4%E3%82%AF%E3%83%AB%E3%82%B9%E3%82%BF%E3%83%B3%E3%83%89%E7%AD%89%E6%95%B4%E5%82%99%E8%A3%9C%E5%8A%A9%E9%87%91"
"105417","https://www.vill.kamikoani.akita.jp/Info/565","https://www.vill.kamikoani.akita.jp/Info/565"
"105416","https://www.town.kawanehon.shizuoka.jp/material/files/group/23/kigyoujigyoukeizoku.pdf","https://www.town.kawanehon.shizuoka.jp/soshiki/sangyoshinko/shokogyou/7628.html | https://www.town.kawanehon.shizuoka.jp/material/files/group/23/kigyoujigyoukeizoku.pdf"
"105421","https://www.pref.gifu.lg.jp/uploaded/attachment/440947.pdf","https://www.pref.gifu.lg.jp/page/358781.html | https://www.pref.gifu.lg.jp/uploaded/attachment/440947.pdf | https://www.pref.gifu.lg.jp/uploaded/attachment/440948.pdf"
"105422","https://www.town.kyowa.hokkaido.jp/assets/images/content/content_20240403_162858.pdf","https://www.town.kyowa.hokkaido.jp/business/?content=747 | https://www.town.kyowa.hokkaido.jp/assets/images/content/content_20240403_162858.pdf"
"105418","https://www.city.tsukubamirai.lg.jp/gyousei/shoukai/20th/page006882.html","https://www.city.tsukubamirai.lg.jp/gyousei/shoukai/20th/page006882.html"
"105424","https://www.city.yamagata-yamagata.lg.jp/_res/projects/default_project/_page_/001/009/563/hojokin-shiori-20240307.pdf","https://www.city.yamagata-yamagata.lg.jp/kosodatekyoiku/kosodate/1006623/1007240/1009563.html | https://www.city.yamagata-yamagata.lg.jp/_res/projects/default_project/_page_/001/009/563/hojokin-shiori-20240307.pdf"
"105426","https://www.city.nikaho.akita.jp/gyosei/gyoseijoho/furusatonozei/5885.html","https://www.city.nikaho.akita.jp/gyosei/gyoseijoho/furusatonozei/5885.html"
"105439","https://www.fukushi.metro.tokyo.lg.jp/kodomo/kosodate/josei/ji_iryo","https://www.fukushi.metro.tokyo.lg.jp/kodomo/kosodate/josei/ji_iryo"
"105456","https://www.city.kumamoto.jp/kiji003485/index.html#H2_5_2edcbd","https://www.city.kumamoto.jp/kiji003485/index.html#H2_5_2edcbd"
"105458","https://www.city.kumamoto.jp/kiji003485/index.html#H2_5_2edcbd","https://www.city.kumamoto.jp/kiji003485/index.html#H2_5_2edcbd"
"105465","https://www.pref.chiba.lg.jp/koyou/projinzai/documents/tirashi-df.pdf","https://www.pref.chiba.lg.jp/koyou/projinzai/hojo.html | https://www.pref.chiba.lg.jp/koyou/projinzai/documents/tirashi-df.pdf"
"105485","https://www.town.oishida.yamagata.jp/life/hojo/syunyuhoken.html","https://www.town.oishida.yamagata.jp/life/hojo/syunyuhoken.html"
"105473","https://www.city.kumamoto.jp/kiji003757/3_757_390200_up_JVHJXBEK.pdf","https://www.city.kumamoto.jp/kiji003757/index.html | https://www.city.kumamoto.jp/kiji003757/3_757_390200_up_JVHJXBEK.pdf"
"105483","https://www.city.nagasaki.lg.jp/page/5590.html#suta","https://www.city.nagasaki.lg.jp/page/5590.html#suta"
"105509","https://www.city.minamiawaji.hyogo.jp/soshiki/kensetsu/jyosousokkouhojyokin.html","https://www.city.minamiawaji.hyogo.jp/soshiki/kensetsu/jyosousokkouhojyokin.html"
"105528","https://www.town.miyagi-matsushima.lg.jp/index.cfm/7,38947,22,130,html","https://www.town.miyagi-matsushima.lg.jp/index.cfm/7,38947,22,130,html"
"105521","http://www.town.toyako.hokkaido.jp/topics/osirase/3800/","http://www.town.toyako.hokkaido.jp/topics/osirase/3800/"
"105538","https://www.city.iida.lg.jp/uploaded/life/124315_366186_misc.pdf","https://www.city.iida.lg.jp/soshiki/23/iidasi-minkazyutaku.html | https://www.city.iida.lg.jp/uploaded/life/124315_366186_misc.pdf"
"105543","https://www.city.sagamihara.kanagawa.jp/_res/projects/default_project/_page_/001/009/443/chirashi_r07.pdf","https://www.city.sagamihara.kanagawa.jp/chuoku/1009443.html | https://www.city.sagamihara.kanagawa.jp/_res/projects/default_project/_page_/001/009/443/chirashi_r07.pdf"
"105545","https://www.city.tsuruoka.lg.jp/seibi/toshikaihatsu/tokei0120250528.html","https://www.city.tsuruoka.lg.jp/seibi/toshikaihatsu/tokei0120250528.html"
"105546","https://www.city.kumamoto.jp/kiji00348782/5_48782_391197_up_QHYSKK6C.pdf","https://www.city.kumamoto.jp/kiji00348782/index.html | https://www.city.kumamoto.jp/kiji00348782/5_48782_391197_up_QHYSKK6C.pdf"
"105552","https://www.city.kumamoto.jp/kiji00315540/index.html","https://www.city.kumamoto.jp/kiji00315540/index.html"
"105548","https://www.city.kumamoto.jp/kiji00324243/index.html","https://www.city.kumamoto.jp/kiji00324243/index.html"
"105567","https://www.city.kumamoto.jp/kiji00318339/index.html","https://www.city.kumamoto.jp/kiji00318339/index.html"
"105570","https://www.city.kumamoto.jp/kiji00318339/index.html#:~:text=PDF%EF%BC%9A1.49%E3%83%A1%E3%82%AC%E3%83%90%E3%82%A4%E3%83%88%EF%BC%89-,%E8%80%81%E4%BA%BA%E3%82%AF%E3%83%A9%E3%83%96%E3%81%AE%E6%96%B0%E8%A6%8F%E7%B5%90%E6%88%90%E3%81%AB%E3%81%A4%E3%81%84%E3%81%A6,-%E8%80%81%E4%BA%BA%E3%82%AF%E3%83%A9%E3%83%96%E3%82%92","https://www.city.kumamoto.jp/kiji00318339/index.html#:~:text=PDF%EF%BC%9A1.49%E3%83%A1%E3%82%AC%E3%83%90%E3%82%A4%E3%83%88%EF%BC%89-,%E8%80%81%E4%BA%BA%E3%82%AF%E3%83%A9%E3%83%96%E3%81%AE%E6%96%B0%E8%A6%8F%E7%B5%90%E6%88%90%E3%81%AB%E3%81%A4%E3%81%84%E3%81%A6,-%E8%80%81%E4%BA%BA%E3%82%AF%E3%83%A9%E3%83%96%E3%82%92"
"105575","https://www.city.kumamoto.jp/kiji0032369/index.html","https://www.city.kumamoto.jp/kiji0032369/index.html"
"105598","https://betsukai.jp/sangyo/syoko/cho_hojo/tyusyo_syouene/","https://betsukai.jp/sangyo/syoko/cho_hojo/tyusyo_syouene/"
"105594","https://www.city.kumamoto.jp/kiji00361190/index.html","https://www.city.kumamoto.jp/kiji00361190/index.html"
"105581","https://www.city.kumamoto.jp/kiji00336189/3_36189_404557_up_66tcb1xu.pdf","https://www.city.kumamoto.jp/kiji00336189/index.html | https://www.city.kumamoto.jp/kiji00336189/3_36189_404557_up_66tcb1xu.pdf"
"105599","https://www.city.fuchu.tokyo.jp/jigyosha/keesha/kigyo/ibento.html#:~:text=%E7%B5%84%E7%B9%94%E6%B4%BB%E5%8A%9B%E5%90%91%E4%B8%8A%E6%94%AF%E6%8F%B4%E4%BA%8B%E6%A5%AD","https://www.city.fuchu.tokyo.jp/jigyosha/keesha/kigyo/ibento.html#:~:text=%E7%B5%84%E7%B9%94%E6%B4%BB%E5%8A%9B%E5%90%91%E4%B8%8A%E6%94%AF%E6%8F%B4%E4%BA%8B%E6%A5%AD"
"105606","https://www.town.takaharu.lg.jp/soshiki/19/297167.html","https://www.town.takaharu.lg.jp/soshiki/19/297167.html"
"105601","https://www.city.fuchu.tokyo.jp/jigyosha/keesha/kigyo/ibento.html#:~:text=%E8%8B%A5%E6%89%8B%E3%83%BB%E5%A5%B3%E6%80%A7%E6%94%AF%E6%8F%B4%E4%BA%8B%E6%A5%AD","https://www.city.fuchu.tokyo.jp/jigyosha/keesha/kigyo/ibento.html#:~:text=%E8%8B%A5%E6%89%8B%E3%83%BB%E5%A5%B3%E6%80%A7%E6%94%AF%E6%8F%B4%E4%BA%8B%E6%A5%AD"
"105619","https://www.city.seki.lg.jp/0000022426.html","https://www.city.seki.lg.jp/0000022426.html | https://www.city.seki.lg.jp/cmsfiles/contents/0000022/22426/thirashi_page-0001.jpg"
"105630","http://www.city.kuroishi.aomori.jp/sangyou/nougyou/files/seidogaiyou.pdf","http://www.city.kuroishi.aomori.jp/sangyou/nougyou/g-farm-hojokin.html | http://www.city.kuroishi.aomori.jp/sangyou/nougyou/files/seidogaiyou.pdf"
"105634","https://www.city.uozu.toyama.jp/event-topics/svTopiDtl.aspx?servno=13322","https://www.city.uozu.toyama.jp/event-topics/svTopiDtl.aspx?servno=13322"
"105636","https://www.city.koto.lg.jp/102020/sangyoshigoto/chusho/hojokin/jigyoshokei.html","https://www.city.koto.lg.jp/102020/sangyoshigoto/chusho/hojokin/jigyoshokei.html"
"105652","https://www.city.edogawa.tokyo.jp/documents/53182/r7_jinnzaikakuho_tirashi.pdf","https://www.city.edogawa.tokyo.jp/e093/shigotosangyo/jigyosha_oen/sangyo_jigyosya/jyosei/jinzai/sienjigyou.html | https://www.city.edogawa.tokyo.jp/documents/53182/r7_jinnzaikakuho_tirashi.pdf"
"105642","https://www.city.gamagori.lg.jp/site/hokencenter/saigaiiryou.html","https://www.city.gamagori.lg.jp/site/hokencenter/saigaiiryou.html"
"105656","https://www.city.matsuyama.ehime.jp/kurashi/sangyo/sousyutu/open-i.files/R7-MOI-chirashi.pdf","https://www.city.matsuyama.ehime.jp/kurashi/sangyo/sousyutu/open-i.html | https://www.city.matsuyama.ehime.jp/kurashi/sangyo/sousyutu/open-i.files/R7-MOI-chirashi.pdf"
"105658","https://www.city.matsuyama.ehime.jp/kurashi/sangyo/shokogyo/renkei_nigiwai.files/chirashi.pdf","https://www.city.matsuyama.ehime.jp/kurashi/sangyo/shokogyo/renkei_nigiwai.html | https://www.city.matsuyama.ehime.jp/kurashi/sangyo/shokogyo/renkei_nigiwai.files/chirashi.pdf"
"105659","https://www.city.tsuruoka.lg.jp/sangyo/agri-seisankiban/seisannseikoujou.files/seisannseikoujou.pdf","https://www.city.tsuruoka.lg.jp/sangyo/agri-seisankiban/seisannseikoujou.html | https://www.city.tsuruoka.lg.jp/sangyo/agri-seisankiban/seisannseikoujou.files/seisannseikoujou.pdf"
"105668","https://www.town.kahoku.yamagata.jp/material/files/group/14/kahoku_taiiku_sankahojokin____.pdf","https://www.town.kahoku.yamagata.jp/gyouseizyouhou/sienseidoitiran/7099.html | https://www.town.kahoku.yamagata.jp/material/files/group/14/kahoku_taiiku_sankahojokin____.pdf"
"105660","https://www.city.tsukuba.lg.jp/material/files/group/109/r7sougyouhojokinngaiyou.pdf","https://www.city.tsukuba.lg.jp/jigyosha/shigoto/sangyo/1011810/1011812.html | https://www.city.tsukuba.lg.jp/material/files/group/109/r7sougyouhojokinngaiyou.pdf"
"105670","https://www.shonai-sansin.or.jp/wp-content/uploads/e2b61a74983d997e2628843f9713caeb.pdf","https://www.shonai-sansin.or.jp/otherpost/17838/ | https://www.shonai-sansin.or.jp/wp-content/uploads/e2b61a74983d997e2628843f9713caeb.pdf"
"105676","https://kimotsuki-town.jp/soshiki/nogyoshinkoka/1/hojojigyou/5033.html","https://kimotsuki-town.jp/soshiki/nogyoshinkoka/1/hojojigyou/5033.html"
"105691","https://www.city.gamagori.lg.jp/unit/fukushi/fukushihinanjohojo.html","https://www.city.gamagori.lg.jp/unit/fukushi/fukushihinanjohojo.html"
"105715","https://www.city.matsuyama.ehime.jp/kurashi/sangyo/chusyoukigyou/jinzaiikusei.files/R6tirashi.pdf","https://www.city.matsuyama.ehime.jp/kurashi/sangyo/chusyoukigyou/jinzaiikusei.html | https://www.city.matsuyama.ehime.jp/kurashi/sangyo/chusyoukigyou/jinzaiikusei.files/R6tirashi.pdf"
"105720","https://www.city.ichinomiya.aichi.jp/_res/projects/default_project/_page_/001/063/714/josei-annai.pdf","https://www.city.ichinomiya.aichi.jp/machidukuri/toshikeikaku/1044402/1000460/1032428/1063714.html | https://www.city.ichinomiya.aichi.jp/_res/projects/default_project/_page_/001/063/714/josei-annai.pdf"
"105731","https://www.town.shirakawa.lg.jp/kurashi/douro/1003082/1003084/1003058.html","https://www.town.shirakawa.lg.jp/kurashi/douro/1003082/1003084/1003058.html"
"105732","https://www.town.ayagawa.lg.jp/docs/2025052200039/#:~:text=%E3%81%94%E6%B3%A8%E6%84%8F%E3%81%8F%E3%81%A0%E3%81%95%E3%81%84%E3%80%82-,%E5%BA%97%E8%88%97%E3%81%B8%E3%81%AE%E6%B1%BA%E6%B8%88%E7%AB%AF%E6%9C%AB%E3%81%AE%E5%B0%8E%E5%85%A5%E3%81%AB%E3%81%A4%E3%81%84%E3%81%A6,-%EF%BC%B7%EF%BC%A1%EF%BC%AF%EF%BC%AE%E3%81%A7%E6%B1%BA%E6%B8%88","https://www.town.ayagawa.lg.jp/docs/2025052200039/#:~:text=%E3%81%94%E6%B3%A8%E6%84%8F%E3%81%8F%E3%81%A0%E3%81%95%E3%81%84%E3%80%82-,%E5%BA%97%E8%88%97%E3%81%B8%E3%81%AE%E6%B1%BA%E6%B8%88%E7%AB%AF%E6%9C%AB%E3%81%AE%E5%B0%8E%E5%85%A5%E3%81%AB%E3%81%A4%E3%81%84%E3%81%A6,-%EF%BC%B7%EF%BC%A1%EF%BC%AF%EF%BC%AE%E3%81%A7%E6%B1%BA%E6%B8%88"
"105739","https://www.pref.aichi.jp/soshiki/bosai/disaster-volunteer.html","https://www.pref.aichi.jp/soshiki/bosai/disaster-volunteer.html"
"105744","https://www.city.okayama.jp/shisei/0000035971.html","https://www.city.okayama.jp/shisei/0000035971.html"
"105784","https://www.city.saiki.oita.jp/kiji00310774/index.html","https://www.city.saiki.oita.jp/kiji00310774/index.html"
"105794","https://www.town.kumiyama.lg.jp/0000004767.html","https://www.town.kumiyama.lg.jp/0000004767.html"
"105797","https://www.city.omachi.nagano.jp/00013000/00013100/kigyoshienhozyo/kigyousienhojyokin-koufuyoukou.html","https://www.city.omachi.nagano.jp/00013000/00013100/kigyoshienhozyo/kigyousienhojyokin-koufuyoukou.html"
"105834","https://www.town.oguni.yamagata.jp/soshiki/soumu/7706.html","https://www.town.oguni.yamagata.jp/soshiki/soumu/7706.html"
"105852","https://www.shihoro.jp/detail.php?content=1122&domain_status=hakgy39gjamvyha022gaz&preview=true","https://www.shihoro.jp/detail.php?content=1122&domain_status=hakgy39gjamvyha022gaz&preview=true"