policy_id,primary_url,all_urls
"85488","https://www.city.iida.lg.jp/soshiki/171/kikennboku.html","https://www.city.iida.lg.jp/soshiki/171/kikennboku.html"
"85489","https://www.city.iida.lg.jp/soshiki/46/hojokin.html","https://www.city.iida.lg.jp/soshiki/46/hojokin.html"
"85498","https://www.city.suwa.lg.jp/soshiki/11/66863.html","https://www.city.suwa.lg.jp/soshiki/11/66863.html"
"85499","https://www.city.suwa.lg.jp/uploaded/attachment/38310.pdf","https://www.city.suwa.lg.jp/soshiki/10/38469.html | https://www.city.suwa.lg.jp/uploaded/attachment/38310.pdf"
"85500","https://www.city.suwa.lg.jp/uploaded/attachment/33086.pdf","https://www.city.suwa.lg.jp/soshiki/10/2108.html | https://www.city.suwa.lg.jp/uploaded/attachment/33086.pdf"
"85502","https://www.city.suwa.lg.jp/soshiki/10/2093.html","https://www.city.suwa.lg.jp/soshiki/10/2093.html"
"85503","https://www.pref.nagano.lg.jp/iryo/kenko/iryo/shisaku/sogokakuhokikin/byoshosaihen.html","https://www.pref.nagano.lg.jp/iryo/kenko/iryo/shisaku/sogokakuhokikin/byoshosaihen.html | https://www.pref.nagano.lg.jp/cgi-bin/simple_faq/form.cgi"
"85505","https://www.city.suwa.lg.jp/soshiki/21/1255.html","https://www.city.suwa.lg.jp/soshiki/21/1255.html"
"85509","https://www.iwami.gr.jp/secure/13480/%E5%A4%96%E5%9B%BD%E4%BA%BA%E8%A6%B3%E5%85%89%E5%AE%A2%E5%8F%97%E5%85%A5%E7%92%B0%E5%A2%83%E6%95%B4%E5%82%99%E8%B2%BB%E8%A3%9C%E5%8A%A9%E9%87%91%E3%81%AE%E3%81%94%E6%A1%88%E5%86%85.pdf","https://www.iwami.gr.jp/item/13480.htm#ContentPane | https://www.iwami.gr.jp/secure/13480/%E5%A4%96%E5%9B%BD%E4%BA%BA%E8%A6%B3%E5%85%89%E5%AE%A2%E5%8F%97%E5%85%A5%E7%92%B0%E5%A2%83%E6%95%B4%E5%82%99%E8%B2%BB%E8%A3%9C%E5%8A%A9%E9%87%91%E3%81%AE%E3%81%94%E6%A1%88%E5%86%85.pdf"
"85511","https://www.city.susaki.lg.jp/life/detail.php?hdnKey=4725","https://www.city.susaki.lg.jp/life/detail.php?hdnKey=4725"
"85513","https://www.city.susaki.lg.jp/life/detail.php?hdnKey=4558","https://www.city.susaki.lg.jp/life/detail.php?hdnKey=4558"
"85517","https://www.city.komoro.lg.jp/soshikikarasagasu/sangyoushinkoubu/shokokankoka/2/4/13200.html","https://www.city.komoro.lg.jp/soshikikarasagasu/sangyoushinkoubu/shokokankoka/2/4/13200.html"
"85514","https://www.town.fukusaki.hyogo.jp/0000004389.html","https://www.town.fukusaki.hyogo.jp/0000004389.html"
"85515","https://www.city.komoro.lg.jp/material/files/group/14/gaiyou5.pdf","https://www.city.komoro.lg.jp/soshikikarasagasu/sangyoushinkoubu/shokokankoka/2/4/1280.html | https://www.city.komoro.lg.jp/material/files/group/14/gaiyou5.pdf"
"85520","https://www.city.komoro.lg.jp/official/kanko_sangyo/kanko/rekishi_bunka/2/3460.html","https://www.city.komoro.lg.jp/official/kanko_sangyo/kanko/rekishi_bunka/2/3460.html"
"85525","https://www.city.sukagawa.fukushima.jp/shigoto_sangyo/nogyo/1003360/1003361.html#:~:text=%E5%B0%B1%E8%BE%B2%E3%81%99%E3%82%8B%E6%96%B9-,%E7%A7%BB%E4%BD%8F%E6%96%B0%E8%A6%8F%E5%B0%B1%E8%BE%B2%E8%80%85%E5%AE%B6%E8%B3%83%E6%94%AF%E6%8F%B4%E8%A3%9C%E5%8A%A9%E4%BA%8B%E6%A5%AD,-%E5%B0%B1%E8%BE%B2%E3%81%AE%E3%81%9F%E3%82%81","https://www.city.sukagawa.fukushima.jp/shigoto_sangyo/nogyo/1003360/1003361.html#:~:text=%E5%B0%B1%E8%BE%B2%E3%81%99%E3%82%8B%E6%96%B9-,%E7%A7%BB%E4%BD%8F%E6%96%B0%E8%A6%8F%E5%B0%B1%E8%BE%B2%E8%80%85%E5%AE%B6%E8%B3%83%E6%94%AF%E6%8F%B4%E8%A3%9C%E5%8A%A9%E4%BA%8B%E6%A5%AD,-%E5%B0%B1%E8%BE%B2%E3%81%AE%E3%81%9F%E3%82%81"
"85519","https://www.town.fukusaki.hyogo.jp/0000002000.html","https://www.town.fukusaki.hyogo.jp/0000002000.html"
"85529","https://www.pref.kumamoto.jp/soshiki/90/50624.html","https://www.pref.kumamoto.jp/soshiki/90/50624.html"
"85527","https://www.city.komoro.lg.jp/official/lifeeventkarasagasu/kakushuteate_hojo/hojosonota/5215.html","https://www.city.komoro.lg.jp/official/lifeeventkarasagasu/kakushuteate_hojo/hojosonota/5215.html"
"85528","https://www.city.komoro.lg.jp/official/kanko_sangyo/noringyo/ninaiteshien_shinkishuno_hojokin/4516.html#:~:text=%E6%96%B0%E8%A6%8F%E5%B0%B1%E8%BE%B2%E8%80%85%E6%94%AF%E6%8F%B4%E4%BA%8B%E6%A5%AD","https://www.city.komoro.lg.jp/official/kanko_sangyo/noringyo/ninaiteshien_shinkishuno_hojokin/4516.html#:~:text=%E6%96%B0%E8%A6%8F%E5%B0%B1%E8%BE%B2%E8%80%85%E6%94%AF%E6%8F%B4%E4%BA%8B%E6%A5%AD"
"85530","https://www.city.sukagawa.fukushima.jp/shigoto_sangyo/nogyo/1003360/1003365.html","https://www.city.sukagawa.fukushima.jp/shigoto_sangyo/nogyo/1003360/1003365.html"
"85532","https://www.city.sukagawa.fukushima.jp/shigoto_sangyo/nogyo/1003360/1003365.html#:~:text=%E3%81%A6%E3%81%8F%E3%81%A0%E3%81%95%E3%81%84%E3%80%82-,%E7%92%B0%E5%A2%83%E3%81%AB%E3%82%84%E3%81%95%E3%81%97%E3%81%84%E7%B1%B3%E3%81%A5%E3%81%8F%E3%82%8A%E6%8E%A8%E9%80%B2%E4%BA%8B%E6%A5%AD,-%E7%92%B0%E5%A2%83%E3%81%AB%E3%82%84%E3%81%95%E3%81%97%E3%81%84","https://www.city.sukagawa.fukushima.jp/shigoto_sangyo/nogyo/1003360/1003365.html#:~:text=%E3%81%A6%E3%81%8F%E3%81%A0%E3%81%95%E3%81%84%E3%80%82-,%E7%92%B0%E5%A2%83%E3%81%AB%E3%82%84%E3%81%95%E3%81%97%E3%81%84%E7%B1%B3%E3%81%A5%E3%81%8F%E3%82%8A%E6%8E%A8%E9%80%B2%E4%BA%8B%E6%A5%AD,-%E7%92%B0%E5%A2%83%E3%81%AB%E3%82%84%E3%81%95%E3%81%97%E3%81%84"
"85531","https://www.city.sukagawa.fukushima.jp/shigoto_sangyo/nogyo/1003360/1003365.html#:~:text=10%2C500%E5%86%86%E3%81%A7%E3%81%99%E3%80%82-,%E8%BB%A2%E4%BD%9C%E4%BF%83%E9%80%B2%E5%8A%A9%E6%88%90%E9%87%91,-%E8%BE%B2%E6%A5%AD%E5%9B%A3%E4%BD%93%E3%80%81%E5%96%B6%E8%BE%B2","https://www.city.sukagawa.fukushima.jp/shigoto_sangyo/nogyo/1003360/1003365.html#:~:text=10%2C500%E5%86%86%E3%81%A7%E3%81%99%E3%80%82-,%E8%BB%A2%E4%BD%9C%E4%BF%83%E9%80%B2%E5%8A%A9%E6%88%90%E9%87%91,-%E8%BE%B2%E6%A5%AD%E5%9B%A3%E4%BD%93%E3%80%81%E5%96%B6%E8%BE%B2"
"85533","https://www.city.komoro.lg.jp/soshikikarasagasu/hokenfukushibu/koreifukushika/1/3/ikigaikenkoudukuri/595.html","https://www.city.komoro.lg.jp/soshikikarasagasu/hokenfukushibu/koreifukushika/1/3/ikigaikenkoudukuri/595.html"
"85536","https://www.city.sukagawa.fukushima.jp/shigoto_sangyo/kigyoricchijoho/1011485/1009252.html","https://www.city.sukagawa.fukushima.jp/shigoto_sangyo/kigyoricchijoho/1011485/1009252.html"
"85535","https://www.city.sukagawa.fukushima.jp/shigoto_sangyo/nogyo/1010060.html#:~:text=%E5%BD%93%E3%81%9F%E3%82%8A2%2C000%E5%86%86-,%E5%8F%8E%E5%85%A5%E4%BF%9D%E9%99%BA%E6%94%AF%E6%8F%B4%E4%BA%8B%E6%A5%AD,-%E4%BA%8B%E6%A5%AD%E5%90%8D","https://www.city.sukagawa.fukushima.jp/shigoto_sangyo/nogyo/1010060.html#:~:text=%E5%BD%93%E3%81%9F%E3%82%8A2%2C000%E5%86%86-,%E5%8F%8E%E5%85%A5%E4%BF%9D%E9%99%BA%E6%94%AF%E6%8F%B4%E4%BA%8B%E6%A5%AD,-%E4%BA%8B%E6%A5%AD%E5%90%8D"
"85537","https://www.city.komoro.lg.jp/soshikikarasagasu/kensetsusuidoubu/toshikeikakuka/3/1/2/655.html","https://www.city.komoro.lg.jp/soshikikarasagasu/kensetsusuidoubu/toshikeikakuka/3/1/2/655.html"
"85539","https://www.inacity.jp/kurashi/hojo_enjo/hojo_koreisha/koreisha_hojo_enjo/chiebukurojigyo.html","https://www.inacity.jp/kurashi/hojo_enjo/hojo_koreisha/koreisha_hojo_enjo/chiebukurojigyo.html"
"85538","https://www.inacity.jp/kurashi/hojo_enjo/hojo_koreisha/koreisha_hojo_enjo/keiroukaihojo.html","https://www.inacity.jp/kurashi/hojo_enjo/hojo_koreisha/koreisha_hojo_enjo/keiroukaihojo.html"
"85544","https://www.inacity.jp/sangyo_noringyo/noringyo/nogyo/hojokin-kouhukin/174nrsb20221017.html","https://www.inacity.jp/sangyo_noringyo/noringyo/nogyo/hojokin-kouhukin/174nrsb20221017.html"
"85546","https://www.inacity.jp/sangyo_noringyo/noringyo/nogyo/hojokin-kouhukin/174nrsb2019092714542.html","https://www.inacity.jp/sangyo_noringyo/noringyo/nogyo/hojokin-kouhukin/174nrsb2019092714542.html"
"85540","https://www.inacity.jp/kurashi/hojo_enjo/hojo_shisetsu/bunkashinkohojokin.html","https://www.inacity.jp/kurashi/hojo_enjo/hojo_shisetsu/bunkashinkohojokin.html"
"85547","https://www.inacity.jp/sangyo_noringyo/noringyo/nogyo/hojokin-kouhukin/kosakuhokichisaisei.html","https://www.inacity.jp/sangyo_noringyo/noringyo/nogyo/hojokin-kouhukin/kosakuhokichisaisei.html"
"85548","https://www.inacity.jp/sangyo_noringyo/noringyo/nogyo/hojokin-kouhukin/174nrsb201909271.html","https://www.inacity.jp/sangyo_noringyo/noringyo/nogyo/hojokin-kouhukin/174nrsb201909271.html"
"85552","https://www.city.shirakawa.fukushima.jp/data/doc/1693908036_doc_76_0.pdf","https://www.city.shirakawa.fukushima.jp/page/page008616.html#:~:text=%E3%83%87%E3%82%A3%E3%82%B9%E3%82%AB%E3%83%90%E3%83%AA%E3%83%BC%E7%99%BD%E6%B2%B3%E8%BE%B2%E6%B4%BB%E4%BA%8B%E6%A5%AD | https://www.city.shirakawa.fukushima.jp/data/doc/1693908036_doc_76_0.pdf"
"85557","https://www.inacity.jp/sangyo_noringyo/shogyoshinko/hojoshiensemina-/it_hojokin.html","https://www.inacity.jp/sangyo_noringyo/shogyoshinko/hojoshiensemina-/it_hojokin.html"
"85559","https://www.inacity.jp/sangyo_noringyo/shigaichiakitenpo/akitennpo.html","https://www.inacity.jp/sangyo_noringyo/shigaichiakitenpo/akitennpo.html"
"85558","https://www.town.agematsu.nagano.jp/jigyosha/kankoukaihatsu.html","https://www.town.agematsu.nagano.jp/jigyosha/kankoukaihatsu.html"
"85560","https://www.inacity.jp/kurashi/hojo_enjo/chiku_chiiki/josetsukikaiseibi.html","https://www.inacity.jp/kurashi/hojo_enjo/chiku_chiiki/josetsukikaiseibi.html"
"85561","https://www.inacity.jp/kurashi/hojo_enjo/chiku_chiiki/yuenchihojo.html","https://www.inacity.jp/kurashi/hojo_enjo/chiku_chiiki/yuenchihojo.html"
"85563","https://www.inacity.jp/kurashi/hojo_enjo/chiku_chiiki/shisetsuseibihojo.files/seidogaiyou3.pdf","https://www.inacity.jp/kurashi/hojo_enjo/chiku_chiiki/shisetsuseibihojo.html | https://www.inacity.jp/kurashi/hojo_enjo/chiku_chiiki/shisetsuseibihojo.files/seidogaiyou3.pdf"
"85567","https://www.city.minamisoma.lg.jp/portal/sections/18/1810/18103/1/26760.html","https://www.city.minamisoma.lg.jp/portal/sections/18/1810/18103/1/26760.html"
"85573","https://www.city.itoigawa.lg.jp/secure/5129/%E3%80%90%E6%96%B0%E3%80%91%E4%BC%81%E6%A5%AD%E7%AB%8B%E5%9C%B0%E4%BF%83%E9%80%B2%E6%9D%A1%E4%BE%8B%E3%81%AE%E6%96%BD%E8%A1%8C%E3%81%AB%E3%82%88%E3%82%8B%E5%88%B6%E5%BA%A6%E6%8B%A1%E5%85%85%E3%81%AB%E3%81%A4%E3%81%84%E3%81%A6.pdf","https://www.city.itoigawa.lg.jp/dd.aspx?itemid=5129 | https://www.city.itoigawa.lg.jp/secure/5129/%E3%80%90%E6%96%B0%E3%80%91%E4%BC%81%E6%A5%AD%E7%AB%8B%E5%9C%B0%E4%BF%83%E9%80%B2%E6%9D%A1%E4%BE%8B%E3%81%AE%E6%96%BD%E8%A1%8C%E3%81%AB%E3%82%88%E3%82%8B%E5%88%B6%E5%BA%A6%E6%8B%A1%E5%85%85%E3%81%AB%E3%81%A4%E3%81%84%E3%81%A6.pdf"
"85568","https://www.city.itoigawa.lg.jp/9318.htm","https://www.city.itoigawa.lg.jp/9318.htm"
"85574","https://www.city.itoigawa.lg.jp/dd.aspx?itemid=5129","https://www.city.itoigawa.lg.jp/dd.aspx?itemid=5129"
"85575","https://www.city.itoigawa.lg.jp/dd.aspx?itemid=5129#:~:text=%E4%BC%81%E6%A5%AD%E7%94%A8%E5%9C%B0%E5%8F%96%E5%BE%97%E8%A3%9C%E5%8A%A9%E9%87%91","https://www.city.itoigawa.lg.jp/dd.aspx?itemid=5129#:~:text=%E4%BC%81%E6%A5%AD%E7%94%A8%E5%9C%B0%E5%8F%96%E5%BE%97%E8%A3%9C%E5%8A%A9%E9%87%91"
"85576","https://www.city.itoigawa.lg.jp/dd.aspx?itemid=5129#:~:text=%E5%95%86%E5%B7%A5%E6%A5%AD%E5%BE%93%E6%A5%AD%E5%93%A1%E7%A6%8F%E5%88%A9%E5%8E%9A%E7%94%9F%E6%96%BD%E8%A8%AD%E8%A8%AD%E7%BD%AE%E8%A3%9C%E5%8A%A9%E9%87%91","https://www.city.itoigawa.lg.jp/dd.aspx?itemid=5129#:~:text=%E5%95%86%E5%B7%A5%E6%A5%AD%E5%BE%93%E6%A5%AD%E5%93%A1%E7%A6%8F%E5%88%A9%E5%8E%9A%E7%94%9F%E6%96%BD%E8%A8%AD%E8%A8%AD%E7%BD%AE%E8%A3%9C%E5%8A%A9%E9%87%91"
"85577","https://www.city.itoigawa.lg.jp/secure/33438/R6%E5%88%B6%E5%BA%A6%E6%A6%82%E8%A6%81.pdf","https://www.city.itoigawa.lg.jp/item/33438.htm | https://www.city.itoigawa.lg.jp/secure/33438/R6%E5%88%B6%E5%BA%A6%E6%A6%82%E8%A6%81.pdf"
"85582","https://www.city.itoigawa.lg.jp/3895.htm","https://www.city.itoigawa.lg.jp/3895.htm"
"85583","https://www.city.itoigawa.lg.jp/3284.htm","https://www.city.itoigawa.lg.jp/3284.htm"
"85584","https://www.city.itoigawa.lg.jp/4930.htm","https://www.city.itoigawa.lg.jp/4930.htm"
"85591","https://www.city.itako.lg.jp/page/page000905.html","https://www.city.itako.lg.jp/page/page000905.html"
"85593","https://www.city.itoigawa.lg.jp/dd.aspx?menuid=3811","https://www.city.itoigawa.lg.jp/dd.aspx?menuid=3811"
"85595","https://www.city.itoigawa.lg.jp/secure/20280/tirasi01.pdf","https://www.city.itoigawa.lg.jp/6815.htm | https://www.city.itoigawa.lg.jp/secure/20280/tirasi01.pdf"
"85597","https://www.city.itoigawa.lg.jp/secure/19182/tirasi-wakatika.pdf","https://www.city.itoigawa.lg.jp/6643.htm | https://www.city.itoigawa.lg.jp/secure/19182/tirasi-wakatika.pdf"
"85596","https://www.city.itoigawa.lg.jp/3498.htm","https://www.city.itoigawa.lg.jp/3498.htm"
"85599","https://www.city.itoigawa.lg.jp/secure/33769/%E6%8E%A8%E9%80%B2%E8%A3%9C%E5%8A%A9%E9%87%91%E3%83%81%E3%83%A9%E3%82%B7_R5.4.1.pdf","https://www.city.itoigawa.lg.jp/item/33769.htm | https://www.city.itoigawa.lg.jp/secure/33769/%E6%8E%A8%E9%80%B2%E8%A3%9C%E5%8A%A9%E9%87%91%E3%83%81%E3%83%A9%E3%82%B7_R5.4.1.pdf"
"85598","https://www.city.itoigawa.lg.jp/secure/35062/03_reaf.pdf","https://www.city.itoigawa.lg.jp/item/35062.htm | https://www.city.itoigawa.lg.jp/secure/35062/03_reaf.pdf"
"85601","https://www.city.usa.oita.jp/sougo/soshiki/13/shinko/3/18778.html","https://www.city.usa.oita.jp/sougo/soshiki/13/shinko/3/18778.html"
"85602","https://www.city.itoigawa.lg.jp/secure/23174/tirasi2022.pdf","https://www.city.itoigawa.lg.jp/7269.htm | https://www.city.itoigawa.lg.jp/secure/23174/tirasi2022.pdf"
"85604","https://www.city.ako.lg.jp/kensetsu/shoukou/documents/akitenpohojo.pdf","https://www.city.ako.lg.jp/kensetsu/shoukou/2206_akitenpo.html | https://www.city.ako.lg.jp/kensetsu/shoukou/documents/akitenpohojo.pdf"
"85603","https://www.city.itoigawa.lg.jp/secure/31562/kyuujinnsienn.pdf","https://www.city.itoigawa.lg.jp/9111.htm | https://www.city.itoigawa.lg.jp/secure/31562/kyuujinnsienn.pdf"
"85605","https://www.city.itoigawa.lg.jp/7268.htm","https://www.city.itoigawa.lg.jp/7268.htm"
"85609","http://www.town.harima.lg.jp/kyodo/kurashi/chiiki/jichikai.html","http://www.town.harima.lg.jp/kyodo/kurashi/chiiki/jichikai.html"
"85611","http://www.town.shibecha.hokkaido.jp/kakuka/kyouikuiinkai-shakaikyouiku/news/bunkasinkoujoseikin.html","http://www.town.shibecha.hokkaido.jp/kakuka/kyouikuiinkai-shakaikyouiku/news/bunkasinkoujoseikin.html"
"85620","https://www.inacity.jp/shisetsu/suportshisetsu/taikushisetsuyoyaku.html","https://www.inacity.jp/shisetsu/suportshisetsu/taikushisetsuyoyaku.html"
"85622","https://www.city.komagane.nagano.jp/material/files/group/12/Syotengai_Kasseika_Akitenpotoukatuyoujigyou_Chirashi.pdf","https://www.city.komagane.nagano.jp/soshikiichiran/syoukoukankouka/shogyogakari/2/2/1784.html | https://www.city.komagane.nagano.jp/material/files/group/12/Syotengai_Kasseika_Akitenpotoukatuyoujigyou_Chirashi.pdf"
"85623","https://www.city.komagane.nagano.jp/soshikiichiran/syoukoukankouka/kogyokakari/2/1/1783.html","https://www.city.komagane.nagano.jp/soshikiichiran/syoukoukankouka/kogyokakari/2/1/1783.html"
"85628","https://www.city.komagane.nagano.jp/soshikiichiran/kikakushinkoka/kikakuchoseigakari/2/1298.html","https://www.city.komagane.nagano.jp/soshikiichiran/kikakushinkoka/kikakuchoseigakari/2/1298.html"
"85626","https://www.city.komagane.nagano.jp/gyosei/joho_seaech/lifescen/teate_josei/shobo_bosai/3594.html","https://www.city.komagane.nagano.jp/gyosei/joho_seaech/lifescen/teate_josei/shobo_bosai/3594.html"
"85629","https://www.city.komagane.nagano.jp/soshikiichiran/kikakushinkoka/shoshikataisakukakari/3/1/2/8832.html","https://www.city.komagane.nagano.jp/soshikiichiran/kikakushinkoka/shoshikataisakukakari/3/1/2/8832.html"
"85630","https://www.city.komagane.nagano.jp/material/files/group/12/syougaisyakoyousyoureikinn.pdf","https://www.city.komagane.nagano.jp/soshikiichiran/syoukoukankouka/shogyogakari/1/1800.html | https://www.city.komagane.nagano.jp/material/files/group/12/syougaisyakoyousyoureikinn.pdf"
"85632","https://www.city.hachinohe.aomori.jp/soshikikarasagasu/nogyokeieishinkocenter/sangyo/1/22668.html","https://www.city.hachinohe.aomori.jp/soshikikarasagasu/nogyokeieishinkocenter/sangyo/1/22668.html"
"85637","https://www.city.nakano.nagano.jp/docs/2014011603431/","https://www.city.nakano.nagano.jp/docs/2014011603431/"
"85639","https://www.city.shiso.lg.jp/shiseijoho/noringyo/zyosei/1484209899107.html","https://www.city.shiso.lg.jp/shiseijoho/noringyo/zyosei/1484209899107.html"
"85643","https://www.city.nakano.nagano.jp/docs/2014011603301/","https://www.city.nakano.nagano.jp/docs/2014011603301/"
"85644","https://www.city.nakano.nagano.jp/docs/2014011601871/","https://www.city.nakano.nagano.jp/docs/2014011601871/"
"85645","https://www.city.nakano.nagano.jp/docs/2020051900027/","https://www.city.nakano.nagano.jp/docs/2020051900027/"
"85647","https://www.city.nakano.nagano.jp/docs/2019041900031/","https://www.city.nakano.nagano.jp/docs/2019041900031/"
"85648","https://www.city.nakano.nagano.jp/docs/2017082400046/","https://www.city.nakano.nagano.jp/docs/2017082400046/"
"85650","https://www.city.nakano.nagano.jp/docs/2023042400018/","https://www.city.nakano.nagano.jp/docs/2023042400018/"
"85655","https://www.city.omachi.nagano.jp/00011000/00012400/00012301_5.html","https://www.city.omachi.nagano.jp/00011000/00012400/00012301_5.html"
"85657","https://www.city.omachi.nagano.jp/00014000/00014100/keisai/nishinasanko_kankyoseibi.html","https://www.city.omachi.nagano.jp/00014000/00014100/keisai/nishinasanko_kankyoseibi.html"
"85658","https://www.city.omachi.nagano.jp/00026000/00026100/sports-shinko-hojyo.html","https://www.city.omachi.nagano.jp/00026000/00026100/sports-shinko-hojyo.html"
"85661","https://www.city.iiyama.nagano.jp/soshiki/shoukou/kankou/shukuhakuseibi/shukuhakuseibi","https://www.city.iiyama.nagano.jp/soshiki/shoukou/kankou/shukuhakuseibi/shukuhakuseibi"
"85659","https://www.city.omachi.nagano.jp/00008000/00008400/nintisyoukafe.html","https://www.city.omachi.nagano.jp/00008000/00008400/nintisyoukafe.html"
"85662","https://www.city.shirakawa.fukushima.jp/page/page001122.html","https://www.city.shirakawa.fukushima.jp/page/page001122.html"
"85664","https://www.city.shirakawa.fukushima.jp/data/doc/1452771071_doc_3_0.pdf","https://www.city.shirakawa.fukushima.jp/page/page000066.html | https://www.city.shirakawa.fukushima.jp/data/doc/1452771071_doc_3_0.pdf"
"85663","https://www.city.iiyama.nagano.jp/soshiki/shiminkankyou/seikatukankyou/torikumi/shigenbutukaisyu","https://www.city.iiyama.nagano.jp/soshiki/shiminkankyou/seikatukankyou/torikumi/shigenbutukaisyu"
"85665","https://www.city.shirakawa.fukushima.jp/page/page000063.html","https://www.city.shirakawa.fukushima.jp/page/page000063.html"
"85672","https://www.city.chino.lg.jp/uploaded/attachment/23718.pdf","https://www.city.chino.lg.jp/soshiki/syoukou/756.html | https://www.city.chino.lg.jp/uploaded/attachment/23718.pdf"
"85666","https://www.city.iiyama.nagano.jp/soshiki/sport/sinkou/news/sports_gekireikin","https://www.city.iiyama.nagano.jp/soshiki/sport/sinkou/news/sports_gekireikin"
"85678","https://www.city.chino.lg.jp/soshiki/partnership/97.html","https://www.city.chino.lg.jp/soshiki/partnership/97.html"
"85681","https://www.city.chino.lg.jp/soshiki/partnership/131.html","https://www.city.chino.lg.jp/soshiki/partnership/131.html"
"85679","https://www.city.chino.lg.jp/soshiki/partnership/132.html","https://www.city.chino.lg.jp/soshiki/partnership/132.html"
"85682","https://www.city.chino.lg.jp/soshiki/bousai/1687.html","https://www.city.chino.lg.jp/soshiki/bousai/1687.html"
"85683","https://www.city.chino.lg.jp/soshiki/syoubou/758.html","https://www.city.chino.lg.jp/soshiki/syoubou/758.html"
"85684","https://www.city.chino.lg.jp/soshiki/toshikeikaku/1465.html","https://www.city.chino.lg.jp/soshiki/toshikeikaku/1465.html"
"85685","https://www.city.chino.lg.jp/uploaded/attachment/32113.pdf","https://www.city.chino.lg.jp/soshiki/syoukou/731.html | https://www.city.chino.lg.jp/uploaded/attachment/32113.pdf | https://www.city.chino.lg.jp/uploaded/attachment/32536.pdf"
"85692","https://www.city.chino.lg.jp/soshiki/syoukou/722.html","https://www.city.chino.lg.jp/soshiki/syoukou/722.html"
"85694","https://www.city.kumamoto.jp/hpKiji/pub/detail.aspx?c_id=5&id=48487&class_set_id=2&class_id=65","https://www.city.kumamoto.jp/hpKiji/pub/detail.aspx?c_id=5&id=48487&class_set_id=2&class_id=65 | https://www.city.kumamoto.jp/common/UploadFileDsp.aspx?c_id=5&id=48487&sub_id=2&flid=417681"
"85696","https://www.city.chino.lg.jp/soshiki/sportskenkou/gekireikin.html","https://www.city.chino.lg.jp/soshiki/sportskenkou/gekireikin.html"
"85699","https://www.city.shiojiri.lg.jp/uploaded/attachment/32229.pdf","https://www.city.shiojiri.lg.jp/soshiki/29/2662.html | https://www.city.shiojiri.lg.jp/uploaded/attachment/32229.pdf"
"85695","https://www.city.chino.lg.jp/soshiki/bisaikuru/2050.html","https://www.city.chino.lg.jp/soshiki/bisaikuru/2050.html"
"85702","https://www.city.shiojiri.lg.jp/soshiki/14/21328.html","https://www.city.shiojiri.lg.jp/soshiki/14/21328.html"
"85700","https://www.sangyo-rodo.metro.tokyo.lg.jp/chushou/shoko/chiiki/chiikishinkou/seicho/index.html","https://www.sangyo-rodo.metro.tokyo.lg.jp/chushou/shoko/chiiki/chiikishinkou/seicho/index.html"
"85704","https://www.city.shiojiri.lg.jp/soshiki/14/33313.html","https://www.city.shiojiri.lg.jp/soshiki/14/33313.html | https://www.city.shiojiri.lg.jp/form/detail.php?sec_sec1=14"
"85705","https://www.city.shiojiri.lg.jp/soshiki/14/3585.html","https://www.city.shiojiri.lg.jp/soshiki/14/3585.html | https://www.city.shiojiri.lg.jp/form/detail.php?sec_sec1=14"
"85706","https://www.city.shiojiri.lg.jp/soshiki/12/3603.html","https://www.city.shiojiri.lg.jp/soshiki/12/3603.html"
"85707","https://www.city.toyooka.lg.jp/kurashi/shogaisports/sports/1001359/1001361.html","https://www.city.toyooka.lg.jp/kurashi/shogaisports/sports/1001359/1001361.html"
"85709","https://www.city.shiojiri.lg.jp/soshiki/63/3567.html","https://www.city.shiojiri.lg.jp/soshiki/63/3567.html | https://www.city.shiojiri.lg.jp/form/detail.php?sec_sec1=85"
"85708","https://www.city.toyooka.lg.jp/_res/projects/default_project/_page_/001/001/362/2024siori.pdf","https://www.city.toyooka.lg.jp/kurashi/shogaisports/sports/1001359/1001362.html | https://www.city.toyooka.lg.jp/_res/projects/default_project/_page_/001/001/362/2024siori.pdf"
"85713","https://www.city.shiojiri.lg.jp/soshiki/29/2668.html","https://www.city.shiojiri.lg.jp/soshiki/29/2668.html"
"85718","https://www.city.shiojiri.lg.jp/soshiki/29/2679.html","https://www.city.shiojiri.lg.jp/soshiki/29/2679.html"
"85716","https://www.city.shiojiri.lg.jp/soshiki/29/2669.html","https://www.city.shiojiri.lg.jp/soshiki/29/2669.html"
"85717","https://www.city.shiojiri.lg.jp/soshiki/62/2562.html","https://www.city.shiojiri.lg.jp/soshiki/62/2562.html | https://www.city.shiojiri.lg.jp/form/detail.php?sec_sec1=84"
"85719","https://www.city.shiojiri.lg.jp/soshiki/33/3059.html","https://www.city.shiojiri.lg.jp/soshiki/33/3059.html"
"85720","https://www.city.chikuma.lg.jp/gyoseijoho/hojokin/20/9099.html","https://www.city.chikuma.lg.jp/gyoseijoho/hojokin/20/9099.html"
"85721","https://www.city.chikuma.lg.jp/soshiki/sangyoshinko/sangyoshinko/2/7982.html","https://www.city.chikuma.lg.jp/soshiki/sangyoshinko/sangyoshinko/2/7982.html"
"85724","https://www.city.chikuma.lg.jp/soshiki/sangyoshinko/sangyoshinko/2/7635.html","https://www.city.chikuma.lg.jp/soshiki/sangyoshinko/sangyoshinko/2/7635.html"
"85722","https://www.city.chikuma.lg.jp/soshiki/sangyoshinko/sangyoshinko/2/8319.html","https://www.city.chikuma.lg.jp/soshiki/sangyoshinko/sangyoshinko/2/8319.html"
"85725","https://www.city.chikuma.lg.jp/soshiki/sangyoshinko/sangyoshinko/2/8320.html","https://www.city.chikuma.lg.jp/soshiki/sangyoshinko/sangyoshinko/2/8320.html"
"85738","https://www.city.chikuma.lg.jp/soshiki/sangyoshinko/sangyoshinko/2/7353.html","https://www.city.chikuma.lg.jp/soshiki/sangyoshinko/sangyoshinko/2/7353.html"
"85741","https://www.vill.takayama.nagano.jp/docs/641.html","https://www.vill.takayama.nagano.jp/docs/641.html"
"85743","https://www.city.chikuma.lg.jp/soshiki/sangyoshinko/sangyoshinko/2/7978.html#wrapper","https://www.city.chikuma.lg.jp/soshiki/sangyoshinko/sangyoshinko/2/7978.html#wrapper"
"85744","https://www.city.chikuma.lg.jp/soshiki/sangyoshinko/sangyoshinko/2/7979.html","https://www.city.chikuma.lg.jp/soshiki/sangyoshinko/sangyoshinko/2/7979.html"
"85745","https://www.city.chikuma.lg.jp/soshiki/sangyoshinko/sangyoshinko/2/8000.html","https://www.city.chikuma.lg.jp/soshiki/sangyoshinko/sangyoshinko/2/8000.html"
"85746","https://www.city.chikuma.lg.jp/soshiki/sangyoshinko/sangyoshinko/2/8001.html","https://www.city.chikuma.lg.jp/soshiki/sangyoshinko/sangyoshinko/2/8001.html"
"85748","https://www.city.chikuma.lg.jp/soshiki/sangyoshinko/sangyoshinko/2/8012.html","https://www.city.chikuma.lg.jp/soshiki/sangyoshinko/sangyoshinko/2/8012.html"
"85747","https://www.city.chikuma.lg.jp/soshiki/sangyoshinko/sangyoshinko/2/8006.html","https://www.city.chikuma.lg.jp/soshiki/sangyoshinko/sangyoshinko/2/8006.html"
"85749","https://www.city.chikuma.lg.jp/soshiki/sangyoshinko/sangyoshinko/2/8013.html","https://www.city.chikuma.lg.jp/soshiki/sangyoshinko/sangyoshinko/2/8013.html"
"85753","https://www.city.chikuma.lg.jp/soshiki/sangyoshinko/sangyoshinko/2/8026.html","https://www.city.chikuma.lg.jp/soshiki/sangyoshinko/sangyoshinko/2/8026.html"
"85752","https://www.city.chikuma.lg.jp/soshiki/sangyoshinko/sangyoshinko/2/8014.html","https://www.city.chikuma.lg.jp/soshiki/sangyoshinko/sangyoshinko/2/8014.html"
"85754","https://www.city.chikuma.lg.jp/soshiki/sangyoshinko/sangyoshinko/2/8028.html","https://www.city.chikuma.lg.jp/soshiki/sangyoshinko/sangyoshinko/2/8028.html"
"85755","https://www.city.chikuma.lg.jp/soshiki/sangyoshinko/sangyoshinko/2/8044.html","https://www.city.chikuma.lg.jp/soshiki/sangyoshinko/sangyoshinko/2/8044.html"
"85758","https://www.city.chikuma.lg.jp/soshiki/sangyoshinko/sangyoshinko/2/8045.html","https://www.city.chikuma.lg.jp/soshiki/sangyoshinko/sangyoshinko/2/8045.html"
"85757","https://www.city.chikuma.lg.jp/material/files/group/25/jigyoukeizoku_leaflet_1.pdf","https://www.city.chikuma.lg.jp/soshiki/sangyoshinko/sangyoshinko/2/8046.html | https://www.city.chikuma.lg.jp/material/files/group/25/jigyoukeizoku_leaflet_1.pdf"
"85762","https://www.city.chikuma.lg.jp/gyoseijoho/hojokin/30/9067.html","https://www.city.chikuma.lg.jp/gyoseijoho/hojokin/30/9067.html"
"85763","https://www.city.chikuma.lg.jp/gyoseijoho/hojokin/30/9075.html","https://www.city.chikuma.lg.jp/gyoseijoho/hojokin/30/9075.html"
"85764","https://www.city.chikuma.lg.jp/gyoseijoho/hojokin/30/9102.html","https://www.city.chikuma.lg.jp/gyoseijoho/hojokin/30/9102.html"
"85768","https://www.city.chikuma.lg.jp/gyoseijoho/hojokin/30/9201.html","https://www.city.chikuma.lg.jp/gyoseijoho/hojokin/30/9201.html"
"85765","https://www.city.chikuma.lg.jp/gyoseijoho/hojokin/30/9127.html","https://www.city.chikuma.lg.jp/gyoseijoho/hojokin/30/9127.html"
"85766","https://www.city.katsushika.lg.jp/_res/projects/default_project/_page_/001/036/899/flyer.pdf","https://www.city.katsushika.lg.jp/business/1000011/1000069/1005251/1036899.html | https://www.city.katsushika.lg.jp/_res/projects/default_project/_page_/001/036/899/flyer.pdf"
"85777","https://www.city.tatebayashi.gunma.jp/s031/kenko/130/050/20241024153122.html","https://www.city.tatebayashi.gunma.jp/s031/kenko/130/050/20241024153122.html"
"85778","https://www.city.tomi.nagano.jp/category/kougyoushinkou/147706.html","https://www.city.tomi.nagano.jp/category/kougyoushinkou/147706.html"
"85779","https://www.city.tomi.nagano.jp/category/kougyoushinkou/147706.html","https://www.city.tomi.nagano.jp/category/kougyoushinkou/147706.html"
"85788","https://www.city.fujisawa.kanagawa.jp/nousui/tisantisho/brand.html","https://www.city.fujisawa.kanagawa.jp/nousui/tisantisho/brand.html"
"85789","https://www.city.azumino.nagano.jp/soshiki/31/102268.html","https://www.city.azumino.nagano.jp/soshiki/31/102268.html"
"85787","https://www.pref.okayama.jp/page/943067.html#:~:text=%E5%BF%AB%E9%81%A9%E6%A3%AE%E6%9E%97%E7%92%B0%E5%A2%83%E5%89%B5%E5%87%BA%E4%BA%8B%E6%A5%AD","https://www.pref.okayama.jp/page/943067.html#:~:text=%E5%BF%AB%E9%81%A9%E6%A3%AE%E6%9E%97%E7%92%B0%E5%A2%83%E5%89%B5%E5%87%BA%E4%BA%8B%E6%A5%AD"
"85791","https://www.city.azumino.nagano.jp/soshiki/31/115331.html","https://www.city.azumino.nagano.jp/soshiki/31/115331.html"
"85793","https://www.city.azumino.nagano.jp/soshiki/31/102269.html","https://www.city.azumino.nagano.jp/soshiki/31/102269.html"
"85792","https://www.city.azumino.nagano.jp/soshiki/31/115310.html","https://www.city.azumino.nagano.jp/soshiki/31/115310.html"
"85806","https://www.city.azumino.nagano.jp/soshiki/30/10924.html","https://www.city.azumino.nagano.jp/soshiki/30/10924.html"
"85808","https://www.koumi-town.jp/office2/archives/political-info/kikaku/post-778.html","https://www.koumi-town.jp/office2/archives/political-info/kikaku/post-778.html"
"85807","https://www.city.azumino.nagano.jp/soshiki/29/64818.html","https://www.city.azumino.nagano.jp/soshiki/29/64818.html"
"85815","https://www.city.kato.lg.jp/material/files/group/16/machidukurichirashi.pdf","https://www.city.kato.lg.jp/kakukanogoannai/soumuzaiseibu/bosaika/news/1454058054951.html | https://www.city.kato.lg.jp/material/files/group/16/machidukurichirashi.pdf"
"85809","https://www.koumi-town.jp/office2/archives/life/sonohoka/post-461.html","https://www.koumi-town.jp/office2/archives/life/sonohoka/post-461.html"
"85810","https://www.town.kumiyama.lg.jp/0000005816.html","https://www.town.kumiyama.lg.jp/0000005816.html"
"85820","https://www.minamiaiki.jp/jyosei-sangyou.htm#:~:text=%E3%82%BD%E3%83%90%E7%94%9F%E7%94%A3%E8%A3%9C%E5%8A%A9%E9%87%91%E4%BA%A4%E4%BB%98%E4%BA%8B%E6%A5%AD","https://www.minamiaiki.jp/jyosei-sangyou.htm#:~:text=%E3%82%BD%E3%83%90%E7%94%9F%E7%94%A3%E8%A3%9C%E5%8A%A9%E9%87%91%E4%BA%A4%E4%BB%98%E4%BA%8B%E6%A5%AD"
"85841","https://www.town.sakuho.nagano.jp/jigyosha/sangyo/ringyoushien/sangyoshinkoka_2254.html","https://www.town.sakuho.nagano.jp/jigyosha/sangyo/ringyoushien/sangyoshinkoka_2254.html"
"85840","https://www.town.sakuho.nagano.jp/kurashi/ikuji/kosodate/kodomoka_2834.html","https://www.town.sakuho.nagano.jp/kurashi/ikuji/kosodate/kodomoka_2834.html"
"85843","https://www.town.sakuho.nagano.jp/kurashi/sangyoshinkoka_1092.html","https://www.town.sakuho.nagano.jp/kurashi/sangyoshinkoka_1092.html"
"85845","https://www.town.sakuho.nagano.jp/oshirase/kakuka/sogoseisakuka/sogoseisakuka_1042.html","https://www.town.sakuho.nagano.jp/oshirase/kakuka/sogoseisakuka/sogoseisakuka_1042.html"
"85849","https://www.ishikawabunka.jp/support/information.php","https://www.ishikawabunka.jp/support/information.php"
"85854","https://www.pref.miyazaki.lg.jp/kenkozoshin/kurashi/hoken/20190524.html","https://www.pref.miyazaki.lg.jp/kenkozoshin/kurashi/hoken/20190524.html"
"85856","https://www.city.odawara.kanagawa.jp/field/lifelong/youth/schoolcommunity/p35777.html","https://www.city.odawara.kanagawa.jp/field/lifelong/youth/schoolcommunity/p35777.html"
"85850","https://www.town.sakuho.nagano.jp/jigyosha/sangyo/nougyoushien/sangyoshinkoka_2838.html","https://www.town.sakuho.nagano.jp/jigyosha/sangyo/nougyoushien/sangyoshinkoka_2838.html"
"85857","https://www.town.miyota.nagano.jp/category/nougyou/160359.html","https://www.town.miyota.nagano.jp/category/nougyou/160359.html"
"85858","https://www.town.miyota.nagano.jp/category/nougyou/2335.html","https://www.town.miyota.nagano.jp/category/nougyou/2335.html"
"85859","https://www.town.shimosuwa.lg.jp/www/contents/1001000000916/index.html","https://www.town.shimosuwa.lg.jp/www/contents/1001000000916/index.html"
"85860","https://www.town.shimosuwa.lg.jp/www/contents/1001000000982/index.html","https://www.town.shimosuwa.lg.jp/www/contents/1001000000982/index.html"
"85870","https://www.town.fujimi.lg.jp/page/syougyoushinnkou2018.html","https://www.town.fujimi.lg.jp/page/syougyoushinnkou2018.html"
"85869","https://www.city.odawara.kanagawa.jp/global-image/units/560708/1-20240627094935_b667cb71f1998c.pdf","https://www.city.odawara.kanagawa.jp/field/c-planning/keikan/shukei.html | https://www.city.odawara.kanagawa.jp/global-image/units/560708/1-20240627094935_b667cb71f1998c.pdf"
"85871","https://www.town.fujimi.lg.jp/page/kougyoushinnkou2018.html","https://www.town.fujimi.lg.jp/page/kougyoushinnkou2018.html"
"85876","https://www.town.fujimi.lg.jp/page/koukeisya.html","https://www.town.fujimi.lg.jp/page/koukeisya.html"
"85873","https://www.city.odawara.kanagawa.jp/global-image/units/653699/1-20241004193541_b66ffc4fd4f467.pdf","https://www.city.odawara.kanagawa.jp/field/industry/agricult/for-producer/p21023.html | https://www.city.odawara.kanagawa.jp/global-image/units/653699/1-20241004193541_b66ffc4fd4f467.pdf"
"85879","https://www.town.fujimi.lg.jp/page/teinen-kinousya.html","https://www.town.fujimi.lg.jp/page/teinen-kinousya.html"
"85887","https://www.city.iwamizawa.hokkaido.jp/soshiki/kigyoritchisuishinshitsu/sangyo/1/2/3462.html","https://www.city.iwamizawa.hokkaido.jp/soshiki/kigyoritchisuishinshitsu/sangyo/1/2/3462.html"
"85882","https://www.vill.hara.lg.jp/docs/66543.html","https://www.vill.hara.lg.jp/docs/66543.html"
"85892","https://www.pref.yamanashi.jp/kaju/yamanashiyasaikyoka.html","https://www.pref.yamanashi.jp/kaju/yamanashiyasaikyoka.html"
"85894","https://www.sangyo-rodo.metro.tokyo.lg.jp/chushou/shoko/chiiki/chiikishinkou/monodukuri/index.html","https://www.sangyo-rodo.metro.tokyo.lg.jp/chushou/shoko/chiiki/chiikishinkou/monodukuri/index.html"
"85904","https://www.maff.go.jp/j/syouan/keikaku/soukatu/attach/pdf/r4hosei.hatatika-29.pdf","https://www.maff.go.jp/j/syouan/keikaku/soukatu/r4hosei.hatatika.html | https://www.maff.go.jp/j/syouan/keikaku/soukatu/attach/pdf/r4hosei.hatatika-29.pdf"
"85908","https://www.mhlw.go.jp/content/000849720.pdf","https://www.mhlw.go.jp/stf/seisakunitsuite/bunya/0000121431_00316.html | https://www.mhlw.go.jp/content/000849720.pdf"
"85916","https://www.town.tatsuno.lg.jp/gyosei/soshiki/sangyoshinkoka/shigoto_sangyo/4/939.html","https://www.town.tatsuno.lg.jp/gyosei/soshiki/sangyoshinkoka/shigoto_sangyo/4/939.html"
"85910","https://town.ichinomiya.chiba.jp/subsidy/5.html","https://town.ichinomiya.chiba.jp/subsidy/5.html"
"85922","https://www.town.minowa.lg.jp/shigoto-sangyo/sangyoshinko/kigyo-sogyoshien/4502.html","https://www.town.minowa.lg.jp/shigoto-sangyo/sangyoshinko/kigyo-sogyoshien/4502.html"
"85924","https://www.town.minowa.lg.jp/soshiki/shouko_kaoko/gyomu/3/3/1/696.html","https://www.town.minowa.lg.jp/soshiki/shouko_kaoko/gyomu/3/3/1/696.html"
"85923","https://www.city.itoigawa.lg.jp/3702.htm","https://www.city.itoigawa.lg.jp/3702.htm"
"85925","https://www.town.minowa.lg.jp/soshiki/kurashi_anzen/gyomu/15/216.html","https://www.town.minowa.lg.jp/soshiki/kurashi_anzen/gyomu/15/216.html"
"85927","https://www.city.itoigawa.lg.jp/3802.htm","https://www.city.itoigawa.lg.jp/3802.htm"
"85926","https://www.town.minowa.lg.jp/soshiki/shouko_kaoko/gyomu/3/3/1/631.html","https://www.town.minowa.lg.jp/soshiki/shouko_kaoko/gyomu/3/3/1/631.html"
"85933","https://www.town.minowa.lg.jp/soshiki/midori_senryaku/gyomu/5/1/5/557.html","https://www.town.minowa.lg.jp/soshiki/midori_senryaku/gyomu/5/1/5/557.html"
"85932","https://www.town.minowa.lg.jp/soshiki/midori_senryaku/gyomu/5/1/5/611.html","https://www.town.minowa.lg.jp/soshiki/midori_senryaku/gyomu/5/1/5/611.html"
"85934","https://www.town.minowa.lg.jp/soshiki/shouko_kaoko/gyomu/3/3/1/613.html","https://www.town.minowa.lg.jp/soshiki/shouko_kaoko/gyomu/3/3/1/613.html"
"85940","https://www.town.iijima.lg.jp/soshikiichiran/sangyoshinkoka/shokokakari/zigyousyoukei_koyou/4525.html","https://www.town.iijima.lg.jp/soshikiichiran/sangyoshinkoka/shokokakari/zigyousyoukei_koyou/4525.html"
"85936","https://www.town.minowa.lg.jp/soshiki/kenko_suishin/gyomu/4/1/535.html","https://www.town.minowa.lg.jp/soshiki/kenko_suishin/gyomu/4/1/535.html"
"85938","https://www.town.minowa.lg.jp/soshiki/kenko_suishin/gyomu/4/1/566.html","https://www.town.minowa.lg.jp/soshiki/kenko_suishin/gyomu/4/1/566.html"
"85942","https://www.city.odawara.kanagawa.jp/field/lifelong/youth/schoolcommunity/p37710.html","https://www.city.odawara.kanagawa.jp/field/lifelong/youth/schoolcommunity/p37710.html"
"85943","https://www.town.iijima.lg.jp/soshikiichiran/sangyoshinkoka/shokokakari/jigyosha_shien/2729.html","https://www.town.iijima.lg.jp/soshikiichiran/sangyoshinkoka/shokokakari/jigyosha_shien/2729.html"
"85944","https://www.town.iijima.lg.jp/soshikiichiran/sangyoshinkoka/shokokakari/jigyosha_shien/2729.html","https://www.town.iijima.lg.jp/soshikiichiran/sangyoshinkoka/shokokakari/jigyosha_shien/2729.html"
"85949","https://www.town.iijima.lg.jp/soshikiichiran/sangyoshinkoka/shokokakari/jigyosha_shien/2729.html","https://www.town.iijima.lg.jp/soshikiichiran/sangyoshinkoka/shokokakari/jigyosha_shien/2729.html"
"85953","https://www.city.odawara.kanagawa.jp/field/industry/corpo/yuuti03.html","https://www.city.odawara.kanagawa.jp/field/industry/corpo/yuuti03.html"
"85952","https://www.gaas-port.jp/01_iwamizawa/procedure/436","https://www.gaas-port.jp/01_iwamizawa/procedure/436"
"85954","https://www.town.iijima.lg.jp/soshikiichiran/somuka/kikikanrigakarikakari/hozyokouhukinn/4318.html","https://www.town.iijima.lg.jp/soshikiichiran/somuka/kikikanrigakarikakari/hozyokouhukinn/4318.html"
"85955","https://www.city.iwamizawa.hokkaido.jp/soshiki/kodomoka/kosodate/4/3986.html","https://www.city.iwamizawa.hokkaido.jp/soshiki/kodomoka/kosodate/4/3986.html"
"85956","https://www.city.myoko.niigata.jp/docs/50.html","https://www.city.myoko.niigata.jp/docs/50.html"
"85957","https://www.town.iijima.lg.jp/soshikiichiran/somuka/kikikanrigakarikakari/hozyokouhukinn/4319.html","https://www.town.iijima.lg.jp/soshikiichiran/somuka/kikikanrigakarikakari/hozyokouhukinn/4319.html"
"85958","https://www.city.myoko.niigata.jp/docs/393.html","https://www.city.myoko.niigata.jp/docs/393.html"
"85959","https://www.city.iwamizawa.hokkaido.jp/material/files/group/13/gouritekihairyo_chirashi.pdf","https://www.city.iwamizawa.hokkaido.jp/soshiki/fukushika/kenko_iryo_fukushi/1_1/5/1/8031.html | https://www.city.iwamizawa.hokkaido.jp/material/files/group/13/gouritekihairyo_chirashi.pdf"
"85969","http://www.city.katsuyama.fukui.jp/soshiki/5/29729.html","http://www.city.katsuyama.fukui.jp/soshiki/5/29729.html"
"85971","https://www.town.iijima.lg.jp/soshikiichiran/somuka/kikikanrigakarikakari/bouhan/4333.html","https://www.town.iijima.lg.jp/soshikiichiran/somuka/kikikanrigakarikakari/bouhan/4333.html"
"85970","https://www.town.iijima.lg.jp/iijimamachinojoho/gyoseijoho/kyoudou/291.html","https://www.town.iijima.lg.jp/iijimamachinojoho/gyoseijoho/kyoudou/291.html"
"85972","https://www.town.iijima.lg.jp/soshikiichiran/chiikisozoka/chiikikakari/settlement/jichikai/716.html","https://www.town.iijima.lg.jp/soshikiichiran/chiikisozoka/chiikikakari/settlement/jichikai/716.html"
"85974","https://www.city.myoko.niigata.jp/docs/5060.html","https://www.city.myoko.niigata.jp/docs/5060.html"
"85975","https://www.vill.minamiminowa.lg.jp/site/syoukou-seido/kigyoushinkou.html","https://www.vill.minamiminowa.lg.jp/site/syoukou-seido/kigyoushinkou.html"
"85976","https://www.vill.minamiminowa.lg.jp/soshiki/chiiki/sienhozyo.html","https://www.vill.minamiminowa.lg.jp/soshiki/chiiki/sienhozyo.html"
"85978","https://www.city.myoko.niigata.jp/docs/58201.html","https://www.city.myoko.niigata.jp/docs/58201.html"
"85977","https://www.city.myoko.niigata.jp/docs/58201.html","https://www.city.myoko.niigata.jp/docs/58201.html"
"85979","https://www.vill.nakagawa.nagano.jp/site/sousei/2410.html","https://www.vill.nakagawa.nagano.jp/site/sousei/2410.html"
"85981","https://www.vill.miyada.nagano.jp/government-pages/c-11282","https://www.vill.miyada.nagano.jp/government-pages/c-11282"
"85980","https://www.vill.nakagawa.nagano.jp/site/koryu/8061.html","https://www.vill.nakagawa.nagano.jp/site/koryu/8061.html"
"85982","https://www.city.myoko.niigata.jp/docs/350.html","https://www.city.myoko.niigata.jp/docs/350.html"
"85984","https://www.vill.miyada.nagano.jp/industry-pages/jigyousyoukei","https://www.vill.miyada.nagano.jp/industry-pages/jigyousyoukei"
"85985","https://www.town.nagano-takamori.lg.jp/docs/12947.html","https://www.town.nagano-takamori.lg.jp/docs/12947.html"
"85989","http://www.town.anan.nagano.jp/anan_town/nourindou_hojyo/","http://www.town.anan.nagano.jp/anan_town/nourindou_hojyo/"
"85990","http://www.town.anan.nagano.jp/anan_town/environmental_subsidies/#:~:text=%E8%87%AA%E4%B8%BB%E9%98%B2%E7%81%BD%E7%B5%84%E7%B9%94%E8%A8%AD%E7%BD%AE%E6%95%B4%E5%82%99","http://www.town.anan.nagano.jp/anan_town/environmental_subsidies/#:~:text=%E8%87%AA%E4%B8%BB%E9%98%B2%E7%81%BD%E7%B5%84%E7%B9%94%E8%A8%AD%E7%BD%AE%E6%95%B4%E5%82%99"
"85986","https://www.town.nagano-takamori.lg.jp/fs/5/4/2/0/1/_/%E8%8B%A5%E8%80%85%E3%81%BE%E3%81%A1%E3%81%A5%E3%81%8F%E3%82%8A%E6%B4%BB%E5%8B%95%E3%83%81%E3%83%A9%E3%82%B7.pdf","https://www.town.nagano-takamori.lg.jp/docs/13388.html | https://www.town.nagano-takamori.lg.jp/fs/5/4/2/0/1/_/%E8%8B%A5%E8%80%85%E3%81%BE%E3%81%A1%E3%81%A5%E3%81%8F%E3%82%8A%E6%B4%BB%E5%8B%95%E3%83%81%E3%83%A9%E3%82%B7.pdf"
"85991","http://www.town.anan.nagano.jp/anan_town/environmental_subsidies/#:~:text=%E6%B6%88%E9%98%B2%E5%9B%A3%E5%93%A1%E6%BA%96%E4%B8%AD%E5%9E%8B%E8%87%AA%E5%8B%95%E8%BB%8A%E5%85%8D%E8%A8%B1%E5%8F%96%E5%BE%97%E8%B2%BB%E8%A3%9C%E5%8A%A9","http://www.town.anan.nagano.jp/anan_town/environmental_subsidies/#:~:text=%E6%B6%88%E9%98%B2%E5%9B%A3%E5%93%A1%E6%BA%96%E4%B8%AD%E5%9E%8B%E8%87%AA%E5%8B%95%E8%BB%8A%E5%85%8D%E8%A8%B1%E5%8F%96%E5%BE%97%E8%B2%BB%E8%A3%9C%E5%8A%A9"
"85992","http://www.town.anan.nagano.jp/anan_town/industry_subsidies/#:~:text=%E9%81%8A%E4%BC%91%E8%8D%92%E5%BB%83%E8%BE%B2%E5%9C%B0%E6%B4%BB%E6%80%A7%E5%8C%96%E5%AF%BE%E7%AD%96","http://www.town.anan.nagano.jp/anan_town/industry_subsidies/#:~:text=%E9%81%8A%E4%BC%91%E8%8D%92%E5%BB%83%E8%BE%B2%E5%9C%B0%E6%B4%BB%E6%80%A7%E5%8C%96%E5%AF%BE%E7%AD%96"
"85993","http://www.town.anan.nagano.jp/anan_town/industry_subsidies/#:~:text=%E7%95%9C%E7%94%A3%E4%BA%BA%E5%B7%A5%E6%8E%88%E7%B2%BE%E6%8C%AF%E8%88%88","http://www.town.anan.nagano.jp/anan_town/industry_subsidies/#:~:text=%E7%95%9C%E7%94%A3%E4%BA%BA%E5%B7%A5%E6%8E%88%E7%B2%BE%E6%8C%AF%E8%88%88"
"85994","http://www.town.anan.nagano.jp/anan_town/industry_subsidies/#:~:text=%E9%A4%8A%E9%B6%8F%E6%8C%AF%E8%88%88","http://www.town.anan.nagano.jp/anan_town/industry_subsidies/#:~:text=%E9%A4%8A%E9%B6%8F%E6%8C%AF%E8%88%88"
"85996","http://www.town.anan.nagano.jp/anan_town/industry_subsidies/#:~:text=%E3%81%8C%E3%82%93%E3%81%B0%E3%82%8B%E4%BC%81%E6%A5%AD%E5%BF%9C%E6%8F%B4","http://www.town.anan.nagano.jp/anan_town/industry_subsidies/#:~:text=%E3%81%8C%E3%82%93%E3%81%B0%E3%82%8B%E4%BC%81%E6%A5%AD%E5%BF%9C%E6%8F%B4"
"85995","http://www.town.anan.nagano.jp/anan_town/industry_subsidies/#:~:text=%E3%81%97%E3%81%84%E3%81%9F%E3%81%91%E3%81%BB%E3%81%A0%E6%9C%A8%E9%80%A0%E6%88%90%E6%94%AF%E6%8F%B4","http://www.town.anan.nagano.jp/anan_town/industry_subsidies/#:~:text=%E3%81%97%E3%81%84%E3%81%9F%E3%81%91%E3%81%BB%E3%81%A0%E6%9C%A8%E9%80%A0%E6%88%90%E6%94%AF%E6%8F%B4"
"85997","http://www.town.anan.nagano.jp/anan_town/industry_subsidies/#:~:text=%E5%95%86%E5%B7%A5%E6%A5%AD%E6%A9%9F%E6%A2%B0%E5%82%99%E5%93%81%E3%83%AA%E3%83%95%E3%83%AC%E3%83%83%E3%82%B7%E3%83%A5","http://www.town.anan.nagano.jp/anan_town/industry_subsidies/#:~:text=%E5%95%86%E5%B7%A5%E6%A5%AD%E6%A9%9F%E6%A2%B0%E5%82%99%E5%93%81%E3%83%AA%E3%83%95%E3%83%AC%E3%83%83%E3%82%B7%E3%83%A5"
"85998","http://www.town.anan.nagano.jp/anan_town/noukaminpaku_kaigyo/","http://www.town.anan.nagano.jp/anan_town/noukaminpaku_kaigyo/"
"86000","https://www.city.myoko.niigata.jp/docs/1058.html","https://www.city.myoko.niigata.jp/docs/1058.html"
"86003","https://www.city.gosen.lg.jp/organization/12/shinki/10938.html","https://www.city.gosen.lg.jp/organization/12/shinki/10938.html"
"86004","https://www.city.gosen.lg.jp/organization/12/shinki/10938.html#:~:text=%E5%B0%B1%E8%BE%B2%E6%99%82%E3%81%AE%E8%B3%87%E9%87%91%E6%94%AF%E6%8F%B4%28%E5%B8%82%E5%8D%98%E7%8B%AC%E8%A3%9C%E5%8A%A9%29","https://www.city.gosen.lg.jp/organization/12/shinki/10938.html#:~:text=%E5%B0%B1%E8%BE%B2%E6%99%82%E3%81%AE%E8%B3%87%E9%87%91%E6%94%AF%E6%8F%B4%28%E5%B8%82%E5%8D%98%E7%8B%AC%E8%A3%9C%E5%8A%A9%29"
"86014","https://www.vill.achi.lg.jp/uploaded/life/14502_38876_misc.pdf","https://www.vill.achi.lg.jp/site/teiju/nogyokikai.html | https://www.vill.achi.lg.jp/uploaded/life/14502_38876_misc.pdf"
"86017","https://www.vill.achi.lg.jp/soshiki/33/daizusobahozyo.html","https://www.vill.achi.lg.jp/soshiki/33/daizusobahozyo.html"
"86020","https://www.city.kamakura.kanagawa.jp/gomi/reuse_shokki.html","https://www.city.kamakura.kanagawa.jp/gomi/reuse_shokki.html"
"86018","https://www.city.gosen.lg.jp/organization/13/1/7661.html","https://www.city.gosen.lg.jp/organization/13/1/7661.html"
"86025","https://www.city.zushi.kanagawa.jp/kurashi/bosai/1001502/1001554/1001557.html","https://www.city.zushi.kanagawa.jp/kurashi/bosai/1001502/1001554/1001557.html"
"86022","https://www.vill.achi.lg.jp/soshiki/33/nougyoukyousaihozyo.html","https://www.vill.achi.lg.jp/soshiki/33/nougyoukyousaihozyo.html"
"86023","https://www.city.gosen.lg.jp/organization/3/1/768.html","https://www.city.gosen.lg.jp/organization/3/1/768.html"
"86027","https://www.vill.achi.lg.jp/site/20170420hozyoseidoitiran/20180420nogyohozyogizyo.html","https://www.vill.achi.lg.jp/site/20170420hozyoseidoitiran/20180420nogyohozyogizyo.html"
"86026","https://www.vill.achi.lg.jp/site/20170420hozyoseidoitiran/20180420sondohozyo.html","https://www.vill.achi.lg.jp/site/20170420hozyoseidoitiran/20180420sondohozyo.html"
"86029","https://www.city.zushi.kanagawa.jp/kenkofukushi/shogaisha/1004171/1009879.html","https://www.city.zushi.kanagawa.jp/kenkofukushi/shogaisha/1004171/1009879.html"
"86045","https://www.urugi.jp/top/administration_living/migration_settlement/living_support_system/#:~:text=%E8%BE%B2%E5%9C%B0%E6%B5%81%E5%8B%95%E5%8C%96%E4%BF%83%E9%80%B2%E4%BA%8B%E6%A5%AD%E8%A3%9C%E5%8A%A9%E9%87%91","https://www.urugi.jp/top/administration_living/migration_settlement/living_support_system/#:~:text=%E8%BE%B2%E5%9C%B0%E6%B5%81%E5%8B%95%E5%8C%96%E4%BF%83%E9%80%B2%E4%BA%8B%E6%A5%AD%E8%A3%9C%E5%8A%A9%E9%87%91"
"86046","https://www.urugi.jp/top/administration_living/living_procedures/living_environment/garbage_recycling/#:~:text=%E7%94%9F%E3%81%94%E3%81%BF%E5%87%A6%E7%90%86%E6%A9%9F%E8%A3%9C%E5%8A%A9%E9%87%91,-%E7%94%9F%E3%81%94%E3%81%BF","https://www.urugi.jp/top/administration_living/living_procedures/living_environment/garbage_recycling/#:~:text=%E7%94%9F%E3%81%94%E3%81%BF%E5%87%A6%E7%90%86%E6%A9%9F%E8%A3%9C%E5%8A%A9%E9%87%91,-%E7%94%9F%E3%81%94%E3%81%BF"
"86033","https://www.city.zushi.kanagawa.jp/kenkofukushi/shogaishashiori/1004288/1007797.html","https://www.city.zushi.kanagawa.jp/kenkofukushi/shogaishashiori/1004288/1007797.html"
"86051","https://www.city.meguro.tokyo.jp/sangyoukeizai/shigoto/kigyoushien/kasseikashien.html#:~:text=%E8%8B%A5%E6%89%8B%E3%83%BB%E5%A5%B3%E6%80%A7%E6%94%AF%E6%8F%B4%E4%BA%8B%E6%A5%AD","https://www.city.meguro.tokyo.jp/sangyoukeizai/shigoto/kigyoushien/kasseikashien.html#:~:text=%E8%8B%A5%E6%89%8B%E3%83%BB%E5%A5%B3%E6%80%A7%E6%94%AF%E6%8F%B4%E4%BA%8B%E6%A5%AD"
"86050","https://www.vill.yasuoka.nagano.jp/docs/2587.html#:~:text=%E8%96%AA%E3%82%B9%E3%83%88%E3%83%BC%E3%83%96%E7%AD%89%E8%B3%BC%E5%85%A5%E8%A3%9C%E5%8A%A9%E9%87%91","https://www.vill.yasuoka.nagano.jp/docs/2587.html#:~:text=%E8%96%AA%E3%82%B9%E3%83%88%E3%83%BC%E3%83%96%E7%AD%89%E8%B3%BC%E5%85%A5%E8%A3%9C%E5%8A%A9%E9%87%91"
"86052","https://www.vill.yasuoka.nagano.jp/docs/2550.html","https://www.vill.yasuoka.nagano.jp/docs/2550.html"
"86055","https://www.vill.takagi.lg.jp/doc/2024052000038/","https://www.vill.takagi.lg.jp/doc/2024052000038/"
"86056","https://www.vill.takagi.lg.jp/doc/2024052000045/","https://www.vill.takagi.lg.jp/doc/2024052000045/"
"86057","https://www.city.joetsu.niigata.jp/soshiki/jichi-chiiki/chounaikaikan.html","https://www.city.joetsu.niigata.jp/soshiki/jichi-chiiki/chounaikaikan.html"
"86058","https://www.vill.takagi.lg.jp/doc/2016031200836/","https://www.vill.takagi.lg.jp/doc/2016031200836/"
"86061","https://www.vill.nagano-toyooka.lg.jp/10sangyou/02shougyou/akitenpogaiyou.pdf","https://www.vill.nagano-toyooka.lg.jp/10sangyou/02shougyou/2024-0621-1115-12.html | https://www.vill.nagano-toyooka.lg.jp/10sangyou/02shougyou/akitenpogaiyou.pdf"
"86060","https://www.vill.nagano-toyooka.lg.jp/09sumai/07juutaku/03taiyoukou/","https://www.vill.nagano-toyooka.lg.jp/09sumai/07juutaku/03taiyoukou/"
"86068","http://www.town.tochigi-nakagawa.lg.jp/life/kurashi/2019-0925-0915-150.html","http://www.town.tochigi-nakagawa.lg.jp/life/kurashi/2019-0925-0915-150.html"
"86075","https://www.vill.nagano-toyooka.lg.jp/23kyoudou/01mizukara/","https://www.vill.nagano-toyooka.lg.jp/23kyoudou/01mizukara/"
"86078","http://www.vill.ooshika.nagano.jp/6zisangyo/","http://www.vill.ooshika.nagano.jp/6zisangyo/"
"86081","http://www.vill.ooshika.nagano.jp/%e5%90%84%e7%a8%ae%e8%a3%9c%e5%8a%a9%e5%88%b6%e5%ba%a6%e3%81%ab%e3%81%a4%e3%81%84%e3%81%a6/","http://www.vill.ooshika.nagano.jp/%e5%90%84%e7%a8%ae%e8%a3%9c%e5%8a%a9%e5%88%b6%e5%ba%a6%e3%81%ab%e3%81%a4%e3%81%84%e3%81%a6/"
"86083","http://www.vill.ooshika.nagano.jp/heiseinakaowase/","http://www.vill.ooshika.nagano.jp/heiseinakaowase/"
"86082","https://www.city.joetsu.niigata.jp/soshiki/sanritu/satelliteofficetoyatinhozyokin.html","https://www.city.joetsu.niigata.jp/soshiki/sanritu/satelliteofficetoyatinhozyokin.html"
"86092","https://www.vill.kiso.nagano.jp/kurashi_joho/hojokin/hozyoseido.html#:~:text=%E6%9C%89%E5%AE%B3%E9%B3%A5%E7%8D%A3%E8%A2%AB%E5%AE%B3","https://www.vill.kiso.nagano.jp/kurashi_joho/hojokin/hozyoseido.html#:~:text=%E6%9C%89%E5%AE%B3%E9%B3%A5%E7%8D%A3%E8%A2%AB%E5%AE%B3"
"86089","https://www.town.nagiso.nagano.jp/nourin/denbokuhojo.html","https://www.town.nagiso.nagano.jp/nourin/denbokuhojo.html"
"86086","http://www.vill.ooshika.nagano.jp/ringyogizyutu-ikusei/","http://www.vill.ooshika.nagano.jp/ringyogizyutu-ikusei/"
"86094","https://www.vill.kiso.nagano.jp/kurashi_joho/hojokin/hozyoseido.html#:~:text=%E5%8D%B1%E9%99%BA%E6%9C%A8%E9%99%A4%E5%8E%BB%E4%BA%8B%E6%A5%AD","https://www.vill.kiso.nagano.jp/kurashi_joho/hojokin/hozyoseido.html#:~:text=%E5%8D%B1%E9%99%BA%E6%9C%A8%E9%99%A4%E5%8E%BB%E4%BA%8B%E6%A5%AD"
"86095","https://www.vill.kiso.nagano.jp/kurashi_joho/hojokin/hozyoseido.html#:~:text=%E5%9C%B0%E5%9F%9F%E3%81%A5%E3%81%8F%E3%82%8A%E6%B4%BB%E6%80%A7%E5%8C%96%E4%BA%8B%E6%A5%AD","https://www.vill.kiso.nagano.jp/kurashi_joho/hojokin/hozyoseido.html#:~:text=%E5%9C%B0%E5%9F%9F%E3%81%A5%E3%81%8F%E3%82%8A%E6%B4%BB%E6%80%A7%E5%8C%96%E4%BA%8B%E6%A5%AD"
"86096","https://www.vill.kiso.nagano.jp/kurashi_joho/hojokin/hozyoseido.html#:~:text=%E9%98%B2%E7%8A%AF%E7%81%AF%E8%A8%AD%E7%BD%AE","https://www.vill.kiso.nagano.jp/kurashi_joho/hojokin/hozyoseido.html#:~:text=%E9%98%B2%E7%8A%AF%E7%81%AF%E8%A8%AD%E7%BD%AE"
"86099","https://www.vill.kiso.nagano.jp/kurashi_joho/hojokin/hozyoseido.html#:~:text=%E3%81%94%E3%81%BF%E3%82%B9%E3%83%86%E3%83%BC%E3%82%B7%E3%83%A7%E3%83%B3%E8%A8%AD%E7%BD%AE%E8%A3%9C%E5%8A%A9%E9%87%91","https://www.vill.kiso.nagano.jp/kurashi_joho/hojokin/hozyoseido.html#:~:text=%E3%81%94%E3%81%BF%E3%82%B9%E3%83%86%E3%83%BC%E3%82%B7%E3%83%A7%E3%83%B3%E8%A8%AD%E7%BD%AE%E8%A3%9C%E5%8A%A9%E9%87%91"
"86100","https://www.vill.kiso.nagano.jp/kurashi_joho/hojokin/hozyoseido.html","https://www.vill.kiso.nagano.jp/kurashi_joho/hojokin/hozyoseido.html"
"86098","https://www.vill.kiso.nagano.jp/kurashi_joho/hojokin/hozyoseido.html#:~:text=%E5%9C%B0%E5%8C%BA%E9%98%B2%E7%81%BD%E5%82%99%E5%93%81","https://www.vill.kiso.nagano.jp/kurashi_joho/hojokin/hozyoseido.html#:~:text=%E5%9C%B0%E5%8C%BA%E9%98%B2%E7%81%BD%E5%82%99%E5%93%81"
"86103","https://www.city.joetsu.niigata.jp/soshiki/sanritu/satelliteofficetosisatuhiyouhozyokin.html","https://www.city.joetsu.niigata.jp/soshiki/sanritu/satelliteofficetosisatuhiyouhozyokin.html"
"86106","https://www.chusho.meti.go.jp/keiei/chiiki/download/sogyo_shien.pdf","https://www.chusho.meti.go.jp/keiei/chiiki/2024/241225sogyo_nintei.html | https://www.chusho.meti.go.jp/keiei/chiiki/download/sogyo_shien.pdf | https://www.chusho.meti.go.jp/keiei/chiiki/nintei.html"
"86105","https://www.city.joetsu.niigata.jp/soshiki/douroka-yuki/jyosetsuope.html","https://www.city.joetsu.niigata.jp/soshiki/douroka-yuki/jyosetsuope.html"
"86118","https://www.mext.go.jp/a_menu/koutou/shinkou/07021403/002/003/001.htm","https://www.mext.go.jp/a_menu/koutou/shinkou/07021403/002/003/001.htm"
"86123","https://www.vill.kiso.nagano.jp/kurashi_joho/hojokin/nekonohuninnkyoseisyuzyutunohozyo.html","https://www.vill.kiso.nagano.jp/kurashi_joho/hojokin/nekonohuninnkyoseisyuzyutunohozyo.html"
"86124","https://www.vill.otaki.nagano.jp/jigyosha/support/chojuhigai_taisaku_2.html","https://www.vill.otaki.nagano.jp/jigyosha/support/chojuhigai_taisaku_2.html"
"86126","https://www.vill.okuwa.lg.jp/kurashi/doro-kyoryo-tunnel/doro/seibikoukin.html","https://www.vill.okuwa.lg.jp/kurashi/doro-kyoryo-tunnel/doro/seibikoukin.html"
"86127","https://www.city.nihonmatsu.lg.jp/kurashi_tetsuduki/gomi_eisei/page010795.html","https://www.city.nihonmatsu.lg.jp/kurashi_tetsuduki/gomi_eisei/page010795.html"
"86125","https://www.vill.okuwa.lg.jp/kurashi/gomi-kankyo-pet/pet/testneko_hannsyokuseigenn_hojo.html","https://www.vill.okuwa.lg.jp/kurashi/gomi-kankyo-pet/pet/testneko_hannsyokuseigenn_hojo.html"
"86133","https://www.town-kiso.com/kodomo/hojyokin2/100261/m100041/","https://www.town-kiso.com/kodomo/hojyokin2/100261/m100041/"
"86131","https://www.town-kiso.com/kurashi/hojyokin1/100257/m100001/","https://www.town-kiso.com/kurashi/hojyokin1/100257/m100001/"
"86134","https://www.town-kiso.com/chousei/machidukuri/100266/m100040/","https://www.town-kiso.com/chousei/machidukuri/100266/m100040/"
"86135","https://www.town-kiso.com/kurashi/kankyo/100269/101782/","https://www.town-kiso.com/kurashi/kankyo/100269/101782/"
"86138","https://www.vill.yamagata.nagano.jp/docs/rakunouhelper.html","https://www.vill.yamagata.nagano.jp/docs/rakunouhelper.html"
"86140","https://www.vill.yamagata.nagano.jp/docs/5217.html","https://www.vill.yamagata.nagano.jp/docs/5217.html"
"86141","https://www.vill.yamagata.nagano.jp/docs/1939.html","https://www.vill.yamagata.nagano.jp/docs/1939.html"
"86143","https://town.iwate.iwate.jp/town/wp-content/uploads/2024/11/koyoshoreikin_kenshuhojo.pdf","https://town.iwate.iwate.jp/town/kairan/koyoshoreikin_kenshuhojo/ | https://town.iwate.iwate.jp/town/wp-content/uploads/2024/11/koyoshoreikin_kenshuhojo.pdf"
"86145","https://www.vill.asahi.nagano.jp/official/jigyosha_norinshokogyoshanokatahe/hojokin_yushiseido/1903.html","https://www.vill.asahi.nagano.jp/official/jigyosha_norinshokogyoshanokatahe/hojokin_yushiseido/1903.html"
"86146","https://www.vill.asahi.nagano.jp/official/soshikikarasagasu/sangyoshinkoka/shoko_kanko/3/4011.html","https://www.vill.asahi.nagano.jp/official/soshikikarasagasu/sangyoshinkoka/shoko_kanko/3/4011.html"
"86150","https://www.vill.chikuhoku.lg.jp/subsidy/15778","https://www.vill.chikuhoku.lg.jp/subsidy/15778"
"86148","https://town.iwate.iwate.jp/town/wp-content/uploads/2024/11/koyoshoreikin_kenshuhojo.pdf","https://town.iwate.iwate.jp/town/kairan/koyoshoreikin_kenshuhojo/ | https://town.iwate.iwate.jp/town/wp-content/uploads/2024/11/koyoshoreikin_kenshuhojo.pdf"
"86151","https://www.mlit.go.jp/sogoseisaku/transport/content/001466574.pdf","https://www.mlit.go.jp/sogoseisaku/transport/sosei_transport_tk_000041.html | https://www.mlit.go.jp/sogoseisaku/transport/content/001466574.pdf"
"86153","https://www.vill.chikuhoku.lg.jp/subsidy/493","https://www.vill.chikuhoku.lg.jp/subsidy/493"
"86152","https://www.vill.chikuhoku.lg.jp/wordpress/wp-content/uploads/2023/05/282d5c1c7141d41d1840231871f919c4.pdf","https://www.vill.chikuhoku.lg.jp/life/14492 | https://www.vill.chikuhoku.lg.jp/wordpress/wp-content/uploads/2023/05/282d5c1c7141d41d1840231871f919c4.pdf"
"86154","https://www.mlit.go.jp/sogoseisaku/transport/sosei_transport_tk_000041.html","https://www.mlit.go.jp/sogoseisaku/transport/sosei_transport_tk_000041.html"
"86156","https://www.town.hokkaido-ikeda.lg.jp/kanko-sangyo/sangyokasseika/569.html","https://www.town.hokkaido-ikeda.lg.jp/kanko-sangyo/sangyokasseika/569.html"
"86155","https://www.city.mitaka.lg.jp/c_service/108/attached/attach_108040_2.pdf","https://www.city.mitaka.lg.jp/c_service/108/108040.html | https://www.city.mitaka.lg.jp/c_service/108/attached/attach_108040_2.pdf"
"86157","https://www.city.abashiri.hokkaido.jp/uploaded/attachment/2799.pdf","https://www.city.abashiri.hokkaido.jp/soshiki/11/1471.html | https://www.city.abashiri.hokkaido.jp/uploaded/attachment/2799.pdf"
"86164","https://www.ikedamachi.net/cmsfiles/contents/0000001/1735/sougyougaiyou.pdf","https://www.ikedamachi.net/0000001735.html | https://www.ikedamachi.net/cmsfiles/contents/0000001/1735/sougyougaiyou.pdf"
"86166","https://www.city.nagato.yamaguchi.jp/uploaded/life/56685_231906_misc.pdf","https://www.city.nagato.yamaguchi.jp/site/nagato-kosodatenavi/56685.html | https://www.city.nagato.yamaguchi.jp/uploaded/life/56685_231906_misc.pdf"
"86173","https://www.vill.otari.nagano.jp/www/contents/1721866672580/index.html","https://www.vill.otari.nagano.jp/www/contents/1721866672580/index.html"
"86172","https://www.vill.otari.nagano.jp/www/contents/1721865766891/index.html","https://www.vill.otari.nagano.jp/www/contents/1721865766891/index.html"
"86171","https://www.vill.otari.nagano.jp/www/contents/1720499833716/index.html","https://www.vill.otari.nagano.jp/www/contents/1720499833716/index.html"
"86174","https://www.vill.otari.nagano.jp/www/contents/1721956822411/index.html","https://www.vill.otari.nagano.jp/www/contents/1721956822411/index.html"
"86175","https://www.vill.otari.nagano.jp/www/contents/1721892183438/index.html","https://www.vill.otari.nagano.jp/www/contents/1721892183438/index.html"
"86176","https://www.vill.otari.nagano.jp/www/contents/1723533007944/index.html","https://www.vill.otari.nagano.jp/www/contents/1723533007944/index.html"
"86177","https://www.vill.otari.nagano.jp/www/contents/1723535544575/index.html","https://www.vill.otari.nagano.jp/www/contents/1723535544575/index.html"
"86180","https://www.vill.otari.nagano.jp/www/contents/1727240793733/index.html","https://www.vill.otari.nagano.jp/www/contents/1727240793733/index.html"
"86178","https://www.vill.otari.nagano.jp/www/contents/1727151570627/index.html","https://www.vill.otari.nagano.jp/www/contents/1727151570627/index.html"
"86181","https://www.vill.otari.nagano.jp/www/contents/1727241719704/index.html","https://www.vill.otari.nagano.jp/www/contents/1727241719704/index.html"
"86184","https://www.vill.otari.nagano.jp/www/contents/1722301703300/index.html","https://www.vill.otari.nagano.jp/www/contents/1722301703300/index.html"
"86182","https://www.city.joetsu.niigata.jp/soshiki/sanritu/satelliteofficetorifomutohozyokin.html","https://www.city.joetsu.niigata.jp/soshiki/sanritu/satelliteofficetorifomutohozyokin.html"
"86185","https://www.city.joetsu.niigata.jp/uploaded/attachment/198118.pdf","https://www.city.joetsu.niigata.jp/soshiki/toshiseibi/shien.html | https://www.city.joetsu.niigata.jp/uploaded/attachment/198118.pdf | https://www.city.joetsu.niigata.jp/uploaded/attachment/161794.pdf | https://www.city.joetsu.niigata.jp/uploaded/attachment/161795.pdf | https://www.city.joetsu.niigata.jp/uploaded/attachment/198119.pdf"
"86187","https://www.vill.otari.nagano.jp/www/contents/1720505925305/index.html","https://www.vill.otari.nagano.jp/www/contents/1720505925305/index.html"
"86186","https://www.vill.otari.nagano.jp/www/contents/1722306553962/index.html","https://www.vill.otari.nagano.jp/www/contents/1722306553962/index.html"
"86189","https://www.vill.otari.nagano.jp/www/contents/1724805023785/index.html","https://www.vill.otari.nagano.jp/www/contents/1724805023785/index.html"
"86188","https://www.city.joetsu.niigata.jp/soshiki/bunkagyousei/kenzoubutu.html","https://www.city.joetsu.niigata.jp/soshiki/bunkagyousei/kenzoubutu.html"
"86191","https://www.town.sakaki.nagano.jp/www/contents/1535099520317/index.html","https://www.town.sakaki.nagano.jp/www/contents/1535099520317/index.html"
"86192","http://o-bunka.t-zaidan.jp/","http://o-bunka.t-zaidan.jp/"
"86195","https://www.town.sakaki.nagano.jp/www/contents/1672973876950/index.html","https://www.town.sakaki.nagano.jp/www/contents/1672973876950/index.html"
"86196","https://www.town.sakaki.nagano.jp/www/contents/1535018518183/index.html","https://www.town.sakaki.nagano.jp/www/contents/1535018518183/index.html"
"86197","https://www.town.sakaki.nagano.jp/www/contents/1535332690432/index.html","https://www.town.sakaki.nagano.jp/www/contents/1535332690432/index.html"
"86199","https://www.town.sakaki.nagano.jp/www/contents/1535017993724/index.html","https://www.town.sakaki.nagano.jp/www/contents/1535017993724/index.html"
"86200","https://www.town.sakaki.nagano.jp/www/contents/1701153441919/index.html","https://www.town.sakaki.nagano.jp/www/contents/1701153441919/index.html"
"86205","https://www.city.joetsu.niigata.jp/soshiki/douroka/shidou.html","https://www.city.joetsu.niigata.jp/soshiki/douroka/shidou.html"
"86208","https://www.e-rumoi.jp/seisaku/sei_00260.html","https://www.e-rumoi.jp/seisaku/sei_00260.html"
"86207","https://www.city.joetsu.niigata.jp/soshiki/sangyou/inta-nzyosei.html","https://www.city.joetsu.niigata.jp/soshiki/sangyou/inta-nzyosei.html"
"86209","https://www.town.obuse.nagano.jp/docs/295301.html","https://www.town.obuse.nagano.jp/docs/295301.html"
"86210","https://www.vill.takayama.nagano.jp/docs/641.html","https://www.vill.takayama.nagano.jp/docs/641.html"
"86214","https://www.vill.takayama.nagano.jp/docs/625.html","https://www.vill.takayama.nagano.jp/docs/625.html"
"86216","https://www.e-rumoi.jp/syougaigakusyu/syo_00006.html","https://www.e-rumoi.jp/syougaigakusyu/syo_00006.html"
"86218","https://www.city.agano.niigata.jp/soshiki/norinka/1/13502.html","https://www.city.agano.niigata.jp/soshiki/norinka/1/13502.html"
"86217","https://www.vill.takayama.nagano.jp/docs/5138095.html","https://www.vill.takayama.nagano.jp/docs/5138095.html"
"86220","https://www.vill.takayama.nagano.jp/docs/676.html","https://www.vill.takayama.nagano.jp/docs/676.html"
"86221","https://www.city.agano.niigata.jp/soshiki/kensetsuka/shinseishodownload/1/1/989.html","https://www.city.agano.niigata.jp/soshiki/kensetsuka/shinseishodownload/1/1/989.html"
"86223","https://www.vill.asahi.nagano.jp/official/jigyosha_norinshokogyoshanokatahe/hojokin_yushiseido/1903.html","https://www.vill.asahi.nagano.jp/official/jigyosha_norinshokogyoshanokatahe/hojokin_yushiseido/1903.html"
"86228","https://www.hyugacity.jp/tempimg/20241120164815.pdf","https://www.hyugacity.jp/display.php?cont=241120162700 | https://www.hyugacity.jp/tempimg/20241120164815.pdf"
"86237","https://www.city.agano.niigata.jp/soshiki/norinka/syuno/12142.html","https://www.city.agano.niigata.jp/soshiki/norinka/syuno/12142.html"
"86240","https://www.town.yamanouchi.nagano.jp/soshiki/nogyoshinko/gyomu/nogyo_hojyo/854.html","https://www.town.yamanouchi.nagano.jp/soshiki/nogyoshinko/gyomu/nogyo_hojyo/854.html"
"86243","https://www.town.yamanouchi.nagano.jp/soshiki/nogyoshinko/gyomu/nogyo_hojyo/854.html#:~:text=%E8%BE%B2%E6%A5%AD%E7%B5%8C%E5%96%B6%E9%9B%87%E7%94%A8%E4%BF%83%E9%80%B2%E4%BA%8B%E6%A5%AD%E8%A3%9C%E5%8A%A9%E9%87%91","https://www.town.yamanouchi.nagano.jp/soshiki/nogyoshinko/gyomu/nogyo_hojyo/854.html#:~:text=%E8%BE%B2%E6%A5%AD%E7%B5%8C%E5%96%B6%E9%9B%87%E7%94%A8%E4%BF%83%E9%80%B2%E4%BA%8B%E6%A5%AD%E8%A3%9C%E5%8A%A9%E9%87%91"
"86241","https://www.town.yamanouchi.nagano.jp/soshiki/nogyoshinko/gyomu/nogyo_hojyo/854.html#:~:text=%E5%85%83%E6%B0%97%E3%81%A0%E3%81%9B%EF%BC%81%E6%B4%BB%E3%81%8B%E3%81%9B%E9%81%8A%E4%BC%91%E8%BE%B2%E5%9C%B0%E5%BE%A9%E6%B4%BB%E4%BA%8B%E6%A5%AD%E8%A3%9C%E5%8A%A9%E9%87%91","https://www.town.yamanouchi.nagano.jp/soshiki/nogyoshinko/gyomu/nogyo_hojyo/854.html#:~:text=%E5%85%83%E6%B0%97%E3%81%A0%E3%81%9B%EF%BC%81%E6%B4%BB%E3%81%8B%E3%81%9B%E9%81%8A%E4%BC%91%E8%BE%B2%E5%9C%B0%E5%BE%A9%E6%B4%BB%E4%BA%8B%E6%A5%AD%E8%A3%9C%E5%8A%A9%E9%87%91"
"86244","https://www.town.yamanouchi.nagano.jp/soshiki/nogyoshinko/gyomu/nogyo_hojyo/854.html#:~:text=51.5KB%29-,6%E6%AC%A1%E7%94%A3%E6%A5%AD%E5%8C%96%E3%83%81%E3%83%A3%E3%83%AC%E3%83%B3%E3%82%B8%E6%94%AF%E6%8F%B4%E4%BA%8B%E6%A5%AD,-6%E6%AC%A1%E7%94%A3%E6%A5%AD%E5%8C%96","https://www.town.yamanouchi.nagano.jp/soshiki/nogyoshinko/gyomu/nogyo_hojyo/854.html#:~:text=51.5KB%29-,6%E6%AC%A1%E7%94%A3%E6%A5%AD%E5%8C%96%E3%83%81%E3%83%A3%E3%83%AC%E3%83%B3%E3%82%B8%E6%94%AF%E6%8F%B4%E4%BA%8B%E6%A5%AD,-6%E6%AC%A1%E7%94%A3%E6%A5%AD%E5%8C%96"
"86245","https://www.town.yamanouchi.nagano.jp/soshiki/nogyoshinko/gyomu/nogyo_hojyo/613.html","https://www.town.yamanouchi.nagano.jp/soshiki/nogyoshinko/gyomu/nogyo_hojyo/613.html"
"86247","https://www.town.yamanouchi.nagano.jp/soshiki/nogyoshinko/gyomu/nogyo_hojyo/666.html","https://www.town.yamanouchi.nagano.jp/soshiki/nogyoshinko/gyomu/nogyo_hojyo/666.html"
"86250","https://www.town.yamanouchi.nagano.jp/soshiki/keikakukanri/gyomu/keikannikannsurukoto/582.html#:~:text=%E6%99%AF%E8%A6%B3%E3%81%A5%E3%81%8F%E3%82%8A%E4%BA%8B%E6%A5%AD%E8%A3%9C%E5%8A%A9%E9%87%91%E3%81%AB%E3%81%A4%E3%81%84%E3%81%A6","https://www.town.yamanouchi.nagano.jp/soshiki/keikakukanri/gyomu/keikannikannsurukoto/582.html#:~:text=%E6%99%AF%E8%A6%B3%E3%81%A5%E3%81%8F%E3%82%8A%E4%BA%8B%E6%A5%AD%E8%A3%9C%E5%8A%A9%E9%87%91%E3%81%AB%E3%81%A4%E3%81%84%E3%81%A6"
"86252","https://www.town.yamanouchi.nagano.jp/422.html#:~:text=%E8%B3%87%E6%BA%90%E3%81%94%E3%81%BF%E6%B8%9B%E9%87%8F%E8%A3%9C%E5%8A%A9%E9%87%91","https://www.town.yamanouchi.nagano.jp/422.html#:~:text=%E8%B3%87%E6%BA%90%E3%81%94%E3%81%BF%E6%B8%9B%E9%87%8F%E8%A3%9C%E5%8A%A9%E9%87%91"
"86251","https://www.town.yamanouchi.nagano.jp/422.html#:~:text=%E7%94%BA%E6%B0%91%E3%81%8C%E9%80%B2%E3%82%81%E3%82%8B%E7%94%BA%E9%81%93%E9%99%A4%E9%9B%AA%E8%A3%9C%E5%8A%A9%E9%87%91","https://www.town.yamanouchi.nagano.jp/422.html#:~:text=%E7%94%BA%E6%B0%91%E3%81%8C%E9%80%B2%E3%82%81%E3%82%8B%E7%94%BA%E9%81%93%E9%99%A4%E9%9B%AA%E8%A3%9C%E5%8A%A9%E9%87%91"
"86254","https://www.town.yamanouchi.nagano.jp/soshiki/kikikanri/gyomu/anzen_anshin/bosai/733.html","https://www.town.yamanouchi.nagano.jp/soshiki/kikikanri/gyomu/anzen_anshin/bosai/733.html"
"86255","https://www.town.yamanouchi.nagano.jp/soshiki/kikikanri/gyomu/anzen_anshin/bohan/507.html","https://www.town.yamanouchi.nagano.jp/soshiki/kikikanri/gyomu/anzen_anshin/bohan/507.html"
"86256","https://www.town.yamanouchi.nagano.jp/soshiki/kochirinmu/gyomu/nogyo_ringyo_suisan/ringyo/611.html#:~:text=%E3%81%8F%E3%81%A0%E3%81%95%E3%81%84%E3%80%82-,%E5%B0%8F%E8%A6%8F%E6%A8%A1%E7%94%B0%E7%9B%B4%E3%81%97%E4%BA%8B%E6%A5%AD%E8%A3%9C%E5%8A%A9%E9%87%91,-%E7%94%9F%E7%94%A3%E6%80%A7%E3%81%AE","https://www.town.yamanouchi.nagano.jp/soshiki/kochirinmu/gyomu/nogyo_ringyo_suisan/ringyo/611.html#:~:text=%E3%81%8F%E3%81%A0%E3%81%95%E3%81%84%E3%80%82-,%E5%B0%8F%E8%A6%8F%E6%A8%A1%E7%94%B0%E7%9B%B4%E3%81%97%E4%BA%8B%E6%A5%AD%E8%A3%9C%E5%8A%A9%E9%87%91,-%E7%94%9F%E7%94%A3%E6%80%A7%E3%81%AE"
"86258","https://www.vill.nozawaonsen.nagano.jp/www/contents/1050000000038/index.html","https://www.vill.nozawaonsen.nagano.jp/www/contents/1050000000038/index.html"
"86260","https://www.vill.nozawaonsen.nagano.jp/www/contents/1050000000112/index.html","https://www.vill.nozawaonsen.nagano.jp/www/contents/1050000000112/index.html"
"86261","https://www.vill.nozawaonsen.nagano.jp/www/contents/1050000000112/index.html","https://www.vill.nozawaonsen.nagano.jp/www/contents/1050000000112/index.html"
"86262","https://www.vill.nozawaonsen.nagano.jp/www/contents/1050000000249/index.html","https://www.vill.nozawaonsen.nagano.jp/www/contents/1050000000249/index.html"
"86264","https://www.vill.nozawaonsen.nagano.jp/www/contents/1050000000112/index.html","https://www.vill.nozawaonsen.nagano.jp/www/contents/1050000000112/index.html"
"86265","https://www.vill.nozawaonsen.nagano.jp/www/contents/1050000000112/index.html","https://www.vill.nozawaonsen.nagano.jp/www/contents/1050000000112/index.html"
"86266","https://www.vill.nozawaonsen.nagano.jp/www/contents/1050000000112/index.html","https://www.vill.nozawaonsen.nagano.jp/www/contents/1050000000112/index.html"
"86267","https://www.vill.nozawaonsen.nagano.jp/www/contents/1050000000112/index.html","https://www.vill.nozawaonsen.nagano.jp/www/contents/1050000000112/index.html"
"86268","https://www.vill.nozawaonsen.nagano.jp/www/contents/1050000000112/index.html","https://www.vill.nozawaonsen.nagano.jp/www/contents/1050000000112/index.html"
"86269","https://www.vill.nozawaonsen.nagano.jp/www/contents/1050000000112/index.html#:~:text=%E9%81%8A%E4%BC%91%E8%8D%92%E5%BB%83%E8%BE%B2%E5%9C%B0%E5%86%8D%E7%94%9F%E6%94%AF%E6%8F%B4%E4%BA%8B%E6%A5%AD%E8%A3%9C%E5%8A%A9%E9%87%91","https://www.vill.nozawaonsen.nagano.jp/www/contents/1050000000112/index.html#:~:text=%E9%81%8A%E4%BC%91%E8%8D%92%E5%BB%83%E8%BE%B2%E5%9C%B0%E5%86%8D%E7%94%9F%E6%94%AF%E6%8F%B4%E4%BA%8B%E6%A5%AD%E8%A3%9C%E5%8A%A9%E9%87%91"
"86270","https://www.city.sado.niigata.jp/soshiki/2003/30148.html","https://www.city.sado.niigata.jp/soshiki/2003/30148.html"
"86272","https://www.vill.nozawaonsen.nagano.jp/www/contents/1050000000112/index.html","https://www.vill.nozawaonsen.nagano.jp/www/contents/1050000000112/index.html"
"86271","https://www.vill.nozawaonsen.nagano.jp/www/contents/1050000000112/index.html","https://www.vill.nozawaonsen.nagano.jp/www/contents/1050000000112/index.html"
"86274","https://www.vill.nozawaonsen.nagano.jp/www/contents/1050000000180/index.html","https://www.vill.nozawaonsen.nagano.jp/www/contents/1050000000180/index.html"
"86276","https://www.vill.nozawaonsen.nagano.jp/www/contents/1050000000124/index.html","https://www.vill.nozawaonsen.nagano.jp/www/contents/1050000000124/index.html"
"86277","https://www.vill.nozawaonsen.nagano.jp/www/contents/1660525468302/index.html","https://www.vill.nozawaonsen.nagano.jp/www/contents/1660525468302/index.html"
"86278","https://www.e-rumoi.jp/content/000057878.pdf","https://www.e-rumoi.jp/nousui/page16_00030.html | https://www.e-rumoi.jp/content/000057878.pdf"
"86282","https://www.town.shinano.lg.jp/docs/581.html","https://www.town.shinano.lg.jp/docs/581.html"
"86285","https://www.vill.ogawa.nagano.jp/docs/6854.html","https://www.vill.ogawa.nagano.jp/docs/6854.html"
"86286","https://www.vill.ogawa.nagano.jp/docs/6852.html","https://www.vill.ogawa.nagano.jp/docs/6852.html"
"86290","https://www.vill.ogawa.nagano.jp/docs/6964.html","https://www.vill.ogawa.nagano.jp/docs/6964.html"
"86289","https://www.vill.ogawa.nagano.jp/docs/6805.html","https://www.vill.ogawa.nagano.jp/docs/6805.html"
"86291","https://www.vill.ogawa.nagano.jp/docs/6804.html","https://www.vill.ogawa.nagano.jp/docs/6804.html"
"86292","https://www.vill.ogawa.nagano.jp/docs/6953.html","https://www.vill.ogawa.nagano.jp/docs/6953.html"
"86294","https://www.vill.ogawa.nagano.jp/docs/6947.html","https://www.vill.ogawa.nagano.jp/docs/6947.html"
"86298","https://www.vill.ogawa.nagano.jp/docs/6951.html","https://www.vill.ogawa.nagano.jp/docs/6951.html"
"86299","https://www.vill.ogawa.nagano.jp/docs/6949.html","https://www.vill.ogawa.nagano.jp/docs/6949.html"
"86300","https://www.vill.ogawa.nagano.jp/docs/6955.html","https://www.vill.ogawa.nagano.jp/docs/6955.html"
"86303","https://www.vill.ogawa.nagano.jp/docs/6952.html","https://www.vill.ogawa.nagano.jp/docs/6952.html"
"86302","https://www.vill.ogawa.nagano.jp/docs/6954.html","https://www.vill.ogawa.nagano.jp/docs/6954.html"
"86304","https://www.city.suzaka.nagano.jp/soshiki/5020/3/626.html","https://www.city.suzaka.nagano.jp/soshiki/5020/3/626.html"
"86305","https://www.vill.ogawa.nagano.jp/docs/6948.html","https://www.vill.ogawa.nagano.jp/docs/6948.html"
"86307","https://www.vill.ogawa.nagano.jp/docs/6956.html","https://www.vill.ogawa.nagano.jp/docs/6956.html"
"86306","https://www.city.suzaka.nagano.jp/soshiki/5020/3/626.html","https://www.city.suzaka.nagano.jp/soshiki/5020/3/626.html"
"86308","https://www.city.nihonmatsu.lg.jp/data/doc/1552994674_doc_52_0.pdf","https://www.city.nihonmatsu.lg.jp/shigoto_sangyo/nourin/page003672.html#:~:text=%E7%9B%B8%E8%AB%87%E3%81%8F%E3%81%A0%E3%81%95%E3%81%84%E3%80%82-,%E6%9C%89%E5%AE%B3%E9%B3%A5%E7%8D%A3%E8%A2%AB%E5%AE%B3%E9%98%B2%E6%AD%A2%E8%B3%87%E6%9D%90%E8%B3%BC%E5%85%A5%E4%BA%8B%E6%A5%AD%E8%A3%9C%E5%8A%A9%E9%87%91,-%E8%BE%B2%E6%A5%AD%E8%80%85%E5%80%8B%E4%BA%BA | https://www.city.nihonmatsu.lg.jp/data/doc/1552994674_doc_52_0.pdf | https://www.city.nihonmatsu.lg.jp/data/doc/1552994678_doc_52_0.pdf"
"86310","https://www.vill.ogawa.nagano.jp/docs/6957.html","https://www.vill.ogawa.nagano.jp/docs/6957.html"
"86311","https://www.city.suzaka.nagano.jp/soshiki/5020/3/626.html","https://www.city.suzaka.nagano.jp/soshiki/5020/3/626.html"
"86312","https://www.vill.ogawa.nagano.jp/docs/6940.html","https://www.vill.ogawa.nagano.jp/docs/6940.html"
"86313","https://www.city.suzaka.nagano.jp/soshiki/5020/3/626.html","https://www.city.suzaka.nagano.jp/soshiki/5020/3/626.html"
"86314","https://www.city.suzaka.nagano.jp/soshiki/5020/3/626.html","https://www.city.suzaka.nagano.jp/soshiki/5020/3/626.html"
"86316","https://www.town.iizuna.nagano.jp/fs/2/1/0/0/8/_/__1.pdf","https://www.town.iizuna.nagano.jp/docs/2747.html | https://www.town.iizuna.nagano.jp/fs/2/1/0/0/8/_/__1.pdf"
"86320","https://www.town.iizuna.nagano.jp/docs/371.html","https://www.town.iizuna.nagano.jp/docs/371.html"
"86315","https://www.vill.ogawa.nagano.jp/docs/6958.html","https://www.vill.ogawa.nagano.jp/docs/6958.html"
"86321","https://www.town.iizuna.nagano.jp/docs/362.html","https://www.town.iizuna.nagano.jp/docs/362.html"
"86324","https://www.town.iizuna.nagano.jp/docs/307.html","https://www.town.iizuna.nagano.jp/docs/307.html"
"86322","https://www.town.iizuna.nagano.jp/docs/4793.html","https://www.town.iizuna.nagano.jp/docs/4793.html"
"86328","https://www.minamiaiki.jp/jyosei.htm#:~:text=%E8%BE%B2%E6%A5%AD%E7%94%A8%E5%BB%83%E3%83%97%E3%83%A9%E5%87%A6%E7%90%86%E3%81%AE%E5%8A%A9%E6%88%90","https://www.minamiaiki.jp/jyosei.htm#:~:text=%E8%BE%B2%E6%A5%AD%E7%94%A8%E5%BB%83%E3%83%97%E3%83%A9%E5%87%A6%E7%90%86%E3%81%AE%E5%8A%A9%E6%88%90"
"86329","https://www.minamiaiki.jp/jyosei.htm#:~:text=%E8%BE%B2%E6%9E%97%E6%BC%81%E6%A5%AD%E6%8C%AF%E8%88%88%E5%AF%BE%E7%AD%96%E4%BA%8B%E6%A5%AD","https://www.minamiaiki.jp/jyosei.htm#:~:text=%E8%BE%B2%E6%9E%97%E6%BC%81%E6%A5%AD%E6%8C%AF%E8%88%88%E5%AF%BE%E7%AD%96%E4%BA%8B%E6%A5%AD"
"86327","https://www.minamiaiki.jp/jyosei.htm#:~:text=%E6%9C%89%E5%AE%B3%E9%B3%A5%E7%8D%A3%E9%9B%BB%E6%B0%97%E6%9F%B5%E8%B3%BC%E5%85%A5%E8%A3%9C%E5%8A%A9%E4%BA%8B%E6%A5%AD","https://www.minamiaiki.jp/jyosei.htm#:~:text=%E6%9C%89%E5%AE%B3%E9%B3%A5%E7%8D%A3%E9%9B%BB%E6%B0%97%E6%9F%B5%E8%B3%BC%E5%85%A5%E8%A3%9C%E5%8A%A9%E4%BA%8B%E6%A5%AD"
"86331","https://www.minamiaiki.jp/jyosei.htm#:~:text=%E3%81%9D%E3%81%B0%E7%94%9F%E7%94%A3%E8%A3%9C%E5%8A%A9%E9%87%91","https://www.minamiaiki.jp/jyosei.htm#:~:text=%E3%81%9D%E3%81%B0%E7%94%9F%E7%94%A3%E8%A3%9C%E5%8A%A9%E9%87%91"
"86330","https://www.minamiaiki.jp/jyosei.htm#:~:text=%E8%BE%B2%E5%9C%B0%E8%B3%83%E8%B2%B8%E5%80%9F%E8%A3%9C%E5%8A%A9%E4%BA%8B%E6%A5%AD","https://www.minamiaiki.jp/jyosei.htm#:~:text=%E8%BE%B2%E5%9C%B0%E8%B3%83%E8%B2%B8%E5%80%9F%E8%A3%9C%E5%8A%A9%E4%BA%8B%E6%A5%AD"
"86334","https://www.minamiaiki.jp/jyosei.htm#:~:text=%E8%BE%B2%E4%BD%9C%E7%89%A9%E7%97%85%E5%AE%B3%E8%99%AB%E9%98%B2%E9%99%A4%E4%BA%8B%E6%A5%AD","https://www.minamiaiki.jp/jyosei.htm#:~:text=%E8%BE%B2%E4%BD%9C%E7%89%A9%E7%97%85%E5%AE%B3%E8%99%AB%E9%98%B2%E9%99%A4%E4%BA%8B%E6%A5%AD"
"86336","https://www.minamiaiki.jp/jyosei.htm#:~:text=%E6%9D%BE%E8%8C%B8%E5%B1%B1%E6%89%8B%E5%85%A5%E4%BA%8B%E6%A5%AD","https://www.minamiaiki.jp/jyosei.htm#:~:text=%E6%9D%BE%E8%8C%B8%E5%B1%B1%E6%89%8B%E5%85%A5%E4%BA%8B%E6%A5%AD"
"86337","https://www.minamiaiki.jp/jyosei.htm#:~:text=%E5%BE%8C%E7%B6%99%E8%80%85%E8%82%B2%E6%88%90%E4%BA%8B%E6%A5%AD","https://www.minamiaiki.jp/jyosei.htm#:~:text=%E5%BE%8C%E7%B6%99%E8%80%85%E8%82%B2%E6%88%90%E4%BA%8B%E6%A5%AD"
"86338","https://www.minamiaiki.jp/jyosei.htm#:~:text=%E9%96%93%E4%BC%90%E4%BA%8B%E6%A5%AD%E8%A3%9C%E5%8A%A9%E9%87%91","https://www.minamiaiki.jp/jyosei.htm#:~:text=%E9%96%93%E4%BC%90%E4%BA%8B%E6%A5%AD%E8%A3%9C%E5%8A%A9%E9%87%91"
"86340","https://www.minamiaiki.jp/jyosei.htm#:~:text=%E9%80%A0%E6%9E%97%E4%BF%9D%E8%82%B2%E8%A3%9C%E5%8A%A9%E4%BA%8B%E6%A5%AD","https://www.minamiaiki.jp/jyosei.htm#:~:text=%E9%80%A0%E6%9E%97%E4%BF%9D%E8%82%B2%E8%A3%9C%E5%8A%A9%E4%BA%8B%E6%A5%AD"
"86339","https://www.minamiaiki.jp/jyosei.htm#:~:text=%E6%9C%A8%E6%9D%90%E7%94%9F%E7%94%A3%E5%A5%A8%E5%8A%B1%E8%A3%9C%E5%8A%A9%E9%87%91","https://www.minamiaiki.jp/jyosei.htm#:~:text=%E6%9C%A8%E6%9D%90%E7%94%9F%E7%94%A3%E5%A5%A8%E5%8A%B1%E8%A3%9C%E5%8A%A9%E9%87%91"
"86343","https://www.city.uki.kumamoto.jp/kurashi/bosaiinfo/bosai/2021850#:~:text=%E8%87%AA%E4%B8%BB%E9%98%B2%E7%81%BD%E7%B5%84%E7%B9%94%E3%81%B8%E3%81%AE%E6%94%AF%E6%8F%B4","https://www.city.uki.kumamoto.jp/kurashi/bosaiinfo/bosai/2021850#:~:text=%E8%87%AA%E4%B8%BB%E9%98%B2%E7%81%BD%E7%B5%84%E7%B9%94%E3%81%B8%E3%81%AE%E6%94%AF%E6%8F%B4"
"86348","https://www.city.yatsushiro.lg.jp/kiji0037052/index.html","https://www.city.yatsushiro.lg.jp/kiji0037052/index.html"
"86345","https://www.town.kotoura.tottori.jp/docs/2024110200011/files/08.pdf","https://www.town.kotoura.tottori.jp/docs/2024110200011/ | https://www.town.kotoura.tottori.jp/docs/2024110200011/files/08.pdf"
"86346","http://www.city.kurume.fukuoka.jp/1500soshiki/9052chouju/3020shinsei/nintisyoukafetouhojokinsinseisyo.html","http://www.city.kurume.fukuoka.jp/1500soshiki/9052chouju/3020shinsei/nintisyoukafetouhojokinsinseisyo.html"
"86350","https://www.city.yatsushiro.lg.jp/kiji0037052/index.html","https://www.city.yatsushiro.lg.jp/kiji0037052/index.html"
"86349","https://www.city.uonuma.lg.jp/site/nouseika/1012149.html","https://www.city.uonuma.lg.jp/site/nouseika/1012149.html"
"86351","https://www.city.uonuma.lg.jp/site/nouseika/1012152.html","https://www.city.uonuma.lg.jp/site/nouseika/1012152.html"
"86353","https://www.city.uonuma.lg.jp/site/nouseika/1011885.html","https://www.city.uonuma.lg.jp/site/nouseika/1011885.html"
"86352","https://www.city.yatsushiro.lg.jp/kiji00310282/index.html","https://www.city.yatsushiro.lg.jp/kiji00310282/index.html"
"86354","https://www.city.uonuma.lg.jp/site/nouseika/1014464.html","https://www.city.uonuma.lg.jp/site/nouseika/1014464.html"
"86357","https://www.city.uonuma.lg.jp/site/nouseika/2256.html","https://www.city.uonuma.lg.jp/site/nouseika/2256.html"
"86358","https://www.city.yatsushiro.lg.jp/kiji00312249/index.html","https://www.city.yatsushiro.lg.jp/kiji00312249/index.html"
"86359","https://www.city.uonuma.lg.jp/site/nouseika/1012155.html","https://www.city.uonuma.lg.jp/site/nouseika/1012155.html"
"86361","https://www.city.uonuma.lg.jp/site/nouseika/1012144.html","https://www.city.uonuma.lg.jp/site/nouseika/1012144.html"
"86363","https://www.city.uonuma.lg.jp/site/nouseika/1011835.html","https://www.city.uonuma.lg.jp/site/nouseika/1011835.html"
"86365","https://www.mhlw.go.jp/file/06-Seisakujouhou-11600000-Shokugyouanteikyoku/0000147754.pdf","https://www.mhlw.go.jp/stf/seisakunitsuite/bunya/koyou_roudou/koyou/kyufukin/chiteki_seishin.html | https://www.mhlw.go.jp/file/06-Seisakujouhou-11600000-Shokugyouanteikyoku/0000147754.pdf | https://www.jeed.go.jp/location/shibu/index.html"
"86367","https://www.city.uonuma.lg.jp/site/nouseika/1011884.html","https://www.city.uonuma.lg.jp/site/nouseika/1011884.html"
"86369","https://www.city.uonuma.lg.jp/site/nouseika/1011827.html","https://www.city.uonuma.lg.jp/site/nouseika/1011827.html"
"86368","https://www.city.hitoyoshi.lg.jp/shisei/zaisei/hojyokin/30566","https://www.city.hitoyoshi.lg.jp/shisei/zaisei/hojyokin/30566"
"86370","https://www.city.hitoyoshi.lg.jp/shisei/zaisei/hojyokin/30566","https://www.city.hitoyoshi.lg.jp/shisei/zaisei/hojyokin/30566"
"86377","https://www.city.arao.lg.jp/sangyo/shokougyo/yushi-josei/page1633.html","https://www.city.arao.lg.jp/sangyo/shokougyo/yushi-josei/page1633.html"
"86379","https://www.city.arao.lg.jp/sangyo/shokougyo/yushi-josei/page1633.html","https://www.city.arao.lg.jp/sangyo/shokougyo/yushi-josei/page1633.html"
"86381","https://www.city.hadano.kanagawa.jp/www/contents/1001000002473/index.html","https://www.city.hadano.kanagawa.jp/www/contents/1001000002473/index.html"
"86380","https://www.city.arao.lg.jp/sangyo/shokougyo/yushi-josei/page1633.html","https://www.city.arao.lg.jp/sangyo/shokougyo/yushi-josei/page1633.html"
"86382","https://www.city.uonuma.lg.jp/page/1013806.html","https://www.city.uonuma.lg.jp/page/1013806.html"
"86383","https://www.city.uonuma.lg.jp/page/1013791.html","https://www.city.uonuma.lg.jp/page/1013791.html"
"86392","https://www.city.arao.lg.jp/fs/8/5/6/1/0/_/______________________.pdf","https://www.city.arao.lg.jp/oshirase/sangyo/koyou/page1713.html | https://www.city.arao.lg.jp/fs/8/5/6/1/0/_/______________________.pdf"
"86384","https://www.city.uonuma.lg.jp/page/2115.html","https://www.city.uonuma.lg.jp/page/2115.html"
"86393","https://www.town.ozu.kumamoto.jp/page/17457.html","https://www.town.ozu.kumamoto.jp/page/17457.html"
"86402","https://www.city.uonuma.lg.jp/page/1423.html","https://www.city.uonuma.lg.jp/page/1423.html"
"86396","https://www.city.yawatahama.ehime.jp/doc/2024110800068","https://www.city.yawatahama.ehime.jp/doc/2024110800068"
"86408","https://www.city.minamata.lg.jp/kiji0033361/3_3361_up_qc4xbmpd.pdf","https://www.city.minamata.lg.jp/kiji0033361/index.html | https://www.city.minamata.lg.jp/kiji0033361/3_3361_up_qc4xbmpd.pdf"
"86409","https://www.city.hadano.kanagawa.jp/www/contents/1001000002472/index.html","https://www.city.hadano.kanagawa.jp/www/contents/1001000002472/index.html"
"86411","https://www.city.tamana.lg.jp/q/aview/325/4159.html","https://www.city.tamana.lg.jp/q/aview/325/4159.html"
"86414","https://www.city.hadano.kanagawa.jp/www/contents/1560822777501/index.html","https://www.city.hadano.kanagawa.jp/www/contents/1560822777501/index.html"
"86419","https://www.city.yamaga.kumamoto.jp/kiji003748/index.html","https://www.city.yamaga.kumamoto.jp/kiji003748/index.html"
"86417","https://www.city.hadano.kanagawa.jp/www/contents/1001000000816/index.html","https://www.city.hadano.kanagawa.jp/www/contents/1001000000816/index.html"
"86420","https://www.city.yamaga.kumamoto.jp/bousai/kiji003692/index.html","https://www.city.yamaga.kumamoto.jp/bousai/kiji003692/index.html"
"86429","https://www.city.kikuchi.lg.jp/article/view/1222/9168.html","https://www.city.kikuchi.lg.jp/article/view/1222/9168.html"
"86421","https://www.city.yamaga.kumamoto.jp/kiji0031297/index.html","https://www.city.yamaga.kumamoto.jp/kiji0031297/index.html"
"86431","https://www.city.kikuchi.lg.jp/article/view/1201/3748.html","https://www.city.kikuchi.lg.jp/article/view/1201/3748.html"
"86432","https://www.city.kikuchi.lg.jp/article/view/1201/6700.html","https://www.city.kikuchi.lg.jp/article/view/1201/6700.html"
"86433","https://www.city.kikuchi.lg.jp/article/view/1043/728.html","https://www.city.kikuchi.lg.jp/article/view/1043/728.html"
"86436","https://www.city.uto.lg.jp/article/view/1243/1745.html","https://www.city.uto.lg.jp/article/view/1243/1745.html"
"86434","https://www.city.uto.lg.jp/article/view/1121/9747.html","https://www.city.uto.lg.jp/article/view/1121/9747.html"
"86435","https://www.city.uto.lg.jp/article/view/1040/46.html","https://www.city.uto.lg.jp/article/view/1040/46.html"
"86437","https://www.city.uto.lg.jp/article/view/1121/7325.html","https://www.city.uto.lg.jp/article/view/1121/7325.html"
"86438","https://www.city.uto.lg.jp/article/view/1040/43.html","https://www.city.uto.lg.jp/article/view/1040/43.html"
"86439","https://www.city.uto.lg.jp/article/view/1040/44.html","https://www.city.uto.lg.jp/article/view/1040/44.html"
"86442","https://www.city.tomisato.lg.jp/0000015147.html","https://www.city.tomisato.lg.jp/0000015147.html"
"86444","https://www.city.tomisato.lg.jp/0000015147.html","https://www.city.tomisato.lg.jp/0000015147.html"
"86443","https://www.city.kamiamakusa.kumamoto.jp/q/aview/369/17869.html","https://www.city.kamiamakusa.kumamoto.jp/q/aview/369/17869.html"
"86446","https://www.city.kamiamakusa.kumamoto.jp/q/aview/369/11217.html","https://www.city.kamiamakusa.kumamoto.jp/q/aview/369/11217.html"
"86445","https://www.city.kamiamakusa.kumamoto.jp/q/aview/369/10969.html","https://www.city.kamiamakusa.kumamoto.jp/q/aview/369/10969.html"
"86447","https://www.city.kamiamakusa.kumamoto.jp/q/aview/400/12566.html","https://www.city.kamiamakusa.kumamoto.jp/q/aview/400/12566.html"
"86449","https://www.city.aso.kumamoto.jp/citizens/health_medical_welfare/insurance_of_children/support/childminder_rent_support/","https://www.city.aso.kumamoto.jp/citizens/health_medical_welfare/insurance_of_children/support/childminder_rent_support/"
"86450","https://www.city.amakusa.kumamoto.jp/kiji003606/index.html","https://www.city.amakusa.kumamoto.jp/kiji003606/index.html"
"86457","https://www.town.shika.lg.jp/s/soumu/shinsai/chiikicommyunityshisetusaiken.html","https://www.town.shika.lg.jp/s/soumu/shinsai/chiikicommyunityshisetusaiken.html"
"86460","https://www.city.amakusa.kumamoto.jp/kiji0034622/index.html","https://www.city.amakusa.kumamoto.jp/kiji0034622/index.html"
"86461","https://www.city.amakusa.kumamoto.jp/kiji0031356/3_1356_58971_up_xn47hyt6.pdf","https://www.city.amakusa.kumamoto.jp/kiji0031356/index.html | https://www.city.amakusa.kumamoto.jp/kiji0031356/3_1356_58971_up_xn47hyt6.pdf"
"86462","https://www.city.amakusa.kumamoto.jp/kiji0038357/index.html","https://www.city.amakusa.kumamoto.jp/kiji0038357/index.html"
"86463","https://www.city.amakusa.kumamoto.jp/kiji00310644/index.html","https://www.city.amakusa.kumamoto.jp/kiji00310644/index.html"
"86464","https://www.city.yamato.lg.jp/material/files/group/23/000114169.pdf","https://www.city.yamato.lg.jp/gyosei/soshik/40/sangyo/shogyo/shien_seibi_todokede/4243.html | https://www.city.yamato.lg.jp/material/files/group/23/000114169.pdf | https://www.city.yamato.lg.jp/material/files/group/23/000114170.pdf | https://www.city.yamato.lg.jp/material/files/group/23/000114171.pdf | https://www.city.yamato.lg.jp/material/files/group/23/000114172.pdf"
"86465","https://www.city.amakusa.kumamoto.jp/kiji0036683/index.html","https://www.city.amakusa.kumamoto.jp/kiji0036683/index.html"
"86467","https://www.city.yamato.lg.jp/gyosei/soshik/64/jichikai/21527.html","https://www.city.yamato.lg.jp/gyosei/soshik/64/jichikai/21527.html"
"86469","https://www.city.amakusa.kumamoto.jp/kiji0039812/index.html","https://www.city.amakusa.kumamoto.jp/kiji0039812/index.html"
"86471","https://www.city.amakusa.kumamoto.jp/kiji0031324/index.html","https://www.city.amakusa.kumamoto.jp/kiji0031324/index.html"
"86472","https://www2.city.mine.lg.jp/shigoto_sangyo_machizukuri/rodo_koyo/9309.html","https://www2.city.mine.lg.jp/shigoto_sangyo_machizukuri/rodo_koyo/9309.html"
"86474","https://www.city.koshi.lg.jp/kiji00319565/3_19565_up_dxq20u1n.pdf","https://www.city.koshi.lg.jp/kiji00319565/index.html | https://www.city.koshi.lg.jp/kiji00319565/3_19565_up_dxq20u1n.pdf"
"86473","https://www.city.yamato.lg.jp/gyosei/soshik/27/bosai_anzenanshin/saigainisonaete/5661.html","https://www.city.yamato.lg.jp/gyosei/soshik/27/bosai_anzenanshin/saigainisonaete/5661.html"
"86477","https://www.city.tomakomai.hokkaido.jp/kurashi/chiikikatsudo/juminsoshiki/hojokin/hojokijun.html#joseikin","https://www.city.tomakomai.hokkaido.jp/kurashi/chiikikatsudo/juminsoshiki/hojokin/hojokijun.html#joseikin"
"86486","https://www.city.koshi.lg.jp/kiji00321619/index.html","https://www.city.koshi.lg.jp/kiji00321619/index.html"
"86488","https://www.city.koshi.lg.jp/kiji00312165/index.html","https://www.city.koshi.lg.jp/kiji00312165/index.html"
"86489","https://www.city.koshi.lg.jp/kiji00321581/index.html","https://www.city.koshi.lg.jp/kiji00321581/index.html"
"86491","https://www.vill.achi.lg.jp/soshiki/33/kanngaihaisui.html","https://www.vill.achi.lg.jp/soshiki/33/kanngaihaisui.html"
"86501","https://www.town.kumamoto-misato.lg.jp/soshiki/utsukushisatosose/1/14/284.html","https://www.town.kumamoto-misato.lg.jp/soshiki/utsukushisatosose/1/14/284.html"
"86502","https://www.town.kumamoto-misato.lg.jp/kurashi_tetsuzuki/pet_animal/2/1259.html","https://www.town.kumamoto-misato.lg.jp/kurashi_tetsuzuki/pet_animal/2/1259.html"
"86504","https://www.town.gyokuto.kumamoto.jp/kiji00376/index.html","https://www.town.gyokuto.kumamoto.jp/kiji00376/index.html"
"86505","https://www.town.nankan.lg.jp/tyosei/hojokinjoseikin/page1862.html","https://www.town.nankan.lg.jp/tyosei/hojokinjoseikin/page1862.html"
"86509","https://www.city.ube.yamaguchi.jp/machizukuri/sangyou/kigyou/1012174.html","https://www.city.ube.yamaguchi.jp/machizukuri/sangyou/kigyou/1012174.html"
"86507","https://www.town.nagomi.lg.jp/hpkiji/pub/detail.aspx?c_id=3&id=4348&type=search&q=%e8%a3%9c%e5%8a%a9%e9%87%91&radiobutton=4&now_P=1&show_num=20&sc_id=2","https://www.town.nagomi.lg.jp/hpkiji/pub/detail.aspx?c_id=3&id=4348&type=search&q=%e8%a3%9c%e5%8a%a9%e9%87%91&radiobutton=4&now_P=1&show_num=20&sc_id=2 | https://www.town.nagomi.lg.jp/common/UploadFileOutput.ashx?c_id=3&id=4348&sub_id=3&flid=19817"
"86511","https://www.city.minamiuonuma.niigata.jp/docs/57561.html","https://www.city.minamiuonuma.niigata.jp/docs/57561.html"
"86517","https://www.city.tomakomai.hokkaido.jp/kurashi/chiikikatsudo/juminsoshiki/hojokin/hojokijun.html#gairotousetti","https://www.city.tomakomai.hokkaido.jp/kurashi/chiikikatsudo/juminsoshiki/hojokin/hojokijun.html#gairotousetti"
"86520","https://www.town.ozu.kumamoto.jp/page/13043.html","https://www.town.ozu.kumamoto.jp/page/13043.html"
"86516","https://www.town.nagomi.lg.jp/hpkiji/pub/detail.aspx?c_id=3&id=59&type=search&q=%e8%a3%9c%e5%8a%a9%e9%87%91&radiobutton=4&now_P=2&show_num=20&sc_id=2","https://www.town.nagomi.lg.jp/hpkiji/pub/detail.aspx?c_id=3&id=59&type=search&q=%e8%a3%9c%e5%8a%a9%e9%87%91&radiobutton=4&now_P=2&show_num=20&sc_id=2"
"86523","https://www.city.minamiuonuma.niigata.jp/docs/42060.html","https://www.city.minamiuonuma.niigata.jp/docs/42060.html"
"86525","https://www.city.tomakomai.hokkaido.jp/kurashi/chiikikatsudo/juminsoshiki/hojokin/hojokijun.html#kentikuhojo","https://www.city.tomakomai.hokkaido.jp/kurashi/chiikikatsudo/juminsoshiki/hojokin/hojokijun.html#kentikuhojo"
"86526","https://www.city.minamiuonuma.niigata.jp/docs/2198.html","https://www.city.minamiuonuma.niigata.jp/docs/2198.html"